t[s],Q[W],Tin[degC],Tout[degC]
0.0,0,9.142343674578765,9.142343674578019
60,9573.627907771923,9.142343675,9.142343675
120,10118.02334636148,9.228576638771585,11.449806040965687
180,10097.393158599903,9.296820343906463,12.855119064607013
240,10099.467205358867,9.372486907843355,13.90349542330358
300,10079.726845405194,9.451776664169383,14.280568814653826
360,10084.817158105081,9.554942545,14.463928613556904
420,10096.24766029969,9.679134453985887,14.598636177218758
480,10107.034142593431,9.816116018848032,14.710664339020768
540,10120.618869670068,9.957650868426231,14.825985932344334
600,10114.503681856373,10.098129928307737,14.965304461505774
660,10104.044653414045,10.248520853460144,15.109293498894008
720,10105.926253385875,10.407033656004518,15.252973019043305
780,10101.71323731773,10.56859681373146,15.397047477172812
840,10098.549894464555,10.728138804431572,15.542221328501691
900,10095.081537944805,10.881890049759477,15.689674423024544
960,10083.949776620884,11.034920746998118,15.84179627147191
1020,10081.705483299038,11.187015179704227,15.99570220686652
1080,10063.26297,11.336414162634458,16.14767711826934
1140,10104.449035009988,11.481358510545476,16.29400589474134
1200,10106.769910428535,11.620586068306263,16.431843548329677
1260,10114.224803303267,11.756196602627863,16.564695168514152
1320,10118.321749450368,11.888250800887612,16.69326590910578
1380,10069.665794005994,12.016218429696547,16.817287859584628
1440,10063.171063212556,12.139569255665727,16.936493109430778
1500,10066.306182446042,12.257892124519438,17.050643354486485
1560,10065.817518474882,12.37180980754225,17.160018357536785
1620,10063.16863698961,12.48183513454543,17.265303037706666
1680,10026.608188649567,12.588369572957445,17.367189139335682
1740,10014.345364530118,12.691814590206787,17.466368406763433
1800,10034.204758876143,12.792549012050692,17.563324478575545
1860,10023.937818579026,12.890651115105683,17.657307885704352
1920,10030.888956427154,12.986047817910611,17.748712108970206
1980,9997.511679702266,13.078673466799389,17.83820112436506
2040,9987.422890225089,13.168462408105935,17.92643891
2100,10010.629485638972,13.255377955215009,18.014065498917677
2160,10020.988022306843,13.339636478437495,18.101129874911845
2220,10040.826834907572,13.421430164545212,18.18706809438494
2280,10048.003198978491,13.500924314767401,18.271287926468215
2340,10041.06452748947,13.578284230333313,18.353197140292966
2400,10035.800680236307,13.653637607659315,18.43235704413511
2460,10066.493688040398,13.72690638508404,18.50943078814839
2520,10062.708453283994,13.798247309828504,18.58455651364769
2580,10080.94957452773,13.867868264265633,18.657698188987425
2640,10049.009111148496,13.93597713076836,18.728819782522024
2700,10082.532910455939,14.00274256491948,18.798050967273635
2760,10074.411377654546,14.068061507824995,18.866223728774976
2820,10069.320320404506,14.131981251653581,18.932796751266505
2880,10083.614128698577,14.194594881314995,18.996976371029916
2940,10077.049562752347,14.255995481719005,19.057968924346913
3000,10084.244345013618,14.316278426491323,19.115033546350684
3060,10068.744538947967,14.375500779971553,19.168408092185587
3120,10066.38998277852,14.433621085273336,19.219143794194153
3180,10061.63348,14.490588051693518,19.26831130537586
3240,10024.625758084045,14.546350388528953,19.31698127873021
3300,9995.486969,14.600893314428918,19.365880116250036
3360,9982.857099127777,14.654405800150755,19.413623494902346
3420,9947.327404719903,14.706855455868496,19.46060028369579
3480,9948.306929363194,14.75816077354595,19.50763743226201
3540,9990.362015943296,14.808240245146932,19.555561890232692
3600,9980.333664413616,14.857039463365833,19.60530238746506
3660,9991.354028086744,14.904700670467092,19.657525755971243
3720,10028.557452916972,14.951277031414183,19.710906532449584
3780,10022.375273481339,14.996791254945059,19.763872581772343
3840,10023.436037755662,15.041266049797692,19.81485176881178
3900,10028.765748925513,15.084697643638966,19.86261907059331
3960,10028.86872551127,15.126992865933788,19.908543284158213
4020,10020.88459666887,15.168315854218006,19.952976708794615
4080,10000.258641721068,15.208874093303477,19.995891482815214
4140,10044.738872228649,15.248875068002052,20.037259744532747
4200,10004.344695374393,15.288467373125512,20.07691286562442
4260,10012.042637928083,15.327427235675312,20.114243100714578
4320,10012.92827850745,15.365815505689707,20.150070308979295
4380,10028.103348073071,15.403766481160678,20.18544954637528
4440,10036.441762795248,15.44141446008023,20.221435868859263
4500,10036.072673642535,15.47886606621997,20.258861967153145
4560,10037.824348754653,15.51602248208797,20.29691098
4620,10028.606367562374,15.552868179956095,20.335437285705908
4680,10053.09509044426,15.589418120546107,20.374540370863883
4740,10067.549376402298,15.625687264579783,20.41431974041657
4800,10072.320762209614,15.661696805538885,20.45499044549422
4860,10078.290041827233,15.697481694223232,20.497130227004853
4920,10072.441008776113,15.733004249878674,20.540148651293983
4980,10081.123191215644,15.768215626071472,20.583262514528833
5040,10121.624430972815,15.803066976367905,20.62568861287662
5100,10143.959390599444,15.837524276481558,20.66701644
5160,10095.027881940337,15.871651050271545,20.7088426
5220,10106.450989423229,15.905445524192585,20.75038321280995
5280,10167.179621265519,15.938887944362483,20.79034335645957
5340,10195.818716635533,15.971958556899063,20.827428106847606
5400,10176.512404089397,16.004640946025123,20.860464060109358
5460,10146.645792958618,16.036951349493467,20.889938442865848
5520,10131.859891024114,16.068909004120638,20.91722962979763
5580,10132.628038975517,16.100530510206827,20.943682417524727
5640,10147.335227660555,16.13183246805226,20.970641602667175
5700,10148.19689279381,16.16282859190614,20.999157776925273
5760,10156.222366728565,16.193512560759377,21.028134495790077
5820,10154.111835019048,16.223889042075747,21.057422098824134
5880,10179.30558909206,16.253966066594312,21.08719994275652
5940,10176.777295457081,16.283751665054158,21.117647384316324
6000,10183.04514722808,16.313259964188923,21.14901506690525
6060,10203.648923353183,16.342524565412514,21.181693061567014
6120,10225.446076885552,16.371518006367175,21.215211027233433
6180,10215.43296373745,16.40020269995647,21.248968546649948
6240,10207.834383327685,16.428541059083987,21.282365202562023
6300,10191.113516816067,16.45650559002672,21.31509645821631
6360,10184.856562792207,16.484140518217778,21.34842974947709
6420,10193.953723312208,16.511454373136377,21.381707179222317
6480,10233.333176809781,16.538444140067046,21.41386230092551
6540,10240.93557489222,16.565106804294324,21.443828668060213
6600,10241.470558269557,16.59143547,21.470685231842317
6660,10257.529143568712,16.617415766940184,21.495026913191086
6720,10268.570428076491,16.64308048120824,21.517734494637367
6780,10254.683,16.668469490192248,21.539586307596096
6840,10213.575981749647,16.693622675551712,21.561360683482253
6900,10209.844995011927,16.718572430528248,21.58368268001545
6960,10215.226154102555,16.74329454804719,21.605996567294483
7020,10205.708015020953,16.767785685648704,21.628136744995174
7080,10206.20844665501,16.79205062,21.65010079363161
7140,10203.541132793802,16.81609411696393,21.67188629371791
7200,10203.725840208155,16.83993143929118,21.693511778138355
7260,10207.543666991345,16.86361517472208,21.715076864825253
7320,10193.266633368592,16.887099313715296,21.736494736687646
7380,10163.877814757601,16.910320949088597,21.757645648147655
7440,10170.311657789052,16.933217173659767,21.77840985362742
7500,10173.141505509775,16.955750911196358,21.798716538827875
7560,10166.434121810253,16.978035326864923,21.818777950032544
7620,10161.251196744148,17.00003705024373,21.838526200956174
7680,10122.340157335986,17.021688763426685,21.857828895335608
7740,10137.817876951694,17.04292314850771,21.876553636907715
7800,10152.69295446133,17.06368865450622,21.894500267428775
7860,10151.032214428942,17.084053970373294,21.91134061
7920,10137.162795148077,17.104045623314864,21.927571855245706
7980,10133.368854809978,17.123673192492078,21.943815419097266
8040,10120.714986605844,17.142946257066118,21.96069272869767
8100,10112.346730200761,17.16186540314745,21.97885211228403
8160,10126.143078611047,17.180397634480247,21.99857332386755
8220,10110.28054,17.198591997683312,22.019113463969063
8280,10125.749918391617,17.216511834127825,22.039624846614284
8340,10140.189235501184,17.23422048518498,22.059259785828942
8400,10138.026898950191,17.251760388440783,22.077304227914443
8460,10140.610415059982,17.269049639436453,22.094240647678934
8520,10127.23535729171,17.286120346951044,22.11048819681134
8580,10133.109637658074,17.303031727098958,22.126345846950002
8640,10127.451690701419,17.319843,22.14211256973329
8700,10119.660179912626,17.336606582760613,22.15808843
8760,10128.293092272894,17.353303782126087,22.174342311420215
8820,10153.574403635872,17.36990193080036,22.190543299077483
8880,10119.713595619607,17.386373098762682,22.20632763056397
8940,10120.521411318745,17.40268935599235,22.221331543900654
9000,10107.59492400448,17.418832105343153,22.23519940098651
9060,10099.736448531186,17.43484096340307,22.247929626685682
9120,10081.787399463155,17.45070911573996,22.25998295490754
9180,10068.691875775432,17.46641800224813,22.271850013173125
9240,10080.375212266468,17.481949062821908,22.284021429003516
9300,10070.086948336564,17.49729421252757,22.297056827142168
9360,10039.513818398003,17.512501039829637,22.311388764663565
9420,10049.763111869544,17.527549003426106,22.326182850224004
9480,10076.183262633182,17.542403100658937,22.340444146899817
9540,10077.680223438061,17.55702832887009,22.353177717767338
9600,10053.67720858312,17.57139835986661,22.363515310312323
9660,10037.006573764247,17.58555048,22.371978888087654
9720,10041.896418480348,17.59949460178822,22.37945441314827
9780,10035.61999,17.613230949679025,22.386747753700494
9840,10000.879724781826,17.626759767364597,22.394664777950663
9900,10009.355929210558,17.640077063614733,22.403901154052363
9960,9997.207231878212,17.65316657,22.414154171522377
10020,9999.687278,17.666056459131354,22.425154019062973
10080,9989.845160367859,17.678782073361006,22.436728450260894
10140,9996.235068079228,17.691378768333983,22.448705218702923
10200,9989.638544490554,17.703869528019172,22.461031428867354
10260,9981.780523708332,17.716205240287895,22.474253108555587
10320,9976.003659479073,17.72840669583899,22.488081373493745
10380,9964.741965,17.740510919231152,22.50205788986718
10440,9991.203937486009,17.752554935023078,22.51572432386128
10500,10018.01995557166,17.76456351924182,22.528669946755222
10560,10017.104157218902,17.776487271464394,22.541027783572673
10620,10006.499822459873,17.788341412354733,22.553103006589893
10680,9991.067339,17.800156871722642,22.565173512795024
10740,9999.253269,17.81196457937796,22.57751719917624
10800,10016.096767085208,17.82379709797433,22.590653758170514
10860,10027.121994461988,17.835668582771806,22.605783072106806
10920,10050.345128298863,17.847537687579823,22.621530062972425
10980,10071.64653911162,17.85935723043731,22.63610585809978
11040,10043.992857100753,17.87108003,22.647721584821316
11100,10018.525891590078,17.882680957925825,22.655105903382523
11160,10011.022882574323,17.894254586491016,22.660747951799383
11220,9998.913079394792,17.90575614211131,22.66544429
11280,9977.998356,17.917110730926197,22.66941056112934
11340,9957.912635,17.928243459075208,22.672862383953188
11400,9931.109615123634,17.939096506744267,22.675911912354675
11460,9875.479160922057,17.949738915155375,22.67817781558734
11520,9892.158988610376,17.960188522214263,22.680045419542882
11580,9887.678013910534,17.970444370149607,22.682050380728757
11640,9877.675590837518,17.98050550119014,22.684728355652464
11700,9864.384993635755,17.99036922550438,22.689062404899865
11760,9885.720554720012,18.000031351224056,22.697740707862398
11820,9910.387327367494,18.009511716581446,22.709426809031854
11880,9931.316435,18.018833569626715,22.722077637613623
11940,9891.230693419295,18.02802015841004,22.733650122813124
12000,9901.548554115008,18.037071451535937,22.742345881456103
12060,9842.370144225648,18.045885255110854,22.748949318863353
12120,9872.399605138771,18.05454651,22.754778251969217
12180,9858.968225133405,18.063175160522633,22.760982261022864
12240,9854.155914327235,18.071891129957827,22.768710926273464
12300,9877.020016321254,18.080791788946357,22.780076809945157
12360,9888.449388448473,18.089796892420935,22.800463602817366
12420,9899.980841014085,18.098877398397903,22.825931431451043
12480,9961.084321194434,18.10802779255105,22.850966769418818
12540,10004.086427020193,18.117242560554182,22.870056090293346
12600,9979.054621,18.12652234261259,22.87905116353913
12660,9955.529033,18.13589546544509,22.884177263051757
12720,9919.664422573027,18.145341902970344,22.887945213259414
12780,9913.306857,18.154832468279533,22.891393194403726
12840,9905.092027346811,18.164337974463816,22.895559386726305
12900,9926.827388,18.17383548895336,22.901362246701982
12960,9927.393455009578,18.18334833920167,22.908586819132605
13020,9938.296274290815,18.19288074850783,22.91697310941981
13080,9907.194364824556,18.202430027413776,22.92636067317869
13140,9911.163227047606,18.211993486461477,22.936589066024364
13200,9953.756118167103,18.22156054406615,22.947649557846784
13260,9972.505912333025,18.231093581540016,22.96035458117873
13320,9974.774311047058,18.24063101284315,22.974554407253315
13380,10005.525200200747,18.250224118601267,22.989891821520004
13440,9981.397299,18.259924179440095,23.006009609428286
13500,9984.234598,18.269772457672108,23.02282383937532
13560,9986.221115992867,18.279733875951074,23.041609331619448
13620,9991.846236236272,18.28980024737506,23.061708245181055
13680,10015.449581276878,18.299974161886905,23.082073073114813
13740,10061.16488739277,18.31025820942946,23.101656308475444
13800,10084.150029174214,18.320654337692815,23.11977370412307
13860,10092.723739370716,18.331161522031145,23.137936372068125
13920,10079.450025447737,18.341783645888377,23.15573143555624
13980,10102.825002496269,18.352525537689836,23.17227952710224
14040,10107.78643025306,18.363392025860858,23.18670127922097
14100,10144.496595433027,18.374414165744938,23.198498228205207
14160,10136.29074419365,18.385717954929014,23.20950013256259
14220,10116.37836820738,18.39718516079606,23.219562778275588
14280,10120.237276043335,18.40865546603104,23.228056271237474
14340,10102.815426563911,18.41996855331894,23.234350717341524
14400,10085.507519941084,18.43101109473839,23.238026741942218
14460,10070.692437474578,18.44197222406656,23.240321855710842
14520,10048.27463248959,18.452822822216834,23.241995874035354
14580,10041.04968692923,18.463475871128306,23.24358912532501
14640,10006.39957430643,18.473844352740052,23.245641937989117
14700,10011.260954010264,18.48385836225984,23.24868499246085
14760,10049.850933801043,18.4935879,23.252942887128686
14820,10038.002774705348,18.50307275517468,23.25828075188383
14880,10014.42183432875,18.512335586856594,23.264543342773273
14940,9979.962727493305,18.521399038840052,23.27157541584405
15000,9983.341616390908,18.530271120631145,23.279509200737255
15060,9996.5311,18.53889270176495,23.289862103128613
15120,10022.64649,18.54731751851063,23.302045384572203
15180,10039.667209492398,18.555620924976814,23.315054571114803
15240,10019.379074559145,18.563878275272167,23.32788518880318
15300,10016.414235523132,18.572141252299126,23.339758695730445
15360,10042.37301384297,18.580314828866616,23.35152679
15420,10034.75335552059,18.588423297697844,23.36328333118766
15480,10011.80453603145,18.59652086651442,23.374867073946007
15540,10031.919648920582,18.60466174303798,23.38611676288126
15600,10051.890219685323,18.612886931770753,23.39686542159458
15660,10033.123581149883,18.621145924176215,23.40706184920174
15720,10034.45462510767,18.62943872256226,23.416934318627273
15780,10056.55111345073,18.63778073486057,23.426738335867192
15840,10052.835787667442,18.64618736900282,23.436729406917536
15900,10076.517338677386,18.65467446889425,23.447158370599436
15960,10070.042737849446,18.663247873591338,23.458059605582935
16020,10067.638992106875,18.67189016881828,23.46918026830473
16080,10107.36970380402,18.68058170907195,23.48024861558698
16140,10086.354969217668,18.68930284884925,23.49099290425189
16200,10089.07170103785,18.698045104329804,23.501247907972342
16260,10079.926587697642,18.706856955496214,23.511465770888663
16320,10062.191378543896,18.715710379852897,23.52149079028655
16380,10052.643735354859,18.72456163395907,23.53102699
16440,10081.206256261235,18.733366974373975,23.539778396292665
16500,10095.609090378077,18.74208001520751,23.547345020515632
16560,10113.839339157854,18.75067940527177,23.55323421125559
16620,10097.549187718383,18.759225734187773,23.558392250829215
16680,10071.808780227671,18.767788407015995,23.563969856984386
16740,10062.62796314191,18.77643682881695,23.57111775
16800,10076.489258070618,18.78522302269816,23.581851245943916
16860,10112.91419476738,18.794080656478762,23.601309943210527
16920,10137.36872027753,18.803013409786946,23.626572716890784
16980,10166.992287077052,18.81204552412255,23.653330320673575
17040,10204.739619836837,18.82120124098545,23.677273508247822
17100,10243.702128928238,18.83051061332016,23.695149055008084
17160,10220.676613665939,18.840007991614783,23.711231004019453
17220,10244.36334373463,18.849645870345288,23.72609786096335
17280,10245.770990483845,18.859365205163144,23.739123442323184
17340,10242.614256048568,18.86910695171985,23.749681564582396
17400,10226.306637880365,18.87883635594886,23.75731435809514
17460,10212.470709543992,18.88865531483264,23.763031096815524
17520,10210.71669796602,18.898520258884208,23.76769514882054
17580,10186.56755833123,18.908355083764047,23.772013233114997
17640,10195.705129410133,18.918083685132654,23.776692068703728
17700,10168.988631443473,18.927648043291885,23.782268716379747
17760,10150.978691051687,18.937118307484347,23.788112830140367
17820,10166.07949991555,18.946500117974495,23.794257223947334
17880,10169.876913906039,18.955778386903848,23.800933796144985
17940,10176.627223503854,18.96493802641398,23.808374445077682
18000,10162.154450195067,18.97395868895275,23.816892673481814
18060,10156.060702287878,18.982814184930895,23.827053303743096
18120,10171.628057808497,18.991549173826066,23.838588182703102
18180,10182.176745225266,19.000218500236326,23.85109238155059
18240,10202.583462199416,19.008877008759775,23.86416097147434
18300,10210.40930677192,19.01756342112859,23.877683469898805
18360,10248.22371251737,19.02621349627515,23.893003380588826
18420,10285.832292350775,19.034839233201065,23.909365327711416
18480,10289.03567752758,19.04347260506959,23.925592772570987
18540,10274.542605678103,19.052145585043984,23.940509176471966
18600,10279.46803844701,19.060887540666204,23.953217280890716
18660,10293.788960811236,19.069693089091935,23.96487034770418
18720,10339.521339269777,19.078539159049704,23.975743433612397
18780,10314.196969667424,19.087403512516715,23.98580090874261
18840,10278.505053314431,19.096263911470203,23.995007143222114
18900,10290.216013385647,19.10510922688503,24.003304490181947
18960,10273.861994719968,19.113987005422043,24.010649922813162
19020,10262.461260043026,19.122871934541166,24.01736173521148
19080,10246.066188449971,19.131723316881764,24.023806023136327
19140,10267.449908187526,19.140500455083206,24.030348882347145
19200,10246.569672693666,19.14917545915614,24.037288987220855
19260,10237.824489479897,19.157800618957616,24.044386549484067
19320,10256.482368905345,19.166364994821535,24.051541801867526
19380,10248.42831720647,19.174841567532017,24.058724235695106
19440,10261.875154081998,19.18320331787322,24.065903342290753
19500,10231.775874732273,19.191425988493954,24.072984097236887
19560,10233.88884921629,19.199518578271046,24.079656980934995
19620,10253.083937086496,19.207502906459258,24.086244829589937
19680,10244.527596378652,19.215399435985105,24.09317652329535
19740,10242.54306920259,19.223228629775164,24.10088094214492
19800,10251.247620218355,19.231004282967913,24.10998956496752
19860,10276.89167358802,19.238700061826655,24.121657398933507
19920,10291.819662489259,19.246325226418232,24.134805026993856
19980,10291.761278172562,19.25389762164333,24.148000181136837
20040,10294.516540388924,19.26143509240265,24.159810593350734
20100,10293.513499697432,19.268953730192678,24.16924535732335
20160,10285.22212677287,19.27644924281953,24.178192165061535
20220,10277.81812662706,19.283910407613238,24.18655107122823
20280,10276.407304058801,19.29132695944056,24.193683274249164
20340,10274.237209723009,19.298688633168307,24.198949972550086
20400,10276.524844182533,19.305995477857437,24.201931735299944
20460,10270.276245222743,19.313294258803275,24.203849953498892
20520,10239.176113951407,19.32055123397089,24.205286186156105
20580,10246.084089338365,19.327717350919006,24.20658194115839
20640,10235.13186050176,19.33474355720639,24.208078726392596
20700,10210.126010294716,19.341585056716344,24.21001542917078
20760,10250.702125030593,19.348254403067386,24.212003851661354
20820,10232.613097893813,19.354794012603644,24.214187890807764
20880,10216.882113781334,19.361245017822306,24.21684231
20940,10200.192608696332,19.367648551220583,24.22024189113048
21000,10181.560300971378,19.37403452431618,24.225493543465095
21060,10186.661995466024,19.380359315651084,24.23722337375747
21120,10198.57646214519,19.386629258588542,24.253147993154023
21180,10216.620885402352,19.392864340005993,24.269715713964015
21240,10261.151457439983,19.39908455,24.283374848496745
21300,10278.035942472847,19.405308773049832,24.291459132094282
21360,10254.15742072662,19.41153612244612,24.297751527815716
21420,10230.728910224358,19.417749635850768,24.303165103469325
21480,10252.719457007835,19.423932013746914,24.307621098431774
21540,10243.678331271969,19.430065956617714,24.311040752079776
21600,10231.592483012158,19.43614106,24.313379544023093
21660,10236.712049863772,19.442186494854838,24.314950618444286
21720,10202.121630682605,19.448191475553713,24.316135537464053
21780,10216.313011666058,19.454136083300515,24.317291824354324
21840,10211.79999590809,19.460000400512055,24.318777002387076
21900,10171.540846843833,19.46577490489741,24.321160905747085
21960,10187.952135189465,19.471505437523774,24.325636227367088
22020,10219.647984397085,19.477170418959847,24.33117712889881
22080,10168.819445165671,19.482733933836144,24.33639782206363
22140,10172.502499931328,19.488160066783188,24.33991251858295
22200,10206.760816645987,19.493421115433797,24.340755413109562
22260,10202.658641456608,19.49855168671068,24.34095491201265
22320,10180.730023131693,19.503563888954663,24.341070681982398
22380,10152.321692567464,19.50846095944548,24.34118335999349
22440,10139.320560804108,19.51324613546287,24.34137358302061
22500,10121.319424835094,19.51791683044294,24.34193614204947
22560,10130.02977263339,19.522449216494632,24.344192482706752
22620,10118.409249200233,19.52687344,24.347886400064727
22680,10125.270564020255,19.53122895272027,24.35245129400158
22740,10131.486597279005,19.535555234580677,24.357320564395536
22800,10127.982102202643,19.539882287245923,24.362288334596897
22860,10117.731213195399,19.544174231068546,24.368994148843715
22920,10119.683241668306,19.548430842761064,24.376612539210978
22980,10131.321355461954,19.552662893963287,24.383810558206886
23040,10149.362263808085,19.55688115631504,24.38925525833965
23100,10149.134180199364,19.561089702372577,24.391939022945643
23160,10146.263082964038,19.565259372264872,24.393401370880596
23220,10095.400909919153,19.56940850666462,24.394421452695692
23280,10084.993312294426,19.573565008203836,24.39543746226435
23340,10103.279396056152,19.577756779514555,24.39688759346005
23400,10117.256013897459,19.582008378285792,24.39961923514134
23460,10110.119531528915,19.58631021163842,24.406008873360438
23520,10129.398616149025,19.590647311695246,24.414701694155116
23580,10115.796735184309,19.595007163385727,24.42369259443234
23640,10135.040465249534,19.599377251639343,24.430976471099093
23700,10168.256400489203,19.603750621282618,24.43500229145636
23760,10169.566686475056,19.60815081798286,24.437714107497214
23820,10145.537690901841,19.61256680227236,24.439895288367644
23880,10152.10791140707,19.61697998481166,24.44184538956743
23940,10126.60755048568,19.62137177626134,24.44386396659637
24000,10116.316418744096,19.625730168146262,24.44619440407122
24060,10106.147486303322,19.630082289319287,24.448635854662204
24120,10064.349678616512,19.634419362672684,24.451111381899963
24180,10089.11078731313,19.63872407624111,24.453602329784236
24240,10108.227742491363,19.642979118059227,24.456090042314766
24300,10099.015927130975,19.647167851624904,24.45850126251513
24360,10101.137730724718,19.65129043157726,24.460575536259615
24420,10083.742522945578,19.65536449409429,24.462578196978715
24480,10068.89127890928,19.659408488464663,24.464863576027096
24540,10088.615249145383,19.663440863977065,24.467786004759425
24600,10085.27112781484,19.66747412573795,24.472440157206204
24660,10103.589635208165,19.671484259833864,24.482795964236598
24720,10152.724986428191,19.67547775,24.496252581501423
24780,10150.194473857302,19.679468630159228,24.50904699373397
24840,10158.705666626423,19.68347094095502,24.517416185667543
24900,10152.134728112307,19.68749703794408,24.51856875204867
24960,10103.585995906893,19.69154198762326,24.517004365608475
25020,10111.582363145902,19.695597937452987,24.514428189631015
25080,10100.036000147504,19.699658249828556,24.51148532
25140,10076.63736758707,19.703716287145287,24.508820864657167
25200,10045.808570801952,19.707784238068566,24.50694277546433
25260,10006.380020768544,19.711949173515077,24.50532527414646
25320,10003.183484054935,19.716134003220724,24.50382931838979
25380,10065.757327453965,19.720232317575288,24.502464874922094
25440,10056.022973398116,19.724137706968573,24.501241910471176
25500,10028.727863265318,19.727770282836023,24.50013694011892
25560,10022.920792095683,19.731240839519224,24.498981686631222
25620,10035.490168246124,19.73457008251701,24.497880115640022
25680,9983.538403408113,19.737748679791153,24.496986737144702
25740,9986.854115759255,19.740767299303418,24.49645606114465
25800,9979.315038,19.74361192602618,24.496514237592148
25860,9991.561267,19.74626682126967,24.497655871730636
25920,9969.713343365207,19.748785089927697,24.49972354974541
25980,9988.508540434317,19.751229365133813,24.502446107147136
26040,9983.373881957737,19.753662280021622,24.505552379446495
26100,9989.444456,19.75612926035076,24.509268250404794
26160,10013.48783473216,19.758562732373807,24.51605757085102
26220,9981.352534441849,19.760971335891206,24.524482413642964
26280,9980.443382,19.763384617073612,24.532365270965304
26340,10014.830783023352,19.765832122091712,24.537528635002744
26400,10028.32726361882,19.76833690263934,24.538482235783484
26460,10007.500693487833,19.770875083606615,24.538568762022265
26520,10010.751311664057,19.773444465839216,24.538617158614596
26580,9979.048624301573,19.776050175054397,24.538663703525167
26640,9984.208336431859,19.77869733696944,24.538744674718693
26700,9986.320944404257,19.781392073240028,24.539054445045853
26760,9982.380998743978,19.78414092695309,24.54054319681068
26820,10002.70517807502,19.786935891026875,24.542992967690587
26880,10010.448541046957,19.789766939248377,24.54595637498512
26940,9991.084263029226,19.79262405,24.54898603599384
27000,9994.550261948278,19.79549587451158,24.551692345944286
27060,9997.021394684272,19.79837450536615,24.554262536620346
27120,9990.346555528407,19.801277711653217,24.556955053126526
27180,9990.680158788902,19.80422644505449,24.55998424660436
27240,9996.059849702413,19.807241657251694,24.56356447
27300,9975.613415419512,19.810340746614113,24.568154775629363
27360,9978.485062831474,19.81351312589067,24.575134441116322
27420,9990.719796791444,19.81675623858018,24.583660931706408
27480,10039.583154319029,19.820071230287862,24.592503593750685
27540,10039.955935787488,19.823459246618935,24.600431773600246
27600,10040.642700813733,19.826929435680917,24.606628425270102
27660,10031.704030180337,19.83052167018501,24.612849928359793
27720,10014.985579335505,19.834204210549895,24.618784279393683
27780,10023.785790425181,19.83793270818443,24.623598085756882
27840,10047.329711610793,19.84166281449748,24.626457954834525
27900,10022.39797251676,19.84536891726577,24.626854479131545
27960,10019.853806399551,19.84912979554505,24.626511755221593
28020,10026.622510161951,19.852910340864867,24.625894419988953
28080,10017.688690909315,19.856650214723928,24.62508748525293
28140,9991.365732339464,19.860289078620966,24.62417596283286
28200,10002.174344473508,19.86378998207099,24.623197013553266
28260,10009.694156009527,19.86725280119601,24.62189857694994
28320,10016.683753073907,19.870646050850475,24.62028197680658
28380,9963.063181638929,19.87390761395806,24.618409981669494
28440,9943.757094479999,19.87697537344246,24.61634536008502
28500,9953.403640116796,19.879804606831215,24.613960080452372
28560,9946.652982200094,19.882474993068804,24.610330670083364
28620,9929.868726189821,19.885006024182058,24.606136869983587
28680,9919.254304495718,19.887397403458344,24.60235073649077
28740,9894.305608695286,19.889648834185035,24.599944325942683
28800,9884.827983208337,19.89176258479329,24.599670020393287
28860,9888.061153203917,19.89375892122423,24.600565941790272
28920,9860.713965821655,19.895648657653272,24.602193002441545
28980,9849.761772047776,19.897439644078357,24.60434308730302
29040,9870.471268487969,19.89913973049747,24.606808081330627
29100,9919.117881016595,19.900749029897444,24.609798122052094
29160,9935.048574032258,19.90223766639551,24.61539554234271
29220,9927.674437295214,19.903644530681945,24.622381219432533
29280,9916.142052380968,19.905020666641086,24.62891223992677
29340,9926.323430526958,19.90641711815732,24.633145690430652
29400,9913.738865729638,19.907868292940474,24.633320962956457
29460,9896.737373663063,19.909306853279784,24.629533651583913
29520,9881.859635300212,19.910751577863643,24.623694971791778
29580,9845.272007013396,19.912242449903648,24.617790118824804
29640,9848.906990483063,19.913819452611406,24.61380428792779
29700,9852.653613634064,19.91551353621385,24.61355081
29760,9867.244510400482,19.917296566829695,24.616765543302847
29820,9882.100727359737,19.919180807849635,24.622373221474334
29880,9910.130749,19.92118952848074,24.629381922327273
29940,9915.434568084787,19.923345997930106,24.636799721515423
30000,9943.223340555978,19.92568878914494,24.64421204942249
30060,9932.893347717594,19.928310098191126,24.65420836623247
30120,9949.694692,19.93115666536036,24.66551619258605
30180,9958.698768432874,19.93415043902785,24.676057461965634
30240,9967.878791,19.937213367568837,24.683754107853645
30300,9975.278356340144,19.94028854261061,24.68709976075978
30360,9982.510143252777,19.943461810304207,24.68885059968297
30420,9968.793514,19.946731847096707,24.69007288
30480,9959.450592646177,19.950072157921745,24.69120548844124
30540,9939.513055371004,19.95345624771298,24.69268728771248
30600,9950.16645,19.95686962,24.695092282077525
30660,9951.107673367971,19.96036393652487,24.699267643414693
30720,9948.248256141165,19.96391683,24.704444332314683
30780,9967.632739606117,19.96748966,24.709607921589264
30840,9957.959219697412,19.971043832096388,24.713743984050243
30900,9973.404189295354,19.974552258274677,24.716069190908684
30960,9959.137264,19.978061200123594,24.717602259270013
31020,9954.126082510742,19.98156156821459,24.718809668172376
31080,9938.147258998402,19.985029905133004,24.719914731963975
31140,9935.148088165648,19.988442753464202,24.72114076499304
31200,9930.483456386042,19.991783372422944,24.722686222581313
31260,9940.262955571043,19.995079320204777,24.72448981199117
31320,9895.82323,19.998328723375742,24.726440440019168
31380,9894.395651046092,20.00152157333476,24.728444455900082
31440,9913.136958049878,20.004647861480798,24.730408208868745
31500,9931.003641771722,20.00770457797529,24.732323921945536
31560,9924.320676529738,20.01072401054771,24.734575966834402
31620,9915.451483924466,20.013689780085546,24.736883729593877
31680,9916.000335068076,20.01657559426641,24.738839548140866
31740,9912.656230821261,20.019355160767958,24.740035760392306
31800,9910.010077998215,20.02200926954661,24.739948122076385
31860,9877.002117073798,20.02456966545637,24.737898500107125
31920,9873.771262521916,20.027044092401823,24.734738715976306
31980,9868.056025073041,20.029432277477337,24.731543120162847
32040,9852.872666587707,20.031733947777287,24.729386063145697
32100,9872.5881,20.03395586511651,24.729178602482897
32160,9878.193339140109,20.036134381179007,24.730279898096548
32220,9861.422627063841,20.03824717246768,24.731977702108985
32280,9854.0867,20.040261172626657,24.733694748327824
32340,9860.466468358993,20.042143315300066,24.734853770560715
32400,9848.930898,20.043872098107695,24.734521246759147
32460,9856.443522860083,20.04550314092494,24.730580643261252
32520,9840.911362199151,20.04704280482846,24.72440966493731
32580,9804.949173804636,20.048483557425723,24.717971780062918
32640,9798.238269642652,20.049817866324194,24.713230456913692
32700,9753.724373081184,20.051038873477157,24.71161768077133
32760,9763.563866171131,20.052155734521882,24.710748350072326
32820,9753.990408393245,20.053193815476554,24.71004971981017
32880,9766.420818238019,20.054179194993647,24.709551554989115
32940,9768.399146907195,20.05513795172565,24.709283620613455
33000,9799.875842910064,20.05608526382715,24.70939015165076
33060,9804.126010052878,20.05697633767254,24.710537353880223
33120,9785.889033177502,20.057833898904697,24.712503739098995
33180,9754.202388500296,20.058695452231113,24.71489836255666
33240,9775.236387566247,20.05959850235931,24.71733027950282
33300,9791.052957,20.06057317669566,24.719548632699823
33360,9773.218016100276,20.06159462771896,24.722135705223028
33420,9779.901741728341,20.062659864560025,24.724909479736315
33480,9795.342414921959,20.063773996211435,24.727506259201725
33540,9792.767805,20.06494213166577,24.729562346581325
33600,9805.794087167356,20.066170293296842,24.73078863984331
33660,9802.680704777858,20.067467345755208,24.73153958965465
33720,9797.332511764762,20.068832878930117,24.732093929464504
33780,9805.119741885444,20.070264955684326,24.73266008538518
33840,9789.857299757246,20.071761638880623,24.733446483529015
33900,9786.164577416237,20.073325668800607,24.734804933333194
33960,9784.087504358631,20.07498265234357,24.737620437822248
34020,9770.716838550316,20.076724472515767,24.74146621933526
34080,9786.412237223363,20.078536291451623,24.745687291903558
34140,9802.497192792967,20.080403271285597,24.74962866955854
34200,9815.254544973901,20.082325879508552,24.752859820254123
34260,9814.342533554269,20.084375313640944,24.756309494078366
34320,9796.126729331578,20.08650563725743,24.75972226395579
34380,9786.801194,20.088648380719768,24.76255483
34440,9810.045022067246,20.09073507438971,24.76426390597781
34500,9807.177100218109,20.092716852164003,24.763841504393877
34560,9801.845359447398,20.094672694508336,24.75870204514943
34620,9782.262225378274,20.096593283443433,24.750760389109285
34680,9764.765974238224,20.098445365899067,24.742690866478494
34740,9748.286313767672,20.10019568880503,24.73716780746213
34800,9690.54558,20.101814434004574,24.73610045836144
34860,9713.933941496149,20.103316141462486,24.73594274
34920,9699.238098456683,20.10473626280225,24.735822906313125
34980,9698.820386,20.10610895916259,24.73574176961522
35040,9711.787476624177,20.107468391682264,24.735700135618323
35100,9737.848799258913,20.108837139060693,24.73630495968816
35160,9742.114949,20.110168180288944,24.740935035037765
35220,9785.858015960463,20.111476500895442,24.74828162302895
35280,9781.826701149028,20.11279201306049,24.75613970921615
35340,9775.375222,20.114144628964418,24.76230427915381
35400,9763.880422049342,20.115558417563722,24.76510979730661
35460,9758.075053361192,20.11701321568456,24.766882817345643
35520,9770.597999615873,20.118505030125338,24.768305096748875
35580,9790.999899786182,20.120036192108575,24.76946236574486
35640,9778.228218349905,20.12160903285681,24.77044035456219
35700,9729.976249327143,20.123231520660394,24.771335243495876
35760,9730.993383033569,20.12493206819275,24.772237605620617
35820,9727.107018485996,20.126686657655856,24.773068725122698
35880,9747.406886391665,20.128462230829058,24.773727373912866
35940,9748.169541,20.130225729491723,24.774112323901885
36000,9752.482712,20.13195263266304,24.77398492247644
36060,9751.624729671965,20.133676179667194,24.77259608613428
36120,9728.234863618878,20.135394609170273,24.770454997143194
36180,9725.930644,20.137096011768346,24.768289641937617
36240,9725.001589214924,20.138768478057486,24.76682800695201
36300,9689.595260202454,20.14040563823805,24.766771406724338
36360,9694.594206926347,20.142031532321536,24.768145220277077
36420,9705.394412548245,20.14363577504238,24.77026314949904
36480,9712.822481,20.145200461502704,24.77240508245226
36540,9720.441953152205,20.146707686804614,24.77385091
36600,9714.383530930023,20.14814431458969,24.77391513337726
36660,9692.279407,20.149531116026182,24.77260496168097
36720,9675.900877342683,20.150872038330544,24.77054531930191
36780,9681.893578,20.152165577968937,24.768380601145505
36840,9678.283775526934,20.153410231407527,24.76675520211721
36900,9697.159888197091,20.15460563,24.76615585445534
36960,9717.038098,20.155758744825622,24.765885701893332
37020,9743.474310177144,20.156871351168142,24.76570057473335
37080,9700.724222034301,20.15794382962673,24.765528257380485
37140,9674.497956482153,20.15897656,24.76529653423983
37200,9673.882813902024,20.159972985363147,24.76493819966012
37260,9651.619448335015,20.160949124835508,24.764436585126038
37320,9649.924459205513,20.161895044128816,24.763782057784116
37380,9647.086400281154,20.16279610185937,24.76296123006517
37440,9649.900369066494,20.16363765664347,24.76196071440005
37500,9660.064410441531,20.164407472670902,24.760530989725673
37560,9720.777200714538,20.165117521820388,24.757438699982654
37620,9715.507237176284,20.165783057754613,24.753435613627875
37680,9660.431321479036,20.16641752357537,24.749635346694507
37740,9616.009800464019,20.16703436238447,24.747151515215737
37800,9616.516389128936,20.16763743055147,24.746825195792667
37860,9609.812346875271,20.168185125445184,24.747457024017915
37920,9618.19695,20.16870729709789,24.748639337176865
37980,9613.668480657921,20.169247756658446,24.75026244882647
38040,9629.062692,20.16985031527571,24.752216672523687
38100,9626.143344609918,20.17055605155769,24.75477180855747
38160,9638.721776,20.171370027890728,24.75999826905019
38220,9622.136086903858,20.172279463937723,24.767139926048028
38280,9636.781017433183,20.173272509641027,24.774888157005133
38340,9681.044152481205,20.17433731494301,24.78193433937567
38400,9687.352058158742,20.175464238878046,24.787189337612826
38460,9694.019531116184,20.176669575009306,24.79145397754611
38520,9678.072327296044,20.177978768364607,24.79530030346232
38580,9690.247191043783,20.17941609108695,24.799093010399993
38640,9699.112678708836,20.181005815319374,24.803196793397703
38700,9702.793254754011,20.182795436284987,24.808017234562673
38760,9740.895159,20.184924877685287,24.8138462
38820,9744.758796427695,20.187331658439177,24.820161111847728
38880,9752.242724133434,20.189917138322663,24.826339179844567
38940,9749.797414566676,20.19258267711175,24.831757610153215
39000,9739.037867034724,20.195258559893883,24.83589797306258
39060,9749.132873321458,20.198064788800707,24.83919388487117
39120,9754.962685202489,20.20099286572855,24.84205865405075
39180,9751.241706871284,20.203999118466086,24.844814057520978
39240,9742.499723228546,20.20703987480201,24.84778187220154
39300,9744.031805673534,20.21007985303135,24.85119374162208
39360,9762.946573338804,20.213150024905048,24.85470625035487
39420,9764.926991006938,20.216262681466073,24.858403099184105
39480,9745.525067988227,20.219421394441298,24.862479724669143
39540,9752.42955,20.222629735557614,24.867131563369366
39600,9758.726929818773,20.225893976914403,24.872853359867435
39660,9777.918802732562,20.229228503505215,24.881224957541242
39720,9789.745102564584,20.232619799061034,24.891041627106457
39780,9794.352049632073,20.236049794354123,24.90061856924196
39840,9801.702791763848,20.23950042015677,24.908270984626657
39900,9822.131470406584,20.242957354653818,24.91268152636168
39960,9795.355385,20.246434615170536,24.915499394805167
40020,9801.632377146574,20.249935802269615,24.917663487564703
40080,9796.424643972405,20.25346045678124,24.919739452244478
40140,9783.884838695745,20.257008119535634,24.922292936448702
40200,9810.370998,20.2605799,24.92594972674355
40260,9824.212275282809,20.26418324799537,24.931230049023956
40320,9824.927727,20.267812129296157,24.937558444353346
40380,9826.032603999838,20.27145807877153,24.94422020670037
40440,9828.500253263437,20.275112632247193,24.950500630033737
40500,9812.103218968838,20.278766832472336,24.95576840570993
40560,9845.624069722931,20.28241662351283,24.96028062678077
40620,9834.184259317015,20.286073620372264,24.964489619521864
40680,9807.632146284082,20.289751113397934,24.968791441427378
40740,9829.572020137886,20.293462392937155,24.97358214999151
40800,9818.045055574717,20.297218365148456,24.979327938534635
40860,9816.300221647078,20.301010944952097,24.98650536561227
40920,9824.750045,20.30483708185827,24.994534338297004
40980,9828.712148261293,20.308696181165477,25.002690018952205
41040,9856.454226,20.312587648172236,25.010247569941267
41100,9880.784991,20.31650946805642,25.01656365526751
41160,9904.892768402382,20.32045517571995,25.021903854589578
41220,9897.286262275933,20.32443267485473,25.02679199811213
41280,9880.804329077946,20.328452239251117,25.03170230929621
41340,9879.565281943784,20.33252414269949,25.037109011602894
41400,9878.123649585606,20.336659321848856,25.04355395228576
41460,9904.197349074731,20.340863833989975,25.05150664880878
41520,9926.577995060012,20.34512550238218,25.060281400381193
41580,9912.174226,20.34943012413425,25.069042059991933
41640,9925.116846491477,20.353763496354972,25.076952480629924
41700,9916.728985,20.35811544944952,25.083297779427593
41760,9925.598543814365,20.362502229563912,25.08853837180773
41820,9930.962538684515,20.366922101885788,25.09322553554739
41880,9927.420775989576,20.371368421949125,25.097813327839855
41940,9933.903826796233,20.375834545287933,25.10275580587845
42000,9895.509404611563,20.38031969584908,25.10856246518142
42060,9925.641134,20.38485017375655,25.115612648389217
42120,9944.733438483461,20.38940729566106,25.123221233346747
42180,9947.529953,20.393963732756557,25.130570391869888
42240,9950.255132053317,20.398492156237033,25.13684229577454
42300,9955.853632565277,20.402968594130023,25.14133482214319
42360,9954.027778669213,20.40740325665486,25.144541792481785
42420,9964.580013177716,20.411811599377593,25.14716721196985
42480,9980.581545821591,20.41620660446742,25.14983217618575
42540,9939.402541720805,20.42060125409353,25.15315778070788
42600,9935.649276586926,20.425004584392667,25.157948610345414
42660,9946.264202655295,20.42940077061704,25.165423606999315
42720,9954.416020011888,20.43379320934233,25.17467896832056
42780,9976.588506532958,20.438190230599982,25.18448341632865
42840,9977.712607743373,20.442600164421464,25.19360567304307
42900,10012.307876828296,20.44704152629565,25.20128192451159
42960,10009.521392787667,20.451563954437944,25.209483710725465
43020,9991.488360203262,20.456112711951448,25.217557930542913
43080,10008.103041998827,20.46061595778128,25.22423930569518
43140,9998.276048547361,20.465001850872596,25.228262557913553
43200,9996.875083567194,20.46922610718623,25.228382238000307
43260,9965.943591060315,20.473406095172777,25.22453220845983
43320,9967.142993857256,20.47750512891813,25.218296884037592
43380,9927.551867499516,20.481450487981963,25.211375311236377
43440,9891.793600172283,20.485169451923966,25.20546653655901
43500,9897.942935594801,20.488607745548507,25.20182965651676
43560,9923.298548539979,20.491849220032307,25.19864925225774
43620,9892.464413303696,20.49492419620418,25.19575128867009
43680,9864.349324184057,20.497842832203357,25.193471739454594
43740,9842.667423200719,20.500615286169083,25.192146578312105
43800,9885.486582475944,20.503243120019768,25.192449647581427
43860,9887.708372381363,20.505695731179713,25.19638822717109
43920,9907.640435569692,20.50802083366364,25.203006138742673
43980,9935.701158885071,20.51027979700254,25.210819638034017
44040,9910.495338,20.51253399072743,25.218344980782984
44100,9889.876633825572,20.51482778370782,25.224521690255834
44160,9893.374730161167,20.51709421450218,25.23102980476741
44220,9911.152093281913,20.519342136209133,25.237609951883492
44280,9922.702309773324,20.52160109836969,25.24348333992329
44340,9924.376675680656,20.52390065052488,25.247871177206044
44400,9909.351259358742,20.526265405358384,25.250218499221972
44460,9945.001186220295,20.528679074698303,25.251666436107676
44520,9922.086716064247,20.531133183265858,25.252739643510036
44580,9932.173624914076,20.533624132454715,25.253720750593626
44640,9906.622230113298,20.536148323658573,25.254892386523014
44700,9903.692739731061,20.538702308677944,25.256481482429404
44760,9917.385344250979,20.54128660688076,25.258316601441976
44820,9921.816146892008,20.543906009162075,25.260418975595286
44880,9909.884235981559,20.54656551770847,25.262873196949997
44940,9908.393379981682,20.54927013470653,25.26576385756678
45000,9900.595629112737,20.55202682,25.269457258637498
45060,9917.588216644981,20.55484672737481,25.275459550740358
45120,9917.484282536665,20.55771804293637,25.282852485818562
45180,9926.647524198965,20.560625426159007,25.290281649637205
45240,9943.775507182823,20.56355353851819,25.296392627961417
45300,9942.663456994294,20.566492847853116,25.300136795915154
45360,9923.183119729483,20.569467646519243,25.302836936481672
45420,9902.173455971217,20.572469375578006,25.30506347236207
45480,9910.393792489287,20.575481852244607,25.30706334398408
45540,9923.612574,20.578488893734267,25.30908349177545
45600,9932.043144436786,20.58148451698966,25.311409907066583
45660,9914.557966621245,20.584513266871685,25.314277805852893
45720,9911.545686085778,20.587547249528253,25.317240372409504
45780,9921.173957842244,20.590544003195994,25.31976272141932
45840,9929.102393,20.59346106611155,25.32130996756525
45900,9915.503525227925,20.596260491350417,25.321345976835566
45960,9915.227969345728,20.598956667815973,25.31980805559304
46020,9919.610451299948,20.601581580939673,25.31743713099842
46080,9899.840839,20.604164730742152,25.31503933532792
46140,9876.394592,20.60673562,25.313420800857774
46200,9881.592847655513,20.609313149889065,25.313869117342623
46260,9892.366456677655,20.61185385348717,25.319388100733743
46320,9889.568976283645,20.614373028862715,25.328453956719226
46380,9923.208584631697,20.61689979118576,25.338766800341926
46440,9947.231941257694,20.61946325562637,25.348026746644745
46500,9939.094713627432,20.62209521769505,25.35456299947099
46560,9961.443431,20.624814878929797,25.360919361075698
46620,9957.272631655513,20.62757953451897,25.366991552765935
46680,9965.015582,20.630339230327337,25.371922005292483
46740,9962.676561926839,20.63304401221971,25.374853149406125
46800,9932.381905437189,20.63566381728268,25.37474288954522
46860,9924.991868619267,20.638282633015613,25.370450490361833
46920,9914.864491602824,20.640868883220193,25.363496990582032
46980,9863.022253006968,20.643364632978482,25.35577481287837
47040,9858.565204127106,20.645711947372575,25.349176379923424
47100,9854.045713914886,20.647867754542112,25.345103851641248
47160,9824.079010655292,20.649898047233016,25.341535196902363
47220,9837.419465,20.65182197748455,25.338280669366746
47280,9840.087447719614,20.653642154607784,25.335719110935845
47340,9828.191831317934,20.655361187913797,25.334229363511113
47400,9831.084544,20.656977315100143,25.33435976798198
47460,9824.216880135866,20.65847629241293,25.337122304539314
47520,9849.057498954624,20.659890126383342,25.34170207
47580,9855.733819918627,20.661258280569356,25.346992352537434
47640,9862.943667,20.662620218529007,25.351886434040654
47700,9841.485546,20.66400172704102,25.355489675070476
47760,9822.968551140124,20.665346904701146,25.358582979452347
47820,9846.804816594242,20.666673891501514,25.36147666572314
47880,9856.984080239985,20.66801852,25.364260793141018
47940,9866.051578,20.66941661791048,25.367025420964175
48000,9860.980224530116,20.670894506749747,25.36979711585211
48060,9870.637627901548,20.672417236153233,25.372296775839573
48120,9878.648867,20.673993993521183,25.374710913099722
48180,9900.543630628952,20.675645684408412,25.37731789616884
48240,9879.519036685333,20.67739321436975,25.38039609358324
48300,9883.773021032739,20.67925958,25.384373275062906
48360,9894.247653204444,20.68126629632412,25.390143071130733
48420,9909.578057214832,20.68340043261527,25.397083622042086
48480,9906.733005223321,20.68564450471645,25.404323419114593
48540,9913.253319282352,20.687981029347018,25.41099095366591
48600,9944.790254,20.690403078870947,25.416372710397397
48660,9975.670488716338,20.692962086337086,25.42106177143128
48720,9975.763860221517,20.69564457583744,25.425397297649493
48780,9955.958307,20.698422797801385,25.429562072484494
48840,9943.814755635492,20.701269002658304,25.433738879368757
48900,9929.495111653076,20.70416426,25.438039387143604
48960,9926.762139381515,20.70714661851625,25.44216772
49020,9935.262286666999,20.710213497832687,25.446241509111005
49080,9957.438414,20.71335147973927,25.450472643535896
49140,9949.898984575228,20.716547145399627,25.455073016635968
49200,9963.407800435865,20.719800997749722,25.460536003990956
49260,9964.210451166487,20.723177069236556,25.46826803560655
49320,9958.333777733265,20.726631510530996,25.476878795701758
49380,9972.358251500666,20.73009986940358,25.484512283392338
49440,9982.478811065017,20.733517693624893,25.489312497794042
49500,9991.452481946202,20.73683959759137,25.48975115177892
49560,9968.994892414254,20.740142283519333,25.487343904408323
49620,9959.313468330947,20.743412833231723,25.483632789795656
49680,9952.363583240249,20.74661475052614,25.479879614949365
49740,9921.063387987844,20.749711539200202,25.477346186877924
49800,9911.094829,20.752677413094407,25.47702239543308
49860,9908.089787302019,20.755558515974162,25.47776245226886
49920,9909.878045200554,20.758356203273387,25.479044932891767
49980,9901.652186469588,20.761059029382185,25.48063249933431
50040,9905.831012368137,20.763655548690654,25.482287813629018
50100,9921.579277695455,20.766131863490486,25.48380419524875
50160,9920.267100516961,20.76847840108414,25.4852879
50220,9918.830301950497,20.770730298709484,25.486894368856117
50280,9907.350516,20.772928374010537,25.488756524470233
50340,9904.643857328034,20.775113444631337,25.491007309329135
50400,9907.602598832791,20.777314892462908,25.494058391598966
50460,9922.715479328892,20.779487696720064,25.499422350162554
50520,9963.257488785566,20.781638638651227,25.506168445675296
50580,9946.626376505817,20.78378848545907,25.51293082885226
50640,9944.954324756069,20.78595800434629,25.518343650408546
50700,9940.189488728503,20.788160534709245,25.521329222178554
50760,9953.465221679247,20.79036568,25.523146570961927
50820,9964.906106140521,20.79258428859214,25.524514776560103
50880,9961.195096,20.79483690866698,25.52586157426226
50940,9928.407116507573,20.79714408255627,25.527614699357606
51000,9943.963120481605,20.79953541797749,25.530506633922187
51060,9942.914873633756,20.80205929875902,25.536227424173248
51120,9963.614197928902,20.80465644641379,25.543387944432844
51180,9968.601503447075,20.807251182199977,25.550090804218723
51240,9967.646516076404,20.809767827375794,25.554438613048635
51300,9964.528770009663,20.812154557722433,25.554349455808786
51360,9943.747905,20.814509661676002,25.548406846289517
51420,9902.042005202906,20.81681493918266,25.539122127383518
51480,9897.59624,20.819022343208204,25.52947905630458
51540,9863.815608248333,20.821083826718418,25.522461390266507
51600,9850.265715148207,20.822954789422656,25.52023823
51660,9858.230519317245,20.824650397626986,25.51913230907654
51720,9840.999353,20.826232080395265,25.518251860700417
51780,9835.844096021563,20.827761989145113,25.517629227671158
51840,9840.849475174373,20.82930227529417,25.51729675755691
51900,9866.287863948783,20.830893273572148,25.518276023658196
51960,9873.504297328798,20.832445476578318,25.526194174464802
52020,9894.962750235762,20.833988253530283,25.539164195730468
52080,9950.257745066174,20.835579255564877,25.553847201848104
52140,9957.830514259162,20.83727613381892,25.566904307210667
52200,9941.978728069833,20.839127749371762,25.575635559261773
52260,9909.146830566255,20.84111318525944,25.582463644300724
52320,9920.609877782661,20.84323048229528,25.588517091078405
52380,9927.733816015865,20.84548676694007,25.59427070053673
52440,9955.317134821218,20.84788916565463,25.60019927361764
52500,9998.131504,20.850464907933983,25.60696879
52560,10002.295058662627,20.853323566618183,25.61557932
52620,10009.24602202794,20.856403368461443,25.62465735817398
52680,10014.214414957636,20.85961154755545,25.63247530746733
52740,10027.854886380374,20.86285533799189,25.637305558759575
52800,10004.323953408659,20.866073672773087,25.637772844221768
52860,9970.628616906117,20.869397019544923,25.635591570212366
52920,9953.676241978237,20.872787891845597,25.63220126107267
52980,9964.816725087454,20.876168091156682,25.62871595842261
53040,9953.841010691633,20.879459418959783,25.626249703882127
53100,9955.096598478785,20.88260476468213,25.62560589795844
53160,9978.176593551108,20.885688936642516,25.625364278974256
53220,9956.778001156525,20.88870903557145,25.62517604741393
53280,9933.045382855327,20.891636995410146,25.62504553040569
53340,9928.788323416335,20.894444750099847,25.624977055077764
53400,9950.605968986889,20.897105260892296,25.625170380076856
53460,9941.645826,20.899622454643325,25.62681168602033
53520,9936.356903973012,20.902035840163858,25.629729490462474
53580,9935.640596655849,20.90438688067435,25.633475600670675
53640,9938.318101109971,20.906717039395286,25.637601823912316
53700,9944.358065576374,20.909056331664356,25.642085386048358
53760,9974.849440363143,20.911359972904368,25.648954362235195
53820,9973.200177,20.91363450805231,25.657121689365418
53880,9995.670488820644,20.91590044074216,25.664885208258045
53940,9991.262449415928,20.91817827460793,25.670542759732108
54000,9980.004566518874,20.92048302,25.672852555803143
54060,10005.861742082761,20.922793186434347,25.67399705594531
54120,10002.65407,20.925110948851042,25.674784188185765
54180,9995.009460700285,20.927445097794863,25.675515573415204
54240,9962.138449196906,20.929804425325486,25.67649283252435
54300,9968.275370303481,20.93219730313909,25.678066853717702
54360,9946.772415,20.93462389555934,25.680631107487386
54420,9936.682840720443,20.93707720313977,25.68389530833665
54480,9940.742423369773,20.93955001691288,25.687472161939887
54540,9969.293556118571,20.942035127911197,25.69097437397149
54600,9977.601804312606,20.944531467905286,25.69420703985786
54660,9950.996727,20.94706646851527,25.697993333942353
54720,9973.751961595503,20.949620767466158,25.70189779535196
54780,9958.126143640113,20.952165977940194,25.70521877593997
54840,9969.952399199152,20.95467371,25.70725462755967
54900,9982.706891695088,20.957119114689394,25.707527299796762
54960,9942.919053976075,20.95951334096294,25.707188223899042
55020,9937.362549617032,20.961873206936133,25.706665490118468
55080,9955.402256,20.96421293913641,25.706136831890046
55140,9945.780673277528,20.966546764091238,25.70577998264882
55200,9953.028676196913,20.968878963394275,25.706122675305085
55260,9959.487606188777,20.971165814814913,25.709324292721377
55320,9957.763088740736,20.973436316258177,25.714889173501593
55380,9991.712275395246,20.975733836488253,25.72180825096105
55440,9994.513761375994,20.97810174426935,25.729072458415096
55500,9979.63302,20.980577856613646,25.73623392567157
55560,10020.066679090229,20.983147449018205,25.745783406628394
55620,10025.33744,20.98579373546477,25.756488730301164
55680,10009.313040619118,20.988504548368653,25.766337152625876
55740,10025.09320791337,20.99126772,25.773315929538533
55800,10068.858233722645,20.99407828456377,25.776005495582822
55860,10066.985381912576,20.99696889719132,25.77730756571247
55920,10055.75262089119,20.999924296245485,25.778202357987958
55980,10048.010270874052,21.002919192007376,25.779005719020862
56040,10019.73616279744,21.00592829475811,25.780033495422774
56100,10014.33148,21.008936019870426,25.78161352508827
56160,10007.584964454536,21.01198280506306,25.78392733489073
56220,10015.457708363627,21.015053326954675,25.78673041606097
56280,10003.759701429053,21.018119451272984,25.789733931246793
56340,10013.421169147758,21.021153043745716,25.792649043096066
56400,10026.94474721872,21.024132795255703,25.795227341201393
56460,10030.146183715773,21.027085206124276,25.797599429875273
56520,10011.021371825125,21.030011500357027,25.799904986351727
56580,10007.241182384545,21.03290500489156,25.80224958328029
56640,10010.998329405304,21.035759046665497,25.804738793310545
56700,10017.896607552797,21.038571766614076,25.807603896576243
56760,10021.798030674607,21.04136497695821,25.811467293123503
56820,10008.641406361867,21.044126008266463,25.81567481178651
56880,10015.358221390461,21.046835292100685,25.819362110909676
56940,10022.227448086656,21.049473260022744,25.821664848837443
57000,10013.253401255968,21.052028717830428,25.821982326844786
57060,10004.311843186055,21.054538859626756,25.82161509182574
57120,9965.628526453536,21.056992844920252,25.82097755022532
57180,9974.251246295511,21.059368785465853,25.820186260468116
57240,9984.320145585276,21.061644793018505,25.81935778097873
57300,9980.668811879626,21.063801230327233,25.818536770738337
57360,10008.294679476208,21.06584833217363,25.817402983779356
57420,9995.376549,21.06781136779629,25.816132346694516
57480,9991.154498,21.069714866915273,25.815002323679117
57540,9959.326063184522,21.071583359250685,25.814290378928483
57600,9968.109326890359,21.073430760710295,25.814574678295212
57660,9973.300527884068,21.075213179276222,25.817682028204473
57720,9985.427247,21.07695343840946,25.822904317719573
57780,9994.731028,21.078688829507513,25.829072087841404
57840,9994.491587,21.080456643967928,25.835015879570875
57900,9998.008305644897,21.08228769963876,25.83996528648108
57960,10034.130850286148,21.084159904218556,25.84555186335988
58020,10024.23369634176,21.08606260639729,25.851277509506726
58080,10025.230964209453,21.08799164495193,25.85613038501051
58140,10027.857347224275,21.089942858659505,25.85909864996012
58200,9968.392894860122,21.091918261475648,25.859545248567578
58260,9995.511078235084,21.093946328436115,25.859408097622712
58320,10017.214699963506,21.09600483508093,25.859153708914103
58380,10003.489828950906,21.09806219106716,25.858808291483218
58440,9983.418473,21.10008680605192,25.858398054371534
58500,9991.375928820231,21.10205122280036,25.857847259021185
58560,9975.319721,21.10396871375835,25.856631672689513
58620,9975.382530804016,21.10585676078265,25.85504478334697
58680,9944.340963,21.107729620889184,25.853533163346846
58740,9949.140684737846,21.109601551093903,25.852543385042512
58800,9962.784460791516,21.111481597485593,25.852924023427974
58860,9977.278334981644,21.11334826245208,25.857086372647657
58920,9962.449028100235,21.11520921953023,25.863876258905364
58980,9963.239977549743,21.11707895944534,25.87150864910252
59040,10001.823720223632,21.118971972922747,25.878198510140553
59100,9998.661177482241,21.12089873488722,25.882520949637374
59160,9988.724092,21.122843703177082,25.885873979852107
59220,9996.693092748737,21.12480970929572,25.88881923807786
59280,10022.849403166856,21.12680451066532,25.89154135015701
59340,10014.650178594818,21.12883586470808,25.89422494193194
59400,9996.522112,21.130916432600205,25.89711924017394
59460,10005.504196215188,21.133071665900072,25.900567901747486
59520,10023.400504826817,21.13527313,25.904081972609333
59580,10042.500632811196,21.137483866919197,25.90705040097952
59640,10027.692156886538,21.13966691654389,25.90886213507813
59700,10000.301444631381,21.141791312739958,25.908899618151853
59760,10009.176005386256,21.143877758044162,25.907069969618966
59820,9992.972636365883,21.145940821740062,25.90424930586442
59880,9997.508267524256,21.147989420968237,25.901396673876906
59940,9968.557232154908,21.150032472869263,25.899471120645146
60000,9974.029539062803,21.15207304518728,25.899594975572995
60060,9988.635849873575,21.15408554438606,25.903053444216948
60120,10000.085957251616,21.156086442692917,25.90890165774667
60180,10030.771634017041,21.158100608574163,25.915876115270983
60240,10017.16603740696,21.160152910496105,25.922713315898765
60300,10014.76954738276,21.16226793989057,25.928620971063527
60360,10018.080672718845,21.16445033667041,25.93554911430299
60420,10050.229855370999,21.166675922172207,25.942777295484184
60480,10051.422414246344,21.168918456666454,25.94896599985875
60540,10045.424637156832,21.17115170042363,25.95277571267834
60600,10033.231431176342,21.17335691440296,25.953077358073298
60660,10025.857550724017,21.17556387176612,25.95087318480754
60720,10016.504957574043,21.17776789097964,25.94747513784514
60780,10002.318630904132,21.179955079017322,25.944038578827993
60840,9989.855684305894,21.182111542852944,25.941718869398045
60900,9976.155956,21.184221866902742,25.941453293346758
60960,9974.133291,21.18627642993141,25.942412296992558
61020,9965.601426715188,21.188298523468735,25.94417755253954
61080,9959.632234571234,21.190315377212848,25.946551426580353
61140,9977.399796383212,21.19235422,25.949336285707687
61200,10013.55278459336,21.19443876523739,25.95293469531672
61260,10009.954250773604,21.19655837156691,25.96040099087651
61320,10021.989355234567,21.198699359330657,25.969994107012102
61380,10021.859386334294,21.20085084,25.97907321989502
61440,10050.48980333263,21.203001912475536,25.984997505696853
61500,10021.75118783091,21.205150675657183,25.98590652638302
61560,10014.031386234648,21.207337048531656,25.985502183340937
61620,10034.764150547968,21.209532763603406,25.98475507798161
61680,10035.952089160506,21.211696374379294,25.98374553
61740,10015.183296170644,21.21378643436621,25.982553878706675
61800,9991.474878071005,21.215769873597235,25.980984973402407
61860,9963.821923657872,21.217679756026435,25.977629532946352
61920,9975.878289270044,21.219530480873004,25.973283882428046
61980,9992.029411102758,21.22132774135887,25.96915767051908
62040,9965.218844784533,21.223077230705993,25.96646054589112
62100,9953.050852,21.224776199668575,25.966340676717664
62160,9960.739141090742,21.226387604389988,25.968871445272047
62220,9978.436845,21.227946833884214,25.973286594951247
62280,10000.927353122037,21.229502330696448,25.97880583220956
62340,9990.737434664015,21.231102537371896,25.98464886350132
62400,10021.743357402356,21.232782132521862,25.990337529345485
62460,10043.80533158006,21.234487729624057,25.997195048511863
62520,10028.376991200541,21.236230751183363,26.004903691320443
62580,10060.709449358377,21.238039649397113,26.012754485146733
62640,10052.31401661539,21.239942876462674,26.02003845736628
62700,10043.739575816482,21.241965900830337,26.026135917802378
62760,10046.296805446118,21.24410682046375,26.031349805131978
62820,10059.392781871207,21.246364062937005,26.036144902257163
62880,10066.491701114051,21.248738652684025,26.04092198874493
62940,10071.06546611472,21.25123161413878,26.046081844162295
63000,10063.713548690497,21.25385408684354,26.052074478229976
63060,10059.91822098624,21.256662001577375,26.059244861709132
63120,10068.656083239424,21.259630640159486,26.06701016625108
63180,10087.43250892116,21.262720134217005,26.07467111192959
63240,10119.348188144531,21.265890615377106,26.081528418818483
63300,10099.118997371104,21.26911852,26.087017726059536
63360,10098.348027456623,21.272475327652497,26.091694189322638
63420,10080.66116421872,21.275940254811626,26.095902328739758
63480,10112.807553086372,21.279471123425925,26.099853620190892
63540,10120.630408199078,21.28302575130815,26.10375953955609
63600,10118.569849411311,21.286575712509528,26.107791164092212
63660,10122.530876156161,21.290177122923893,26.111804349864453
63720,10118.26172570008,21.293815569059237,26.11575115385165
63780,10099.074759413177,21.29745915787334,26.119626114122017
63840,10109.441132070888,21.301075996324002,26.123423768743788
63900,10146.99984803774,21.304642974296222,26.12727017262757
63960,10131.316315046306,21.30819485313982,26.13178384
64020,10109.210971016153,21.311727816100596,26.13638567697796
64080,10115.37659165576,21.315227401207824,26.14028773079852
64140,10119.295613990738,21.318679146490805,26.14270204
64200,10147.280812751476,21.32207710601113,26.14314264446732
64260,10142.49845,21.325458960418654,26.14318796123986
64320,10099.848810014595,21.328804294487238,26.143213254460303
64380,10094.388857868738,21.33208072,26.143237596089833
64440,10095.448099170248,21.335255849466083,26.143280058089672
64500,10071.305782579613,21.33831008,26.14347725832255
64560,10067.58227603715,21.34129990932553,26.144498796411426
64620,10083.392407062287,21.34421207,26.146097728717184
64680,10072.695200101036,21.347016738458407,26.147852702884933
64740,10078.578307352549,21.349684068496096,26.149342366559804
64800,10085.958923007312,21.35219801027372,26.15025537806178
64860,10135.986636872743,21.354623760598823,26.151048773637044
64920,10120.460221676809,21.35695011077051,26.151768472969874
64980,10088.990057573606,21.35914787992352,26.152332812077496
65040,10069.422628993563,21.36118788719259,26.152660126977185
65100,10045.18475,21.36306089010407,26.152414749853552
65160,10005.82313167928,21.364865202353247,26.15001608653917
65220,10015.936498819974,21.366572090613477,26.145709639505096
65280,10039.041115654878,21.36812551,26.140105463942987
65340,10009.819463155036,21.369469398931294,26.13381361504454
65400,9981.917308406964,21.370591281827863,26.12672546464893
65460,9954.059635825895,21.371707381461267,26.11531575170063
65520,9910.255064002358,21.37274596357089,26.101401297926344
65580,9914.939042395901,21.37357478582704,26.087844385767994
65640,9878.133793789437,21.374061605900028,26.077507297667538
65700,9881.653947777497,21.37412046263478,26.072433733943463
65760,9871.152968240487,21.37399185,26.06885428682258
65820,9873.722215242227,21.373748615688022,26.065900130244067
65880,9887.716300278202,21.373410350765447,26.063639130615417
65940,9875.175759108046,21.372996650240506,26.062139154344152
66000,9862.432670526117,21.372448723862554,26.061404749625034
66060,9885.643842,21.37131385601168,26.061000317420454
66120,9887.078159302808,21.369686703205403,26.06073036847784
66180,9875.060603,21.36777313,26.060473124310978
66240,9853.089967,21.365779009448584,26.060106806433673
66300,9857.789439901471,21.363837801737294,26.059467991441917
66360,9859.907121199798,21.361641974818284,26.058261287328115
66420,9864.283055649428,21.35926174020562,26.05661023869386
66480,9877.130600837465,21.356859827836526,26.054707699406926
66540,9867.954903279102,21.354598967648244,26.05274652
66600,9858.018026362399,21.352573229354057,26.050784732158984
66660,9840.402330080567,21.350487402490973,26.04822312261831
66720,9806.838514379786,21.34845246415859,26.04543782540885
66780,9814.108234689644,21.346670957560086,26.042998963943976
66840,9847.360986855245,21.345345425898625,26.04147666163705
66900,9870.338915230801,21.34459640736102,26.04161077751138
66960,9915.598478731601,21.344002843906967,26.044524124056522
67020,9913.553382670025,21.343501791383726,26.049375310163704
67080,9941.675737378406,21.34312953224005,26.05501996973066
67140,9927.889538081741,21.342922348924695,26.060313736655143
67200,9914.204076676348,21.342975382259922,26.064461926969194
67260,9910.150196217197,21.343632647744034,26.06887802453911
67320,9917.058118,21.34474939087763,26.073280632101365
67380,9924.865751208332,21.346091145425195,26.07695184199591
67440,9937.349295925696,21.347423445151204,26.079173746562713
67500,9914.691061,21.348571143939456,26.079151713476595
67560,9918.120284967115,21.349764506786613,26.076301491643424
67620,9918.201262033563,21.350997343808146,26.071562143399866
67680,9901.333536559521,21.35219349045243,26.066060392062305
67740,9870.351908731263,21.35327678216785,26.06092296094716
67800,9886.099467295091,21.354203963227693,26.05705668484417
67860,9877.185474626782,21.355122647662974,26.053652450858916
67920,9846.877362,21.35599286905904,26.050424420301876
67980,9838.665607,21.356731340388144,26.047317950316977
68040,9844.885284943588,21.357254774622568,26.0442784
68100,9817.679133016638,21.357516223199447,26.04115465201999
68160,9775.052119433414,21.357708896755227,26.037480085468623
68220,9803.101897,21.35786758919933,26.03374225478489
68280,9815.459378053234,21.35798314640504,26.030587970264452
68340,9808.062370345111,21.35804641424567,26.02866404220299
68400,9816.362326272198,21.35803878596935,26.028527642061356
68460,9816.87682,21.357913014099218,26.02980988353779
68520,9822.359867841711,21.357719118851563,26.03197981084482
68580,9846.300369,21.357523026075594,26.03457076058856
68640,9842.716690144087,21.357390661620542,26.037116069375166
68700,9829.535730978176,21.357369967020023,26.039200060664857
68760,9841.733542,21.35737941616586,26.040964870268883
68820,9856.281873816351,21.357398303892776,26.042696299673487
68880,9842.440277593758,21.357426272418703,26.04464769
68940,9853.457735194565,21.357462963961606,26.047072377488565
69000,9834.556792123756,21.35755340277019,26.05058088612503
69060,9830.861011488261,21.357971963313005,26.05714030162661
69120,9848.029498655816,21.358678229474677,26.065496901577436
69180,9872.601682411821,21.359567567182047,26.073832223407802
69240,9909.944549128937,21.360535342361963,26.080327804548048
69300,9923.199756216678,21.361522671682554,26.083683249994706
69360,9911.058578895567,21.36274368,26.086234097328823
69420,9910.265928626699,21.364164377332248,26.08840874974384
69480,9924.26013,21.365691582731817,26.090037094759072
69540,9922.357034609404,21.367232100131638,26.090949019893838
69600,9891.333299475898,21.36871408452158,26.090666019551584
69660,9905.228074483188,21.370218938864117,26.08754458
69720,9878.250370304657,21.371755160562312,26.082732427560728
69780,9869.131081,21.373307038020105,26.07786573971482
69840,9859.268593911049,21.374858859641474,26.074580679969753
69900,9871.007917143688,21.376400373305323,26.074625973715353
69960,9885.155658546144,21.377953948481725,26.079032505236892
70020,9879.543329746355,21.37951242117234,26.085918333249207
70080,9870.010592,21.381061567148247,26.093072100267648
70140,9908.072291,21.382587162180545,26.09828245
70200,9906.461221076719,21.38407760897606,26.09991382625999
70260,9919.966164254409,21.385542624373628,26.100559156087296
70320,9928.491529549576,21.386987023094743,26.101002089357948
70380,9889.724039424853,21.388412965512668,26.10138582907442
70440,9891.416921898997,21.38982261200069,26.10185358
70500,9873.332537428392,21.39121371,26.102512343892247
70560,9859.215402114143,21.392566168554687,26.10323535383932
70620,9863.976524019887,21.393898006818283,26.104062642565903
70680,9860.290828094614,21.39523407353855,26.105078739347405
70740,9886.107313194823,21.396599221178562,26.10636817345924
70800,9890.721958423952,21.39801455,26.10839032673314
70860,9901.700424423721,21.399468270809233,26.113159095910337
70920,9885.062395422086,21.400951423262214,26.11952500131545
70980,9890.124673070191,21.40245852105205,26.12576318140659
71040,9926.035208183761,21.403984073532087,26.130148774641906
71100,9923.125664475052,21.40552139671472,26.13143452267392
71160,9907.850374864342,21.407064037709304,26.13185692349652
71220,9926.612865942627,21.408624197415094,26.132112717808557
71280,9923.634787865456,21.41021659339973,26.132364308362227
71340,9909.052440794138,21.411855943230897,26.13277409790979
71400,9907.699581706467,21.413553045062557,26.13383196850504
71460,9932.097402479661,21.41529418596918,26.137517317939984
71520,9953.345526141278,21.417085046433186,26.14326377892124
71580,9945.013020192418,21.418936231192617,26.150019700971974
71640,9951.682413959374,21.42085834498553,26.156733433615358
71700,9956.735216960014,21.42286648159716,26.162779633280607
71760,9948.469406,21.424987407970686,26.169943653460134
71820,9925.618269602885,21.427198503412473,26.177478385391183
71880,9942.300651334812,21.429469338668348,26.18406735677481
71940,9982.409264288712,21.431769484484168,26.188394095312134
72000,9989.316201747743,21.43407530531681,26.18959250019267
72060,9993.141143399127,21.436412977605183,26.189968969443544
72120,9977.221599410597,21.438787201166654,26.19019131823184
72180,9979.329887194019,21.44119510905778,26.19040859809899
72240,9961.987458320262,21.443633834335134,26.190769860586418
72300,9969.459040090072,21.44609731795504,26.19175453073879
72360,9993.174342708768,21.44857046116409,26.195404333989302
72420,10005.661885014428,21.451072059399493,26.20129152447103
72480,9992.217248,21.453626362928944,26.20850666800406
72540,10004.136406217864,21.456257622020136,26.216140330408496
72600,10006.79993789737,21.458988524663344,26.22371860060089
72660,9982.865033846327,21.461819526441143,26.233175328314744
72720,9982.210371715915,21.464738162809066,26.24376592948675
72780,10001.546351196472,21.46773228412278,26.25415686798628
72840,10063.473492316642,21.470789740737956,26.263014607682745
72900,10068.925444635923,21.473901528698175,26.269272684427843
72960,10070.487428578333,21.47708168,26.27407860476247
73020,10064.575883576306,21.48033425829834,26.278159426871568
73080,10068.456821938618,21.483659795868356,26.281978569185434
73140,10075.408856834327,21.487058841334832,26.28599945013439
73200,10043.888234949212,21.490541657596854,26.290694607134125
73260,10037.630594854338,21.494156080086423,26.296209624207837
73320,10045.704566502289,21.497863408163298,26.302008697667205
73380,10067.657262879236,21.501609663005688,26.307493792559388
73440,10090.969054305697,21.505340865791837,26.312066873931588
73500,10107.300937898422,21.50902054870682,26.315246922397545
73560,10123.897873272408,21.512719720450033,26.317572983499616
73620,10117.893354963388,21.51641937561152,26.319482788191493
73680,10093.940622461103,21.520078239533614,26.321305171259805
73740,10079.374614277789,21.523655037558676,26.32336896749121
73800,10071.743259209961,21.527121778745293,26.326090656585965
73860,10048.975769154233,21.530534060508334,26.329978771529046
73920,10050.612387667865,21.53388260556147,26.33435247697553
73980,10061.72957896858,21.53714151540202,26.338360517577485
74040,10083.576130346655,21.540284891527293,26.341151637987007
74100,10064.944252750323,21.54328837529209,26.342125505362908
74160,10066.019391657694,21.546157973321755,26.342516344595705
74220,10041.913583437803,21.548926431988487,26.342756494935628
74280,10030.211903075193,21.551627304892097,26.34299813008359
74340,10051.815719393417,21.554294145632415,26.34339342374053
74400,10034.839923610474,21.55694833551381,26.344559986045567
74460,10044.799098174375,21.55954031398665,26.34923429498971
74520,10054.103518493783,21.562089334166416,26.356537698468056
74580,10066.374961279938,21.564630627205354,26.36490207254421
74640,10087.009524778434,21.56719942425571,26.372759293281806
74700,10121.797228204881,21.569822795909634,26.378882233235384
74760,10110.19618,21.572470011893003,26.384559706460326
74820,10138.817839724583,21.575139508157513,26.390028617553273
74880,10135.63479417694,21.577839078617274,26.395148153026984
74940,10120.185919656822,21.58057651718641,26.399777499394244
75000,10127.02329065648,21.583365479887544,26.40392161124949
75060,10142.969915492627,21.586235759777185,26.408277550752626
75120,10136.128799898766,21.589154136530997,26.412457411540725
75180,10115.154679959272,21.592077311003614,26.41586112415196
75240,10115.918006667565,21.594961984049693,26.417888619124522
75300,10136.33713463428,21.597783445744763,26.418102672226453
75360,10093.020785425659,21.600620413424764,26.417322167456547
75420,10090.548740442417,21.603438372416072,26.41595412068755
75480,10078.638015420089,21.606177757094763,26.41423238614158
75540,10080.376649654174,21.608779001836915,26.412390818040777
75600,10063.856075271404,21.611199229199805,26.410482905246976
75660,10083.244342941009,21.61351098788848,26.407682315157142
75720,10076.410311997273,21.615722583255668,26.40446634484096
75780,10027.308535946016,21.61782281680616,26.40157170997189
75840,10037.114874858114,21.619800490044785,26.399735126223398
75900,10011.500627595336,21.62163527883035,26.39958970014836
75960,10020.724263249176,21.623289073784818,26.400819711117716
76020,10026.18687221211,21.62483401476391,26.403123534047936
76080,10050.79250353111,21.626358901490704,26.406289929982435
76140,10046.418153506245,21.62795253,26.410107659964652
76200,10082.529405218538,21.62968368154137,26.415331093626296
76260,10114.276690207887,21.63147941886183,26.42707543635144
76320,10154.728880679293,21.63333869,26.44289778592278
76380,10156.914776992442,21.635283433874054,26.458920208574227
76440,10170.33983,21.637335584369975,26.47126477053971
76500,10147.433717773893,21.639525691682717,26.47713062189482
76560,10157.107583700728,21.641906601193842,26.48134751273548
76620,10148.303910046776,21.64443623319796,26.484898404492792
76680,10139.645330183423,21.647057512690942,26.48753135402776
76740,10147.029896512542,21.649713364668685,26.48899441820138
76800,10143.821113281514,21.652368192106437,26.488980582458552
76860,10122.338183896056,21.65511184701601,26.487270786345714
76920,10123.607593439063,21.65791321118268,26.48463489216361
76980,10097.769891571867,21.660713009205644,26.481969123850227
77040,10103.346460480963,21.66345196568408,26.480169705343588
77100,10105.21202157344,21.66608432892221,26.479914860402697
77160,10074.205575820311,21.668662398946086,26.48026187691001
77220,10084.817410111726,21.67119389284491,26.480919841994012
77280,10091.537414525978,21.673671319029403,26.481837668130378
77340,10093.404380611553,21.676087185910266,26.48296426779482
77400,10103.490911358018,21.678433859937464,26.484557231477275
77460,10095.35841296866,21.680710750553505,26.488315265001123
77520,10089.991278647758,21.682931111129182,26.493598968859132
77580,10096.800477346147,21.685109422089628,26.499316429391463
77640,10121.039154267348,21.687260163860007,26.50437573293834
77700,10114.531582381673,21.68939768338393,26.507998750956727
77760,10101.894502846675,21.691524833980335,26.51148484851274
77820,10106.561079475756,21.693627467439345,26.514771586728777
77880,10110.349939350599,21.69569019381758,26.517417522042955
77940,10119.386686591146,21.697697623171642,26.51898121089342
78000,10120.547815271264,21.69964317,26.519016191642038
78060,10122.499044315819,21.701566520894104,26.51742483775178
78120,10132.446497670791,21.703449204935094,26.514764381238653
78180,10128.703905113318,21.70526052883265,26.511648635329223
78240,10101.215679226927,21.706969798238568,26.508691413250084
78300,10041.400725097292,21.70857205551574,26.506436651164247
78360,10032.588021476524,21.71018732864772,26.504681670991012
78420,10041.001674465566,21.711748703436484,26.503056501440046
78480,10064.673054267807,21.71315217492178,26.501238021604166
78540,10052.319542207328,21.714293738143393,26.498903110576233
78600,10041.261148620695,21.715118270962634,26.495158564688687
78660,10002.794527586866,21.71587008500089,26.486937083728684
78720,9977.529507944777,21.71654123198499,26.47629718823397
78780,9947.963727061438,21.717061519664032,26.466197579306396
78840,9945.017989319596,21.717360755787155,26.459596958047847
78900,9967.026111544821,21.717402831121408,26.458756756502655
78960,9962.246243309475,21.717378567438328,26.460459445788384
79020,9977.099129085685,21.717332982754048,26.463084383784494
79080,9995.068116190198,21.71727009668191,26.465739071738998
79140,9988.004006150557,21.717193928835286,26.467531010899922
79200,9996.96767,21.717088067974004,26.46775740462162
79260,9989.774716955737,21.71684383339361,26.467246440217025
79320,9979.235048244442,21.716512461785015,26.466458715826267
79380,9979.324475224972,21.71617555,26.46566206369401
79440,9970.896819351441,21.715914706527176,26.465124316064948
79500,9979.155676,21.715788973282496,26.465114042597104
79560,9995.419436504713,21.715697632710434,26.465749272518245
79620,9973.774794388664,21.715620461897196,26.466887295534093
79680,9969.572312213017,21.71556308818189,26.46836395891036
79740,9974.260035,21.715531138903664,26.47001510991277
79800,10024.096368575028,21.715555913501944,26.471900085479845
79860,10039.363011487756,21.715792348801042,26.475101542883333
79920,10050.647933279066,21.716207194618654,26.478976028514055
79980,10052.228441932188,21.716730066336066,26.4825498
80040,10020.168954579278,21.717290579334605,26.484849128986806
80100,10015.443924706102,21.71784111120227,26.484967305484687
80160,10006.339014840589,21.71848283854407,26.48309299379379
80220,9982.924604941338,21.71921499684588,26.480203475421174
80280,9972.810264462905,21.72000907655261,26.47728120844591
80340,9973.486257,21.72083656810918,26.475308650947106
80400,9977.571629544078,21.721690379317803,26.47507934474478
80460,9981.617116,21.722667719014353,26.475790578853942
80520,9984.348517216878,21.723710711207808,26.476887047512633
80580,9984.546290403938,21.72473065258601,26.477995943092264
80640,9989.690715364453,21.725638839836808,26.478744457964282
80700,9985.667740783589,21.726383100657713,26.478462133599763
80760,9965.175682241512,21.727126378024995,26.47533269932591
80820,9921.120517933507,21.72782875180006,26.47019848193579
80880,9912.969868432801,21.728402641083132,26.464370397731702
80940,9923.711521,21.728760464974474,26.459159363015978
81000,9914.242108561784,21.728853392278868,26.455520281529736
81060,9932.739364456802,21.728891572622597,26.452012063562524
81120,9897.808152048916,21.728921009090033,26.44867419194623
81180,9906.185990460866,21.72894122215696,26.44597101176436
81240,9905.416446213982,21.728951732299162,26.44436686810044
81300,9905.971479425081,21.728939715984183,26.44442754393736
81360,9925.488297,21.728838912518217,26.446799423414408
81420,9897.329855813074,21.72868350962107,26.45070936593983
81480,9905.452115731092,21.728526345451947,26.455183561394698
81540,9936.810861706741,21.728420258170065,26.45924819966013
81600,9948.839298404479,21.72841246186858,26.462083793104085
81660,9955.652986019777,21.72849311345126,26.464234655669017
81720,9942.499805224696,21.72864393289936,26.466142172671564
81780,9950.269049441687,21.72885081216702,26.468106563814693
81840,9964.358529337449,21.729099643208414,26.470428048801374
81900,9927.076839842206,21.72940547839356,26.473391185423733
81960,9940.169577950473,21.729941155424868,26.477069870501598
82020,9975.726555553327,21.730694500523196,26.48142872484821
82080,9984.073938516976,21.73161345362902,26.486437142041183
82140,9995.493481210484,21.73264595468283,26.492064515658186
82200,10007.395166989289,21.73378069199386,26.49863891475289
82260,10055.794214877118,21.73523304202064,26.507986787247592
82320,10070.673571212541,21.736970124020456,26.51892587
82380,10072.548291033994,21.73890414068092,26.529724788582556
82440,10083.007746077212,21.740947294689654,26.53865218130933
82500,10081.072857323836,21.743043298668407,26.54447014284261
82560,10084.436596940042,21.74533368,26.549372604113255
82620,10107.20357756917,21.747805338716688,26.553684849828066
82680,10108.097627794645,21.750405658823478,26.557157916124652
82740,10092.678750829798,21.753082043479395,26.55954283914066
82800,10068.435204513778,21.75580385242228,26.56070056575488
82860,10058.488933686567,21.75866685424888,26.561305550852857
82920,10078.622814955696,21.761640036782087,26.56169744447303
82980,10078.331170942636,21.764663350525808,26.56209448879456
83040,10061.53359,21.76767674598399,26.562714925996648
83100,10079.894895125011,21.77063037,26.564121482938145
83160,10061.442527773883,21.773559572290704,26.56842629753153
83220,10078.390235246707,21.776484779202224,26.575034626786714
83280,10090.55180944284,21.779416441037462,26.58283894
83340,10105.151357949957,21.78236500832155,26.590731694226974
83400,10109.85173099346,21.785334902531837,26.597874222986864
83460,10118.667610595632,21.78830008,26.605309791395786
83520,10107.24553530147,21.791276320388835,26.613083695840924
83580,10112.996481464379,21.79428793945742,26.620929967519135
83640,10147.09578127792,21.79735925016046,26.628582637627318
83700,10148.786080662849,21.800514324256998,26.63598513849853
83760,10152.31866932677,21.803758425074435,26.644069471414625
83820,10164.663018226585,21.80706935350552,26.65219965
83880,10169.372543310112,21.81042293,26.659434149894544
83940,10184.924524559721,21.813794964310844,26.66483145937056
84000,10177.646271979595,21.817174114431563,26.667782533973675
84060,10179.561888693206,21.820615785584092,26.66996555559745
84120,10168.262588014437,21.82408953561243,26.671758265658454
84180,10178.548129220793,21.827547016294883,26.67314819542351
84240,10164.74552,21.830939879409776,26.67412287615948
84300,10164.605483283254,21.83422778327096,26.67468804231118
84360,10136.643251138832,21.837439360982238,26.675004633554142
84420,10134.129386230628,21.840594953110504,26.675212065512934
84480,10138.013738619993,21.843707340686223,26.675432353786192
84540,10138.532512254556,21.846789304739893,26.675787513972598
84600,10130.269844059832,21.849849167912474,26.677095072364747
84660,10144.358395862382,21.852869034604563,26.683326527291054
84720,10181.171594138857,21.855855825901397,26.69303085
84780,10225.819911932198,21.858822284262263,26.703725086325107
84840,10214.068338078767,21.861781152146477,26.712926295197313
84900,10190.768425301614,21.86474789335124,26.71880690536756
84960,10208.109596091304,21.86773799366649,26.724073116478102
85020,10205.831623843065,21.87072530980071,26.728909406446874
85080,10206.484897534907,21.873678031954793,26.732734397026814
85140,10196.51492946926,21.876564350329616,26.73496670997089
85200,10200.777176034124,21.879364288973335,26.734995180572813
85260,10197.577678697548,21.882128278720387,26.732677547922343
85320,10178.08094290431,21.88484223199065,26.72910458716185
85380,10163.186242139993,21.887476717510115,26.72549113194618
85440,10140.972926758339,21.8900023,26.723052015930225
85500,10144.57511313354,21.89239216020423,26.722667955172632
85560,10155.77682180294,21.894656842089507,26.722817294879185
85620,10138.511678180994,21.896829049432164,26.723113158563734
85680,10128.653464846651,21.898941009135065,26.723547074496352
85740,10127.641300944328,21.90102495,26.724110570947175
85800,10147.140918317282,21.903106360803548,26.72559123400581
85860,10183.24950223176,21.905160904863333,26.732301885009885
85920,10167.52653827432,21.907184735051967,26.742208563885367
85980,10188.700645308078,21.90918144194431,26.752085014765964
86040,10188.296942455969,21.911154616115223,26.758704981785385
86100,10193.501886540616,21.913108472014713,26.75969864981854
86160,10178.143944778627,21.915047022006757,26.759002330968993
86220,10156.880710197389,21.916964391643564,26.757889059518543
86280,10156.996540995677,21.918853380024096,26.756681498305575
86340,10144.764221668118,21.920706786247365,26.755702310168484
86400,10141.862593407166,21.92251736314778,26.755191098522445
86460,10147.191868547767,21.924284104539222,26.75479476509072
86520,10131.769031652871,21.926017054035214,26.754449786143507
86580,10130.636981319547,21.92772717688662,26.754187303471177
86640,10132.95992661244,21.929425438344342,26.75403845886412
86700,10120.19897491329,21.931116205385173,26.754309041787355
86760,10118.634418790773,21.93277088761774,26.75662841125641
86820,10142.42279457744,21.93440731,26.76061407219447
86880,10146.333177497898,21.936052675855223,26.76548636819058
86940,10157.541349834912,21.93773420342746,26.770465642833837
87000,10140.99299,21.93948513707856,26.775159502612688
87060,10147.91940290636,21.941340322195803,26.78124075
87120,10188.566925971214,21.94324483674737,26.78787503234468
87180,10210.294730761225,21.945131395027897,26.79369427
87240,10198.711810311777,21.94693271133202,26.797330385594055
87300,10176.178733870673,21.94861446493747,26.797175230296595
87360,10140.737285786678,21.950320879843254,26.791499030225356
87420,10119.67556297003,21.95198731689179,26.782046385652006
87480,10099.357516130258,21.95350406956005,26.771045992600083
87540,10076.182357505426,21.95476143132505,26.76072654709316
87600,10061.151657721573,21.95570147810087,26.752635075306866
87660,10039.641674672761,21.956578376426958,26.744015945567682
87720,10039.372378766773,21.957370610612337,26.735420741878656
87780,10038.708519237342,21.95799005379843,26.728252237685858
87840,10010.665825538712,21.958348579126653,26.723913206435387
87900,10030.190780845398,21.958398924983257,26.723400919353754
87960,10035.579820865822,21.95836825849765,26.724671087425005
88020,10036.474710516843,21.95831280749377,26.726847994138826
88080,10025.323623571621,21.95823995,26.729498523792152
88140,10036.577798397188,21.958157074210703,26.732189560681956
88200,10035.068316971667,21.958058492415596,26.734692189801283
88260,10062.887726395456,21.95787970906011,26.737881644632704
88320,10076.305960899002,21.957658730618636,26.741336309315855
88380,10056.392194039785,21.95745299549315,26.744355155849615
88440,10057.771127804204,21.95731994208566,26.746237156232894
88500,10051.239151408088,21.957304075940097,26.74645176459193
88560,10032.810731866648,21.957345509877364,26.74576706089658
88620,10010.41438592327,21.95740938619184,26.744492783663947
88680,10010.914745340044,21.957473986453962,26.74275522182849
88740,10034.25032275219,21.95751759223419,26.740680664324657
88800,10028.323945837617,21.957522681599478,26.73784539626025
88860,10007.259075001499,21.95750711040926,26.731409291404592
88920,9994.628344856865,21.95748310520222,26.722949100602158
88980,9986.192399404343,21.957458827930104,26.714867882806278
89040,9972.646216027959,21.957442440544714,26.70956869697032
89100,9980.065220291834,21.95744116341115,26.709037231771283
89160,9990.659977162162,21.95745330646788,26.711578521278344
89220,10000.264296325438,21.957476831183953,26.715788884833145
89280,10023.753561552727,21.95751048241581,26.720647459190147
89340,10028.949430207518,21.95755300501991,26.725133381103852
89400,10019.316967422501,21.957628455136664,26.728523060750994
89460,10026.669838827425,21.95787403165231,26.732015380502435
89520,10038.988002445038,21.958226880911653,26.735443349667523
89580,10047.107741736123,21.958586378797875,26.738274873303332
89640,10042.16214424129,21.958851901194176,26.739977856466975
89700,10038.479979064607,21.95895068866931,26.739216647986897
89760,10015.99063018082,21.959009013709945,26.73142763
89820,10003.189277622563,21.95905632244355,26.719001365337046
89880,9993.223517972086,21.959090328231124,26.705575629786907
89940,9940.514953491513,21.959108744433667,26.69478821
90000,9919.965237026923,21.95908082632176,26.68933829578122
90060,9896.278968,21.958836553503833,26.685213746900732
90120,9848.680813,21.958410834974583,26.68165193425483
90180,9876.405379657042,21.957879450400583,26.678958154379877
90240,9917.366937,21.95731817944845,26.677437703812256
90300,9920.492466781207,21.956777055187302,26.67735995847468
90360,9930.730606689533,21.956144943619787,26.678472016824475
90420,9901.561359389112,21.955437850744143,26.68020551949967
90480,9914.994749398466,21.954704109593795,26.681997879762182
90540,9939.565726887762,21.953992053202203,26.683286510873977
90600,9921.182220414272,21.953338108338663,26.683663821006302
90660,9926.403738003686,21.952696055913677,26.683833430620073
90720,9929.965651527546,21.95206502355739,26.683967189600615
90780,9927.107477546997,21.951458015071523,26.684060981112914
90840,9936.731094,21.950888034257833,26.684110688321997
90900,9935.944505013345,21.950365444938118,26.683879638727255
90960,9923.666396380866,21.949878436482052,26.682032541238122
91020,9920.190840394129,21.949418874520752,26.67897425104836
91080,9917.026928544989,21.948981192447462,26.675448839173434
91140,9914.111533898807,21.94855982365544,26.672200376628837
91200,9913.904255589146,21.948150191281208,26.66976092224518
91260,9944.027717661605,21.94775508500207,26.66727783349352
91320,9940.714090192194,21.947374347397044,26.664850033302564
91380,9922.827090531324,21.94700673318192,26.662835032666695
91440,9906.552456776177,21.94665099707252,26.661590342580322
91500,9899.985105508737,21.946305485475555,26.66132891753428
91560,9919.686798,21.945967594466715,26.661278932960734
91620,9942.695477554003,21.945639396887653,26.661250018813877
91680,9952.802061414845,21.945323690554567,26.661222743680018
91740,9919.265625,21.945023273283685,26.661177676145503
91800,9903.957658389145,21.944740492658187,26.66107415265065
91860,9897.473145501197,21.944473077743243,26.660769458831954
91920,9881.474126,21.94421799797759,26.660276858129432
91980,9868.247269731148,21.943972550065965,26.65964035300101
92040,9895.768306338208,21.94373403071314,26.65890394590464
92100,9887.976282146874,21.943500497056128,26.658030782036253
92160,9898.704421866978,21.943274723756197,26.656600326462232
92220,9873.295755,21.94305565979717,26.654794256129886
92280,9870.257844175207,21.94284129374456,26.65291196491667
92340,9884.214822499018,21.942629614163888,26.65125284670006
92400,9881.278826165193,21.94242200607452,26.650081734865825
92460,9865.173288739728,21.942233961748645,26.649279356922996
92520,9840.226711023348,21.942052347520537,26.648619111921874
92580,9849.981736170324,21.941858819248502,26.647895608591615
92640,9870.970909583039,21.94163503279088,26.646903455661395
92700,9889.054181328203,21.94136090238075,26.645117960466123
92760,9863.970346396349,21.941017585549922,26.640740743611907
92820,9841.834678204126,21.940614965467557,26.634751615517313
92880,9832.91191,21.94016671806739,26.628627171965462
92940,9833.115088477714,21.939686519283192,26.623844008739493
93000,9811.599981,21.939180257573252,26.621516079840198
93060,9788.755171619923,21.938610108456103,26.62004464536015
93120,9770.441568,21.93798504554145,26.61888825528421
93180,9786.359072457291,21.937324486013296,26.617902254886648
93240,9816.546673,21.936647847055667,26.616941989441774
93300,9847.961183613485,21.935968421379545,26.61590793102117
93360,9866.001898648012,21.935260780750745,26.614980018417185
93420,9858.621554466898,21.93452910519339,26.61411035191963
93480,9841.884993286363,21.93378521383938,26.613193972568645
93540,9826.465002668136,21.933040925820595,26.612125921404377
93600,9831.413561,21.93230694885721,26.61080136475429
93660,9832.854801,21.931580526372052,26.60916392987385
93720,9843.870615127104,21.930853607578932,26.607235626744032
93780,9831.882942944838,21.93011868,26.60504461
93840,9818.517679050014,21.92936822,26.602619043832547
93900,9797.700731964087,21.928593436336758,26.599770126410373
93960,9766.656157774058,21.92778639153913,26.595437836469017
94020,9744.077363755063,21.926960148384747,26.59044017940588
94080,9763.451827663972,21.92613055,26.585931936420526
94140,9781.701634028059,21.92531343970647,26.583067888712556
94200,9760.788111913831,21.92451836744867,26.58268046103238
94260,9740.418180321489,21.92371892568255,26.58320358700791
94320,9765.507092534122,21.922925475418626,26.584032336268383
94380,9793.900138090707,21.922156733436175,26.584916193997028
94440,9799.452392123267,21.921431416514505,26.58560464537712
94500,9802.587110467786,21.92076305615447,26.58591263995098
94560,9791.5895,21.920128908793746,26.586125205978398
94620,9777.531677,21.919525512310695,26.586304000195717
94680,9780.478955098348,21.91895541,26.586436455347254
94740,9795.523700447371,21.91842114704278,26.586510004177356
94800,9807.121666295847,21.917926585945466,26.586371263967767
94860,9812.357127143316,21.91747623811352,26.585182149089615
94920,9822.638523240175,21.91705547413167,26.58312598418565
94980,9780.686264387414,21.91664699983578,26.58058891823856
95040,9782.293379872615,21.91623352106174,26.577957100231085
95100,9776.948433831461,21.91579989,26.57539841226859
95160,9759.245485639489,21.915352549111116,26.571952283843174
95220,9745.604132474713,21.91490087265314,26.568130084002597
95280,9748.899690128526,21.91445261734376,26.56474868451348
95340,9757.387016709246,21.91401554055658,26.56262495714245
95400,9762.904194800201,21.91359722075405,26.562448049402697
95460,9787.528211,21.913198179140622,26.563639614796486
95520,9788.063239144736,21.91280998,26.565476582529378
95580,9772.786519565589,21.912423635632937,26.56733436969255
95640,9781.180969732937,21.91203014562142,26.56858839337722
95700,9784.655249877913,21.911614400345098,26.568451657014197
95760,9782.494714,21.91114566342648,26.565888225947763
95820,9791.517463066108,21.910660973918326,26.561936331927463
95880,9781.280764965668,21.91020804988947,26.557939648779616
95940,9753.378069496977,21.909834609408787,26.555241850330546
96000,9752.887087,21.909570284940312,26.55523192
96060,9779.642572547617,21.909329659486268,26.558525191016486
96120,9785.042753,21.90911357907982,26.563761375652735
96180,9814.105992664498,21.90894535,26.569383488143398
96240,9817.688405,21.908848297291087,26.573834544767355
96300,9784.775818,21.908845220310454,26.575900009528493
96360,9803.702240508374,21.908940297553194,26.57703302843682
96420,9845.611327618639,21.909114434157836,26.57786405644746
96480,9836.454634542242,21.909347107051463,26.57866287
96540,9807.964206802808,21.909617793161196,26.579699253165646
96600,9806.131007,21.909926256553767,26.581245250440443
96660,9810.815016,21.91038656328241,26.583456250715802
96720,9822.100250863914,21.910991570797265,26.586259543199702
96780,9841.417009182696,21.911706986271625,26.589562257521237
96840,9837.068751274388,21.91249851687881,26.593271523309518
96900,9834.751761031392,21.913353125637915,26.59739223123727
96960,9837.919981,21.914381386288596,26.602471568450884
97020,9824.580657109611,21.91557325722408,26.608458533101658
97080,9830.864032540858,21.916890759343485,26.615170164498643
97140,9874.061932797156,21.918295913545972,26.622423501950937
97200,9893.118494010952,21.919765781240567,26.630587224286014
97260,9904.335486,21.92137335,26.642294276513198
97320,9902.809225398261,21.92312028146329,26.655483574722986
97380,9922.028485145944,21.924989585033497,26.667244200860996
97440,9956.487473891208,21.926964271820093,26.674665236872865
97500,9981.930435634897,21.929044300564065,26.675292975155937
97560,9970.421161542494,21.931314746839323,26.671177923615573
97620,9964.135745034873,21.933742240689718,26.664833985684684
97680,9935.065925898323,21.93626935906129,26.65841815
97740,9879.112544775255,21.938838678900083,26.654087397969484
97800,9900.367689439416,21.941430703541933,26.65358538239385
97860,9896.609227632698,21.944212905821907,26.655157555326703
97920,9912.239157409038,21.947081892992106,26.65758128
97980,9928.340167587148,21.94987998276515,26.660032481764986
98040,9915.666099661135,21.952449492853713,26.661687063296533
98100,9912.736866788146,21.954673543429006,26.661902339960523
98160,9917.729307816095,21.95672678311718,26.66147715051216
98220,9916.089925907618,21.958642217184977,26.660821660430734
98280,9889.869753494859,21.960406395567748,26.66015874129662
98340,9863.937098284101,21.96200586820085,26.659711264690216
98400,9864.096721810414,21.96344584574122,26.659939022441122
98460,9868.864211234286,21.964825312652575,26.662191178035016
98520,9888.211641920738,21.966112930653203,26.665663196588916
98580,9879.734572234072,21.967250885062587,26.66917456556087
98640,9880.162233801293,21.96818136120023,26.67154477240896
98700,9880.536882166693,21.968864658745847,26.671147889379842
98760,9861.496313996788,21.969402376937886,26.665268210448758
98820,9838.365046,21.969852908780418,26.656203848112952
98880,9830.506267699568,21.97025559,26.647036754054408
98940,9803.811386,21.970649770406418,26.640848879955122
99000,9793.571353845897,21.971059909731288,26.640398250850335
99060,9806.609591,21.971424829225388,26.644839291579295
99120,9839.29346,21.97176907192871,26.652314708156254
99180,9848.879595,21.972136831699512,26.66116554010648
99240,9866.618338350867,21.972572302396085,26.66973282695528
99300,9913.388195777157,21.97312234427744,26.676697757400312
99360,9937.905913,21.97382754492572,26.683312278422772
99420,9966.143955917136,21.974677273543264,26.689880233333092
99480,9970.123491961613,21.97565451492345,26.69633676109305
99540,9946.612649540368,21.97674225385966,26.70261700066446
99600,9916.888809,21.97794504786714,26.70861753424415
99660,9927.589099592624,21.97938499592775,26.714148482359516
99720,9937.379008993114,21.981048673185644,26.71946702655708
99780,9958.320712688315,21.982893254590902,26.724899241487115
99840,9968.865521,21.984875915093607,26.730771201799918
99900,9969.123757254765,21.98697796822143,26.737402404742483
99960,9985.291479823854,21.98932186858169,26.74486999827333
100020,10003.102144873948,21.991894367101345,26.752950256063862
100080,9982.554187443213,21.994650589626566,26.76140110842958
100140,10017.318757556699,21.99754566200356,26.76998048568601
100200,10030.507835370461,22.000554682420947,26.77850475431037
100260,10005.67883406144,22.003773075486357,26.787201860432944
100320,10004.916091176381,22.007189859596224,26.79608705071534
100380,10026.573086712298,22.010768355312372,26.80510825439266
100440,10071.700677593883,22.014471883196627,26.81421340070007
100500,10089.657088988239,22.01827968600461,26.82333024594863
100560,10101.271557659482,22.022265270264146,26.832354241671776
100620,10111.537861824572,22.026414560354937,26.841436170696394
100680,10123.35454,22.03069277427443,26.850764570784794
100740,10138.764478781892,22.035065130020094,26.860527979699334
100800,10132.680798755082,22.03950635046331,26.871035368498713
100860,10126.013895846241,22.04405675860861,26.88291590325428
100920,10154.525347972583,22.048719852459293,26.89548540589112
100980,10181.032166292063,22.053488002729328,26.90785113716263
101040,10200.771009926922,22.058353580132707,26.91912035782224
101100,10233.497525482251,22.06331408930598,26.928491153199182
101160,10236.593351718142,22.06839463128146,26.936283817988222
101220,10224.119242646637,22.073587431176694,26.943287589942248
101280,10192.15296929957,22.07887766761953,26.95025088154544
101340,10216.596970737346,22.084250519237838,26.957922105281995
101400,10234.487397271385,22.08969801527168,26.967027699360145
101460,10246.399643534041,22.095250935512976,26.977692666386886
101520,10271.143816797161,22.10089938,26.989381856293274
101580,10274.014951739362,22.106624312290467,27.001526369768534
101640,10290.848008815716,22.11240667870414,27.013557307501898
101700,10323.227057817303,22.11823667034669,27.025142988598553
101760,10303.829362594659,22.12415446090629,27.037279187310897
101820,10307.566664407628,22.130141683234825,27.049529329594517
101880,10340.200142675294,22.136167343931902,27.061138170965027
101940,10347.420670937225,22.14220044959713,27.071350466938085
102000,10355.777638206215,22.14822221701632,27.07954975390628
102060,10344.958880884325,22.154283562376943,27.086367667564296
102120,10325.442369199749,22.160363949294158,27.09237914600586
102180,10330.165428745806,22.166426620116603,27.098035040372487
102240,10343.162478764403,22.172434817192954,27.103786201805704
102300,10356.749004632518,22.17836595290523,27.110072330185844
102360,10329.000359812231,22.18427939286672,27.116935564171843
102420,10326.591594305473,22.190153348431945,27.123930006972557
102480,10335.134981454315,22.19594734704258,27.13058042335535
102540,10354.332768997792,22.20162091614033,27.13641157808763
102600,10366.866286366425,22.207153744855507,27.141176827670048
102660,10333.794504323158,22.21263468201481,27.14593267180152
102720,10323.209372886226,22.21802476767942,27.150395056728215
102780,10308.682614941783,22.223257473015963,27.15397601558747
102840,10333.634937822348,22.228266269191064,27.156087581516648
102900,10331.132757650246,22.23300457769937,27.156256737852832
102960,10304.477242810237,22.23756170572282,27.155051439524332
103020,10267.014506906331,22.24194667338115,27.15300459189236
103080,10283.117602169956,22.246144906246453,27.150547271487003
103140,10282.096560654658,22.250141829890833,27.148110554838368
103200,10266.57407375933,22.253941896098947,27.14595333288471
103260,10254.744268637134,22.257641337386904,27.143355822547697
103320,10242.894719967015,22.261197165035966,27.140612831505504
103380,10245.144260113808,22.264538888947044,27.138248473558974
103440,10236.999145149259,22.267596019021052,27.13678686
103500,10220.097056369697,22.270331908714596,27.136657371609193
103560,10199.018822902315,22.27291291992682,27.13740426711465
103620,10186.901575545418,22.27532363685221,27.138555712893886
103680,10215.98807999809,22.277504980844817,27.139720208681943
103740,10220.350645212295,22.279397873258713,27.140506254213896
103800,10192.359632444353,22.28097642443377,27.140334332507525
103860,10188.634879000085,22.28241601,27.137978488828892
103920,10181.369664704524,22.283717344250526,27.134020268165973
103980,10168.71660622241,22.284838629546027,27.129347434986272
104040,10149.29251298843,22.28573806,27.124847753757315
104100,10162.35266795781,22.28640612240125,27.121217058178704
104160,10162.454368505829,22.28701833820612,27.11773824083039
104220,10141.975532344084,22.28756217084445,27.114291505692037
104280,10136.208108103374,22.287982250285165,27.11097007462274
104340,10128.427923408204,22.288223206497218,27.107867169481644
104400,10119.191591981782,22.288254060864013,27.104971245339755
104460,10127.548333430552,22.288210940347078,27.10179632109545
104520,10107.359395856314,22.28813342094206,27.09867431352969
104580,10123.425113390753,22.28803236014601,27.096092666731113
104640,10104.545602235185,22.287918615455997,27.094538824788398
104700,10094.442752771733,22.287792109057303,27.094328560087067
104760,10090.976679844427,22.287598493703605,27.094559120082803
104820,10100.265674245016,22.28736092337415,27.09493703609373
104880,10120.110818489346,22.28711815767081,27.095365359143127
104940,10112.533752790165,22.286908956195493,27.09574714025431
105000,10093.804201842107,22.286760194777848,27.096011629180694
105060,10094.988425347607,22.286620693638074,27.096264966857095
105120,10080.82027159309,22.286491881506606,27.09650528701425
105180,10091.918482646719,22.286389623402755,27.096699533632783
105240,10098.794729569823,22.286329784345856,27.09681465069334
105300,10111.169509754664,22.28632656584535,27.09676771898342
105360,10105.760596007216,22.28637510363995,27.096285262501436
105420,10089.940588989568,22.286464410474938,27.095541487132884
105480,10116.272655824598,22.286584443624097,27.094789282122825
105540,10104.626143073929,22.286725160361264,27.094281536716334
105600,10091.963122712656,22.28689406867629,27.09434301920346
105660,10084.032677342058,22.287185282686274,27.095426661941737
105720,10090.295633028862,22.28756771167558,27.097097251533015
105780,10084.261264436163,22.287985153233382,27.09878677489374
105840,10102.996515204642,22.28838140494884,27.099927218940373
105900,10085.805817268869,22.288716429795993,27.099619440438822
105960,10081.13221084176,22.289055005280808,27.09586738533878
106020,10052.4589,22.289388086211737,27.089927217731486
106080,10003.644012708164,22.289686809512087,27.083599905475992
106140,10038.154877954581,22.289922312105197,27.07868641643138
106200,10023.148349048239,22.29007763,27.076574880013226
106260,10032.054579123804,22.290212221915688,27.075484402556643
106320,10030.54523771173,22.290329865868646,27.074703776369354
106380,10026.575258628778,22.290419662318733,27.073962823672872
106440,10041.71865094555,22.290470707001965,27.072991366688736
106500,10043.472276101831,22.29046330263198,27.071405115392675
106560,10028.927943186358,22.290342767087868,27.068523377620163
106620,9979.891245597179,22.290131074629357,27.06492145117303
106680,10011.222144841482,22.289863892095294,27.061373172423213
106740,10015.180781958887,22.289576886324525,27.058652377742657
106800,10011.480260145983,22.289295086943643,27.057354123728796
106860,10000.890215466481,22.288971150538487,27.056668000488976
106920,10023.55515025827,22.288600672686027,27.05619194457343
106980,10033.080215337095,22.288191839683737,27.055710501074525
107040,10017.601516473936,22.287752837829125,27.055008215084687
107100,10017.875574104617,22.287288008557557,27.05369037
107160,10021.445267557796,22.28677720513089,27.05063581750632
107220,10010.435808590479,22.286218570739372,27.046264357010095
107280,9984.576630682785,22.28561502054298,27.041273187931505
107340,9973.407518982372,22.284969469701714,27.03635951131087
107400,9967.109142881402,22.284274559975405,27.03191594195406
107460,9931.177048382544,22.283478133291045,27.02665707657111
107520,9932.937275193097,22.282611089846093,27.021180415535422
107580,9940.745279645107,22.281719808665706,27.016496122904062
107640,9939.073612336346,22.28085066877507,27.013614362734124
107700,9943.144375158357,22.28001883892157,27.013369384676274
107760,9954.813863443867,22.279087028647982,27.01503906429645
107820,9983.624572232144,22.278143169276458,27.018015695253744
107880,10004.546465523073,22.277320053207685,27.02185225554955
107940,9989.785024879142,22.276750472842355,27.026101723185274
108000,10001.776914740645,22.276517608492572,27.03081844640484
108060,10002.15638356864,22.276367351704373,27.03840690535333
108120,10015.298797843103,22.276246292806754,27.047489489495447
108180,10042.814543527835,22.276159779781892,27.05595483524724
108240,10058.579922929795,22.27611316061198,27.061691579024785
108300,10032.84693722562,22.276141907288604,27.06323004827509
108360,10029.01352219795,22.276430054818277,27.063689244968472
108420,10042.495408496357,22.276946591848645,27.06396699484615
108480,10026.540706079111,22.27761739379398,27.064231043233026
108540,10026.344908461504,22.27836834,27.06464913545406
108600,10066.225711569103,22.279165517099006,27.065537357857394
108660,10059.246990006992,22.280213556442327,27.067861224651374
108720,10051.077900204564,22.281496467561315,27.071391166716193
108780,10052.819703612302,22.282946006526114,27.075674447977036
108840,10071.015520600668,22.284493929406906,27.08025833
108900,10096.132392715179,22.286103945180358,27.08495061
108960,10125.786520565642,22.287925052614533,27.09093941787247
109020,10129.757623402478,22.289924059646104,27.097711361595536
109080,10123.951911739683,22.292025707235037,27.104392811107605
109140,10120.871833709227,22.294154736341323,27.110110137500826
109200,10109.160794300573,22.29626511338103,27.114283557796693
109260,10103.534235206404,22.2984793,27.118216554183423
109320,10094.025971771505,22.30075147249839,27.12183424600604
109380,10085.725735743925,22.302997227118347,27.124698604519047
109440,10111.918941495569,22.30513214269362,27.12637160097697
109500,10109.354478574895,22.30709453331264,27.125853263770715
109560,10124.584188074063,22.30897838,27.120082317969747
109620,10101.349886249714,22.31078760132023,27.111185583237564
109680,10054.074465215048,22.312499324398242,27.102188016604366
109740,10035.52594175892,22.31409068983579,27.096114575100373
109800,10020.17843979819,22.31555098339181,27.09542826923553
109860,10022.58627826233,22.316940545266974,27.097765511559434
109920,10024.815998112754,22.318251452477877,27.101368703423955
109980,10052.499402681233,22.31945986841051,27.105012732370422
110040,10064.919804995947,22.32054195645087,27.10747248594019
110100,10051.19203181535,22.321481651190943,27.10771946
110160,10042.312167217393,22.322322139377523,27.106541333004476
110220,10029.392697375875,22.323085807627262,27.104725085158297
110280,10044.446363847877,22.323786687649214,27.102888252712418
110340,10030.539469376246,22.324438811152447,27.10164837365762
110400,10048.512053772634,22.32505664277492,27.101595814202163
110460,10098.92367,22.325648650248482,27.10272721927951
110520,10074.050608209849,22.32620673584885,27.10447144131781
110580,10063.880738110525,22.326721106943324,27.10623543164516
110640,10045.320866932369,22.327181970899233,27.107426141589702
110700,10056.294857084904,22.32758975871471,27.10736352657181
110760,10044.604810149578,22.327995382288947,27.105347332833624
110820,10049.437180664503,22.328376870923115,27.10197578569378
110880,10031.285423697962,22.32869763,27.09802567843457
110940,10008.215924308415,22.328921064868847,27.094273804338297
111000,9988.792423113955,22.329026862135027,27.09124815083634
111060,9983.129207906948,22.329102362355737,27.087938841345576
111120,9955.105373670282,22.32916401514783,27.084597106335902
111180,9970.821373951298,22.32920858641606,27.081789164383625
111240,9979.761954861902,22.32923284,27.08008123406509
111300,9960.862706790951,22.329235424552728,27.080058984959734
111360,9988.557577,22.329228471923983,27.081914036194732
111420,9990.225778226595,22.329217753456724,27.08488724751495
111480,9985.692949002168,22.32920691,27.088126850170525
111540,10002.702728204898,22.329199596446067,27.090781075411652
111600,9996.722507944192,22.329205085994353,27.09215915413818
111660,9967.431298211482,22.329261733998415,27.09291383001622
111720,9972.508270775288,22.32936971628266,27.093459067148874
111780,10004.982638816024,22.32952130377627,27.09405107054589
111840,10007.392249346723,22.32970876740847,27.094946045217032
111900,10006.93887085353,22.32996234284874,27.097129377318954
111960,10020.06723438548,22.330508971753776,27.10478073567348
112020,10025.886022717621,22.331320276627242,27.11620853814471
112080,10047.164502154505,22.332314798006482,27.128624469940824
112140,10089.245713313478,22.333411076428877,27.13924021626998
112200,10123.243547541355,22.334568341898585,27.145876753085968
112260,10134.098781431101,22.335987796531192,27.150998749176427
112320,10149.507207364491,22.337648612973787,27.155436934086445
112380,10141.279889270543,22.33947719103511,27.15936673223238
112440,10127.892695610037,22.341399930523917,27.162963568030623
112500,10107.029026062104,22.343369844177044,27.16632826107642
112560,10107.987042181298,22.345505578024092,27.169175862760984
112620,10135.208578314634,22.347792774638943,27.17172444726628
112680,10132.267801432998,22.350183535292345,27.17429650376467
112740,10131.752989735418,22.352629961255055,27.17721452142858
112800,10116.074813695412,22.35509730506987,27.180787408412385
112860,10121.79039984295,22.35763947139999,27.18507099665153
112920,10153.315720093566,22.360255908800394,27.189909699083568
112980,10139.887354598657,22.36293039012186,27.195142757618754
113040,10154.790105455177,22.365646688215215,27.200609414167353
113100,10137.81455784969,22.368394040363977,27.206251030428508
113160,10150.477969001153,22.37119563765291,27.212531878605894
113220,10174.687328836622,22.37404726929646,27.219219183538716
113280,10180.173157457588,22.37693783010985,27.22593656713197
113340,10192.66584884432,22.379856214908326,27.23230765
113400,10188.316390470176,22.38278831627058,27.237948497218976
113460,10192.946901690648,22.38571807,27.242759481382848
113520,10186.518458355768,22.38867213693423,27.247227857131453
113580,10172.70299113069,22.391683172549374,27.251894224574446
113640,10191.94067789673,22.394783833161167,27.257299183821527
113700,10226.653762076427,22.39800843193021,27.264364549728317
113760,10226.818239959735,22.401374665559846,27.275150461635775
113820,10229.870002275675,22.404847326242287,27.287766635189676
113880,10265.489643026747,22.40838555677808,27.299679116252424
113940,10288.495932866024,22.411948499967792,27.30835395068642
114000,10279.580968594306,22.415509223479226,27.311957687952354
114060,10262.495562910337,22.419124928212856,27.313829331927195
114120,10228.174725224382,22.422779026785985,27.315153587832395
114180,10230.908200274796,22.42643704692709,27.31633974915323
114240,10250.237359694971,22.430064516364656,27.317797109375007
114300,10248.750512152186,22.433641903051623,27.320039626961975
114360,10272.630877263557,22.437232412936027,27.323696846232924
114420,10273.89696235211,22.440807605933834,27.327987348516825
114480,10284.690465586411,22.444318857264676,27.33192694865415
114540,10274.114526801168,22.447717542148208,27.334531461485426
114600,10254.309845546255,22.45096849585635,27.335129459747563
114660,10250.376090217653,22.454128339962814,27.335259672612473
114720,10231.87512066944,22.457199705714714,27.335334578338127
114780,10219.102410282823,22.460169319804347,27.335407332718038
114840,10224.901971809073,22.46302390892404,27.335531091545736
114900,10221.00815378116,22.46576629926298,27.336047395366908
114960,10220.355188297832,22.468473987962675,27.33854015301008
115020,10247.692435800696,22.471101709597782,27.34223654275026
115080,10252.548934028027,22.473580532195644,27.345927225452296
115140,10241.757187632737,22.475841523783625,27.34840286198105
115200,10228.192899981706,22.47785117049267,27.34818291756966
115260,10176.10138643255,22.479778631956545,27.343353229298483
115320,10148.553402207677,22.481586627707763,27.33543329018847
115380,10153.430828516826,22.48319088986284,27.326450241088306
115440,10146.26976160308,22.484507150538327,27.318431222846748
115500,10117.82763158794,22.48550071,27.313011620722033
115560,10115.362861636355,22.486426070458432,27.308707083215857
115620,10103.173816657858,22.487257983001093,27.304861820724096
115680,10085.984139735649,22.487906176200795,27.301223668442134
115740,10095.763812785855,22.48828037705458,27.29754046156536
115800,10095.12149442255,22.48832138627465,27.293550940358546
115860,10080.733299005884,22.48819510355084,27.289159590823143
115920,10071.340740632964,22.48796466356405,27.284684793294698
115980,10048.257128892621,22.48765822967938,27.280485792544688
116040,10050.332264598166,22.48730396526191,27.27692183334458
116100,10059.81192824568,22.486899436192083,27.27428475169517
116160,10052.436170864514,22.486279863996284,27.272258339280825
116220,10066.560126033823,22.48547992976519,27.270550917148242
116280,10070.755395686781,22.484576591897078,27.26893083778133
116340,10051.652256431335,22.483646808790237,27.267166453664025
116400,10054.872801629355,22.48274356241947,27.26495242247025
116460,10072.977581199679,22.48176799445929,27.261884369270344
116520,10061.176940293402,22.480736738701548,27.258522137038604
116580,10049.60963,22.479696301427094,27.255566003347333
116640,10031.416557223312,22.478693188916804,27.25371624576889
116700,10031.05048813558,22.477767481697313,27.253456221948078
116760,10019.512242918794,22.47689764329366,27.25369786
116820,10021.21181901283,22.47605841897441,27.25407037809319
116880,10025.674531763996,22.475229793203034,27.254447118698238
116940,10039.327552080176,22.47439175044302,27.254701422124956
117000,10037.671832444405,22.473524551491106,27.253938810596598
117060,10014.644233028115,22.47262524373621,27.24792707608693
117120,10026.611128637913,22.47171445951727,27.238659131272087
117180,10027.314669929734,22.47081447519743,27.229286147415134
117240,9990.200508,22.469947567139876,27.222959295779155
117300,9964.292877762859,22.46910871643151,27.222059634314533
117360,9964.685177,22.468173211330832,27.223224781113117
117420,9995.336757483785,22.467235915252488,27.225366287695014
117480,10004.681104620611,22.46643273,27.228240634369204
117540,10013.09010537464,22.465899554318913,27.231604301444683
117600,10031.593899833722,22.46571984,27.235919215574313
117660,10031.236449015905,22.46562085581521,27.244767423037143
117720,10043.386841557583,22.465542816637818,27.256100225047497
117780,10089.387647613314,22.46548810870824,27.26681183065363
117840,10109.893176555857,22.465459120979407,27.273796448903838
117900,10072.97100208829,22.46549338774212,27.27491356954415
117960,10057.625076579772,22.465803791803847,27.274813610214085
118020,10051.389085818311,22.466355673918624,27.274620624105196
118080,10087.776540292685,22.46706434246126,27.27434565045888
118140,10086.379823605264,22.467845105806568,27.27399972851656
118200,10068.48411834381,22.468654416656783,27.273386642661304
118260,10105.977804142538,22.46969126080495,27.271399615361926
118320,10111.498001553568,22.470926559908726,27.268596257474584
118380,10096.712687744792,22.47227759,27.265845553016046
118440,10077.376801538616,22.47366162449709,27.264016486003104
118500,10054.296605280939,22.475024709702506,27.264157731048403
118560,10074.48295790356,22.476486783237068,27.26748994506184
118620,10081.226539993266,22.478015457638264,27.27276757932998
118680,10075.070627701922,22.479541404745593,27.278393473717728
118740,10089.384496580864,22.480995296398557,27.28277047
118800,10090.337292723514,22.482318868165493,27.284655419765542
118860,10067.254939055782,22.483552487665058,27.28556899966694
118920,10055.589439907277,22.484730565097575,27.286191339729587
118980,10060.952667043352,22.485877503638385,27.28683050345836
119040,10067.998700008271,22.487017706462854,27.28779455435819
119100,10077.43376312513,22.48816393732767,27.29006189414025
119160,10110.210457711459,22.489266708277647,27.297345608656162
119220,10171.589272749768,22.49035158609967,27.30762689
119280,10157.94766997531,22.491460154574582,27.31785202
119340,10152.109813399178,22.492633997483253,27.32496727069766
119400,10165.917010399593,22.49392098198378,27.326804137920657
119460,10175.69783975289,22.49536362735183,27.32748780554773
119520,10153.697412541886,22.496899388533965,27.32801896188785
119580,10168.411626443805,22.498451923037784,27.328386325870653
119640,10157.23003803021,22.499944888370905,27.328578616425784
119700,10095.571612890224,22.501325222256092,27.327692886899772
119760,10087.719175317065,22.502688151006986,27.320871358634847
119820,10081.436707461417,22.504018182969823,27.31035500143203
119880,10068.011261907872,22.505270934778547,27.299719456198943
119940,10050.856312433252,22.506402023067096,27.292540363843255
120000,10024.040235486718,22.50739935768897,27.29151142325978
120060,10020.70031893092,22.50841571577084,27.29264728435752
120120,10019.207624725383,22.509382632566194,27.294398375985786
120180,10024.165230489316,22.510186166872792,27.296169313760192
120240,10047.59571,22.51071237748844,27.29736471329637
120300,10075.169488711046,22.510896422802915,27.297127816992376
120360,10082.202047304592,22.511001964583457,27.29374917643318
120420,10063.514124339154,22.51108525487684,27.288108214122676
120480,10045.190582436873,22.511143694066355,27.28151612392347
120540,10007.955828624876,22.511174682535323,27.27528409969823
120600,9988.160260478311,22.511137636378518,27.27050180641589
120660,9983.655391353257,22.510803424250337,27.266395136691816
120720,9961.726443276699,22.51021205216913,27.262493423332383
120780,9960.416272,22.509457727660855,27.258541065321985
120840,9962.688671223343,22.508634658251474,27.254282461645033
120900,9967.400822232805,22.507800202373044,27.24942367303812
120960,9989.559503,22.506780943341074,27.243705793267452
121020,9972.951488502562,22.505585248931457,27.237514951200957
121080,9939.050976252609,22.50426773962989,27.231321778983997
121140,9920.190940882818,22.50288303592209,27.225596908761936
121200,9905.041293585215,22.50146622674594,27.22072452955941
121260,9908.863600777357,22.499930554214927,27.216368187525607
121320,9904.552658021565,22.498286398440882,27.212320808340863
121380,9881.296774,22.496568718008984,27.208460114685447
121440,9884.797196496429,22.494812471504435,27.204663829239674
121500,9893.192187896877,22.493035759297264,27.200695369367647
121560,9908.403134371663,22.491165246618465,27.19599026120522
121620,9911.560920913516,22.489234199082503,27.191190798693068
121680,9881.879509869936,22.487298912751594,27.187134052722858
121740,9871.003066090452,22.48541568368794,27.184657094186278
121800,9867.168861722253,22.48362280593864,27.184429716827456
121860,9857.635896,22.48184628816762,27.185615576678394
121920,9857.400026780198,22.48010170240198,27.187443748504506
121980,9871.634931,22.478427276959984,27.18929264007175
122040,9901.243464728675,22.47686124015989,27.190540659146087
122100,9904.918482134643,22.475425784115185,27.190676076799843
122160,9906.504329897985,22.474047,27.19015387771399
122220,9910.764817935484,22.472737285406218,27.18934883346224
122280,9900.754248345573,22.47152971512892,27.188534665172877
122340,9900.367188425682,22.47045738016642,27.18798509397419
122400,9909.530642152526,22.469551385003413,27.187917381736057
122460,9926.495792714284,22.46879626425501,27.18808694831822
122520,9917.864759256001,22.468129737953628,27.188348359350826
122580,9918.360531424098,22.467487498235347,27.188612733107636
122640,9920.846392838666,22.466805237236237,27.18879118786242
122700,9893.077149934465,22.466036059827942,27.18782248024277
122760,9881.989422051423,22.46524647449512,27.18011370090656
122820,9866.423748464742,22.464424301562254,27.167450372091164
122880,9844.130925274334,22.463536080585165,27.153044527238748
122940,9817.485320642889,22.462548351119707,27.14010819979148
123000,9786.415464,22.461415560165108,27.130974682861012
123060,9753.084456024544,22.460057379673092,27.12209075515717
123120,9752.283860824975,22.458521003699854,27.113603203864002
123180,9726.958064860979,22.45687422060448,27.106711130766925
123240,9747.503711867961,22.455184818746087,27.102613637651377
123300,9770.638595744165,22.453497079764162,27.102350679108405
123360,9779.233385494628,22.45171248,27.105083373141184
123420,9797.944293443534,22.449855772465746,27.109296210127077
123480,9816.409925025353,22.447981793836377,27.11355679365984
123540,9822.055359420945,22.446145384191322,27.116432727333244
123600,9819.274860564947,22.444391987939373,27.116829658489397
123660,9830.597027425954,22.44268835793802,27.116188934565262
123720,9828.162852036752,22.441014694233896,27.114977942505018
123780,9805.375293,22.43936036378783,27.113295115381135
123840,9809.612716509018,22.437714733560657,27.11123888626612
123900,9776.512373705946,22.436070554826834,27.108300957869243
123960,9775.140305358635,22.434441433964974,27.101218956687028
124020,9790.847515,22.43282371864778,27.091456388863293
124080,9787.460101056076,22.431209463641842,27.08137659823717
124140,9750.715417,22.429590723713783,27.073342928647808
124200,9741.515949099216,22.427964841457303,27.069203376728613
124260,9730.654489023793,22.426354992305672,27.066739191247734
124320,9726.610132295014,22.424746197138244,27.06488323
124380,9737.338363,22.423115876514853,27.063104244564588
124440,9749.201603505067,22.421441450995378,27.060870967321286
124500,9728.705917670086,22.419697787163887,27.05738350868424
124560,9697.622415488455,22.41786685908119,27.05113652780725
124620,9678.505459,22.415981521169357,27.043568718860868
124680,9679.198091775614,22.414080888428998,27.036585145612673
124740,9689.591020436517,22.41220407586076,27.032090871830274
124800,9711.678479208853,22.410382562361182,27.03157790568333
124860,9718.695542992562,22.408588433778885,27.033134901431197
124920,9725.005052703633,22.406812274127486,27.03553523209201
124980,9720.559961647221,22.405052722237258,27.037962767104837
125040,9740.275083469818,22.403308416938472,27.039601375908795
125100,9734.271994,22.40156894423148,27.039220042534634
125160,9746.218315821241,22.399791326825536,27.03435592624889
125220,9756.261002,22.398017234198036,27.026857198346537
125280,9734.770355,22.396302889871748,27.019273482972668
125340,9697.558257438082,22.394704517369455,27.01415440427242
125400,9693.699887529025,22.393245455779287,27.013649781190374
125460,9714.919109834635,22.391775844213246,27.016327330511935
125520,9759.705403665223,22.390362308064017,27.020940424955228
125580,9788.504489683932,22.389117079024746,27.026601692718888
125640,9773.865976,22.38815238878858,27.032423762001585
125700,9797.931984287037,22.38753128561166,27.037971787553445
125760,9818.059071468448,22.387001863888432,27.045211448216158
125820,9805.183571590336,22.386543363340884,27.05315766320482
125880,9832.961679357773,22.38619584170185,27.06020001911919
125940,9836.977887880827,22.385999356704186,27.06472810255906
126000,9821.397889293943,22.38600082584155,27.06569527
126060,9824.083303649417,22.38624419770157,27.065945138288537
126120,9829.758717055161,22.38666347374341,27.066135910908436
126180,9824.289494572866,22.387177971771667,27.06626569195378
126240,9820.954779122163,22.38770700959095,27.06633258647959
126300,9791.815392780678,22.38818617,27.065798945078075
126360,9780.902881089289,22.38867726985059,27.061741388521355
126420,9781.815052369879,22.389202237066517,27.055486087295023
126480,9787.871174383139,22.389765808181895,27.049159891079334
126540,9773.005955,22.39037271852024,27.04488964955459
126600,9770.541906200611,22.391032271638448,27.045286942196743
126660,9780.886992056192,22.39177180757892,27.053514671117963
126720,9807.945607603171,22.392578610545254,27.06622775269548
126780,9850.915427,22.39343283,27.079144158545265
126840,9872.768581501965,22.394314625974538,27.08798186028331
126900,9870.665446722456,22.39520931718002,27.08967285426654
126960,9858.683679693078,22.39613853395208,27.089843969718284
127020,9873.335909364963,22.397104830133767,27.089942049622675
127080,9851.414063,22.39810477950338,27.09003446578269
127140,9837.568558720968,22.39913495583926,27.09018859000134
127200,9857.194527095133,22.40019466424884,27.09058601329977
127260,9849.001597096985,22.401297256523623,27.091925826433446
127320,9837.759222888099,22.402437541662472,27.094015856567587
127380,9841.188097688999,22.40360649584637,27.096494405485213
127440,9853.698073802725,22.40479509525633,27.098999774969357
127500,9867.195649915551,22.40599903671065,27.101308902392706
127560,9868.670433,22.40723908428531,27.10400126903356
127620,9874.276047718193,22.408505262973772,27.106863586678042
127680,9895.646049558616,22.409781077853424,27.109499866423885
127740,9879.136024431162,22.41105003,27.111514119368874
127800,9878.112914,22.412306296334062,27.112644903735102
127860,9890.415319387363,22.41359652239677,27.11354226397522
127920,9894.163891577069,22.414891141996367,27.114306592351646
127980,9884.072558,22.416145318267606,27.11487850361365
128040,9864.756702391793,22.417314214345218,27.11519861251054
128100,9866.586015731005,22.41836671652404,27.114835237249977
128160,9842.074652862733,22.41936313738249,27.11176648845332
128220,9834.604888,22.42030517425527,27.107035575194878
128280,9825.914417091453,22.421178024178996,27.10225104372798
128340,9816.041509624301,22.421966884190315,27.099021440305986
128400,9820.228928069637,22.422666890647527,27.09864693709307
128460,9842.042859951847,22.42332892182884,27.09981838434696
128520,9826.967262584638,22.423944044018896,27.101624337102386
128580,9812.663559544288,22.424489987554267,27.10345075777721
128640,9828.190342383921,22.42494448277156,27.10468360878932
128700,9821.584941509434,22.425300912159344,27.10479018056941
128760,9818.775599889233,22.425640069731273,27.104001223717177
128820,9825.204483338945,22.425947947532546,27.102567374379564
128880,9832.029735928105,22.42618948772715,27.10067078989731
128940,9812.289585552366,22.426329632479096,27.09849362761117
129000,9823.286155785248,22.426339861476354,27.095945703694287
129060,9829.041280227284,22.426250283852653,27.091640205824337
129120,9818.960314532676,22.426088065273657,27.086211503584263
129180,9793.910988936052,22.42587450430926,27.08068988515399
129240,9762.829984945309,22.425630899529423,27.076105638713504
129300,9773.480729866327,22.425362869036544,27.073232357617073
129360,9739.037130872182,22.424986735366414,27.07096395091535
129420,9732.684937244023,22.42451093464998,27.06900981555682
129480,9749.544504553956,22.42396476276022,27.067365572472475
129540,9755.514034819558,22.423377515570127,27.066026842593327
129600,9752.531591380388,22.42276094714643,27.064953875524672
129660,9742.952142925233,22.42203236470728,27.063936104452768
129720,9730.126254,22.42122115161896,27.063021474441662
129780,9749.872453270198,22.420380747591388,27.06230903302499
129840,9757.027019526004,22.41956459233452,27.061897827736434
129900,9732.458997,22.41880271432459,27.061846866702258
129960,9739.183943309612,22.41799586587026,27.061942205342554
130020,9723.403057782241,22.417189027287083,27.062130640083083
130080,9715.746471225559,22.41645886,27.062406289299044
130140,9739.900642493429,22.41588201581717,27.062763271365665
130200,9774.139716735493,22.415508925640506,27.06365172701558
130260,9787.021164473043,22.415209355881508,27.06753954089667
130320,9799.083777444368,22.414955406419757,27.073256038634412
130380,9828.838597504247,22.414749945458865,27.078947314798537
130440,9822.530338,22.41459584120245,27.08275946395881
130500,9798.952847307128,22.41449030784746,27.082690805735353
130560,9774.264329,22.414398647266548,27.07750947
130620,9772.722210279573,22.41431985,27.06952169288254
130680,9771.541286484364,22.414260459820067,27.06144338969578
130740,9743.740836394874,22.41422702958543,27.055990459602963
130800,9734.162390499512,22.4142359,27.055516086237706
130860,9727.232179764182,22.41435034135708,27.058879367722092
130920,9738.829884477858,22.414561557274993,27.06470309774675
130980,9772.047852,22.41484654677046,27.071903702832564
131040,9797.642693,22.415182313284824,27.07939760950043
131100,9845.381241677693,22.415579552521912,27.086732439781148
131160,9845.255555071817,22.41622765572812,27.096697704710245
131220,9844.693840603875,22.417096265767935,27.107790775624068
131280,9868.464846,22.418108462928448,27.117622721622684
131340,9882.818898341366,22.419187327496775,27.123804611806204
131400,9873.853696,22.420287136935304,27.124736120972017
131460,9850.824316,22.42154862834862,27.124343760406173
131520,9834.738981632174,22.42294386,27.123638059896695
131580,9833.780775387851,22.424404541250126,27.122717453133415
131640,9841.889771068287,22.425862398029306,27.12168037380621
131700,9850.82779,22.42727945673391,27.120588131057705
131760,9829.107118955988,22.428783894672733,27.119238297607552
131820,9812.183545,22.430315111002855,27.117559830309975
131880,9817.452636730482,22.431771326326427,27.115524154066325
131940,9823.351077420453,22.433050761245642,27.113102693777986
132000,9810.020929722612,22.434101402051418,27.110087716916528
132060,9784.831440640988,22.43515325153518,27.105447129678396
132120,9795.169855,22.43614167446865,27.099525872608908
132180,9800.426630359425,22.43693564924286,27.09293312193098
132240,9773.722279,22.437404154248846,27.08627805386758
132300,9740.974659516525,22.43745882636138,27.079773687775482
132360,9700.622218492314,22.43731945920155,27.071681481851044
132420,9682.502225462244,22.43706333952184,27.06309454
132480,9662.712920059432,22.43671963083268,27.05567322
132540,9678.356008604309,22.436317496644524,27.051077904574328
132600,9692.201948126693,22.435848055545794,27.050416929238803
132660,9701.894219087106,22.43510073849957,27.050873136630603
132720,9690.189448738025,22.43411326856042,27.051576445288788
132780,9705.791507978767,22.432975959064315,27.05228772495556
132840,9714.901452049986,22.431779123347244,27.052767845373136
132900,9713.476783326982,22.43058282846541,27.052307503441384
132960,9704.448748348761,22.42925633893147,27.048205934515057
133020,9670.202701845632,22.42781584571265,27.041661137005136
133080,9663.939874,22.426315322345488,27.03458729571108
133140,9663.572853914111,22.424808742366526,27.02889859543236
133200,9653.620014849344,22.423334069750886,27.026046959767406
133260,9644.409787998084,22.421827219611046,27.024070832526437
133320,9669.151071590935,22.42030012677743,27.02242996851094
133380,9668.051052435063,22.418784585043902,27.021095790965845
133440,9669.925534144073,22.417312388204373,27.020039723136083
133500,9649.872681,22.415906742024433,27.019241039386056
133560,9610.656908,22.41453280345508,27.018687934743294
133620,9622.593586653185,22.413191029643905,27.01826318004636
133680,9649.079254515595,22.41189209346705,27.017834369337095
133740,9672.477981545331,22.410646667800705,27.01726909665734
133800,9662.208324981779,22.409460011258943,27.016316652661555
133860,9667.956055203378,22.408306680826914,27.014325359439013
133920,9665.131318,22.407193256143774,27.011790429099225
133980,9659.319505608624,22.406133536765747,27.00940052
134040,9660.223589134079,22.40514132224907,27.007844277869566
134100,9680.511989845594,22.40422638870288,27.00762625305022
134160,9682.471178622953,22.403368581893833,27.007875168826065
134220,9697.379115,22.402559753965118,27.008258907940025
134280,9684.192749,22.401796181453516,27.008646996193914
134340,9678.639554855536,22.401074140895865,27.008908959389576
134400,9674.183057416401,22.400386753274503,27.008754929690678
134460,9674.872722257134,22.399716066451226,27.007281808295662
134520,9697.839302,22.399074093525325,27.005010781893457
134580,9680.774303563503,22.398477957409224,27.002714016620043
134640,9666.409843425861,22.39794478101537,27.00116367861143
134700,9661.466284972515,22.39747821374792,27.00104460414132
134760,9656.866905498719,22.39701273852723,27.002113028669797
134820,9665.661705,22.396574516218852,27.003923552341742
134880,9682.422036,22.396208631326445,27.006089921097445
134940,9687.617882124681,22.39596016835372,27.008225880877248
135000,9709.055702,22.395856694815418,27.010094126056927
135060,9741.958118258264,22.395802279495992,27.012314060329494
135120,9729.680052,22.39576454766965,27.014644174680896
135180,9722.918790092886,22.395731287680704,27.01664593682666
135240,9715.236463505977,22.395690287873478,27.017880814482318
135300,9700.280715201201,22.395631441575706,27.017393855325277
135360,9727.590148319197,22.395560644866556,27.01230783295575
135420,9748.161211670797,22.39547808206125,27.004467005225916
135480,9702.643199513685,22.395381668188737,26.99653731280703
135540,9644.590131346058,22.395269318278007,26.991184696370375
135600,9666.397982109122,22.39512954797158,26.990321355353935
135660,9667.767205694037,22.394912230337766,26.990469064989504
135720,9650.137605422022,22.394647117704885,26.990757822016707
135780,9660.554705268263,22.394378434562352,26.991175123451068
135840,9665.181795615159,22.394150405399603,26.991708466308133
135900,9656.723189809172,22.393993887767476,26.99280373814069
135960,9656.025056,22.39385077745266,26.99692765338443
136020,9656.683402891813,22.393720215263222,27.00287721757144
136080,9672.648758967662,22.393617426068992,27.00876167916854
136140,9701.597354113022,22.39355763473979,27.012690286642542
136200,9705.490809151763,22.393550674479673,27.01310259522508
136260,9694.441736877836,22.393568472465788,27.011380961842473
136320,9700.793449697561,22.393602694698444,27.008726818823398
136380,9696.044231103499,22.39365122737197,27.00604259
136440,9680.727757971543,22.393711956680722,27.004230718597647
136500,9667.039438,22.393801748109546,27.00431188244064
136560,9677.199839395817,22.39403030986446,27.007145782474936
136620,9666.712105783137,22.394370607068524,27.011514642923856
136680,9667.034021530422,22.39476834164645,27.01593301822485
136740,9705.627312777871,22.395169215522976,27.018915462815396
136800,9711.870507448904,22.395529887486724,27.019127374097963
136860,9699.173812139323,22.39589091350184,27.01704468509407
136920,9723.231689666705,22.39626411223602,27.01383392342063
136980,9718.158443225466,22.39664956955259,27.01058677230623
137040,9681.844544400741,22.397047371314876,27.008394914979476
137100,9683.673414933974,22.397464215668364,27.008341254350732
137160,9700.175619542426,22.39793171,27.010634702424664
137220,9697.930072040175,22.398421479205087,27.014170379216566
137280,9702.041387641812,22.398894686394428,27.01774612790259
137340,9710.886599582736,22.399312481095237,27.020159791658905
137400,9690.202092575637,22.39965324665638,27.020158281214194
137460,9684.450405758455,22.399995046986646,27.01713247842292
137520,9679.721047,22.400317309682162,27.012320151479376
137580,9671.929013838926,22.40057674676137,27.007150330334238
137640,9658.820193095138,22.40073007024274,27.00305204493821
137700,9656.858034245115,22.400752905482605,27.00108388805875
137760,9663.007275491962,22.400747719576795,26.99964954
137820,9679.565520145547,22.400737583533584,26.998425080720576
137880,9647.639836896447,22.400722938301225,26.997507254251488
137940,9643.839025,22.400704224827994,26.996992812836556
138000,9661.901219616993,22.400665894687428,26.996968683261503
138060,9675.575237,22.40052191388722,26.997402787938828
138120,9669.779882806992,22.40031426024593,26.99821626
138180,9673.612999558512,22.400108902149306,26.99933495797735
138240,9670.488415525471,22.39997180798312,27.00068474606187
138300,9663.544469840268,22.39995575759698,27.00260148324554
138360,9663.770709718854,22.400008676404465,27.00721910937509
138420,9671.169621,22.400106668827085,27.013373671835133
138480,9682.008208348872,22.400239450168538,27.01928482
138540,9702.725550677153,22.400396735732524,27.023172214088834
138600,9717.530469620293,22.400589322907024,27.02380040333561
138660,9719.583332,22.400932653191152,27.023775122569738
138720,9714.918214535237,22.401392785001825,27.02372416
138780,9716.074048240713,22.40190569328116,27.023648005288734
138840,9706.915242771094,22.40240735297133,27.023547164300673
138900,9694.756367047265,22.40284757,27.02295958966243
138960,9678.277411,22.40327796985873,27.01936152800331
139020,9687.566573439499,22.403707100769566,27.013894761061508
139080,9685.009269,22.404128161982282,27.008392071512457
139140,9658.096692900273,22.404534351563058,27.004686242031624
139200,9671.677936446242,22.40492667042657,27.00438837945574
139260,9674.380971022154,22.405340868830727,27.006712780693228
139320,9662.073094792744,22.405750810668962,27.01029617619447
139380,9648.439442774932,22.40611869896449,27.01392018441389
139440,9672.101426758603,22.40640673674054,27.01636642380593
139500,9693.649765050139,22.40659229799747,27.01653936227681
139560,9677.917076337073,22.40675102298104,27.014714602591663
139620,9645.187952658647,22.406889103621317,27.011558843777507
139680,9641.786036,22.406994119742897,27.00766415731889
139740,9644.356333,22.407053651170397,27.003622614700408
139800,9621.318505465957,22.40704196080576,26.99980191
139860,9613.629331151446,22.406875315601877,26.99524706
139920,9619.921425,22.40657777287892,26.990246821567496
139980,9639.167399718539,22.406193464472917,26.985382486388275
140040,9619.416431823647,22.405766522219945,26.98123535683204
140100,9601.345686395032,22.405311143024537,26.97818220369509
140160,9602.304253339524,22.404680716130212,26.975302923286712
140220,9608.428875922169,22.403920492546685,26.972659943827722
140280,9605.309941365249,22.40311682348064,26.970570306269323
140340,9595.646171219028,22.402356060138764,26.969351051562757
140400,9597.841473714001,22.401686847002267,26.969598952317007
140460,9615.623761428113,22.400948585818895,26.97302862646243
140520,9637.417142175576,22.400211273408626,26.978924108468878
140580,9633.768231999695,22.399595793278884,26.98613447670822
140640,9645.079425486798,22.39922302893713,26.993508809552345
140700,9683.906456571398,22.39917825160836,27.00044395023309
140760,9706.257658,22.39928698,27.009297878834936
140820,9735.194275,22.399489580633723,27.01894860214469
140880,9737.597780810604,22.399766247701457,27.027524513142875
140940,9733.474102979306,22.400097186741153,27.033154004810026
141000,9731.864220946907,22.400509561993026,27.034617419165368
141060,9713.244286282017,22.401266469290995,27.03519502330504
141120,9731.124058982388,22.402302936048596,27.03564179102627
141180,9750.736003,22.403487351366355,27.035949509540682
141240,9729.262382707477,22.404688104344814,27.036109966059936
141300,9712.795782757315,22.405805163195417,27.035737200691564
141360,9723.918447436958,22.406960869555828,27.032783115585566
141420,9723.037779635864,22.408162545798547,27.028228972734333
141480,9678.524709717529,22.409381129676117,27.023623215117116
141540,9672.099311188402,22.41058755894111,27.02051428571319
141600,9657.849354152298,22.411759803310886,27.02041807924548
141660,9670.769224049329,22.412924892789867,27.02359540832186
141720,9695.066292956044,22.414083487357185,27.02872571918607
141780,9704.847194025488,22.415228084474776,27.034390305220303
141840,9716.843509955317,22.41635118,27.03917046
141900,9711.696047,22.417446405592823,27.041977479056026
141960,9701.429865,22.41851791078036,27.044162225949602
142020,9727.187830117326,22.419570004191876,27.046065421297367
142080,9730.848103225499,22.420606032049555,27.047662872218392
142140,9718.231203,22.421629340575617,27.048930385831778
142200,9712.487115803955,22.422634819383152,27.04983884923414
142260,9700.307117328726,22.423583623937862,27.050410020614134
142320,9679.935689,22.42451049,27.05082528169274
142380,9668.454128496349,22.42546330159801,27.051282990924545
142440,9690.349583,22.426489956012574,27.051981506764147
142500,9724.824804366664,22.42763618124317,27.054097492877933
142560,9732.547187318518,22.42890847360737,27.06298946386745
142620,9743.988429968802,22.43028139578847,27.075966850559816
142680,9777.034498,22.43172882341686,27.088853933699003
142740,9802.916984611702,22.43322463212297,27.097474994029014
142800,9801.729259528218,22.43475997656574,27.09885221722316
142860,9785.028763350394,22.436413113707495,27.09856012263425
142920,9792.053796,22.438142077573065,27.09800392390793
142980,9793.891866940172,22.43988042211389,27.097224103355256
143040,9774.649422697428,22.44156170128145,27.096261143287336
143100,9748.1283,22.443132667274426,27.094743592471428
143160,9734.145584009468,22.444642971850286,27.09049438272134
143220,9729.287666379925,22.446110699795195,27.08465147495316
143280,9730.095993194598,22.447540046285663,27.078972259909513
143340,9719.524630600506,22.448935206498202,27.075214128333062
143400,9701.246864,22.450295119344766,27.075159630540295
143460,9713.213616525301,22.451596896040414,27.07949290414085
143520,9733.301591001455,22.452861955730835,27.086692779563755
143580,9762.307022336596,22.45411978173195,27.095040427157336
143640,9775.038126692865,22.455399857359712,27.10281701726995
143700,9780.907659,22.456723128278835,27.108681455353263
143760,9800.152273386944,22.458055965961467,27.114068464073217
143820,9829.172897001206,22.459405028303955,27.11922898
143880,9828.145746284887,22.460787543433845,27.123994063624735
143940,9804.617682364986,22.462220739478703,27.12819475063815
144000,9803.400687754807,22.463718609579907,27.13165848941024
144060,9809.498795903617,22.46527175906355,27.134389587847703
144120,9832.5462,22.46688156889197,27.13674059879105
144180,9833.916856259304,22.468553066932834,27.13909496999159
144240,9818.389626411968,22.47029128105385,27.141836149200632
144300,9796.510678562867,22.47211047678469,27.145570421991955
144360,9800.794839244376,22.47405860213534,27.151497311439034
144420,9841.424886,22.47609798,27.15838755208564
144480,9837.252326482045,22.47817615402685,27.16462608077217
144540,9836.116582714803,22.480240650056675,27.168597834339042
144600,9864.816129243622,22.48225767864089,27.16904418184226
144660,9890.393711790633,22.484304030402416,27.167598319418286
144720,9899.585295175706,22.48635384100724,27.165228054085194
144780,9876.112807062975,22.48835696718645,27.16254102111272
144840,9808.785128267029,22.490263265671164,27.160144855770607
144900,9794.594213643477,22.49203317901622,27.15848287
144960,9815.40057,22.493710327928913,27.15688943858468
145020,9813.248174,22.495314085256158,27.155377215348036
145080,9802.867263985583,22.496852768958117,27.15415456001992
145140,9781.244574,22.498334696994984,27.153429829255817
145200,9799.325240924925,22.499760310028403,27.153711757568797
145260,9810.685755,22.501096642847386,27.1568079
145320,9829.389121403488,22.502375982649934,27.162078979425267
145380,9824.118062011548,22.503642610256417,27.16843170324119
145440,9818.664407859105,22.504940806487237,27.174772763411582
145500,9811.829137,22.506302319759925,27.180278039347826
145560,9819.778253326756,22.507678152185626,27.18598835712455
145620,9842.06178,22.509077386807682,27.191913422863326
145680,9833.229085535373,22.51052453846838,27.19774875184201
145740,9838.423643078304,22.512044122009982,27.203189859338515
145800,9879.428053,22.513659256958015,27.20797708804623
145860,9874.712601165182,22.515372970905606,27.212280225289113
145920,9870.676433388902,22.517176361858933,27.216294320741124
145980,9880.508878673782,22.519060777929994,27.220177820324082
146040,9878.146829673415,22.52101756723083,27.22408916995983
146100,9882.338722,22.52304517196234,27.228150764272605
146160,9879.724633749378,22.52517898999502,27.23222636197623
146220,9875.790844924146,22.527407040361357,27.236303125417443
146280,9874.519460098263,22.529707449541785,27.240409123516407
146340,9891.314958555333,22.532058344016782,27.244572425193347
146400,9879.193523852391,22.534443119551174,27.24877852734927
146460,9870.768002276904,22.536883560243453,27.25283412275279
146520,9902.095388049045,22.539384384305148,27.256901427698377
146580,9907.448266884907,22.54194440848934,27.26120770606705
146640,9914.386845651823,22.544562449549126,27.265980221739873
146700,9899.048949,22.547238625119125,27.271522115627093
146760,9896.486649268862,22.54998048280618,27.278305676154808
146820,9917.166977264771,22.552787964489593,27.285921744740794
146880,9935.833269249848,22.555659284372766,27.29382545333874
146940,9954.659015767891,22.55859265665911,27.30147193390237
147000,9985.004961491304,22.56159076286197,27.308471366204486
147060,9989.348306,22.56467593471643,27.315443523245577
147120,9982.628710347344,22.567834667325872,27.322307212060597
147180,9997.198551027033,22.571046747337217,27.328791725504832
147240,9998.240860063377,22.57429196139741,27.334626356433603
147300,10024.634382672986,22.57755744915446,27.339568375543326
147360,10042.201774332385,22.580874026821462,27.34374877568102
147420,10036.84077,22.58423230434303,27.347489456892937
147480,10033.49809862329,22.587613348428448,27.351103450254534
147540,10013.761367195068,22.590998225787008,27.354903786841334
147600,9999.96124,22.594376250727734,27.35921920281055
147660,10007.444311844498,22.597782230539483,27.36419587993405
147720,10010.726317576858,22.601200079175918,27.36943704741743
147780,10017.43033219612,22.60460254380772,27.374489076343867
147840,10020.370810606784,22.607962371605602,27.378898337796546
147900,10021.66206273476,22.61126414859227,27.382399838618337
147960,10008.491900579482,22.61455831987741,27.385849926239768
148020,9986.088335831038,22.617823199879584,27.389074896184614
148080,9982.585469801985,22.62102114754834,27.391656331903253
148140,10000.874365957332,22.624114521833246,27.393175816846085
148200,10006.61372023869,22.62707602698238,27.39339441784263
148260,10004.29378557509,22.62994981,27.393288152885006
148320,9979.610388869962,22.63274002007362,27.39309823223884
148380,9967.969789,22.635438687029954,27.392852599685078
148440,9974.114938496723,22.63803785008737,27.39257919900469
148500,9981.413515473178,22.64053886787004,27.392270345991193
148560,9977.019268028753,22.64298773187127,27.391754374913393
148620,9948.666025120996,22.64536166900078,27.39113338717197
148680,9958.186056,22.647624387845994,27.39056202513321
148740,9960.111982712471,22.64973959699436,27.390194931163457
148800,9954.834128026161,22.651685466515406,27.390186517048395
148860,9951.436350915297,22.653531504003585,27.39059038995975
148920,9940.548223389651,22.655277150525162,27.391296651669673
148980,9930.284259105541,22.656903796951212,27.392182554787624
149040,9935.120576182699,22.658392834152828,27.393125351923057
149100,9954.220298395683,22.659730746920705,27.39402378192083
149160,9973.505281628672,22.660948388246684,27.394965577699487
149220,9974.100110780497,22.662072138977823,27.396022671247863
149280,9943.867101910564,22.663123634569814,27.39724722281824
149340,9939.568261278535,22.66412451047836,27.398691392662947
149400,9933.198219,22.665085734475444,27.400445587161478
149460,9929.000524290657,22.665964450890353,27.402781659084283
149520,9925.353025572145,22.66679194672645,27.405686548295563
149580,9929.220105417971,22.66761461602881,27.40909150867657
149640,9959.677702344134,22.668478852842544,27.412927794108604
149700,9960.100223279074,22.669416671964374,27.417450294298686
149760,9989.056135,22.670372124289333,27.424279797353318
149820,9997.676848466497,22.671363658364243,27.43234533551327
149880,10018.88772245253,22.672428047710927,27.440082318928823
149940,10026.062020926027,22.673602065851245,27.445926157750286
150000,10036.648649694314,22.674926759482105,27.448694134376534
150060,10043.405583422127,22.67644614539944,27.45016698
150120,10030.737265523148,22.678143736726597,27.45118921066411
150180,10024.835263437622,22.679994536939287,27.452201642499148
150240,10013.545088969344,22.68197354951324,27.453645091017364
150300,10021.959173659914,22.684077145428397,27.45623302773445
150360,10044.117490167635,22.686414865112795,27.46168675718889
150420,10078.383680921375,22.688956622634798,27.469223042771546
150480,10115.52465333896,22.69164278128443,27.477623885863498
150540,10099.086211877357,22.694413704351724,27.485671287845836
150600,10067.855968606547,22.697237251795283,27.492613594604794
150660,10084.942921115577,22.70023451629137,27.50039310862575
150720,10099.162381421904,22.70335950833602,27.508276035491512
150780,10105.865266063996,22.70652922,27.514913261953083
150840,10100.846150107047,22.709660628406507,27.51895567476147
150900,10079.306862956499,22.71269074521075,27.519510050004943
150960,10045.019028557164,22.71569651,27.518951351861475
151020,10039.063367239882,22.71868038397152,27.51809003911497
151080,10051.39691398409,22.721621612506574,27.517218964607068
151140,10053.328662456694,22.724499460785253,27.51663098117944
151200,10054.364730269843,22.727294024594862,27.516806474034656
151260,10053.886347583268,22.73000630070898,27.518984506562845
151320,10076.414921947624,22.732659126411637,27.522790043440153
151380,10075.131924328014,22.735276362021732,27.527557680642538
151440,10070.760826816955,22.737881867858185,27.532622014145996
151500,10093.729173266263,22.740503899930463,27.537793425230348
151560,10098.019357442867,22.74316820055147,27.54523186538305
151620,10104.996191861293,22.74582904578105,27.55370599
151680,10101.83483507852,22.74843122,27.56130392
151740,10109.354974714885,22.750919514239136,27.566113785171506
151800,10095.587069526337,22.753253172110686,27.566083310008526
151860,10065.163510492916,22.75549333,27.560137738389884
151920,10052.707096779537,22.757648514752127,27.550971793093126
151980,10042.043495621623,22.759710599980366,27.541701964774482
152040,10017.123505981208,22.76167145633563,27.535444744090213
152100,10002.700484149886,22.763528174241916,27.534778705474153
152160,10013.296558108615,22.765308641425975,27.53750955404056
152220,10022.47893262958,22.76701187059159,27.541770093283226
152280,10025.441350138512,22.768630073902177,27.546182654716258
152340,10042.176784458172,22.77015546352117,27.549369569853802
152400,10035.680409736698,22.771578255806126,27.550310096511232
152460,10008.738209823885,22.77289275756306,27.55061754026648
152520,10024.139376540877,22.774130610709655,27.550805106072655
152580,10034.447077719755,22.77532815595012,27.550990711275002
152640,10026.744193550181,22.77652173398868,27.55129227321877
152700,10026.215828187698,22.777737282822105,27.55214733432987
152760,10038.755951670131,22.778933596663496,27.555386590870686
152820,10047.609703801927,22.780117483298042,27.560255553392285
152880,10051.985859810475,22.78130854,27.56551807
152940,10057.85533042963,22.782526380663654,27.569937988969187
153000,10060.185704618078,22.783782610643446,27.572502978782317
153060,10081.288590936578,22.78504442644974,27.574101915906013
153120,10098.070428824261,22.78632764080833,27.57534718259653
153180,10075.680192052545,22.78765882441171,27.576636271006905
153240,10056.363615866934,22.789064547952385,27.578366673290173
153300,10059.518407033604,22.790571018340927,27.58123735126111
153360,10092.839152374841,22.79218726256992,27.587024901035242
153420,10127.402998134396,22.793899409829017,27.594675881066372
153480,10127.155424161307,22.79569207545704,27.60265128934785
153540,10118.81385,22.797549874792836,27.60941212387303
153600,10101.80585095552,22.79946401266688,27.61371195968009
153660,10099.84255,22.80146563594885,27.616737931208405
153720,10100.091783241269,22.80355118688357,27.619230088724645
153780,10097.843551474574,22.805708661292794,27.62164074407632
153840,10103.057388352867,22.807926054998298,27.624422209110964
153900,10121.22856567338,22.810199552824102,27.628083788558254
153960,10124.439727890865,22.81256741271177,27.633043167249454
154020,10112.947469974475,22.81501222963856,27.638693614000566
154080,10122.613294449826,22.81750510166286,27.64429754822958
154140,10138.737827644258,22.820017126843098,27.649117389354533
154200,10153.913981630056,22.82252781558788,27.65254996555116
154260,10185.283323674224,22.82507091296809,27.65515588800361
154320,10172.10809687055,22.82764123346357,27.65736629620865
154380,10159.057723846397,22.83022323746837,27.659486201969127
154440,10144.23084567178,22.832801385376595,27.66182061708793
154500,10148.588728944855,22.83537182492683,27.664784658043562
154560,10157.984974922638,22.837986222561977,27.66897743837554
154620,10162.40892407649,22.84060929944534,27.673617182263683
154680,10166.354236093066,22.843188769586348,27.677717060884348
154740,10162.124294105291,22.84567234699446,27.680290245413904
154800,10129.901639893476,22.848030303392356,27.680464410306495
154860,10124.751473975239,22.85036107310684,27.67862236377359
154920,10113.899978115887,22.85263008523096,27.675473579155945
154980,10092.894238589433,22.854772721060087,27.671654951008385
155040,10089.544493363726,22.856724361889604,27.667803373885786
155100,10101.598336315124,22.85847260610838,27.664479240357974
155160,10075.204530894647,22.860264460523375,27.66145008837981
155220,10058.217917383075,22.861977299104183,27.658340973283448
155280,10061.151923596593,22.86341401288243,27.65483148818156
155340,10053.275109030723,22.864377492889762,27.65060122618685
155400,10042.058021930328,22.864754260360677,27.644882301602745
155460,10020.181948124766,22.864990440914422,27.635219297881072
155520,9998.478205974721,22.86517900354237,27.623211721229012
155580,9955.752840389412,22.86531268609607,27.611168174508194
155640,9932.629338035757,22.86538422642707,27.601397260580274
155700,9942.630922647462,22.865324238550052,27.59561927576186
155760,9967.671407669073,22.864763617075994,27.591245804066737
155820,9972.511254034445,22.863787772092053,27.587556157493154
155880,9956.464104649875,22.862571905154507,27.584485531324724
155940,9931.392450453945,22.86129121781966,27.58196912084507
156000,9910.821580013207,22.860064878493446,27.579886172070232
156060,9885.563205296778,22.858653612970546,27.577882327062863
156120,9890.547379127138,22.857082104180815,27.576072761469888
156180,9892.607493024909,22.855444372626355,27.57465832134696
156240,9907.772279,22.85383443880928,27.573839852749764
156300,9907.604681611992,22.852310381262654,27.57372198402172
156360,9913.698590872238,22.85072280779598,27.57377127258425
156420,9950.359863630418,22.849128837940707,27.573870134771095
156480,9960.147646314417,22.84763303568002,27.57401706611631
156540,9948.228333338611,22.84633996499709,27.57421056215397
156600,9914.385548,22.845310519568326,27.575002513100717
156660,9922.118656,22.84433937836196,27.57940669601657
156720,9963.637855894913,22.84344872,27.586043448628256
156780,9982.712834833621,22.84271649197832,27.592705749608015
156840,9990.968403167088,22.84222065,27.597186577628108
156900,9981.960589,22.842001442681795,27.597658857273988
156960,9981.977380428296,22.84185144308631,27.59568993223536
157020,9986.970809,22.841730336318484,27.592654553914308
157080,9978.314689489864,22.841643630547942,27.589584773874464
157140,9961.741157709832,22.84159683394432,27.58751264367947
157200,9955.099287155517,22.84162147290805,27.587452379344928
157260,9943.804524,22.84187226971292,27.58959062167643
157320,9945.368778406435,22.842309728538687,27.593015773141495
157380,9963.833293758204,22.842856439646685,27.59674396191595
157440,9982.336911542241,22.84343499329827,27.59979131617565
157500,10019.28885569767,22.843992041637875,27.601426895098907
157560,10019.338638110423,22.84463099201558,27.60272078773302
157620,9997.955828,22.845346595339972,27.603854889557436
157680,9993.263984,22.846104201895844,27.604722312728057
157740,9989.524027590685,22.846869161968005,27.60521617
157800,10006.201525453882,22.84761421,27.60527702054666
157860,10012.155329615676,22.848367010793183,27.60518072714578
157920,9995.850138989255,22.849133320421274,27.60503228
157980,9972.860465,22.849910768619136,27.604882144696006
158040,9972.298656430188,22.850696989659166,27.60478080388332
158100,10001.282288404662,22.851490979569867,27.605021277553494
158160,9995.426649334622,22.852298773101513,27.606962677809086
158220,9990.764434175513,22.853117218933505,27.61001706819448
158280,10011.225748294793,22.853941259512524,27.61323217631712
158340,10009.132282373004,22.85476583728527,27.615655729784486
158400,9996.926741560188,22.85558288157493,27.61656149589345
158460,10002.229387031162,22.85637717903024,27.616944443976323
158520,10005.400363539637,22.85716781366987,27.617190797288394
158580,9982.76537,22.857979202324863,27.617443463205657
158640,9984.122555576969,22.858835761826267,27.617845349104172
158700,9991.060542697458,22.85975999587726,27.619034128121818
158760,10004.098526741658,22.86075092362585,27.623771060333937
158820,10019.20126726055,22.86179794101152,27.630761043579543
158880,10049.126163803707,22.862891324234205,27.637959025532027
158940,10051.414733495743,22.864021349493846,27.643319953864804
159000,10042.290827977318,22.865176772008827,27.645298880497492
159060,10016.376061546354,22.866350174624415,27.646132742359157
159120,10026.909612698048,22.867563769914586,27.646668219356894
159180,10033.376643569576,22.86884344527595,27.647210198548755
159240,10028.814847655354,22.870215088105144,27.64806356699282
159300,10021.570969821332,22.87170441822738,27.650133106289385
159360,10047.533421149907,22.87332491275284,27.656975105132165
159420,10095.58785659972,22.87507232794066,27.667354674036027
159480,10097.47291077309,22.87694115028326,27.679137764159307
159540,10105.60635060937,22.878925866273086,27.690190326660414
159600,10136.381493017889,22.88103820720123,27.699064691190582
159660,10131.234183106459,22.883368693156925,27.708562336889617
159720,10127.35577979871,22.885874369690512,27.71801677000176
159780,10163.869658414775,22.888486774284285,27.72589342
159840,10165.60465950128,22.89113744442054,27.73065772528415
159900,10171.508863988827,22.893782775788974,27.731252986255054
159960,10183.673546387869,22.89652636779577,27.73018257674479
160020,10172.840832023325,22.899335144087175,27.72853238805892
160080,10147.89473771655,22.902143705680956,27.726863496818982
160140,10118.560620541924,22.904886653594918,27.725736979646566
160200,10109.479996544069,22.907512655426288,27.72555277710362
160260,10119.050567626042,22.910075454306224,27.72556257020483
160320,10116.983179257384,22.912587537285706,27.725582447480758
160380,10112.805298046325,22.915045980525036,27.725612359348155
160440,10101.798392433086,22.917447860184524,27.725652256223796
160500,10110.653952413935,22.91978198082403,27.726147439108672
160560,10149.311397115112,22.92201029331787,27.72976369309123
160620,10153.637438651598,22.9241769,27.736027581794517
160680,10141.93035088501,22.926339565148478,27.743831479114476
160740,10139.979064948126,22.928556082351363,27.752067758947053
160800,10161.246273703275,22.930874491712203,27.760372345736048
160860,10206.46279633439,22.933262343952382,27.77209284326446
160920,10215.32956323953,22.935702842071006,27.785342938227092
160980,10207.480997448985,22.938188824111407,27.797178064701882
161040,10212.965773269458,22.940713128116936,27.804653656766792
161100,10214.605342753684,22.943275883140927,27.805833916836225
161160,10222.562305754023,22.945910624719094,27.80577827295943
161220,10227.140492900802,22.948594613462483,27.80569248999969
161280,10222.387269272995,22.951294337866525,27.805605734811458
161340,10192.024764932718,22.95397628642671,27.805547174249217
161400,10167.970104062479,22.95661139793806,27.805577874989886
161460,10189.009202499918,22.95921365,27.805924139297236
161520,10199.777590464499,22.961800210253365,27.806597661042197
161580,10184.252331775448,22.964384654852203,27.80756552591434
161640,10169.44202078183,22.966980567567408,27.808794819603293
161700,10168.193429400872,22.969600437644797,27.811051230281254
161760,10193.463151980253,22.97224201485607,27.818691444130177
161820,10217.45103985077,22.974895354062927,27.829795375934403
161880,10235.091946573852,22.977550837383728,27.841254039242692
161940,10240.205828131322,22.980198846936876,27.849958447603854
162000,10214.946022354397,22.98283457759913,27.853603216008427
162060,10181.438431299863,22.985478648481962,27.855764302671602
162120,10184.550512889142,22.988120120698067,27.857459515771893
162180,10193.465332396489,22.99074139073008,27.85881020338989
162240,10203.150102097725,22.99332485506064,27.859937713606218
162300,10215.66677514512,22.995863093560285,27.860971906813553
162360,10212.063748142147,22.998400824532972,27.86200882777012
162420,10205.02028408143,23.00091324640337,27.862958158634413
162480,10202.158963243632,23.003361236686086,27.863707376212208
162540,10199.646559515406,23.005705672895747,27.864143957309302
162600,10205.415809734097,23.00791790301271,27.864047529155727
162660,10202.44897,23.010043207027298,27.862832502698176
162720,10197.195734070561,23.01208906219135,27.860959366394667
162780,10170.80754176125,23.014050908567125,27.85906500074128
162840,10161.479296603808,23.01592418621689,27.85778628623412
162900,10148.883717714092,23.017708557858764,27.857642996983497
162960,10146.984960125157,23.019427050731665,27.85819296087095
163020,10144.695981956407,23.021076755947828,27.85919301
163080,10146.891020080977,23.02264905700256,27.86051676695068
163140,10160.555896832899,23.02413533739117,27.862037824322886
163200,10166.503081250863,23.02552166227643,27.863750377020267
163260,10173.195720775437,23.026785953404158,27.866297877836892
163320,10165.428381704402,23.02797406594453,27.869553427440653
163380,10176.563747500395,23.029141858036958,27.873224767977533
163440,10185.857716498798,23.030345187820863,27.877019641593566
163500,10174.715260200908,23.031625588998104,27.88073119917809
163560,10174.685423736368,23.032928248115184,27.884710750579664
163620,10185.731221533102,23.03425801892067,27.88892682325562
163680,10219.69603362382,23.035636857420307,27.893243817125164
163740,10218.95505869116,23.037086719619882,27.897526132107522
163800,10221.264896235314,23.038626671705302,27.90162483972894
163860,10251.721252028678,23.04025229277269,27.905449031298204
163920,10258.201539399339,23.041964488324464,27.909208005053145
163980,10275.547298782949,23.04376707854953,27.91314649856695
164040,10252.865064924186,23.04566388363683,27.91750924941283
164100,10239.791213645478,23.047671716554866,27.92284513846318
164160,10266.940752921671,23.04985923555657,27.930693305940668
164220,10270.187416332301,23.052182079573587,27.93957713674949
164280,10275.366115587109,23.05457567500412,27.947517331580478
164340,10282.112936934891,23.05697544824642,27.952534591124483
164400,10275.491584690826,23.059337680291147,27.953052061008876
164460,10232.00667598344,23.061746969017648,27.950960877874834
164520,10223.32907210375,23.06418124,27.94773702129021
164580,10234.577845279558,23.066591934186295,27.944476626852328
164640,10225.726843702336,23.06893050058564,27.94227583015855
164700,10230.721541113082,23.071177528339252,27.941944855769613
164760,10228.344893062327,23.07346181811879,27.942176882990783
164820,10217.77719525627,23.07571152113979,27.942534585992796
164880,10232.942081686302,23.07781366726428,27.94289634305224
164940,10230.997302087479,23.079655286354313,27.943140532445753
165000,10201.740936498698,23.08117557473617,27.942264157133206
165060,10170.77825260902,23.08262263127246,27.935362919576384
165120,10166.17638476097,23.083957710137387,27.92456242279087
165180,10162.434077829243,23.085074232720853,27.91330858153484
165240,10128.621280892756,23.08586562,27.905047310566452
165300,10096.436568604395,23.08627661939433,27.902328811428337
165360,10087.615175920308,23.08658637668055,27.901134975414873
165420,10085.725753436782,23.086842332493877,27.90027781602221
165480,10085.595550967102,23.087029219421897,27.899566866463765
165540,10102.670567670593,23.08713177005223,27.898811659952983
165600,10112.508140911566,23.087122513815743,27.89789173028025
165660,10121.918740138872,23.086924294795146,27.897095681988322
165720,10125.792610767588,23.086564465802546,27.896318203821536
165780,10134.014297235259,23.086089232758326,27.89536224297305
165840,10122.63468099381,23.0855448,27.89403074663603
165900,10067.779921635458,23.08494219975152,27.89130984524002
165960,10055.036681527354,23.084090807058942,27.882479270311403
166020,10035.39158789285,23.08300447,27.86918318
166080,9986.424530851615,23.08174367437073,27.85427730260931
166140,9975.064225157952,23.080368882680602,27.840617392876442
166200,9973.597245051153,23.07890422791209,27.83020559094931
166260,9961.362174421944,23.077170066598306,27.819564129750994
166320,9957.619018618856,23.07520556639232,27.80920403964787
166380,9959.980773804067,23.073098668160377,27.800690049609006
166440,9939.898577314365,23.070937312768724,27.795586888603502
166500,9931.218071233694,23.068776294789036,27.794839812176274
166560,9952.164809,23.066475373352738,27.795162237990407
166620,9979.712435106765,23.06407862121917,27.79573988051381
166680,9958.140771958117,23.06167337565188,27.79648943327254
166740,9954.400528,23.05934697391442,27.797327589792697
166800,9964.648823753521,23.05714334156333,27.79818790379092
166860,9980.079771019307,23.054874618601612,27.799166150991756
166920,10004.923581282554,23.052633533218735,27.80036877
166980,10006.077967806395,23.05057260472085,27.80188853345641
167040,9993.532218352115,23.04884435241415,27.803818201473753
167100,9999.562577392557,23.047530593708373,27.806873407777765
167160,10025.319280452944,23.046289577048075,27.814408515024862
167220,10037.729194565798,23.045160180453756,27.824613840180458
167280,10064.490802870896,23.044272567450424,27.834730996113976
167340,10085.719457150612,23.043756901563096,27.842001595694878
167400,10066.843439043614,23.043694263984566,27.84445885
167460,10059.757728999179,23.043821244324484,27.84576819302541
167520,10077.655806324334,23.044055084800544,27.84680782465522
167580,10076.462030613453,23.044369729193303,27.847551552855887
167640,10076.304731970784,23.044739121283357,27.847973183332197
167700,10056.184319493315,23.045179713491436,27.84808519752636
167760,10041.523399107931,23.045922829449434,27.848136584450696
167820,10080.796673203426,23.046905003682493,27.848176080327235
167880,10095.16964501324,23.04800262436835,27.848203121196846
167940,10081.709876682586,23.04909207968476,27.848217143100456
168000,10056.498700111015,23.050076202270926,27.848034762742635
168060,10015.177742769154,23.05105348241229,27.84665715544451
168120,10024.833326752649,23.05204173737439,27.84453337762382
168180,10042.524340698556,23.053029564251776,27.842385529786263
168240,10045.958776999658,23.054005560139007,27.84093571243757
168300,10068.202977827483,23.054957194094317,27.84104879
168360,10098.918249624496,23.05587690654641,27.843803141310765
168420,10074.25544633827,23.05678264660736,27.848445096304626
168480,10070.742151474951,23.057695370820387,27.853951797169294
168540,10091.108828415308,23.058636035728725,27.859300384823193
168600,10068.338828778284,23.05962219,27.863826460939418
168660,10064.60536,23.060643057743597,27.869000517852054
168720,10086.484394271329,23.06169315519077,27.87434233805759
168780,10104.564011733766,23.062770350399088,27.878907215443355
168840,10116.164262380144,23.06387251320635,27.88175044389671
168900,10103.180484989656,23.06499998642793,27.882281927521838
168960,10074.690794981369,23.06616470102639,27.88234366646528
169020,10092.502776004636,23.06735992685199,27.88237838
169080,10106.652113646405,23.06857531407006,27.882411628815042
169140,10102.743590809834,23.069800512845973,27.88246896
169200,10100.750448283852,23.071028492368367,27.88265693044358
169260,10094.920127243662,23.072272810100657,27.88347147564026
169320,10098.072583518488,23.07353032229653,27.88481365
169380,10122.355175973757,23.074793693040938,27.886467250244515
169440,10119.707555511905,23.076055586418867,27.88821607909555
169500,10098.060878927907,23.07731519056101,27.889999028164716
169560,10088.198594573929,23.078601625793617,27.892517707091226
169620,10080.898846888738,23.079893723280435,27.895362989500097
169680,10088.098916889056,23.081160680491216,27.89790349615305
169740,10110.178325501156,23.08237169489573,27.899507847811844
169800,10117.765686006293,23.083504411297614,27.89948227502591
169860,10097.614203752079,23.08459438621632,27.897386513197894
169920,10058.155993589911,23.085643802925425,27.894155597904508
169980,10058.154347536158,23.086644903952546,27.890888064757384
170040,10073.164622182201,23.08758993,27.888682449368208
170100,10066.35734773302,23.088470554197375,27.88838104904074
170160,10050.84640983202,23.089285560213224,27.88888633
170220,10044.009206039866,23.090054341212827,27.88980956708659
170280,10049.591310822181,23.090798427866794,27.891039380678457
170340,10075.776865402595,23.09153935084579,27.892464373484355
170400,10090.76436222389,23.092299353847054,27.89424210508313
170460,10089.257902128023,23.093086345012544,27.89772574684602
170520,10077.343206366168,23.093873561193757,27.902131784572948
170580,10082.509561773724,23.094630858169467,27.906274487661108
170640,10106.14459577797,23.095328091718457,27.908968125507727
170700,10109.27371304313,23.095959351139395,27.909003889650737
170760,10098.149370775647,23.09663640761618,27.9058433
170820,10079.628138460166,23.097295002554684,27.900411978074093
170880,10062.98154699687,23.097835952442622,27.893772248667247
170940,10049.363025680448,23.09816007376772,27.886986445937335
171000,10022.88146,23.098204043481264,27.88065221733529
171060,10019.167258556085,23.098153463015983,27.872786161527333
171120,10021.496075801735,23.09805735989106,27.86424264727742
171180,10006.501674072997,23.09792296846452,27.856502833540375
171240,9984.858245326715,23.097757523094387,27.85104787927108
171300,9972.352474,23.097536784162955,27.84892274125838
171360,9989.654824117402,23.097074032745734,27.847958206778245
171420,9974.647428,23.09639521,27.847337654714508
171480,9957.280716628968,23.095570324692414,27.846728198182078
171540,9974.453354,23.094669412385645,27.845796950295885
171600,9975.691591819159,23.093730977195744,27.84377153602578
171660,9963.121369080121,23.09260365585277,27.838087883229825
171720,9961.090055649609,23.091303956984376,27.82994189397271
171780,9952.372647063568,23.089888935050663,27.821208145817895
171840,9921.528309921583,23.08841564451176,27.813761216328885
171900,9921.178755336412,23.086921828432395,27.80908030633183
171960,9918.121835779444,23.08532419177066,27.805564206800888
172020,9913.385868192907,23.08363454686526,27.802560878467784
172080,9923.666779337986,23.081888932818256,27.799834651120634
172140,9920.932454520915,23.08012338873176,27.797149854547573
172200,9897.673028530262,23.078368824847193,27.79437938887847
172260,9886.756556208196,23.076608233538067,27.791982159950358
172320,9907.353764811229,23.074823732408024,27.78972581
172380,9895.872277867631,23.073001787867927,27.78722929983132
172440,9888.455728603147,23.071128866328674,27.78411156490548
172500,9897.143512370216,23.06918919924698,27.77947127811117
172560,9884.656263,23.067167760891053,27.770485377422915
172620,9868.455962891156,23.065084975046087,27.759112275948517
172680,9830.120670030956,23.062966019843365,27.748140181891568
172740,9815.756707278853,23.06083607341419,27.740357303455667
172800,9813.987916077815,23.058706134587116,27.737717390030504
172860,9817.126055692528,23.05651472590429,27.736285297042137
172920,9819.370678001262,23.05429736961926,27.735143965429113
172980,9822.023789450977,23.052109544359116,27.734336083541283
173040,9836.938676,23.050006728750965,27.733904339728518
173100,9856.777026,23.048033423201815,27.734146438231093
173160,9881.739426740814,23.046146603392287,27.736416960477392
173220,9874.563451181803,23.044326298336237,27.739917293841376
173280,9872.071784364525,23.04256383466757,27.743457298531727
173340,9884.960213009628,23.04085053902019,27.74584683475716
173400,9877.744043493338,23.03917745407063,27.74540786666569
173460,9881.823427566775,23.03753986914463,27.73918991762285
173520,9854.106369209157,23.035944457950574,27.729604063740272
173580,9839.188249199702,23.034399047311112,27.71990956776608
173640,9827.799409786257,23.03291146404892,27.713365692448427
173700,9819.416334707206,23.03148944235929,27.712314271078583
173760,9822.576104942535,23.030131939069896,27.712501253790265
173820,9838.175672843667,23.02882478,27.71278951426658
173880,9837.732697621432,23.027552842818363,27.71308104176755
173940,9844.056975897782,23.026300975912548,27.713277825553224
174000,9846.589644263298,23.02505337555519,27.71297115162544
174060,9836.695155757345,23.023803293290538,27.710437420918232
174120,9826.829982058856,23.022569276756535,27.706531314231015
174180,9803.542967995798,23.02137247085939,27.702580937350877
174240,9808.162120324188,23.02023402050533,27.699914396064962
174300,9835.743078666517,23.01916535695591,27.69964853364883
174360,9836.901139779124,23.018122519672048,27.70097390212795
174420,9824.390856139822,23.01711848499731,27.703123713103473
174480,9808.621053386472,23.016179141362848,27.705516589241245
174540,9831.783353095372,23.01533037719982,27.707571153207134
174600,9876.190636934736,23.01459171777737,27.708857062923197
174660,9874.391748545508,23.013930947262356,27.709995696540943
174720,9874.797408,23.013327537846468,27.71103870678423
174780,9878.289704288523,23.012767376420836,27.711862162159516
174840,9872.269549447297,23.012236349876606,27.712342131173266
174900,9879.14612,23.011721845497544,27.711952571246663
174960,9891.716272246264,23.011226258668792,27.70849769888249
175020,9884.341200477425,23.010753881545572,27.703171521160904
175080,9857.599059,23.01030786502852,27.697784978750356
175140,9838.743427898182,23.00989136001829,27.694149012319336
175200,9817.408126663498,23.009504517393705,27.693711724831555
175260,9820.169457824752,23.009131999632555,27.69494769536736
175320,9842.946556646715,23.00877873691128,27.696959590868747
175380,9883.768779,23.00845386135659,27.699212791822017
175440,9883.915008576329,23.00816651,27.701172678713515
175500,9845.119397791103,23.007926657080517,27.70244489576604
175560,9852.564544686204,23.007736538938012,27.70360293
175620,9873.613597362966,23.007572383042174,27.7046765
175680,9886.319562553652,23.00740760963925,27.70553106723671
175740,9878.458285302058,23.00721563897551,27.70603210447402
175800,9863.082678526262,23.00697281234683,27.705520663216262
175860,9849.592851760264,23.006682135705766,27.701018388259275
175920,9850.794921996554,23.006346075756696,27.69373285761008
175980,9837.367692126423,23.005964539629982,27.68565748815011
176040,9809.092791290108,23.00553743445602,27.678785696760873
176100,9797.011873,23.005055791817064,27.674645682469134
176160,9768.220443338436,23.00446790122557,27.67134285396537
176220,9757.143530943431,23.003787118169136,27.66843377148937
176280,9773.508174315271,23.00303963689191,27.665991592231045
176340,9788.620174579186,23.002251651638066,27.66408947338035
176400,9802.997279063913,23.001424585236244,27.662730767580744
176460,9808.295157,23.000443587471974,27.661517720633473
176520,9793.361448722248,22.999380407940997,27.660456689175152
176580,9787.453952633781,22.99834302805869,27.659646416078417
176640,9792.409918333424,22.997439429240444,27.659185644215935
176700,9788.846002369073,22.996736399670443,27.65987879480122
176760,9820.218721638717,22.996049480060737,27.665794272918006
176820,9851.977193582421,22.99540858406316,27.675604573173796
176880,9855.73457,22.99489622,27.68694363805736
176940,9871.910095785151,22.994594900897578,27.697445410057483
177000,9930.819286722963,22.994580278581278,27.70543886061277
177060,9919.974035201041,22.994835326028614,27.71372761128009
177120,9918.596821321817,22.995294377692044,27.72188852650864
177180,9964.882260120083,22.99589379171996,27.728642192809414
177240,9957.945979743796,22.996569926260765,27.732709196693417
177300,9938.268657664477,22.997311494323977,27.733322850561237
177360,9940.053855269716,22.998383662330067,27.733191213666206
177420,9939.647329470248,22.999708098522454,27.732929906802635
177480,9943.552710626058,23.001133955075993,27.732545849692862
177540,9933.229720161618,23.00251038416557,27.732045962059257
177600,9919.848391152771,23.00371642887414,27.730664385698805
177660,9903.940440734663,23.004861759558022,27.724210684313103
177720,9874.989731,23.005980551664518,27.71465156348813
177780,9869.429659,23.007075204504243,27.70511084
177840,9852.397251820154,23.008148117387844,27.698712311370876
177900,9838.132573319435,23.00919726801545,27.69851300504888
177960,9841.666704997995,23.010202878777843,27.70503675461775
178020,9877.997417280956,23.011183448925177,27.715632602519225
178080,9890.916592467549,23.01216434152446,27.72745378950801
178140,9921.919500090713,23.013170919642747,27.73765355633887
178200,9947.902214765885,23.01422245556252,27.74407634590467
178260,9936.708114357578,23.015296258357914,27.749528730808784
178320,9935.727352580181,23.016393357056767,27.754456883392628
178380,9938.535938,23.017521920881684,27.75852313064133
178440,9943.007030681983,23.01869011905532,27.761389799540037
178500,9977.809455876151,23.01990614566529,27.762850144877664
178560,9981.908788,23.02117354618549,27.763672735567066
178620,9966.585244,23.022487782521996,27.764237666978676
178680,9954.027522141545,23.023843650086423,27.76478123722213
178740,9949.750184594983,23.025235944290433,27.76553974
178800,9957.816515,23.02666318282123,27.76683995987344
178860,9957.584056852766,23.028143086130584,27.769288640351622
178920,9956.337514838153,23.029668203570644,27.772571278961653
178980,9960.866042419471,23.03122587,27.776221907060517
179040,9967.463548,23.032803416331678,27.77977455600519
179100,9977.308082,23.034391741518412,27.782848147022822
179160,9975.009804360881,23.036005306307626,27.78574457530364
179220,9988.883796107817,23.03764308296195,27.788597719501702
179280,9991.165258560783,23.03929973883887,27.79145491617473
179340,9983.189264481774,23.040969941295923,27.794363501880444
179400,9990.283113923082,23.042644926759852,27.797312186343454
179460,9996.374562021678,23.044307609072227,27.800036267140772
179520,10006.372137579312,23.045979641214657,27.80274874810427
179580,10004.801675896011,23.047688723385747,27.805751262433127
179640,9998.445082196002,23.049462555784135,27.80934544332655
179700,10006.455371466789,23.051327649870743,27.814234570493397
179760,10007.796473962611,23.053287042330343,27.82257476607477
179820,10013.57658691703,23.05532307193938,27.832780068431685
179880,10046.082507066678,23.057417449891783,27.84261986940455
179940,10064.298262403829,23.059551887381495,27.849863560833814
180000,10067.566467917208,23.061712534677877,27.852860224155606
180060,10087.445605738323,23.063917526073787,27.854321190867477
180120,10071.170770285355,23.06617002893494,27.855310709198207
180180,10025.578599554885,23.068468191907975,27.856262175320897
180240,10028.15893374458,23.070810163639564,27.85760898540866
180300,10063.565132791842,23.073197872397763,27.8600245
180360,10096.281941018446,23.075649753635037,27.864994676535847
180420,10123.483856044235,23.07815372705782,27.87167786798565
180480,10126.70208176115,23.08069202098259,27.878839959781594
180540,10102.155649181217,23.083246863725847,27.885246834458332
180600,10091.644650119373,23.085815378371365,27.89003850028708
180660,10101.879961004921,23.088464006334462,27.89477117
180720,10122.443837844401,23.091146002263454,27.89927662189451
180780,10120.26501419613,23.093792756311178,27.902926737097477
180840,10103.972185348211,23.096335658630483,27.905093377594984
180900,10077.407000938625,23.09872337580615,27.904877705239745
180960,10070.99046563885,23.10102648091843,27.900784257200414
181020,10072.580790048416,23.10325303527575,27.894473624142705
181080,10054.035681297348,23.105391227730006,27.88809146898761
181140,10025.005742834956,23.107429247133133,27.883783454656182
181200,10012.950383049882,23.109362308998325,27.88356005792192
181260,10017.722509134846,23.111225733260266,27.88718644464221
181320,10046.553853785419,23.11301371093781,27.892777036167324
181380,10066.057997121676,23.1147111,27.898430989137747
181440,10064.600713179176,23.11630274775548,27.90224746019399
181500,10059.184515148178,23.11777757,27.90279757921444
181560,10039.959213933955,23.119157863465876,27.902217097286268
181620,10042.880220999747,23.12045921506397,27.90132220173365
181680,10045.577369068691,23.121693184316314,27.900417163806033
181740,10031.302911470973,23.122871330862047,27.899806254752917
181800,10016.710319546517,23.123998206849553,27.899779307533645
181860,10014.107713981695,23.125046055076538,27.90038721334861
181920,10035.442976063141,23.126040870368676,27.901505990966356
181980,10036.767276298195,23.127018974081395,27.90301014
182040,10032.704527300064,23.128016687570135,27.904774172539057
182100,10034.323515865291,23.12906502954967,27.907051491155055
182160,10051.522620154901,23.13014694498368,27.911769803628847
182220,10070.768964484267,23.131246906453306,27.91782980312183
182280,10078.561722867495,23.13235407677355,27.923564188041805
182340,10074.964712647885,23.133457618759426,27.92730566
182400,10073.004588333693,23.134557518000364,27.927767424180285
182460,10059.970477913186,23.135702365785626,27.926609571065725
182520,10056.630402621366,23.136855590258065,27.92454924525049
182580,10051.908065269654,23.137964499465927,27.921900525650834
182640,10030.09642979672,23.138976401457462,27.91897749118304
182700,10034.743089224525,23.13985795609262,27.91573833928847
182760,10033.316779203467,23.140696411693057,27.910485959284685
182820,10014.832807846156,23.141482545325868,27.904229139963775
182880,9977.614056,23.14218276363745,27.898499201136378
182940,9969.648535248141,23.14276347327424,27.894827462613137
183000,9971.948369569862,23.143212049132234,27.894321385997355
183060,9986.451487718734,23.14363570878383,27.894933202690417
183120,9994.579497252907,23.144019214004597,27.89587640524519
183180,9971.353883015538,23.144319489976947,27.896830297666458
183240,9977.294029375193,23.144493461883307,27.897474183959044
183300,9982.148146711417,23.144514241284803,27.89738008435921
183360,9975.497022711585,23.144468521615284,27.895803543792155
183420,9966.188664563582,23.144383379882516,27.893118286802164
183480,9963.782231619349,23.14426719079009,27.88987969630166
183540,9959.098184,23.14412832904159,27.886643155203117
183600,9952.071856481669,23.143957453769662,27.883808129106118
183660,9935.729791994856,23.143653837437146,27.88075551345569
183720,9910.123578479286,23.14323655990225,27.87756560720941
183780,9899.168434416286,23.14274952,27.874508847905883
183840,9911.555066579287,23.142236632669047,27.87185567308377
183900,9943.59551,23.141734290572366,27.869865882954073
183960,9944.470082,23.141212906980204,27.86850390098398
184020,9920.064651774102,23.140648336255794,27.86740756873298
184080,9912.574788507007,23.14002332706366,27.866197830628387
184140,9920.068448051703,23.139320628068337,27.864495631097565
184200,9904.238922796823,23.138511056280702,27.861028332129752
184260,9875.868960095724,23.13751901768307,27.850914523252637
184320,9856.877867105599,23.13637469571993,27.836974320041143
184380,9832.562003898003,23.135126994284327,27.823412262537314
184440,9820.379629359073,23.133824817269343,27.81443289078319
184500,9817.587518000171,23.132497673973404,27.812968644136095
184560,9815.312907,23.131060268353117,27.81296754750838
184620,9813.882957205633,23.129534013428074,27.812966950174552
184680,9830.779852562648,23.12796554647907,27.81296637154453
184740,9851.770305608707,23.12640150478693,27.812965331028252
184800,9859.293944021256,23.124872706126194,27.812955353998177
184860,9865.217335,23.123314571373346,27.812884998036903
184920,9874.717065122217,23.121746653719597,27.812754016154205
184980,9871.654539811783,23.12020885,27.81257313380098
185040,9860.892740537474,23.11874105294004,27.812353076428163
185100,9854.179888,23.117374956717523,27.812083096734167
185160,9849.492508118376,23.11607739595284,27.81162265507056
185220,9881.557156509418,23.114833358899826,27.810944905015738
185280,9879.301421,23.11363635092014,27.81005057212293
185340,9860.896889347161,23.112479877375485,27.808940381945387
185400,9850.605612639734,23.111363708288728,27.807418950010863
185460,9803.835473641091,23.110314390030005,27.804346076434413
185520,9791.137690716561,23.10930692184087,27.800018555893736
185580,9798.108640274988,23.108306792347435,27.795016808593783
185640,9813.785576314862,23.10727949017584,27.78992125473956
185700,9830.330747988493,23.106198780455163,27.78510328683973
185760,9835.699060560219,23.10509571538818,27.779692876816526
185820,9828.675115,23.103969554421212,27.77396328730504
185880,9818.809625370386,23.10280988955264,27.76845909758144
185940,9801.329756,23.101606312780874,27.763724886921917
186000,9779.989738952845,23.100351289601267,27.760237341074586
186060,9781.046956378312,23.099054095639236,27.75770744658033
186120,9783.546786481838,23.09770786614055,27.755616903242583
186180,9787.650417559353,23.096301972766426,27.753487605278643
186240,9785.115785274715,23.094825787178124,27.75084144690586
186300,9776.443322116655,23.09326527,27.74701719
186360,9789.567216877776,23.091597545585724,27.74088002908025
186420,9799.680439438456,23.089837301228087,27.73331429748977
186480,9790.542968,23.08800516308078,27.725523232639645
186540,9741.139339946672,23.08612176,27.718710070926925
186600,9728.739280593152,23.084184731864998,27.713701526836577
186660,9712.054092418224,23.08208834582752,27.708888731246784
186720,9703.109464,23.07990729650474,27.704391797741653
186780,9719.005252004485,23.077750474868708,27.700793194621003
186840,9718.875298,23.07572677189153,27.69867539018469
186900,9705.064701041358,23.073901214786737,27.699228512563113
186960,9707.710643250442,23.072083433749597,27.705909193658023
187020,9727.713845,23.07033144359393,27.716626035325955
187080,9759.909119726857,23.068760869840773,27.72832139
187140,9814.217228,23.067487338011187,27.737937621960864
187200,9827.112178343412,23.066583063722664,27.74320270888004
187260,9828.900250399061,23.06582659384346,27.747428706547836
187320,9842.559281640906,23.06517449382634,27.751152059607566
187380,9856.204446029704,23.064634933581704,27.75401088108523
187440,9853.772441358336,23.064216083019947,27.755643284006876
187500,9837.893049324759,23.063921179346945,27.75495037
187560,9806.318600818018,23.063709551740626,27.747868421392216
187620,9780.088467539756,23.063543295730042,27.73670502470813
187680,9758.269392937815,23.063388977222417,27.724911157270647
187740,9751.505536102191,23.063213162124967,27.71593779426609
187800,9746.91879,23.062989798248008,27.712384547980804
187860,9743.986870252145,23.062744228265768,27.71051327112219
187920,9743.360613879035,23.062473935487308,27.709118933447325
187980,9735.614273160305,23.062167820375706,27.70793211460204
188040,9746.566271862492,23.061814783394055,27.70668339
188100,9764.901590033403,23.061389926037194,27.705088397559003
188160,9786.027634896089,23.060812885219644,27.703019958779546
188220,9793.094180579134,23.06012266320805,27.700840373617087
188280,9776.248723420977,23.05937967576625,27.698963880599745
188340,9749.811583014776,23.058644338658116,27.69780471825566
188400,9746.192575265053,23.057958220593477,27.698014865942028
188460,9762.249422169918,23.05724540099034,27.700968414143237
188520,9793.703434359273,23.056523837740965,27.705596036499184
188580,9802.002855625444,23.055835217394414,27.71042860236623
188640,9794.175100478284,23.05522122649977,27.713996981100767
188700,9803.011848566635,23.054700680297472,27.715201966694902
188760,9829.725395,23.05416809645477,27.715695616644084
188820,9812.829574,23.053662203682205,27.716025103915474
188880,9793.674080053524,23.053252942885727,27.71633073378959
188940,9792.023253430554,23.05301025497133,27.71675281154701
189000,9788.520752870772,23.052974202999525,27.71752505258803
189060,9798.888319650448,23.05298383082846,27.719173746040905
189120,9795.472348483188,23.053002538535402,27.72127981084505
189180,9809.108065034841,23.053029390237487,27.723268250271722
189240,9820.541192137696,23.053063450051877,27.72456406759221
189300,9803.471966,23.05311673703244,27.724620282340105
189360,9803.085120157792,23.053266284378974,27.723475803794134
189420,9806.779669424439,23.05349850649982,27.72171142714232
189480,9792.841363822627,23.05378142544571,27.719927053777404
189540,9787.385264563947,23.054083063267402,27.71872258509216
189600,9791.368160517975,23.05437754035741,27.718681094707218
189660,9785.308395583996,23.054690427794558,27.71996674873887
189720,9787.159346082473,23.055039181983407,27.722307217755052
189780,9795.533564976098,23.055435357932087,27.725409837217924
189840,9808.068413184752,23.05589051064874,27.72898194258967
189900,9832.527958,23.056422049142945,27.733015969890744
189960,9841.131970035265,23.057076163279802,27.739041852834493
190020,9836.348030336627,23.057857104794316,27.74677211455974
190080,9843.707485915536,23.058760735400377,27.755528628196004
190140,9877.112177284855,23.059782916811915,27.764633266872856
190200,9912.058777773722,23.060949600586763,27.774020499644816
190260,9919.863756293456,23.06243218067178,27.786461520675847
190320,9932.480578877088,23.064182356796888,27.80004879003583
190380,9938.389311476405,23.066108373991476,27.811973639041142
190440,9960.251934235062,23.06811847728496,27.81942739900817
190500,9973.756288648008,23.070156989719596,27.820138887026218
190560,9977.200328634055,23.07238146693189,27.816407810004755
190620,9960.186672650028,23.074750417475975,27.809878681908376
190680,9911.718114,23.07717538393178,27.801680677412058
190740,9880.664975186124,23.079567908879262,27.792942971190808
190800,9843.443245642375,23.081889991352263,27.78395719075091
190860,9825.186130816435,23.084360422269686,27.770904005673245
190920,9800.402030912503,23.086850980636267,27.755975539948235
190980,9744.708000001425,23.089162284505385,27.742565197986934
191040,9746.648372221005,23.09109495193042,27.734066384200446
191100,9760.979569572704,23.09253380478064,27.733001372224415
191160,9764.862106,23.09388020940132,27.735319768364427
191220,9764.303393435335,23.095102241770125,27.73941770755109
191280,9759.617111,23.096060857833585,27.74463705521786
191340,9780.698395113857,23.09661701353826,27.750319676798217
191400,9809.930245635196,23.09664719,27.75643351354016
191460,9819.032071884285,23.096218567034327,27.76591399431817
191520,9819.472216268685,23.09547666012228,27.77702810441938
191580,9821.414309504216,23.094559855030106,27.787130908374976
191640,9847.775208776024,23.093606539100183,27.79357747071617
191700,9849.271746,23.092697594756302,27.794100632780445
191760,9853.115679,23.091585553695737,27.79022668822082
191820,9863.539021008524,23.09035930151673,27.783983756820934
191880,9845.638011990304,23.08918410664504,27.77711454219036
191940,9818.691985567018,23.088225237506443,27.771361747938695
192000,9832.034351163511,23.08759353475486,27.768062319452092
192060,9831.479253248113,23.08703874848755,27.765546531980533
192120,9829.014114878079,23.086545618795196,27.763374966642573
192180,9822.641181331113,23.08616452868318,27.761555952269482
192240,9815.539137416527,23.085945861156908,27.760097817692568
192300,9794.379493755205,23.08591712774503,27.759011795492732
192360,9783.566550964493,23.08594761849918,27.758259877189353
192420,9792.083407,23.085994624338575,27.75767800227136
192480,9805.226683,23.086042162922645,27.757089549575344
192540,9812.093885694228,23.08607425191085,27.756317897937947
192600,9780.377336530004,23.08607659271167,27.755030442873974
192660,9748.644674336021,23.08605234616346,27.752368634896854
192720,9759.033122,23.08600782,27.748990630766745
192780,9783.938271335297,23.08594814075754,27.745810003858683
192840,9782.945169,23.085878408115775,27.743740327547727
192900,9784.273793,23.08579329385738,27.74352068447995
192960,9786.623998024857,23.085638374335574,27.744428453348082
193020,9784.952996,23.085437813260818,27.74599050422874
193080,9786.465274,23.08523104491722,27.74790394393068
193140,9797.764681929104,23.08505750358892,27.74986587926269
193200,9797.227817050622,23.08494538754651,27.75167957516505
193260,9807.893921997722,23.084846271601712,27.753787910010644
193320,9829.172989851593,23.084756794561493,27.756068264696033
193380,9827.680782477926,23.084686871408785,27.75826143581863
193440,9821.383090596937,23.084646417126528,27.76010821997588
193500,9824.317475967064,23.08465278151817,27.761415947253525
193560,9824.014505921974,23.084753751314636,27.762484420479563
193620,9834.913647,23.08493371585999,27.763410809320977
193680,9843.157987223514,23.085165600111058,27.764218793308515
193740,9830.697832814749,23.085422329024702,27.764932051972952
193800,9825.575004,23.085689121542565,27.76555592807769
193860,9832.180304,23.08602659441815,27.766019285526095
193920,9834.686465541672,23.086432071226255,27.766405009164114
193980,9804.222904905622,23.08688723320471,27.76682407227142
194040,9807.881835,23.087373761591365,27.767387448127756
194100,9830.896757374134,23.087881434692076,27.768325215120605
194160,9834.673224259099,23.088448558101312,27.770332722612757
194220,9803.295921997666,23.08906987674606,27.773052705753507
194280,9791.210596909066,23.089729683606897,27.77594128915972
194340,9835.599234691264,23.090412271664448,27.778454597448302
194400,9842.604919704008,23.09110970551179,27.780204587611717
194460,9849.801009,23.09185651346928,27.78184489740643
194520,9863.401051251732,23.092638598663022,27.783369356376134
194580,9875.410077708422,23.093431288507315,27.784584888383204
194640,9869.2674,23.09420991041648,27.785298417290054
194700,9830.311347490548,23.094960625574544,27.78532385309677
194760,9820.296082283912,23.09572935187866,27.784655235598716
194820,9823.587644291652,23.09649515323983,27.783478121634737
194880,9836.493718146281,23.097222425081874,27.781987332504166
194940,9834.607034106724,23.097875562828655,27.780377689506388
195000,9831.084438649195,23.098434046014276,27.778694673448975
195060,9831.024919329848,23.09896773832849,27.776246674862165
195120,9814.567080159419,23.099465324317727,27.77340721134527
195180,9802.397725542909,23.099896015134576,27.770763457940163
195240,9801.897770071744,23.10022902193165,27.768902589688746
195300,9790.536289373507,23.10044246481266,27.768225310475255
195360,9800.94405,23.100587294906067,27.767830379022616
195420,9810.650913179365,23.10069874408701,27.767514198182734
195480,9801.688112449854,23.100803114589716,27.767289491727194
195540,9801.078838743035,23.100926708648437,27.767168983427595
195600,9802.115397619154,23.101090733016843,27.767688572239347
195660,9805.672981827209,23.10127995232593,27.771806635182454
195720,9817.910031951176,23.10149676095976,27.77848548958481
195780,9836.333890400936,23.101749350022203,27.785917839505988
195840,9855.307328309122,23.102045910617157,27.79229639
195900,9860.521704728511,23.102404189283053,27.796166045084956
195960,9863.008375633148,23.102886850819853,27.798907779172588
196020,9860.714007,23.10348469053484,27.801209526522882
196080,9854.837588626966,23.104174536319107,27.803400487995674
196140,9863.052842309702,23.104933216063763,27.80580986
196200,9867.916626530112,23.10575255714218,27.808700448377788
196260,9868.123120870538,23.10671192503835,27.811846310392696
196320,9869.525893632243,23.107806085837723,27.815228453913956
196380,9858.981431329408,23.109010132202496,27.818901607818145
196440,9876.614909049043,23.11029915679488,27.822920500981837
196500,9902.880804,23.11166577459251,27.827634876518236
196560,9925.221113015123,23.113197269439162,27.834491964551813
196620,9943.785599303936,23.11486951533709,27.842240690903406
196680,9944.753626590797,23.11663439990823,27.84916049479673
196740,9944.838934636577,23.11844381077454,27.853530815455553
196800,9949.622745374561,23.120266254517826,27.85403665024536
196860,9947.698075512963,23.122171738865006,27.852628217388727
196920,9913.247201347025,23.124144013941148,27.850456917580054
196980,9898.715000752167,23.12614562891082,27.848261009160012
197040,9898.187621,23.128139132938617,27.846778750469312
197100,9888.151958078799,23.130100742800618,27.84659021386584
197160,9882.927762683516,23.13208685124134,27.847058044325713
197220,9884.736897293857,23.134077444197043,27.84794951385286
197280,9904.335256546852,23.136034635386412,27.849200464225543
197340,9913.702462970548,23.137920538528153,27.850746737222064
197400,9904.922749501444,23.139702542988957,27.85312113871457
197460,9918.367619596163,23.141399985641637,27.859524962711493
197520,9919.167285230644,23.143037507925754,27.868441330198063
197580,9922.731421260152,23.144635629513424,27.87746255328973
197640,9951.600708286624,23.146214870076758,27.88418094410196
197700,9961.473763889544,23.14779917070407,27.886859661076826
197760,9965.611863136852,23.149409227528643,27.888541445585123
197820,9976.408770657039,23.151007975517064,27.889917815434636
197880,9980.802122295661,23.152550792648647,27.890914712314068
197940,9961.321395,23.153993056902717,27.891458077912166
198000,9930.345250306003,23.155308666801005,27.89087072991917
198060,9915.005271718152,23.156581322341584,27.885854390166646
198120,9925.766369800658,23.157793105260858,27.878001795993956
198180,9925.649783813518,23.158902032295682,27.86981559340562
198240,9881.072321,23.15986612018292,27.863798428406195
198300,9872.122438747843,23.16066795877181,27.861804496827027
198360,9882.170106501571,23.16142989289217,27.860927159559573
198420,9884.286167,23.16212961387116,27.86029916668476
198480,9880.775516322883,23.162712099394593,27.859774665137344
198540,9870.000783,23.163122327148308,27.859207801852076
198600,9876.735227153871,23.163332212750195,27.858495558149848
198660,9872.014908481444,23.16348904389693,27.857807725460006
198720,9860.434157008542,23.16361826620875,27.85711032490339
198780,9859.649252075842,23.16371239468907,27.85631621396234
198840,9856.474047189155,23.16376394434131,27.855338250119246
198900,9837.296377492463,23.163752012667292,27.853992903945116
198960,9836.130436,23.163595945866934,27.851719899746026
199020,9835.497309103524,23.16332151177553,27.848810432729046
199080,9820.854016954994,23.162974530169446,27.845706685123822
199140,9820.717564723274,23.16260082,27.842850839160086
199200,9829.220282613296,23.162225313631964,27.840531952554414
199260,9849.435182,23.161752736979004,27.838109356082022
199320,9844.485759974385,23.16120848068581,27.835746239784143
199380,9837.622581,23.160645560462818,27.833801861852372
199440,9826.187349693439,23.16011699202046,27.832635480478313
199500,9831.321112614805,23.159660923027857,27.83281031923271
199560,9840.259799596352,23.15921704855778,27.835461412124378
199620,9836.796602855971,23.158789565058406,27.83954844933128
199680,9835.176822,23.158400625329847,27.843681807322533
199740,9840.984493030903,23.158072382172264,27.846471862567288
199800,9858.408963295915,23.157814789481872,27.84680946090111
199860,9845.322219281205,23.15756772540295,27.845902556630296
199920,9827.246337060007,23.15734172429099,27.844504434554096
199980,9829.999823756298,23.157163468498016,27.84309046674223
200040,9833.519297812889,23.157059640376094,27.84213602526444
200100,9832.941789835719,23.157054724429727,27.842216531057783
200160,9827.236920819603,23.15714349510654,27.844063920512937
200220,9844.823906939462,23.157305147085502,27.84713766418243
200280,9885.456052244797,23.15751952526112,27.85070949514304
200340,9879.497103273614,23.15776647452795,27.85405114647159
200400,9881.217176287892,23.15804322460722,27.856555425784173
200460,9888.195333343589,23.158444806306267,27.858645829586624
200520,9863.642203256672,23.158962135802042,27.860599998345634
200580,9855.666425941356,23.159562843501863,27.862579625046006
200640,9869.876733679248,23.16021455981308,27.864746402672594
200700,9893.579931165568,23.160897860459617,27.867234539972593
200760,9898.625105324329,23.161675990144285,27.86996790245639
200820,9897.059245,23.162550976565075,27.872942613942303
200880,9894.049505300623,23.16350880962757,27.876184242708938
200940,9895.770274414543,23.164535479237358,27.879718357034946
201000,9919.535777350831,23.16562927975718,27.88382801038587
201060,9932.990895086827,23.166853217839115,27.889769408940943
201120,9932.038522726249,23.168189140442266,27.896469024695822
201180,9931.972590325178,23.16960181740988,27.90244558714302
201240,9941.138639591876,23.171056018585215,27.906217825775087
201300,9944.516986176204,23.17253048900607,27.90678744690499
201360,9942.262954464924,23.174085584950063,27.906536677851264
201420,9937.427256754965,23.17570292486235,27.906054651277294
201480,9937.995988900188,23.177345803964787,27.905371315967574
201540,9925.182860615681,23.17897751747925,27.90451662070664
201600,9924.103862659442,23.180585197686074,27.90328296952271
201660,9948.690517878289,23.182273199366733,27.900268169157716
201720,9943.320288833665,23.18397515640636,27.895727519911034
201780,9909.034604430211,23.185590542982677,27.890253240374662
201840,9875.011674056139,23.187018833273388,27.884437549140642
201900,9844.379391282348,23.18821299766208,27.878573842188104
201960,9819.294753,23.189421249246035,27.871321482760553
202020,9807.205225,23.19056196252596,27.863207377653428
202080,9789.917585,23.191481102684364,27.855164906127932
202140,9776.326547154255,23.192024634903806,27.848127447445304
202200,9766.161941583643,23.192081755172115,27.842829640041714
202260,9775.511996275793,23.191865016265776,27.83843564877246
202320,9783.437902613929,23.191460888309454,27.83455018127909
202380,9767.454595632385,23.190908535780153,27.83098431986724
202440,9751.162790308412,23.190247123154908,27.82754914684259
202500,9734.960169651713,23.189409973320195,27.823977442069907
202560,9733.066719376213,23.187813019481485,27.819855025148094
202620,9734.273709919553,23.18563537365082,27.815723062200295
202680,9727.147451665578,23.18320823450182,27.812266415571763
202740,9724.439085539436,23.180862800708123,27.810169947607804
202800,9734.567125450052,23.17885078883871,27.81047354132271
202860,9759.483512795923,23.176867217454717,27.815174727170998
202920,9774.427469260118,23.174901567494615,27.82242227460281
202980,9766.354798159586,23.17303529353803,27.82975196273086
203040,9779.179440003343,23.17134985016462,27.834699570667873
203100,9815.372173053536,23.16990160861729,27.83539610472533
203160,9823.272131545593,23.16857462419382,27.834450606858532
203220,9838.053302096494,23.167351463248497,27.83277900412334
203280,9828.701061929109,23.166244163155014,27.83064931
203340,9790.201708355145,23.165264761287062,27.82832954685757
203400,9780.343741902185,23.164418584274678,27.82583133405602
203460,9777.178827407752,23.163663716464512,27.82195187154135
203520,9770.808359272054,23.162982706592633,27.817401518573586
203580,9766.352547201144,23.162365837103227,27.813264190406553
203640,9762.235664454734,23.161803390440515,27.81062380229408
203700,9759.183759458501,23.161289890080802,27.81023058983568
203760,9760.473165932843,23.16083859603275,27.81044472455045
203820,9764.865138,23.160428882133953,27.810774843705964
203880,9784.736684,23.160033764356037,27.811108704295037
203940,9787.056541353533,23.15962625867067,27.81133406331053
204000,9767.573701380985,23.15918663022283,27.811178505174414
204060,9760.216276821015,23.15874307,27.809663346043163
204120,9736.234570068362,23.158292192001557,27.807091948436828
204180,9722.092089820324,23.157821846794143,27.80400797463507
204240,9734.152092455533,23.15731988384799,27.800955086917597
204300,9756.615501637001,23.156778701732463,27.79841833109402
204360,9748.931163899502,23.15621444,27.796235096637766
204420,9737.159721938546,23.15561294991482,27.794067048216853
204480,9729.649714456304,23.154953726821276,27.791612326814143
204540,9726.037055535266,23.15421627872174,27.78856907
204600,9718.189688173727,23.153363721022945,27.784051719643887
204660,9691.755626705824,23.152300108983766,27.774960845364348
204720,9679.588115642671,23.15108256700896,27.763465608094908
204780,9666.076163227082,23.14979455431475,27.752658477569454
204840,9649.855852114482,23.148519530117394,27.74563192352188
204900,9656.269620350939,23.14731576144635,27.745241848816793
204960,9680.739892860054,23.146082330352574,27.75084191858448
205020,9697.092106,23.144840254848695,27.759604501965054
205080,9709.657590040768,23.143641987062338,27.76873170660185
205140,9734.387902213939,23.142539979121146,27.77542564013826
205200,9756.954470305685,23.141559450755214,27.777604929921306
205260,9765.196488910406,23.140576644472457,27.778483001144224
205320,9762.365121,23.139637890254445,27.779076489035777
205380,9763.908901,23.13882655,27.779609428071094
205440,9755.152797258477,23.138225995184367,27.78030585272533
205500,9751.471317511921,23.137883591049874,27.781367489482513
205560,9760.204413424874,23.137611197753753,27.782786406942208
205620,9753.849003161384,23.137381479272186,27.784548815822717
205680,9749.299818197329,23.137210939699834,27.786659678153608
205740,9762.215907653463,23.137116083131392,27.789123955964484
205800,9777.447182,23.137138745719337,27.792089621865223
205860,9781.844494087632,23.137435820253646,27.796367540393007
205920,9779.041809467431,23.137967000287126,27.80167741573624
205980,9796.354532843676,23.138654418709006,27.807528670515246
206040,9822.120618192785,23.139420208408534,27.813430727350394
206100,9821.534642531187,23.140230237801486,27.819233137862152
206160,9824.620740423834,23.141302521599215,27.826434738750372
206220,9847.129656,23.14260326668519,27.834059667948917
206280,9848.878193004206,23.144040906536205,27.84064155337185
206340,9855.943000772106,23.145523874629074,27.84471402293325
206400,9866.376813232155,23.14698078790854,27.845261621951487
206460,9859.277676438465,23.148490746564374,27.844574108150173
206520,9862.923963744286,23.150073182709455,27.843514207723814
206580,9867.139023711821,23.15172537845973,27.84244229482567
206640,9847.34967,23.15344461593116,27.84171874360903
206700,9856.619490096684,23.155235728347023,27.842591499866298
206760,9872.867344121783,23.157137347674766,27.85007903379166
206820,9882.168428991545,23.159128498678687,27.861858345904814
206880,9913.558034612448,23.16117694401104,27.874255923358042
206940,9925.233526,23.163250446324085,27.88359825330364
207000,9919.523942,23.165333725350912,27.887190680694925
207060,9918.377223358666,23.16750024692421,27.889374310838157
207120,9928.312651,23.16971090698786,27.89116170341318
207180,9925.816236686704,23.17190300949378,27.892456493248737
207240,9910.320577832095,23.174013858393902,27.89316231517363
207300,9883.520093621575,23.175997843995983,27.892821336166975
207360,9897.689744,23.177924844207226,27.889495092090336
207420,9912.479046007062,23.179794499086405,27.88432599358549
207480,9891.117842537993,23.181586123445303,27.879013718300893
207540,9860.827972096746,23.18327903209572,27.87525794388501
207600,9839.677556651233,23.184883678314975,27.874301194130414
207660,9823.189787641028,23.186547374247994,27.874054691427023
207720,9822.701579,23.188167459609033,27.87390894386971
207780,9831.897678717252,23.189594499787137,27.873766354329522
207840,9838.685179,23.190679060171384,27.873529325677556
207900,9836.17135,23.191333247190684,27.87285356259329
207960,9835.156019486674,23.191871256510836,27.870256399153842
208020,9817.705498260128,23.192331320689448,27.866145977288568
208080,9778.353023064066,23.192676631474068,27.861293861681133
208140,9779.732558162872,23.192870380612273,27.856471617015195
208200,9769.106293684825,23.192873714448172,27.852323386116154
208260,9767.600808977599,23.192666661927323,27.84841009437141
208320,9784.332074,23.192291857444108,27.844448663847412
208380,9778.142519994908,23.191798693494245,27.840278241660673
208440,9755.522407,23.19123656257348,27.835737974927763
208500,9753.643517,23.190615068230237,27.830425036605753
208560,9738.637876536672,23.189724682469937,27.82312574944648
208620,9711.783327621408,23.188601966591975,27.814987625345456
208680,9702.186112545505,23.187337398904873,27.80755506576755
208740,9693.227310977842,23.18602145771716,27.80237247217764
208800,9693.328128057034,23.184710569828308,27.80047455120269
208860,9711.220280575439,23.183258691746218,27.79935916894443
208920,9721.110840111516,23.181705633320004,27.798467331757863
208980,9711.125473990276,23.180135371632925,27.797834221687992
209040,9705.710212,23.17863188376827,27.79749502077987
209100,9707.565558,23.17725403533762,27.797736776855093
209160,9706.393210935963,23.175899148225973,27.800037660109847
209220,9699.771215586472,23.174581335973436,27.803993324661658
209280,9700.579623,23.173345666179227,27.80883221158527
209340,9733.065475579511,23.172237206442613,27.813782761955455
209400,9780.568311,23.171264592654325,27.818460115323205
209460,9803.212199881153,23.17025473614914,27.824536855910736
209520,9816.447349572541,23.169291220264153,27.83117418956221
209580,9814.616254659433,23.168509497523743,27.83699976453093
209640,9808.939033968583,23.168045020452315,27.84064122907022
209700,9799.969120267504,23.16798145623652,27.84116543648456
209760,9784.077013334967,23.168046106020956,27.840735341592342
209820,9782.973357,23.168168632127777,27.839919689799494
209880,9787.32827,23.16833945948909,27.838781624014853
209940,9792.671643857884,23.168549013037033,27.837384287147284
210000,9789.099909374472,23.16883681505661,27.835246230139603
210060,9769.811706115388,23.169479136988397,27.82949869652937
210120,9747.197862,23.170392835814525,27.821655173621675
210180,9729.478779942083,23.17142378872884,27.814048030650852
210240,9728.667350220578,23.17241787292518,27.80900963685127
210300,9746.261158,23.173280398616107,27.80816439578931
210360,9740.215818306384,23.17425874581773,27.80813941640089
210420,9740.070306776932,23.17525715297832,27.808120599719334
210480,9739.523991,23.176101272963166,27.808107966012297
210540,9732.567915589001,23.176616758637596,27.80810153554749
210600,9741.308895131122,23.17669472744348,27.808455715639834
210660,9745.768703854468,23.17667692113298,27.811285539001656
210720,9741.547670719894,23.176649470169743,27.816197532902347
210780,9748.790612,23.176621708088668,27.822292733213743
210840,9777.114422839608,23.176602968424678,27.82867217580772
210900,9781.279725522698,23.17661702462137,27.834747920519025
210960,9783.908574348021,23.17675926285974,27.84184506849865
211020,9819.561116781108,23.177022648634143,27.849696690560208
211080,9842.615668628201,23.17737953395165,27.857640859440405
211140,9848.637984,23.177802270819367,27.865015647875957
211200,9841.650993,23.17830421,27.871212823952476
211260,9830.391636579516,23.179122010280047,27.87637845646881
211320,9833.026539949075,23.18023461180661,27.881086397099477
211380,9847.670372396835,23.181565070898376,27.885898375206537
211440,9876.248333484355,23.18303644291147,27.89137612015206
211500,9892.520903220753,23.184615221404623,27.898111804876162
211560,9902.653605042537,23.186524017023032,27.906475581815464
211620,9927.125717535995,23.18874476451296,27.916003598158024
211680,9957.428291,23.19120276969789,27.926139219315775
211740,9968.706979966766,23.193823338401316,27.936325810700666
211800,9977.135528195768,23.19657686524569,27.946526730728745
211860,10009.825266565855,23.19967866537618,27.959070893450534
211920,10021.655933952401,23.20305955,27.972245552669797
211980,10019.872751066807,23.206588795381816,27.98356745148539
212040,10030.971151760687,23.210135657931122,27.99055333299617
212100,10033.533268982623,23.21360342498263,27.99129916164819
212160,10010.139451158879,23.217125039127005,27.98868656909832
212220,9992.579503939745,23.220693159074244,27.984658885650745
212280,9980.730642402827,23.224259941902982,27.980585554109684
212340,9960.221642266364,23.227777544691868,27.977836017279394
212400,9969.935265758333,23.231217768776105,27.978141587305082
212460,9978.285349,23.234663508110806,27.983805182041703
212520,9975.559976518285,23.238080973022537,27.99253641982146
212580,9976.302621393505,23.241410138512663,28.001366613828402
212640,9993.006349277759,23.24459097958257,28.007327077246615
212700,9999.350378759053,23.24757942915762,28.00818013290714
212760,9994.549205617139,23.25044428106545,28.007227923062246
212820,9998.469472553064,23.253197015837525,28.00575995599211
212880,9982.979528549407,23.25583079231024,28.00427535159212
212940,9960.943018074295,23.25833876932002,28.00327322975769
213000,9950.914589,23.260714705295875,28.003330036129185
213060,9955.588827209376,23.26296616330367,28.005082951603057
213120,9990.300878466262,23.265114400866395,28.008085887447095
213180,10003.848052664971,23.267181251770747,28.01173969182207
213240,9987.118215282262,23.26918854980341,28.015445212888807
213300,9964.514566037455,23.27115484122918,28.018883365848996
213360,9953.704708066078,23.273071275551498,28.02325301306579
213420,9955.639510830002,23.274933939344745,28.02798028
213480,9957.038263,23.276742145428813,28.032108532006365
213540,9971.775404452437,23.278495206623607,28.034681151429265
213600,9986.283227,23.280192615243045,28.034960137467067
213660,9974.351694760346,23.281836895438598,28.034013378075585
213720,9961.928106781394,23.283432847016716,28.03255381365553
213780,9950.63802,23.28498529674461,28.03107770713776
213840,9948.718600202856,23.286499071389507,28.03008132
213900,9960.842153715985,23.287985741188812,28.03012863579112
213960,9964.543981511202,23.289479095771625,28.031707085925586
214020,9951.791540390775,23.29094649576031,28.034140491578434
214080,9942.755580181098,23.29234419107713,28.036601476441543
214140,9956.758536791804,23.293628431644375,28.038262664206822
214200,9947.962388853079,23.294765904567164,28.03801115197421
214260,9913.951231,23.29580477266348,28.03408945339104
214320,9904.934967,23.296768405698863,28.028043596577042
214380,9888.791964474955,23.297669203102572,28.021929218529777
214440,9887.932399007082,23.298519564303884,28.017801956246853
214500,9908.418550780378,23.299331776348918,28.017599888144183
214560,9911.284334038606,23.30011090931947,28.021163467629215
214620,9900.371603071637,23.3008518,28.02665723285746
214680,9894.799958805857,23.301548546076393,28.032213262141923
214740,9926.072137102754,23.30219527361332,28.035963633795653
214800,9956.658584951532,23.302792077186467,28.036424288250714
214860,9949.433091902098,23.30336930143794,28.03518677046208
214920,9923.269526,23.303915736676636,28.03306178967127
214980,9894.757024649429,23.304411698866012,28.03046704
215040,9896.221132515002,23.304837503969548,28.027820212666818
215100,9907.061527,23.305181378954597,28.02533462
215160,9890.417201,23.30548443966699,28.022129345793715
215220,9897.370513109907,23.30575431731574,28.018639664722215
215280,9902.127317295817,23.30598915553365,28.015581950883735
215340,9886.071483,23.306187097953565,28.013672582078936
215400,9880.045286475919,23.306347533089593,28.01351001
215460,9884.090415,23.306480591821423,28.014554876755412
215520,9885.748665226683,23.30659514542054,28.016188063433624
215580,9895.134633048252,23.306698892151378,28.01788567026816
215640,9905.570509607038,23.306799530278376,28.019123800684977
215700,9909.087291207255,23.306906776276453,28.019521369301515
215760,9907.474727078768,23.307031884314164,28.01972232
215820,9910.366121313513,23.307157756388907,28.01988258555696
215880,9913.425669083752,23.307263293252618,28.019996091615297
215940,9898.450514422944,23.30732739565725,28.020056782145154
216000,9890.147359525608,23.30732012168792,28.019128837198505
216060,9891.241665280226,23.30718062317036,28.01212928946444
216120,9891.874183577615,23.30693222670218,28.00133848990005
216180,9873.951429109145,23.30661259420116,27.990425391889506
216240,9831.556342250944,23.306259387585087,27.983058948817025
216300,9814.72525,23.305882787668097,27.98184889594402
216360,9827.005623345241,23.305350285684877,27.981863935467718
216420,9820.784382942005,23.30471368698305,27.981894436677702
216480,9824.832662374072,23.30406318077973,27.981940297001497
216540,9836.566551988255,23.303488956292036,27.98200141386666
216600,9835.815976,23.303051309926083,27.98284270898239
216660,9846.213730965359,23.302621898619105,27.988705991060606
216720,9859.805122932576,23.302217478185753,27.997881317614365
216780,9879.154272573754,23.301892136648156,28.007524709975733
216840,9904.740066719376,23.30169996202845,28.014792189476818
216900,9900.571785900493,23.301674076528624,28.01759857841502
216960,9882.001228545741,23.301703855233704,28.01931097005494
217020,9879.225966941993,23.30176148157819,28.020713249849845
217080,9898.250926980794,23.301843809610595,28.021729440023833
217140,9906.739388534585,23.30194769337948,28.022283562801057
217200,9913.950384800632,23.302110993903934,28.02204656012251
217260,9920.744794,23.30256943468852,28.01967482806778
217320,9887.705814032432,23.303258757827845,28.01601846537188
217380,9863.945655277515,23.304055438438585,28.012320662977864
217440,9866.434744451617,23.304835951637465,28.009824611828826
217500,9873.271860885257,23.305507206631024,28.009422317262104
217560,9859.701087444457,23.30618636835312,28.00948431535346
217620,9855.566252089215,23.306873034191312,28.00957989
217680,9879.076144108647,23.307531200017245,28.00967655637757
217740,9882.700745,23.30812486170258,28.009741804223285
217800,9867.622592025233,23.308623059023994,28.009700165077177
217860,9874.265142674274,23.30904731934549,28.009308779537587
217920,9871.506335209984,23.30942891766776,28.008705402995197
217980,9872.187481,23.30979556,28.008095188033348
218040,9880.951877970248,23.310174958088993,28.007683287235423
218100,9838.463341869008,23.310586676490693,28.00810537745503
218160,9827.589254072345,23.310998530478564,28.011841823106646
218220,9841.742600920006,23.31141718177229,28.01783806387214
218280,9857.339135007853,23.31185940372235,28.02438654554932
218340,9899.701643948385,23.31234196967927,28.029779713936016
218400,9914.045252641097,23.31288694266712,28.032748720502454
218460,9913.447138169207,23.313527598318217,28.03514124341365
218520,9910.234579344864,23.31423480335468,28.037252242279923
218580,9915.142749,23.314969887078618,28.038874815430262
218640,9920.678849178308,23.31569417879217,28.03980206119369
218700,9916.136746772743,23.31638147680781,28.039463963951683
218760,9909.303380524554,23.31708233,28.035880060381537
218820,9901.346621031005,23.31778358227388,28.03029226
218880,9881.423775254118,23.318456222026516,28.024512451004917
218940,9862.450436566007,23.319071256342184,28.02035251878076
219000,9870.396362848947,23.31960847895504,28.019125572537597
219060,9891.413391371208,23.32010744211085,28.01856846824357
219120,9894.671519780493,23.320572118309958,28.01812875164171
219180,9895.998957019608,23.320996066874695,28.017820189473436
219240,9883.581902,23.321372847127407,28.017656548480158
219300,9876.829929,23.321695565227603,28.01773798852115
219360,9897.754467,23.32196534,28.018576637009833
219420,9892.713598901757,23.322203531447386,28.020044524745558
219480,9858.660412024918,23.322433476457785,28.021888173128197
219540,9861.120817131716,23.32267853013646,28.023854103557643
219600,9869.703687488018,23.32295455880631,28.025753267115505
219660,9876.239191226334,23.323232041415046,28.027862744924164
219720,9887.951790443518,23.323520837497334,28.030245545137173
219780,9885.176357773506,23.323840396987958,28.032892085340226
219840,9891.694164804749,23.324210169821725,28.035792783119053
219900,9893.618424219094,23.324655066268875,28.038944100502874
219960,9892.874679,23.32521805033981,28.042413682147764
220020,9894.495833580666,23.325888400111104,28.046294579568837
220080,9922.198592736924,23.326646405308633,28.050676664354185
220140,9945.169762710802,23.327472355658283,28.05564980809196
220200,9954.836038283303,23.328356897368923,28.06180929145154
220260,9985.712671101677,23.329355857994756,28.071691798618403
220320,9990.867899,23.330474507436293,28.08331281267735
220380,9989.690856160842,23.331705158754257,28.09389160274532
220440,10001.475920939756,23.333040125009376,28.100647437939315
220500,9997.077293683458,23.334487616196302,28.101674116299353
220560,9981.177014299516,23.336135211561572,28.101277080558646
220620,9984.386728794376,23.337958614359806,28.10066499342664
220680,9989.218587605534,23.339910904564384,28.10004596915297
220740,9984.054823714829,23.341945162148704,28.099628121987298
220800,9986.630271,23.34403520162873,28.099606292958015
220860,10013.506829758417,23.346274297431776,28.10000883069495
220920,10012.496205772775,23.348636212149408,28.100791423789925
220980,9997.958706028132,23.351067308052784,28.101915397668616
221040,9988.297105245774,23.353513947413102,28.103342077756775
221100,9992.029164560774,23.35593204195465,28.105751721142713
221160,10025.868757371096,23.358355509372693,28.11321199523631
221220,10046.602127043885,23.360801316604356,28.124396260341058
221280,10058.823797168036,23.363276850866104,28.136928034594053
221340,10064.196429810741,23.365789499374404,28.148430836132416
221400,10070.729129032194,23.368346,28.157092547236488
221460,10073.541752805062,23.370945461528247,28.165119739587908
221520,10077.274958378557,23.37358442519996,28.17273725610993
221580,10081.177550560966,23.376259769683305,28.179525585971867
221640,10081.468325255984,23.378968378375248,28.185065218343095
221700,10087.37476139784,23.381715937280493,28.189158051217216
221760,10083.887400947428,23.38454367848808,28.19292906430539
221820,10083.32695865058,23.387416960952365,28.196305697681925
221880,10081.60016,23.39028750529401,28.198929079103564
221940,10084.429261902094,23.39310703213368,28.200440336327063
222000,10084.372113538719,23.395842178599942,28.200494160543336
222060,10084.960936843028,23.398553736566164,28.19919733128192
222120,10085.159053074549,23.401230132827774,28.19719808430757
222180,10060.347177765949,23.40384116854591,28.19517617869731
222240,10046.474039481249,23.406356644881743,28.193811373528188
222300,10045.824808647469,23.408761314577674,28.19385874678852
222360,10059.68074808361,23.41112261,28.19589053740276
222420,10063.265188621637,23.413416041286343,28.199022831960654
222480,10054.729772600916,23.415596908302344,28.202190626645752
222540,10057.645703199953,23.41762050695805,28.204328917641636
222600,10043.981020007377,23.419473259661384,28.204543430226856
222660,10027.760289895095,23.42130262273274,28.20341295784525
222720,10026.655819554153,23.42304633708402,28.201343226498174
222780,10027.75877814892,23.42459859299468,28.198579064845134
222840,10021.004338280694,23.425853580744178,28.195365301545657
222900,9990.179977445492,23.426758205593604,28.191318272400636
222960,9980.818507106715,23.427580173078237,28.18326565718042
223020,9980.350144217635,23.428311660719665,28.17303691421094
223080,9974.208133001846,23.428877443772937,28.16340210520177
223140,9946.774107,23.429202297493116,28.157131291862505
223200,9921.879795857552,23.429243730611592,28.156160365997568
223260,9916.799482533232,23.429182192233952,28.156493789681754
223320,9911.407994,23.429066377532237,28.157079204295936
223380,9915.722560006512,23.428906267115163,28.157817772179122
223440,9935.322457562554,23.428711841591454,28.158610655670337
223500,9951.726910225962,23.428458747951293,28.15943848825535
223560,9952.149089134975,23.427951505191984,28.160667129565756
223620,9940.121893675376,23.427236739904792,28.162084011502113
223680,9940.986735447992,23.426409978075416,28.163361941187382
223740,9949.593924160325,23.425566745689583,28.164173725744554
223800,9930.666437249547,23.424778246362745,28.163578278463003
223860,9923.129258,23.423948538440783,28.157976358589362
223920,9916.958525,23.423077108352913,28.148763228008516
223980,9876.785106226353,23.422192011937398,28.138261594019948
224040,9864.154430196175,23.42132130503251,28.128794163923164
224100,9861.357580392612,23.420492689683176,28.122085164188718
224160,9834.642792272687,23.419710218688742,28.115743978863534
224220,9831.070860731408,23.41894417427768,28.109724742343612
224280,9856.052736325728,23.418162448570005,28.10468430427863
224340,9856.671764151113,23.417332933685728,28.101279514318293
224400,9852.581042412183,23.416425439709602,28.09989472172748
224460,9845.468084865313,23.415439026315326,28.099063571311824
224520,9830.150603734231,23.41439185513315,28.09842520989608
224580,9823.034871890386,23.413301959774632,28.097941768359156
224640,9829.588881,23.412187373851364,28.09757537757997
224700,9850.101006918143,23.411042425663698,28.097283051394495
224760,9864.057621832073,23.40975862041462,28.097013046910646
224820,9884.726201882924,23.408420027232662,28.09677745650923
224880,9890.344034429045,23.407146504535532,28.096597875090794
224940,9871.278906998941,23.40605791074096,28.0964959
225000,9864.095614151884,23.405226048008046,28.097516035736692
225060,9902.701636,23.404429299379572,28.105253285586553
225120,9896.111754013804,23.403695618969238,28.117181358010896
225180,9888.833678215366,23.403114278198718,28.129244618260213
225240,9936.851857027395,23.402774548489713,28.137387431585026
225300,9946.65291,23.402731936045956,28.13863073
225360,9919.193345675123,23.40280594,28.137866304043474
225420,9914.212951828595,23.40294194103654,28.136545278993204
225480,9915.150542637874,23.403124473867056,28.134916717929027
225540,9915.127607589699,23.403338061039033,28.133229687234543
225600,9919.240635735836,23.403599108208475,28.131700874068983
225660,9904.321263110673,23.404074352128774,28.13022062352401
225720,9884.359485617148,23.404691526513318,28.12863427161751
225780,9884.578975,23.405331827208425,28.12681145795949
225840,9896.449652101874,23.40587645006045,28.124621822159977
225900,9885.553061,23.406240734500326,28.12170245518369
225960,9840.87274,23.40657069056751,28.116781422142438
226020,9835.958870850396,23.406871793845802,28.11064098681254
226080,9856.194625,23.407108889829555,28.10442768428046
226140,9856.615299992558,23.407246824013168,28.099288049632687
226200,9851.529384135183,23.407246294946503,28.096083801427614
226260,9848.772462969402,23.407072734035857,28.093581964609132
226320,9848.978673882191,23.406762907672817,28.091439338544276
226380,9855.420502605155,23.40636284749064,28.08962910208416
226440,9841.989893279282,23.405918585122595,28.08812443407991
226500,9823.320803394683,23.40544531332778,28.08686385151066
226560,9818.453775371503,23.40479208429855,28.085637827860747
226620,9823.016236422018,23.404004815209614,28.084522221576435
226680,9838.764806,23.403171701456138,28.083645526850805
226740,9845.836397629466,23.40238094,28.08313623787695
226800,9839.925517,23.40168670191153,28.083413947473435
226860,9844.448135848657,23.400946221769203,28.086159583348245
226920,9828.639564521312,23.400211247122286,28.09068721955703
226980,9830.831967,23.39957835839479,28.095871266861668
227040,9864.745748663987,23.399144136010765,28.10058613602405
227100,9888.802806676462,23.39896763124185,28.104004494075934
227160,9903.974212,23.39885409297188,28.10731808971237
227220,9934.064526120123,23.39876281,28.110497834791186
227280,9946.561107629803,23.398697695448853,28.113160264138447
227340,9929.743097573244,23.398662662796315,28.114921912580215
227400,9881.859146034938,23.39868659726286,28.115542576583035
227460,9882.475164657742,23.398920685384734,28.115797705540132
227520,9896.591224,23.39933643201837,28.115952278317092
227580,9875.754532,23.399869489481027,28.116107115255517
227640,9876.840340473602,23.400455510089987,28.116363036697038
227700,9908.699729842394,23.401057741686945,28.117189867741605
227760,9907.949686784177,23.401809146317085,28.120724051457245
227820,9911.290355850293,23.402701400526052,28.126213945784663
227880,9915.823912,23.403691132119018,28.132359533173258
227940,9927.239822,23.40473496890119,28.13786079607243
228000,9939.858099423769,23.405816774262735,28.14177963
228060,9900.512496678115,23.40706107199431,28.145589373924903
228120,9901.712336042927,23.40840846843124,28.14921819262055
228180,9929.986367612013,23.409761429212004,28.152159132085256
228240,9946.116693189648,23.411022419975108,28.153905243259274
228300,9949.840849770682,23.41212259934782,28.153188445299364
228360,9922.891579167277,23.413181445376246,28.14583138942959
228420,9904.855069188528,23.41419117698779,28.134489440165012
228480,9892.513114898265,23.41510913819446,28.123018945952204
228540,9865.994029333613,23.415892673008287,28.115276255237774
228600,9865.493529315874,23.416516245873225,28.114119955768853
228660,9865.456755,23.417067167002614,28.115052750590646
228720,9847.900352,23.417557609455415,28.116664850550702
228780,9857.459034559677,23.417979000719274,28.118652441627816
228840,9883.077982,23.41832276828188,28.120711709800812
228900,9885.350390694319,23.418581351737917,28.122592078889312
228960,9884.067524411395,23.418768601440465,28.124491947695045
229020,9873.032320714512,23.418918349857268,28.126538570347254
229080,9869.341483280503,23.419065152088642,28.12880765814775
229140,9892.989951,23.41924356323495,28.131374922398365
229200,9914.865652565615,23.41948600657377,28.134512684757826
229260,9951.785978235383,23.41979748945673,28.13922572957189
229320,9989.222432710876,23.420170230014737,28.144722312479804
229380,9988.774870393205,23.420597262399728,28.149897941544136
229440,9953.243359608088,23.421071620763662,28.15364812482751
229500,9929.404347934227,23.421600131619822,28.15521234626577
229560,9920.739958728267,23.422256189997164,28.15623240173255
229620,9917.113564579518,23.423012326225283,28.157064274280213
229680,9907.712491408854,23.423821139189847,28.157664996475727
229740,9918.875558,23.424635227776527,28.157991600886117
229800,9935.560436234357,23.42541506716533,28.157747317852806
229860,9935.573893429364,23.426187975063456,28.155568500374116
229920,9945.122718351802,23.426971437509962,28.152209542968123
229980,9941.846080034242,23.427775370389387,28.148812516532207
230040,9908.150124534968,23.42860968958628,28.146519491963776
230100,9907.505319,23.429478041421287,28.14661288692173
230160,9918.862624209396,23.43035441309009,28.15035239755351
230220,9931.010629613931,23.43125963714682,28.15681126605819
230280,9961.636699348708,23.432223685781132,28.164767343023545
230340,9972.496260015469,23.43327653118276,28.172998479037386
230400,9990.300733478902,23.434448097411174,28.180648108249144
230460,10004.84121679233,23.43575578850301,28.189223071226394
230520,9991.710549256075,23.43719699941258,28.198549099981932
230580,9992.137012000661,23.438767569824552,28.208002815797936
230640,10015.942905671858,23.44046334,28.216960839956624
230700,10045.384192451358,23.44229977639343,28.225160607506602
230760,10061.16845737529,23.44438397439703,28.234187525061447
230820,10077.472622140678,23.446674327192852,28.24316483113981
230880,10072.222557420302,23.44910045187476,28.250708433861288
230940,10072.659603033393,23.451591965536654,28.255434241345487
231000,10084.455297089286,23.45410937894431,28.256511215031043
231060,10093.880155915105,23.456786268075117,28.256854032912877
231120,10097.183262614506,23.459569979241948,28.25711649782425
231180,10081.590563229995,23.462366382031515,28.257295527319844
231240,10066.952505423296,23.465081346030566,28.25738803895439
231300,10035.00744,23.46764491265605,28.257051651984035
231360,10009.189063393911,23.470152924693966,28.254441381878443
231420,10012.910658373954,23.472605874840415,28.250417278809433
231480,10007.870066920248,23.47497582229953,28.246347568225463
231540,9995.180935084732,23.47723482627548,28.243600475575022
231600,10006.808228488322,23.479367330995988,28.243677117978443
231660,10024.43296493494,23.48143082756166,28.247626895348834
231720,10035.843286804362,23.48341422,28.25371603961176
231780,10026.54921724731,23.485290287331534,28.25987419570992
231840,10026.897594643706,23.487031781785635,28.264031008586045
231900,10030.809729382374,23.48862557599506,28.264611942587553
231960,10003.634178882443,23.490141358879683,28.26378797231583
232020,10003.800606434137,23.491570135933788,28.26234514530007
232080,10018.678240151035,23.49288448405718,28.260531833028335
232140,10013.549658415472,23.494056980149686,28.258596406988694
232200,9971.784410704031,23.495072379197357,28.256600123690824
232260,9943.051889,23.49599557833301,28.253688115395885
232320,9950.117383880357,23.496837817477083,28.250352330643253
232380,9956.691825778551,23.497595563016844,28.247353397817495
232440,9956.678515,23.498265281339584,28.245451945303206
232500,9974.478428383492,23.49885333960363,28.24528364049535
232560,9987.007121385552,23.499414496901018,28.246288204475935
232620,9981.434769372527,23.499932111456733,28.24783688290146
232680,9971.842172932758,23.50037531396194,28.24940311340584
232740,9976.033690181785,23.50071323510783,28.25046033362303
232800,9982.284440772662,23.50092489789591,28.250262596295965
232860,9980.594896263654,23.501067576901676,28.247485226881103
232920,9956.064488762471,23.501176753537003,28.24320351643199
232980,9949.687662,23.501277647688525,28.238873278852733
233040,9948.113527,23.501395479242863,28.235950328047462
233100,9949.291947314094,23.50154876125499,28.23584084791537
233160,9949.506400511262,23.50171360818423,28.23880170274208
233220,9943.457276549701,23.50189856509424,28.243945174659867
233280,9979.773180319553,23.50212054309446,28.250334964799755
233340,9996.716743830473,23.502396453294352,28.257034774292798
233400,10009.891577860168,23.502766817410055,28.263636091918347
233460,10015.878929767276,23.503381188534064,28.272480496963507
233520,10022.211855808591,23.504208293095374,28.28238575101283
233580,10058.481797090766,23.505182086462945,28.29143371379993
233640,10069.736114178542,23.506236524005754,28.29770624505847
233700,10087.33191747361,23.50734382898967,28.299917569805025
233760,10094.421085200733,23.508685210648736,28.30117315499551
233820,10047.047269347107,23.510202265764462,28.302172924179477
233880,10016.583047116657,23.5117845,28.30288004221285
233940,10022.72085901619,23.51332142453532,28.303257673951563
234000,10060.973371139606,23.51473456388605,28.30244914884632
234060,10063.352954270533,23.516151993411043,28.296003646869554
234120,10036.484217383404,23.517553765296782,28.28606699
234180,10006.05927184534,23.518880532269147,28.276017710629425
234240,9975.054258378723,23.52007294705407,28.269234354734255
234300,9960.748390443012,23.521091529093244,28.268147361658237
234360,9970.237088697448,23.52202887737563,28.268387488354303
234420,9978.180133,23.522892277119038,28.26883426083998
234480,9982.590257853131,23.52366508989331,28.269443263235665
234540,9986.846371395608,23.524330677268317,28.27017007966179
234600,9967.512665411266,23.524892102031746,28.271161998182375
234660,9961.963852142913,23.525450758718986,28.27340862578422
234720,9975.146208152872,23.525969341040007,28.276360195760013
234780,9997.964288021201,23.526382501323052,28.279178941895566
234840,9996.195304361072,23.52662489189638,28.281027097976732
234900,9979.087104748642,23.526660924758474,28.280916033905083
234960,9954.045608975506,23.52665344745923,28.277665863582275
235020,9945.845655,23.526638479497947,28.27208961307882
235080,9948.698222212375,23.526616280890945,28.26528931605408
235140,9936.791035930797,23.526587111654553,28.258367006167447
235200,9917.139301144158,23.526511503264548,28.252083045977773
235260,9913.836452645699,23.526149104435813,28.245043835884893
235320,9902.666676052335,23.525534966993312,28.237517823220745
235380,9871.031311293225,23.524760346986707,28.230200443865208
235440,9862.544904567323,23.52391650046565,28.22378713369817
235500,9879.800260620104,23.52305371185833,28.21869274
235560,9886.942636991169,23.521979678525792,28.21365594107755
235620,9852.050227416643,23.52072742827957,28.208933895368524
235680,9852.452281262984,23.51938326827136,28.20514667812632
235740,9854.581851544426,23.518033505652866,28.202914362186483
235800,9855.328572516166,23.51673533690927,28.202841956743118
235860,9877.785158444507,23.515369737929884,28.20492087065298
235920,9899.149914346577,23.513971386700256,28.208356396338722
235980,9911.611511482528,23.512612306121678,28.212304071362844
236040,9898.932238,23.511364519095455,28.215919433287873
236100,9880.131920315021,23.510263786612203,28.21850273472161
236160,9880.156758,23.509146968569745,28.220573601686507
236220,9903.658245404924,23.508076535201365,28.222456506965667
236280,9913.696448448627,23.50716420090695,28.224335675158244
236340,9914.808481,23.506521680086415,28.22639533086342
236400,9915.144939,23.506213699139508,28.228932510355197
236460,9910.222460745288,23.50599231187843,28.232533264255906
236520,9910.646346833048,23.50581088394759,28.236535324088315
236580,9946.083520432867,23.505679326862367,28.240079615411545
236640,9955.462662493679,23.505607552138194,28.242307063784722
236700,9922.694920743397,23.505622393754194,28.242395804512476
236760,9896.470470026721,23.505826046397058,28.24042165969567
236820,9903.380678335889,23.506186484949385,28.23737823434326
236880,9906.815115746498,23.506646394451067,28.234300316070343
236940,9905.465615143092,23.507148459942034,28.232222692492023
237000,9920.108931047846,23.507658496965995,28.232147384926584
237060,9931.978164,23.50828552,28.234296928836656
237120,9936.558321785855,23.50902168,28.238103906461266
237180,9938.155817483395,23.509829878500938,28.242966090187423
237240,9954.085573,23.510673015587976,28.248281252402148
237300,9957.384844,23.511523149359714,28.25404529420187
237360,9946.950842674665,23.512418490054294,28.263077117836037
237420,9957.718000975021,23.513366643164616,28.27371565337883
237480,9996.950164863967,23.51436488183875,28.28342702724194
237540,10023.747494685265,23.51541047922479,28.28967736583709
237600,10034.424091229721,23.51650369,28.29077314041149
237660,10036.479320726412,23.517661150729634,28.29086835690842
237720,10029.962874409977,23.518880881254365,28.290940283455214
237780,10013.596559020363,23.520156861735206,28.290988709311502
237840,9991.830268,23.521483068299712,28.29101342373696
237900,10005.787510361974,23.522866878728802,28.29089829222239
237960,9998.887758819623,23.524372768971848,28.28999562862364
238020,9961.029876077197,23.525954639681082,28.28855182386301
238080,9950.98249,23.527546021756855,28.28698448726571
238140,9971.290859288276,23.52908044609952,28.285711228156956
238200,9975.977891,23.530513737897767,28.285064733611488
238260,9977.635246962494,23.531938412904054,28.284694578481755
238320,9992.954853351224,23.533332145891364,28.28441862082194
238380,9985.456467939885,23.534644240297293,28.28414131
238440,9972.170846,23.53582399955946,28.283767095219492
238500,9983.735768786833,23.53683282087117,28.283107861247043
238560,9986.449356771933,23.537728474845455,28.281652645411622
238620,9955.521880979884,23.538543261662245,28.279772747056807
238680,9943.452988015526,23.53929702993975,28.277989616767314
238740,9941.189780065772,23.540009628296215,28.276824705127883
238800,9957.094163578868,23.540692894077313,28.277092836987965
238860,10013.10596058968,23.541315841278557,28.280589988384225
238920,10048.452080565332,23.541899182543624,28.286246168783943
238980,10032.856739771274,23.542474657962963,28.29250993439294
239040,10000.99256591899,23.543074007627048,28.297829841417045
239100,9978.670431105793,23.543720670493926,28.30097031135419
239160,9964.406357996353,23.544383101126623,28.303190685927092
239220,9979.782147548716,23.545065739534184,28.30504834
239280,9983.073410487814,23.54578304897103,28.306772508090994
239340,9985.311307049757,23.54654949269159,28.30859242306879
239400,9994.109151163793,23.547380595503352,28.310699604844093
239460,9996.011056,23.548288807325505,28.31296755
239520,10003.456076588842,23.54926522981596,28.31532023570377
239580,9983.335708562689,23.550298346481856,28.31771813104331
239640,9986.509531,23.551376640830377,28.320121722740137
239700,10025.475318308962,23.552494032918492,28.322484382133513
239760,10040.080501019205,23.553676600954343,28.324764493519584
239820,10044.25283807773,23.55492047274532,28.32703762160743
239880,10041.047835786276,23.556214702347283,28.329394808405347
239940,10031.633987805115,23.557548343816112,28.331927095921657
240000,10032.322472394717,23.558917926130945,28.334858470325656
240060,10038.57418234683,23.560357992036906,28.33884846
240120,10036.664930640865,23.561851627901078,28.343242853974026
240180,10023.398613684292,23.56337137405249,28.347168046283986
240240,10028.389296629373,23.564889770820184,28.349750446112196
240300,10055.500859631285,23.56638516655605,28.35040507188622
240360,10059.195721525157,23.56787911238949,28.350582108191375
240420,10062.034992634595,23.569375822764947,28.35068519967868
240480,10049.763187961948,23.57087312492478,28.350785830786407
240540,10029.46575267145,23.572368846111384,28.350955485952866
240600,10030.076493008206,23.573866898639714,28.351622298945138
240660,10047.774677713598,23.575395421202543,28.354745530923765
240720,10059.252676355027,23.576929529624504,28.35936101666385
240780,10059.449702015527,23.57843486606917,28.363964039644745
240840,10069.987373543992,23.57987707270013,28.36704988334582
240900,10047.277757764614,23.581245674268075,28.36739225982699
240960,10024.543335708182,23.58264818851704,28.366055361299036
241020,10018.451936225196,23.584021991945107,28.36363583249191
241080,10013.48551282681,23.58527030837549,28.360453135914494
241140,10003.750586158054,23.586296361631415,28.356826734075682
241200,9993.834769077046,23.587047294934973,28.35249596546998
241260,9981.137039,23.58773901864906,28.344591070269008
241320,9982.691750604008,23.58836036,28.334801039054298
241380,9960.064913074375,23.58884419254801,28.32567844121332
241440,9932.963381,23.589123382341924,28.319775846133574
241500,9932.769667627506,23.589160357010456,28.318954391895844
241560,9958.303578266386,23.589117714413412,28.32000121811005
241620,9973.733191396821,23.58903721040921,28.32188200406392
241680,9978.974554416533,23.588925494035855,28.324331959269283
241740,9976.401708088368,23.588789214331378,28.327086293238036
241800,9978.292188709012,23.58860472,28.330270656719854
241860,9980.618404251429,23.588203289417038,28.335788290605745
241920,9973.648931767802,23.58763975967804,28.342510027302488
241980,9984.773805935758,23.587012909040567,28.34872833870095
242040,9995.788357276873,23.58642151666589,28.35273569669202
242100,10006.404236483244,23.58592984784646,28.352606464695256
242160,10002.791325684799,23.585395352532593,28.346830659267052
242220,9968.178592973549,23.58486121319949,28.337926432727482
242280,9933.348576857923,23.58441516824734,28.328921289377856
242340,9929.332151,23.584144956076365,28.32284273351952
242400,9934.261379620455,23.584113456306515,28.32241060749032
242460,9930.072377513934,23.58420094802212,28.32677831422688
242520,9941.676505,23.584365741431288,28.333900090897703
242580,9985.759824557217,23.584593789992873,28.341899537478216
242640,10018.364370278485,23.58487104716576,28.34890025394386
242700,10030.881936260077,23.58523522,28.353521074167343
242760,10026.315693510594,23.58597941277054,28.357781510671828
242820,10011.963310280846,23.587027615919826,28.36175371890652
242880,9994.311818337948,23.58822976873673,28.364927800511012
242940,10016.980845397424,23.589435812984053,28.366793857124907
243000,10035.761750518051,23.590533556726147,28.366989763622524
243060,10036.034760648818,23.59167025829401,28.366288688237557
243120,10039.959183045901,23.592843332855914,28.365082500279787
243180,10048.993311386781,23.594005615457345,28.36360533166621
243240,10018.914303617124,23.595109941143846,28.362091314313858
243300,10002.572710676002,23.596123670350266,28.360663422484897
243360,9993.933691223327,23.597107711686967,28.358842696967844
243420,9960.734870931567,23.598055591875465,28.356854658737127
243480,9949.173516,23.598942946620298,28.355076811143494
243540,9964.986842,23.599745411626024,28.353886657537718
243600,9980.592183320961,23.60045599776188,28.353540083497705
243660,9969.784137852446,23.601158448267817,28.353426025001287
243720,9968.925992942086,23.60182082664834,28.353358911401358
243780,9974.761909483797,23.602386996061185,28.353291902737915
243840,9974.851034293184,23.602800819664097,28.353178159050966
243900,9977.105120218564,23.603031368447887,28.352727774943435
243960,9967.238592656351,23.603212284026885,28.35050472227819
244020,9957.940027795441,23.603363956645694,28.346895315357486
244080,9950.887465826454,23.603476021989085,28.342640697974325
244140,9936.603666522644,23.60353811574186,28.33848201392173
244200,9937.895104924119,23.603521698178998,28.334881990694885
244260,9939.107056575447,23.603317411074574,28.33068744682095
244320,9924.775554,23.60296025575958,28.326330341426157
244380,9900.445446566466,23.602512412002675,28.322608989764195
244440,9899.766156006015,23.602036059572537,28.320321707088794
244500,9913.782962070913,23.60157526403564,28.31999384768096
244560,9926.317619037143,23.601051716981594,28.320218075109473
244620,9942.712399945925,23.600461673973058,28.32056375362042
244680,9945.442670528637,23.599822946556426,28.32091334990821
244740,9930.170785709823,23.59915334627811,28.321149330667282
244800,9915.783886505436,23.59846132038945,28.320729658332425
244860,9922.609677576598,23.597704059394175,28.317303287403284
244920,9922.635516,23.596897193785495,28.31202104870239
244980,9907.117862550447,23.59606909,28.30667894329917
245040,9898.526177298705,23.595248094959533,28.303072972263084
245100,9882.887051,23.59445821969804,28.30252012167058
245160,9891.423819211679,23.593684864201254,28.302821421266138
245220,9900.340945532693,23.59291631975846,28.303285917497618
245280,9902.704270177877,23.592144868668314,28.30375568
245340,9902.761212,23.59136279322949,28.30407277095509
245400,9905.656385113047,23.590559527007127,28.30365772350409
245460,9920.288166,23.58971993,28.30016620356103
245520,9925.248468154523,23.58886487417395,28.29478352837799
245580,9906.192153,23.58802058805659,28.289339848187197
245640,9869.002539993884,23.587213282104344,28.285665313220907
245700,9872.873479087859,23.58646440011005,28.285319376247323
245760,9887.934619739899,23.585755545164297,28.28725126
245820,9900.560623494286,23.585075353340365,28.290229534979733
245880,9907.410385608691,23.58441713241363,28.29324156406466
245940,9896.177215040403,23.58377419015953,28.295274711825765
246000,9908.282730678333,23.58313931008128,28.29525165609628
246060,9912.584975080494,23.582508195104165,28.292579996973064
246120,9904.780153704605,23.581889412669923,28.288461253991613
246180,9877.974995027225,23.58129300848589,28.284295830885693
246240,9865.526085637526,23.580729028259412,28.281484131389096
246300,9870.036594649828,23.58020088358541,28.28106441977477
246360,9874.596603406933,23.57967780775006,28.281412955364353
246420,9869.180570822311,23.579173972483005,28.28203958934847
246480,9872.720947673572,23.578712851042436,28.28285662
246540,9884.170635,23.578317916686576,28.283776363124264
246600,9888.995472702738,23.578003953436134,28.28484297108269
246660,9902.516990714244,23.577727412072612,28.28670017274229
246720,9903.756093606482,23.577481121856266,28.288966267180996
246780,9878.144750517295,23.577268301017092,28.29106412157477
246840,9886.307776700993,23.57709216778511,28.292416603099593
246900,9898.791125466623,23.576950763834304,28.29240779312155
246960,9881.067554753388,23.576815508119005,28.29071823070335
247020,9862.956286782482,23.57669296166061,28.288113529642807
247080,9846.849942133036,23.57659694953979,28.285479307980882
247140,9858.830507525592,23.576541296837263,28.28370118375858
247200,9868.700425158924,23.57653530929165,28.28353981524633
247260,9859.540861,23.576553377894264,28.284519740655625
247320,9866.684686811011,23.576581233218164,28.286030435214975
247380,9868.474949,23.576609404242745,28.28755825135981
247440,9889.457231701246,23.576628419947426,28.288589541525557
247500,9897.970582246002,23.576621821446118,28.28828844889683
247560,9891.661608,23.57654471612742,28.28477056474621
247620,9885.266033229334,23.576412084938845,28.27934724538297
247680,9880.439703,23.576249706951312,28.27386246
247740,9863.342779975857,23.57608336123578,28.27016017926102
247800,9845.105535897264,23.57592576,28.269692802552647
247860,9861.881609805712,23.575720322074957,28.270844232210212
247920,9885.615988136142,23.575495600134307,28.272908979379437
247980,9888.287134097667,23.575298211894975,28.27559156672939
248040,9895.766972942862,23.57517477121452,28.27859651692917
248100,9882.394837120377,23.57516519762363,28.282041278307215
248160,9862.938958513634,23.575246008263782,28.287930356381203
248220,9854.055737530847,23.57539115561747,28.295072986096855
248280,9874.384747,23.575580154800367,28.301667674636708
248340,9918.697462089607,23.575792520928175,28.30591292918332
248400,9918.175953129587,23.576021493660217,28.306298463067563
248460,9899.333304551512,23.576336742235508,28.30407548052543
248520,9913.521825529506,23.576724449555876,28.300612481605317
248580,9902.833478711604,23.577152312307444,28.297036446795076
248640,9888.933309935785,23.57758802717638,28.294474356582583
248700,9903.829764,23.57800810035488,28.293741891006153
248760,9911.716331275258,23.578447669112634,28.293423611639685
248820,9906.682039304394,23.578904144372522,28.29317328187104
248880,9891.313792561094,23.57936433691336,28.292998179386693
248940,9887.095655713787,23.579815057513976,28.29290558187315
249000,9897.855209898757,23.580248750246717,28.293029302840527
249060,9890.632710336704,23.580689277016198,28.294052065106523
249120,9888.942335435477,23.581126310320105,28.295628798780434
249180,9903.412431721059,23.581541941131203,28.297223402499753
249240,9912.853508,23.581918260422285,28.298299774902002
249300,9904.937116895664,23.582240425452508,28.298304033997606
249360,9901.718929729406,23.582522318194588,28.297012672255853
249420,9897.390557159957,23.58277847,28.29502185424164
249480,9886.231916905299,23.58302082753666,28.293008473121855
249540,9878.678759688457,23.583261329881314,28.291649422063415
249600,9878.207104998153,23.583505097149942,28.291559946433665
249660,9878.559465657838,23.583722615906822,28.29265877685847
249720,9905.735078984935,23.583931466544175,28.294654371273893
249780,9915.669313243461,23.584158866593913,28.29729152
249840,9914.804857121417,23.584432033587994,28.300315007526475
249900,9907.323129886376,23.584785112910527,28.303979316806593
249960,9919.02597,23.585271698049514,28.310823070795845
250020,9932.313922072077,23.585871538381088,28.319366085879324
250080,9925.393828464354,23.58655252200347,28.327368367839295
250140,9948.672897307837,23.58728253701493,28.33258992245806
250200,9979.910735,23.588043164535154,28.33350360021432
250260,9981.086257852845,23.588899026817632,28.333575058475216
250320,9959.084070126402,23.589842697913667,28.333629024985374
250380,9953.093323165003,23.590849205584732,28.33366535026058
250440,9952.811082821901,23.591893577592355,28.333683884816647
250500,9953.068643947954,23.59296540617202,28.332972656023394
250560,9948.360564477109,23.594130263963077,28.32763841
250620,9919.129026409326,23.595356633070622,28.319414898253978
250680,9899.256565368807,23.596592700145827,28.311098189374796
250740,9880.021586637602,23.597786651839904,28.30548433321317
250800,9890.511998214128,23.59890187,28.30515515554653
250860,9916.025910110742,23.60000006733707,28.30981929089518
250920,9945.283020451474,23.601073251289296,28.317704411805273
250980,9962.036993403832,23.60209477,28.327104571607695
251040,9968.465600723433,23.603037991622625,28.336313823633358
251100,9967.129600332115,23.603874079724047,28.344260139001065
251160,9979.690950467218,23.604592729050076,28.353565517875243
251220,10003.272314095946,23.6052476,28.363267348061346
251280,9994.776661234606,23.605899343848566,28.371570830867146
251340,9993.991999043235,23.606608593868728,28.37668116760044
251400,9992.600054139548,23.60742431103435,28.377429265863547
251460,9986.817839311589,23.60830925045311,28.37704023162892
251520,9994.972627286676,23.609262221486766,28.376440479957964
251580,9979.612887187217,23.61029497689907,28.375833930950336
251640,9983.158882,23.61141926945379,28.375424504705745
251700,9989.224100738238,23.612659796512382,28.375797963569376
251760,9976.919332617545,23.61409213551361,28.37912525
251820,9982.934622660345,23.615677982900177,28.384357737751557
251880,10004.741822458273,23.617358795328954,28.389860899851257
251940,10021.680683195122,23.61907602945682,28.394000217512737
252000,10029.727209652921,23.620796313162376,28.39557723864084
252060,10032.638869930746,23.622627247119137,28.39652777073245
252120,10035.05354669624,23.62452464,28.397304659831946
252180,10024.902712008548,23.626410497771122,28.39786672912492
252240,10020.25469076363,23.628206832467686,28.398172801797017
252300,10005.19737344608,23.62985805443994,28.397930791899974
252360,9982.691018422236,23.631456788713134,28.395701905647915
252420,9960.033839965588,23.63299825872799,28.391988814475695
252480,9951.205966619957,23.634450615155433,28.387665282865335
252540,9953.224430476892,23.635782008666443,28.38360507529888
252600,9947.114771575265,23.63698793127738,28.380453759622434
252660,9927.598293,23.638199383120565,28.377314837106233
252720,9940.082687185932,23.639353290146204,28.374230411305163
252780,9945.083056,23.64034753598105,28.371514082595066
252840,9933.710542163048,23.641080004251897,28.369479451351825
252900,9938.185865070653,23.641492979975407,28.368339236747378
252960,9943.675258664012,23.64181940049003,28.36756973535884
253020,9927.125331501278,23.64209401,28.366971532726872
253080,9926.279631,23.64229746751649,28.366458003954662
253140,9933.508559225638,23.642410456480278,28.36594252414544
253200,9927.540986239892,23.642394420357302,28.36533344829767
253260,9941.103685255808,23.64213612,28.364588903507332
253320,9947.235907039303,23.641692886779843,28.36382635166887
253380,9942.865277983126,23.641152224667458,28.363180294592073
253440,9920.231381,23.640601638012672,28.36278523408676
253500,9907.700591070692,23.640093625656935,28.363140154472564
253560,9905.699518966374,23.639480493070806,28.366253086489973
253620,9917.947843451995,23.63881877690304,28.371052114474885
253680,9944.469735730441,23.638211469404606,28.375905532652286
253740,9965.313298511319,23.637761562826523,28.379181635247196
253800,9975.569125396629,23.63753767854164,28.379720440329997
253860,9990.247369540726,23.637372704679873,28.379719685523682
253920,9979.011316,23.63723515493328,28.379718521882282
253980,9977.152613670834,23.63713397716899,28.379717345052633
254040,9966.165082077467,23.63707811925415,28.37971655068164
254100,9951.005078398071,23.637130592068555,28.380104712738742
254160,9959.873301338164,23.637612283701824,28.383055379641558
254220,9972.965443140241,23.638443649885517,28.387756574065815
254280,9992.624495528027,23.63946661530042,28.39282364898352
254340,10004.230002690096,23.640523104627366,28.396871957366717
254400,9990.492425192939,23.641493167635502,28.398812162841086
254460,9996.744820200767,23.642528249812084,28.39988530412419
254520,9998.974126162195,23.643645785190433,28.400672503401378
254580,9981.805576905508,23.64481966810947,28.401447805252598
254640,9981.631629582589,23.64602379290815,28.402485254257833
254700,10000.262120315108,23.647239294106168,28.40415933324959
254760,10022.51091349882,23.64849603,28.40713147354299
254820,10033.458321281356,23.649793729865184,28.41100080962655
254880,10035.31832644781,23.65112349614665,28.415195174641987
254940,10016.73690166758,23.652476421770135,28.41914240173104
255000,10023.856505657393,23.653841842058444,28.422325193392215
255060,10026.298265237565,23.655210189279295,28.424890418873364
255120,10017.160780771115,23.656600659890888,28.427245401230454
255180,10040.899168849617,23.658036262007844,28.42977097683307
255240,10038.870584739057,23.65954000374485,28.432847982050816
255300,10032.474587834513,23.661134196206604,28.43712804912852
255360,10052.072198281343,23.662824325480624,28.44415783661858
255420,10055.572654724358,23.664598669877755,28.452821015856603
255480,10056.650775094136,23.66644473500744,28.46155545449699
255540,10074.153121877878,23.668350026479146,28.468799020194165
255600,10089.282320997123,23.670304456052307,28.47327945378779
255660,10081.106475666575,23.672319382964474,28.476217205481834
255720,10066.08431224243,23.674404865672663,28.478525052181492
255780,10070.862955998598,23.676568785885415,28.480841486858274
255840,10084.885505151005,23.678819025311277,28.48380500248373
255900,10083.789266021504,23.681170478314094,28.488424785731706
255960,10084.543032926449,23.68366223333196,28.49683157686051
256020,10132.222865468346,23.686266100488343,28.507338986928552
256080,10162.409733397026,23.688942479523117,28.517636658264088
256140,10154.61732907901,23.691651770176215,28.525414233195406
256200,10165.293415223297,23.694372028592365,28.529034345884767
256260,10177.135703875332,23.697178622859305,28.531593471649373
256320,10176.857309883006,23.700037837867598,28.53372821782058
256380,10157.601780600666,23.702892042274176,28.53529909733472
256440,10137.237098519452,23.705683604736006,28.536166623128135
256500,10125.56168,23.70837001069295,28.536176275257635
256560,10096.557468119558,23.71101145270617,28.535299881896435
256620,10086.823563472355,23.713606863412952,28.53394879673215
256680,10096.336750370294,23.716137263472227,28.532582398929044
256740,10098.744674708038,23.718583673542952,28.53166006765142
256800,10111.33974879012,23.720925712684842,28.53176065532669
256860,10140.268077183677,23.723155690451566,28.533798568335364
256920,10163.487723778302,23.72530840429226,28.537415017814883
256980,10167.291215128034,23.72742324971661,28.542046684721008
257040,10140.36156900719,23.729539622234327,28.547130250009545
257100,10130.835976784485,23.73168241155316,28.552419020828772
257160,10159.471281157872,23.733791706708924,28.559423274274145
257220,10182.451305494436,23.735889173560285,28.56771686905155
257280,10183.446355433063,23.738015484870743,28.57644636
257340,10181.12778876701,23.74021131340383,28.58475829004094
257400,10195.505629399946,23.742506911101547,28.591916310549504
257460,10216.99024933827,23.744864271660905,28.598304910550542
257520,10230.013676831893,23.74729183,28.604373121639842
257580,10238.580819204386,23.749810717051613,28.610474249869196
257640,10229.62395957064,23.752442045748563,28.61696160129044
257700,10213.384982921778,23.755219313160318,28.624503115909743
257760,10198.326321443206,23.758211489775302,28.634675644145272
257820,10210.84101829861,23.761356905607627,28.645744864863175
257880,10258.971241013689,23.764572806657284,28.65544116044768
257940,10272.04132104059,23.76777643892428,28.66149491328304
258000,10268.474237975828,23.77090594190429,28.661996735264406
258060,10237.106856085693,23.77404217999141,28.658605501974865
258120,10212.801251195599,23.77718262272526,28.653377432949004
258180,10192.643021010084,23.78030008453692,28.648090111157444
258240,10187.592597427043,23.783367379857516,28.64452111957084
258300,10182.029897687562,23.786371530347246,28.64462608225626
258360,10181.959616255595,23.7893744,28.649797866603876
258420,10198.15872114927,23.792344364171893,28.657770908635413
258480,10197.525272366569,23.795230077813507,28.66583431381804
258540,10222.269444311405,23.79798020863548,28.671277187618937
258600,10239.108109673462,23.800562497167366,28.67203084
258660,10228.934580387338,23.803061978904093,28.670922904256585
258720,10218.224870213902,23.80546598340734,28.669061811164024
258780,10200.953009914772,23.80773760889966,28.666865519550342
258840,10191.928095421294,23.809839953603607,28.664751990157814
258900,10179.700344888986,23.811800886270678,28.66311927238507
258960,10172.849254625624,23.81392884141209,28.66196072800138
259020,10177.042831034694,23.81600547735395,28.660903997478037
259080,10184.645881839617,23.81771461433529,28.659564690558533
259140,10168.236477362158,23.818740072595173,28.65755841698639
259200,10154.423995745745,23.815276050995987,28.540851487901378
259260,6149.900516,23.785914707886292,27.679806734602952
259320,0,23.733509647504608,26.330466865546807
259380,0,23.66585692702953,24.917463391374202
259440,0,23.590752603639665,23.865427822726428
259500,0,23.51186291811294,23.490602787770168
259560,0,23.408780758184044,23.310517767836245
259620,0,23.28443915097548,23.178721855202845
259680,0,23.1471916,23.068957828976778
259740,0,23.005391594519978,22.95496846826484
259800,0,22.864734750537608,22.81567071610715
259860,0,22.71413256,22.66988019646529
259920,0,22.555378984690737,22.52330568751551
259980,0,22.393585855709063,22.376152390597913
260040,0,22.233864995563426,22.22862550705258
260100,0,22.080024167595525,22.080443686261997
260160,0,21.92699075002938,21.929362385590828
260220,0,21.774943163482526,21.777333444099835
260280,0,21.62560233884798,21.627062748284104
260340,0,21.480689207018816,21.481256184638767
260400,0,21.341438899116557,21.341933830756002
260460,0,21.205797720676614,21.20631359031003
260520,0,21.073700234762924,21.074156243872533
260580,0,20.945658194440792,20.94601633271971
260640,0,20.82218335277553,20.822448398127804
260700,0,20.703679319619393,20.703889447810774
260760,0,20.589574385198624,20.589732718121844
260820,0,20.47933646,20.479441408721357
260880,0,20.37252977014837,20.37258555985225
260940,0,20.26871856,20.26873521175748
261000,0,20.167502681513746,20.167495025804417
261060,0,20.06886331905772,20.06884222097479
261120,0,19.972868279596415,19.972841280623445
261180,0,19.87956159820961,19.87953382506603
261240,0,19.788987309977106,19.788961474618176
261300,0,19.70116009835662,19.701137308277527
261360,0,19.61586423793921,19.61584872024358
261420,0,19.532951603297054,19.53294612629192
261480,0,19.452304750514266,19.452309560258218
261540,0,19.37380623567501,19.373819055978142
261600,0,19.29735337217436,19.297369860127745
261660,0,19.222927242643983,19.22294477299829
261720,0,19.150421793005822,19.150438754517005
261780,0,19.07971130191525,19.07972665
261840,0,19.010670048027656,19.01068329974341
261900,0,18.943183285584215,18.94319430262758
261960,0,18.877231846813093,18.87723958
262020,0,18.812786895394993,18.812790761343063
262080,0,18.749809367772635,18.749809541144966
262140,0,18.688260200388783,18.688257620827954
262200,0,18.628089742657973,18.62808600045581
262260,0,18.569203843948852,18.56920012040926
262320,0,18.511596710512627,18.511593746039072
262380,0,18.45527872045682,18.45527690901002
262440,0,18.40026025188899,18.40025964
262500,0,18.346547517313976,18.346547930047954
262560,0,18.29408988306467,18.294091638345822
262620,0,18.24280629815216,18.242809536027476
262680,0,18.192616873018718,18.192621395711633
262740,0,18.143441718106637,18.143446990017054
262800,0,18.09522860187621,18.095233773822304
262860,0,18.048067405971057,18.048071693371075
262920,0,18.001860034141046,18.00186297251115
262980,0,17.956469561479786,17.956471005938095
263040,0,17.91175906308092,17.911759188347506
263100,0,17.867618881617183,17.86761809897264
263160,0,17.824136360287184,17.824134753453748
263220,0,17.781307791966547,17.781305453770223
263280,0,17.739098712113947,17.739095842892112
263340,0,17.69747465618807,17.697471563789506
263400,0,17.656390976026863,17.656388091642217
263460,0,17.615783241363122,17.61578108398744
263520,0,17.575710160612022,17.575709035782783
263580,0,17.536249042106547,17.53624900422455
263640,0,17.497477194179716,17.497478046509066
263700,0,17.459447420372832,17.459448768089516
263760,0,17.42204753285036,17.422049183819155
263820,0,17.385267133908936,17.385268950571273
263880,0,17.34912506010855,17.349126901960705
263940,0,17.313640148009195,17.313641871602307
264000,0,17.278840141927585,17.27884157811821
264060,0,17.24475747846108,17.244758356278485
264120,0,17.21129598565283,17.21129615445421
264180,0,17.178341554311597,17.178341021109226
264240,0,17.145780075246165,17.145779004707396
264300,0,17.113530560018834,17.11352924931903
264360,0,17.08171900646128,17.08171766369201
264420,0,17.050307292648046,17.05030605465277
264480,0,17.01921566563453,17.019214621096562
264540,0,16.98836437247613,16.98836356191868
264600,0,16.957675286235798,16.957674725991065
264660,0,16.92713702722114,16.92713683529714
264720,0,16.896823922303764,16.89682415996517
264780,0,16.86681573694431,16.86681637542067
264840,0,16.837192236603446,16.837193157089168
264900,0,16.807999379333566,16.808000382906258
264960,0,16.77908964660909,16.779090565070153
265020,0,16.75051253870341,16.750513266387152
265080,0,16.722362403835564,16.722362891602693
265140,0,16.694733590224594,16.69473384546226
265200,0,16.66770917433659,16.667709242960452
265260,0,16.641245532625575,16.641245387872324
265320,0,16.61526167464537,16.615261308359358
265380,0,16.589683338889383,16.589682784312874
265440,0,16.564436263851047,16.564435595624243
265500,0,16.539480749673775,16.53948008255929
265560,0,16.514958484591546,16.514957933986377
265620,0,16.490782559164792,16.490782195196722
265680,0,16.466818046204242,16.466817891167594
265740,0,16.442930018520638,16.442930046876295
265800,0,16.419004472283017,16.41900462211299
265860,0,16.395111065945887,16.39511131932156
265920,0,16.371303440158055,16.37130378093463
265980,0,16.34761593145471,16.34761633203477
266040,0,16.324082876371055,16.324083297704608
266100,0,16.300706170027222,16.300706558230043
266160,0,16.277339455888896,16.277339739338903
266220,0,16.254087420760563,16.254087557061485
266280,0,16.231102733747544,16.23110272
266340,0,16.20853806,16.20853792231668
266400,0,16.186511651855618,16.186511443891764
266460,0,16.164885755764058,16.164885511681746
266520,0,16.143625590875267,16.143625331699226
266580,0,16.122734249339054,16.122733994690115
266640,0,16.102214823305257,16.102214591400354
266700,0,16.082094429816806,16.08209424088884
266760,0,16.062479155353866,16.06247904469076
266820,0,16.0432381,16.04323809053998
266880,0,16.024200767953406,16.024200851486498
266940,0,16.00519664331531,16.005196800580354
267000,0,15.986097354454069,15.986097544602716
267060,0,15.967065008294473,15.967065199646973
267120,0,15.948097995380113,15.94809816701917
267180,0,15.929145345033186,15.929145484465478
267240,0,15.910156086575919,15.910156189732097
267300,0,15.89106086426614,15.891060931813923
267360,0,15.871762576348587,15.87176259337456
267420,0,15.852399633006492,15.852399591797488
267480,0,15.833145077487833,15.833144982525251
267540,0,15.814171953040601,15.814171821000395
267600,0,15.795603953984273,15.795603812696697
267660,0,15.777241398343014,15.77724127285177
267720,0,15.759104327074043,15.759104232462963
267780,0,15.741272830206826,15.74127277192365
267840,0,15.723826997770852,15.723826971627215
267900,0,15.706848649474088,15.706848643799074
267960,0,15.690353810169096,15.69035382151699
268020,0,15.674222998454093,15.674223024660304
268080,0,15.658324429308554,15.65832446708015
268140,0,15.642526317711965,15.642526362627676
268200,0,15.626734118700679,15.626734164980165
268260,0,15.611094241884551,15.61109428
268320,0,15.595582194118334,15.595582224505236
268380,0,15.580127761090164,15.580127779649779
268440,0,15.564660728488192,15.564660736582763
268500,0,15.549115710861862,15.54911571219583
268560,0,15.533500711335908,15.53350070732064
268620,0,15.517871406591386,15.51787139815675
268680,0,15.502283117523909,15.502283105796954
268740,0,15.486791165029116,15.486791151334074
268800,0,15.47142993806742,15.471429924033625
268860,0,15.456112059681864,15.456112047469862
268920,0,15.440868865856544,15.440868856880474
268980,0,15.425759199201373,15.425759193934029
269040,0,15.410841902326265,15.41084190029912
269100,0,15.396164582661665,15.39616458266516
269160,0,15.381684164415118,15.381684165993041
269220,0,15.367379325641952,15.36737932850083
269280,0,15.353240159693495,15.353240163482882
269340,0,15.339256759921101,15.339256764233577
269400,0,15.325426938611253,15.325426942951777
269460,0,15.311782890044036,15.31178289377158
269520,0,15.298295598197704,15.298295600897708
269580,0,15.28492451242341,15.284924513963913
269640,0,15.271629082072334,15.271629082603967
269700,0,15.258378416892253,15.258378416790443
269760,0,15.245208856302538,15.245208855728693
269820,0,15.232120233749386,15.232120232808715
269880,0,15.219101146862405,15.219101145666317
269940,0,15.206140193271212,15.206140191937331
270000,0,15.19322507093275,15.193225069597846
270060,0,15.180348848217292,15.18034884707905
270120,0,15.167527267000258,15.167527266188182
270180,0,15.154778653599775,15.154778653153734
270240,0,15.142121334333988,15.142121334204216
270300,0,15.129567665690981,15.129567665756175
270360,0,15.11709270930215,15.117092709507887
270420,0,15.104701130432355,15.104701130743361
270480,0,15.092405099857165,15.092405100237942
270540,0,15.080216788352176,15.080216788766979
270600,0,15.068146625987218,15.06814662639596
270660,0,15.056187919083515,15.056187919427456
270720,0,15.044332250868672,15.04433225110961
270780,0,15.032572566718805,15.032572566845735
270840,0,15.020901812010036,15.020901812039146
270900,0,15.009315931793143,15.009315931762432
270960,0,14.997826749019929,14.997826748947547
271020,0,14.98642646967003,14.986426469567771
271080,0,14.975103150000196,14.97510315
271140,0,14.963844846267182,14.963844846137954
271200,0,14.952642062693016,14.952642062566872
271260,0,14.941503347217653,14.941503347112478
271320,0,14.930429666665098,14.93042966659257
271380,0,14.919419273912261,14.919419273875594
271440,0,14.908470421836075,14.908470421830003
271500,0,14.897580561984526,14.897580561996952
271560,0,14.886745159431477,14.886745159456222
271620,0,14.875968656501753,14.875968656534813
271680,0,14.865256902269898,14.865256902307742
271740,0,14.854615745810486,14.85461574585005
271800,0,14.844049402185707,14.844049402223915
271860,0,14.833550887076722,14.83355088710836
271920,0,14.823119676346991,14.823119676368629
271980,0,14.81275716911952,14.812757169130236
272040,0,14.802464764517325,14.802464764518724
272100,0,14.792243931511534,14.79224393150724
272160,0,14.782094742215504,14.782094742207331
272220,0,14.77201388469271,14.772013884681861
272280,0,14.761997716782233,14.76199771676981
272340,0,14.752042596323163,14.75204259631018
272400,0,14.74214589447177,14.742145894459291
272460,0,14.732311170513082,14.732311170502848
272520,0,14.722536723043376,14.722536723036521
272580,0,14.712819557860646,14.712819557857454
272640,0,14.70315668,14.703156680762797
272700,0,14.693545578117389,14.693545578119126
272760,0,14.68398752275586,14.683987522758763
272820,0,14.67448270393527,14.674482703938901
272880,0,14.665030810422895,14.665030810426874
272940,0,14.655631530986016,14.655631530990025
273000,0,14.646284278298484,14.646284278302216
273060,0,14.636987347682487,14.636987347685373
273120,0,14.627741410157943,14.62774141015962
273180,0,14.618547564186532,14.61854756418693
273240,0,14.609406908229955,14.60940691
273300,0,14.600320265547985,14.600320265546747
273360,0,14.591286215815256,14.591286215813733
273420,0,14.582303834557761,14.582303834556143
273480,0,14.57337247396254,14.573372473960955
273540,0,14.56449148621664,14.564491486215156
273600,0,14.55566040611094,14.555660406109594
273660,0,14.546879623576492,14.546879623575427
273720,0,14.538148149744597,14.538148149743899
273780,0,14.52946472840084,14.529464728400514
273840,0,14.52082810333082,14.520828103330784
273900,0,14.512237301699594,14.512237301699695
273960,0,14.503693095776459,14.503693095776585
274020,0,14.495194810780426,14.495194810780504
274080,0,14.486741412318182,14.48674141231817
274140,0,14.478331865996426,14.478331865996307
274200,0,14.469965282494385,14.469965282494163
274260,0,14.461641859729326,14.461641859728951
274320,0,14.453361376040226,14.453361376039672
274380,0,14.445123451300642,14.445123451299922
274440,0,14.43692770538415,14.43692770538332
274500,0,14.428773730173692,14.428773730172846
274560,0,14.420661061705763,14.420661061704998
274620,0,14.412589572033296,14.412589572032672
274680,0,14.404559184137977,14.40455918
274740,0,14.396569821001494,14.396569821001128
274800,0,14.38862137991817,14.38862137991783
274860,0,14.380713479053284,14.380713479052885
274920,0,14.37284566733933,14.37284566733883
274980,0,14.365017510314152,14.365017510313558
275040,0,14.357228573515611,14.357228573514973
275100,0,14.349478509740509,14.349478509739921
275160,0,14.34176740777691,14.341767407776468
275220,0,14.334094742867688,14.334094742867443
275280,0,14.32645986611918,14.326459866119137
275340,0,14.318862128637754,14.318862128637871
275400,0,14.311300997680647,14.311300997680847
275460,0,14.30377667106683,14.303776671067052
275520,0,14.296288778825426,14.296288778825634
275580,0,14.28883680560935,14.288836805609522
275640,0,14.281420236071536,14.281420236071668
275700,0,14.274038655269093,14.274038655269191
275760,0,14.266692229684248,14.26669222968429
275820,0,14.259380551978946,14.259380551978927
275880,0,14.252103082523805,14.252103082523728
275940,0,14.244859281689452,14.24485928168934
276000,0,14.237648637562593,14.237648637562486
276060,0,14.230470984472667,14.230470984472614
276120,0,14.223326306129911,14.223326306129932
276180,0,14.216214574287251,14.216214574287353
276240,0,14.209135760697635,14.209135760697794
276300,0,14.202089838188833,14.202089838189005
276360,0,14.195076627559983,14.195076627560141
276420,0,14.188095681238504,14.188095681238625
276480,0,14.181146529309617,14.181146529309691
276540,0,14.174228701858556,14.174228701858581
276600,0,14.167341787652854,14.16734178765283
276660,0,14.160485798203686,14.160485798203611
276720,0,14.153660547053114,14.153660547052983
276780,0,14.146865781389186,14.146865781388993
276840,0,14.140101248399965,14.140101248399713
276900,0,14.133366779144138,14.133366779143826
276960,0,14.126662556989832,14.126662556989443
277020,0,14.119988064974537,14.119988064974068
277080,0,14.113342657992805,14.113342657992268
277140,0,14.10672569,14.10672569093863
277200,0,14.100136598830883,14.100136598830332
277260,0,14.093575479799268,14.093575479798806
277320,0,14.087042304041201,14.087042304040867
277380,0,14.080536962517074,14.08053696251687
277440,0,14.074059346187305,14.074059346187177
277500,0,14.067609332551696,14.067609332551571
277560,0,14.061186696993422,14.061186696993225
277620,0,14.054791251776557,14.054791251776246
277680,0,14.048422823704843,14.048422823704405
277740,0,14.042081239582028,14.042081239581492
277800,0,14.035766371555491,14.035766371554908
277860,0,14.029478263663103,14.029478263662515
277920,0,14.023216550528007,14.023216550527435
277980,0,14.016980795037398,14.016980795036853
278040,0,14.010770560078493,14.010770560077972
278100,0,14.004585475088122,14.004585475087616
278160,0,13.99842563837895,13.998425638378457
278220,0,13.992290906282735,13.992290906282252
278280,0,13.98618105848722,13.98618105848675
278340,0,13.980095874680163,13.98009587
278400,0,13.974035163860286,13.974035163859837
278460,0,13.96799890069003,13.967998900689594
278520,0,13.961986885569843,13.96198688556942
278580,0,13.955998879741989,13.955998879741578
278640,0,13.950034644448742,13.95003464444834
278700,0,13.944093970800237,13.944093970799837
278760,0,13.938176838274622,13.938176838274211
278820,0,13.932283081183234,13.932283081182808
278880,0,13.926412496521257,13.926412496520824
278940,0,13.920564881283898,13.920564881283477
279000,0,13.914740084098204,13.914740084097838
279060,0,13.908938199476534,13.908938199476278
279120,0,13.903158938850565,13.903158938850442
279180,0,13.89740193860006,13.89740193860007
279240,0,13.891666835104811,13.891666835104907
279300,0,13.885953305209531,13.885953305209643
279360,0,13.880261364876183,13.880261364876247
279420,0,13.874590972446793,13.874590972446768
279480,0,13.868942046803921,13.868942046803788
279540,0,13.863314506830148,13.86331450682991
279600,0,13.857708266158776,13.857708266158454
279660,0,13.852123188089445,13.852123188089026
279720,0,13.846559132887563,13.846559132887045
279780,0,13.841015965098743,13.841015965098139
279840,0,13.835493549268616,13.835493549267953
279900,0,13.82999176566658,13.829991765665893
279960,0,13.824510568539937,13.824510568539258
280020,0,13.819049793977685,13.819049793977042
280080,0,13.81360925509339,13.813609255092796
280140,0,13.808188765000626,13.808188765000086
280200,0,13.802788202716352,13.802788202715867
280260,0,13.797407751905723,13.797407751905311
280320,0,13.792047092018041,13.792047092017711
280380,0,13.786705805488836,13.786705805488582
280440,0,13.781383474753657,13.781383474753465
280500,0,13.77607975,13.776079751921744
280560,0,13.770794797608382,13.770794797608225
280620,0,13.765528548280086,13.765528548279915
280680,0,13.760280862491465,13.760280862491278
280740,0,13.7550516,13.755051598796816
280800,0,13.749840608159435,13.749840608159285
280860,0,13.744647749245289,13.74464774924521
280920,0,13.73947300972074,13.739473009720747
280980,0,13.734316394086603,13.734316394086697
281040,0,13.729177906843713,13.72917790684387
281100,0,13.724057536575247,13.72405753657542
281160,0,13.718955134612845,13.718955134613001
281220,0,13.71387056856891,13.713870568569023
281280,0,13.708803721068406,13.708803721068472
281340,0,13.703754474736327,13.703754474736346
281400,0,13.69872274550463,13.69872274550462
281460,0,13.693708593405935,13.693708593405912
281520,0,13.688711807298699,13.688711807298663
281580,0,13.68373212570692,13.683732125706868
281640,0,13.678769287154601,13.678769287154516
281700,0,13.673823082855641,13.673823082855492
281760,0,13.668893638514154,13.668893638513909
281820,0,13.663980827374898,13.663980827374536
281880,0,13.65908445714286,13.659084457142379
281940,0,13.654204335523037,13.654204335522454
282000,0,13.649340302853188,13.649340302852533
282060,0,13.644492408708162,13.644492408707457
282120,0,13.639660549744171,13.63966054974343
282180,0,13.63484458230066,13.634844582299891
282240,0,13.630044362717086,13.63004436
282300,0,13.625259746575988,13.625259746575184
282360,0,13.620490639630413,13.62049063962959
282420,0,13.615737042356074,13.615737042355239
282480,0,13.610998963439682,13.610998963438847
282540,0,13.606276411567967,13.60627641156715
282600,0,13.601569395099869,13.601569395099096
282660,0,13.596877854540434,13.59687785453974
282720,0,13.59220162297767,13.592201622977075
282780,0,13.587540525210038,13.587540525209546
282840,0,13.582894386035992,13.582894386035603
282900,0,13.578263063588533,13.578263063588235
282960,0,13.57364662126877,13.573646621268562
283020,0,13.569044952237894,13.569044952237773
283080,0,13.564457907353493,13.564457907353454
283140,0,13.559885337473167,13.559885337473197
283200,0,13.555327130001736,13.55532713000181
283260,0,13.550783371641247,13.55078337164135
283320,0,13.54625391977156,13.546253919771678
283380,0,13.541738581986346,13.541738581986468
283440,0,13.537237165879297,13.537237165879414
283500,0,13.532749496785941,13.53274949678605
283560,0,13.52827557,13.528275567187984
283620,0,13.523815374892209,13.523815374892267
283680,0,13.519368902845928,13.519368902845956
283740,0,13.514936133996114,13.51493613399612
283800,0,13.510517051426907,13.510517051426906
283860,0,13.506111602556276,13.506111602556265
283920,0,13.501719673603747,13.50171967360373
283980,0,13.497341145787061,13.497341145787058
284040,0,13.492975900323994,13.492975900324023
284100,0,13.488623835044502,13.48862384
284160,0,13.484284955678396,13.484284955678625
284220,0,13.479959192404015,13.47995919240441
284280,0,13.475646455058918,13.475646455059454
284340,0,13.471346653480659,13.47134665348128
284400,0,13.467059721715524,13.467059721716122
284460,0,13.462785708950358,13.462785708950815
284520,0,13.458524484510772,13.458524484511022
284580,0,13.45427588251305,13.454275882513086
284640,0,13.450039737073489,13.450039737073363
284700,0,13.445815897637415,13.445815897637234
284760,0,13.44160435843547,13.441604358435322
284820,0,13.43740511891326,13.437405118913201
284880,0,13.433218165726275,13.433218165726315
284940,0,13.42904348553002,13.429043485530125
285000,0,13.424880665871996,13.42488067
285060,0,13.420727786360144,13.420727786360196
285120,0,13.41658653852239,13.416586538522361
285180,0,13.41245924595905,13.412459245958932
285240,0,13.408348232270464,13.408348232270265
285300,0,13.404255716671004,13.404255716670754
285360,0,13.40018162215072,13.400181622150422
285420,0,13.396123665018415,13.396123665018074
285480,0,13.392079475419152,13.392079475418784
285540,0,13.38804668349801,13.38804668349765
285600,0,13.384023419490232,13.384023419489921
285660,0,13.380011497628315,13.380011497628123
285720,0,13.376011179900942,13.376011179900905
285780,0,13.372022173589443,13.37202217358955
285840,0,13.368044185975156,13.368044185975366
285900,0,13.364076978475781,13.364076978476001
285960,0,13.36012070817614,13.360120708176288
286020,0,13.356175358926887,13.356175358926912
286080,0,13.352240854114946,13.35224085411484
286140,0,13.348317117127257,13.348317117127053
286200,0,13.344404081355961,13.344404081355732
286260,0,13.340501743047191,13.34050174304701
286320,0,13.33661005,13.336610049411002
286380,0,13.332728935125035,13.332728935125017
286440,0,13.328858334866371,13.328858334866386
286500,0,13.324998194124898,13.324998194124861
286560,0,13.321148516468924,13.321148516468737
286620,0,13.317309236158689,13.317309236158305
286680,0,13.31348027260848,13.313480272607906
286740,0,13.30966154523261,13.309661545231899
286800,0,13.305852984637683,13.305852984636946
286860,0,13.30205459,13.302054594284222
286920,0,13.298266326995352,13.29826632699479
286980,0,13.29448812190661,13.294488121906193
287040,0,13.290719918156267,13.29071991815598
287100,0,13.286961665404707,13.28696166540453
287160,0,13.283213369154584,13.28321336915452
287220,0,13.279474966329184,13.279474966329234
287280,0,13.275746379313512,13.275746379313661
287340,0,13.272027530492583,13.272027530492796
287400,0,13.268318353219913,13.268318353220138
287460,0,13.26461885,13.26461885279777
287520,0,13.260928985813017,13.260928985813097
287580,0,13.257248695516495,13.257248695516472
287640,0,13.25357792515836,13.253577925158265
287700,0,13.249916625485994,13.249916625485877
287760,0,13.246264790820835,13.246264790820742
287820,0,13.242622372902774,13.242622372902728
287880,0,13.23898931361481,13.238989313614814
287940,0,13.235365554839953,13.235365554839998
288000,0,13.231751047021133,13.231751047021193
288060,0,13.228145790146424,13.228145790146467
288120,0,13.224549735243063,13.224549735243079
288180,0,13.220962822056626,13.220962822056615
288240,0,13.217384990332711,13.217384990332699
288300,0,13.213816187683223,13.213816187683248
288360,0,13.210256411347736,13.210256411347851
288420,0,13.206705620361394,13.206705620361621
288480,0,13.203163763933603,13.203163763933937
288540,0,13.199630791273792,13.199630791274187
288600,0,13.196106661560595,13.196106661560975
288660,0,13.19259138473604,13.192591384736328
288720,0,13.189084902222811,13.189084902222962
288780,0,13.185587141387025,13.185587141387025
288840,0,13.182098029594803,13.182098029594677
288900,0,13.178617503839952,13.178617503839755
288960,0,13.17514556892703,13.175145568926798
289020,0,13.171682194618379,13.171682194618134
289080,0,13.168227339585501,13.16822733958525
289140,0,13.164780962499915,13.164780962499647
289200,0,13.161343029233974,13.161343029233667
289260,0,13.157913540445763,13.157913540445392
289320,0,13.154492444184317,13.154492444183868
289380,0,13.151079678096751,13.151079678096233
289440,0,13.147675179830198,13.147675179829635
289500,0,13.144278894023744,13.144278894023183
289560,0,13.14089081685125,13.14089081685073
289620,0,13.13751092282938,13.137510922828929
289680,0,13.134139178722819,13.134139178722444
289740,0,13.130775551296267,13.130775551295958
289800,0,13.127420012595179,13.12742001259491
289860,0,13.124072557441979,13.124072557441732
289920,0,13.120733137549037,13.120733137548807
289980,0,13.117401696639032,13.117401696638815
290040,0,13.114078178434648,13.114078178434456
290100,0,13.110762535768549,13.110762535768407
290160,0,13.107454777439226,13.107454777439163
290220,0,13.104154865501824,13.104154865501856
290280,0,13.100862750432901,13.100862750433016
290340,0,13.097578382709033,13.09757838
290400,0,13.094301719039748,13.094301719039905
290460,0,13.091032756839802,13.091032756839883
290520,0,13.087771465542556,13.087771465542524
290580,0,13.084517806978612,13.084517806978457
290640,0,13.081271742978586,13.081271742978334
290700,0,13.078033241969662,13.078033241969358
290760,0,13.074802306051915,13.074802306051579
290820,0,13.071578892124169,13.07157889212382
290880,0,13.068362947795086,13.068362947794746
290940,0,13.065154420673338,13.065154420673027
291000,0,13.061953264590082,13.061953264589832
291060,0,13.058759477632156,13.05875947763202
291120,0,13.055573035948393,13.055573035948399
291180,0,13.05239390857615,13.052393908576295
291240,0,13.049222064552797,13.049222064553051
291300,0,13.046057478816426,13.046057478816723
291360,0,13.042900152934214,13.042900152934502
291420,0,13.03975004225421,13.039750042254465
291480,0,13.036607093352552,13.036607093352751
291540,0,13.033471252805393,13.033471252805533
291600,0,13.030342473772153,13.030342473772244
291660,0,13.027220757030065,13.027220757030099
291720,0,13.024106081465723,13.02410608146569
291780,0,13.020998418547194,13.02099842
291840,0,13.017897739742564,13.017897739742414
291900,0,13.014804020778147,13.014804020777962
291960,0,13.01171725717831,13.011717257178097
292020,0,13.00863741207665,13.008637412076418
292080,0,13.005564442353384,13.005564442353148
292140,0,13.002498304888757,13.002498304888523
292200,0,12.999438963692668,12.999438963692455
292260,0,12.996386425315007,12.996386425314851
292320,0,12.993340657635265,12.99334065763518
292380,0,12.990301619304642,12.990301619304624
292440,0,12.987269268974353,12.987269268974362
292500,0,12.984243569887584,12.984243569887557
292560,0,12.981224517597578,12.981224517597441
292620,0,12.978212090889915,12.978212090889626
292680,0,12.975206263256025,12.975206263255584
292740,0,12.972207008187342,12.972207008186796
292800,0,12.969214303774033,12.969214303773466
292860,0,12.966228149123015,12.966228149122513
292920,0,12.963248507756772,12.963248507756383
292980,0,12.960275336396222,12.960275336395952
293040,0,12.95730859,12.957308591762112
293100,0,12.95434823659269,12.954348236592523
293160,0,12.951394273702869,12.951394273702672
293220,0,12.948446680197431,12.948446680197172
293280,0,12.945505425945656,12.945505425945322
293340,0,12.942570480816848,12.942570480816432
293400,0,12.939641818922773,12.93964181892228
293460,0,12.936719437922859,12.936719437922271
293520,0,12.93380330954026,12.933803309539563
293580,0,12.930893399773405,12.930893399772605
293640,0,12.927989674620738,12.927989674619859
293700,0,12.92509210465869,12.92509210465776
293760,0,12.922200688768584,12.922200688767626
293820,0,12.91931540264147,12.919315402640494
293880,0,12.916436216173755,12.916436216172789
293940,0,12.913563099261857,12.913563099260921
294000,0,12.910696026808484,12.910696026807608
294060,0,12.907835000936533,12.90783500093579
294120,0,12.904979992223788,12.904979992223202
294180,0,12.902130964417672,12.90213096441723
294240,0,12.899287881265625,12.899287881265277
294300,0,12.896450711915035,12.896450711914671
294360,0,12.89361945950898,12.893619459508487
294420,0,12.89079410084533,12.890794100844648
294480,0,12.887974605967424,12.887974605966551
294540,0,12.885160944918612,12.885160944917612
294600,0,12.882353090776297,12.882353090775283
294660,0,12.87955103727994,12.87955103727902
294720,0,12.876754765953052,12.876754765952283
294780,0,12.873964254730383,12.873964254729787
294840,0,12.87117948,12.87117948154625
294900,0,12.868400428701232,12.868400428700864
294960,0,12.86562709816024,12.865627098159923
295020,0,12.862859457655846,12.862859457655551
295080,0,12.860097468428167,12.86009746842789
295140,0,12.85734109171734,12.857341091717089
295200,0,12.854590293915127,12.854590293914924
295260,0,12.851845077647988,12.851845077647852
295320,0,12.849105426709132,12.849105426709071
295380,0,12.846371318950611,12.846371318950624
295440,0,12.843642732224495,12.843642732224577
295500,0,12.840919646573168,12.84091964657331
295560,0,12.83820205449545,12.838202054495676
295620,0,12.835489935595405,12.835489935595707
295680,0,12.832783266561057,12.832783266561416
295740,0,12.83008202408045,12.830082024080816
295800,0,12.82738618929218,12.827386189292474
295860,0,12.824695765387885,12.82469577
295920,0,12.822010723960586,12.822010723960469
295980,0,12.819331030247467,12.81933103024712
296040,0,12.816656649485727,12.816656649485207
296100,0,12.813987551589145,12.81398755158856
296160,0,12.811323738816533,12.81132373881597
296220,0,12.808665195421353,12.808665195420868
296280,0,12.806011900191244,12.806011900190864
296340,0,12.803363831913858,12.803363831913583
296400,0,12.800720971944349,12.80072097194416
296460,0,12.798083315752953,12.798083315752868
296520,0,12.795450842888627,12.795450842888647
296580,0,12.79282352941781,12.79282352941793
296640,0,12.790201351406965,12.790201351407163
296700,0,12.787584288680254,12.787584288680499
296760,0,12.78497234203453,12.784972342034804
296820,0,12.782365489485885,12.782365489486168
296880,0,12.779763703995133,12.779763703995409
296940,0,12.777166958523118,12.777166958523368
297000,0,12.774575229757998,12.774575229758199
297060,0,12.771988518026136,12.77198851802626
297120,0,12.769406805754906,12.769406805754928
297180,0,12.766830070732142,12.766830070732055
297240,0,12.764258290745694,12.76425829074551
297300,0,12.76169145,12.761691446699837
297360,0,12.75912953734147,12.75912953734113
297420,0,12.75657254326114,12.756572543260726
297480,0,12.754020440916577,12.754020440916102
297540,0,12.751473206765263,12.751473206764757
297600,0,12.748930819855866,12.748930819855364
297660,0,12.746393276471695,12.746393276471247
297720,0,12.743860561781393,12.74386056178103
297780,0,12.741332657834274,12.741332657833993
297840,0,12.738809546679665,12.738809546679436
297900,0,12.736291213747428,12.736291213747183
297960,0,12.73377766043736,12.73377766043703
298020,0,12.73126886285354,12.731268862853096
298080,0,12.728764792169034,12.728764792168464
298140,0,12.72626541955691,12.72626541955625
298200,0,12.723770720622696,12.72377072062201
298260,0,12.721280699748682,12.72128069974802
298320,0,12.718795341137056,12.718795341136449
298380,0,12.716314623560958,12.71631462356042
298440,0,12.713838525793545,12.713838525793069
298500,0,12.711367028240574,12.711367028240135
298560,0,12.708900123971302,12.708900123970896
298620,0,12.706437802042448,12.706437802042068
298680,0,12.703980049783983,12.703980049783624
298740,0,12.701526854525904,12.701526854525557
298800,0,12.699078205946117,12.699078205945776
298860,0,12.696634102451181,12.696634102450826
298920,0,12.694194520962936,12.694194520962554
298980,0,12.691759434665942,12.691759434665535
299040,0,12.689328816744757,12.689328816744348
299100,0,12.686902643958234,12.686902643957856
299160,0,12.68448091780288,12.684480917802555
299220,0,12.68206362604141,12.682063626041158
299280,0,12.679650752261255,12.679650752261086
299340,0,12.677242280049864,12.677242280049768
299400,0,12.674838195763606,12.67483819576358
299460,0,12.672438499497094,12.67243849949716
299520,0,12.670043171715193,12.670043171715351
299580,0,12.667652188930793,12.667652188931019
299640,0,12.66526553,12.665265527657047
299700,0,12.662883167010675,12.662883167010861
299760,0,12.660505105088586,12.660505105088594
299820,0,12.658131331557179,12.658131331556962
299880,0,12.655761833166544,12.655761833166098
299940,0,12.653396596666768,12.653396596666171
300000,0,12.651035610131599,12.651035610130984
300060,0,12.648678867956546,12.648678867956049
300120,0,12.64632635474638,12.646326354746074
300180,0,12.643978053184208,12.643978053184107
300240,0,12.64163394595313,12.64163394595319
300300,0,12.63929401868446,12.639294018684598
300360,0,12.636958272759236,12.636958272759394
300420,0,12.634626690517107,12.634626690517255
300480,0,12.632299250238276,12.632299250238384
300540,0,12.62997593020295,12.62997593020299
300600,0,12.62765671222342,12.627656712223374
300660,0,12.625341599733698,12.625341599733499
300720,0,12.623030577916706,12.623030577916328
300780,0,12.620723627455963,12.620723627455414
300840,0,12.618420729034977,12.618420729034316
300900,0,12.616121865391912,12.616121865391234
300960,0,12.61382703,12.613827033730496
301020,0,12.611536223769635,12.611536223769162
301080,0,12.60924942,12.609249422856678
301140,0,12.606966618342685,12.60696661834251
301200,0,12.604687799336196,12.60468779933613
301260,0,12.602412963212222,12.60241296321227
301320,0,12.600142094094101,12.60014209409426
301380,0,12.597875173531392,12.597875173531643
301440,0,12.595612183073673,12.595612183073994
301500,0,12.593353106894531,12.593353106894881
301560,0,12.591097945413152,12.591097945413484
301620,0,12.588846685792602,12.58884668579289
301680,0,12.586599311877466,12.586599311877697
301740,0,12.584355807512331,12.584355807512516
301800,0,12.582116158145764,12.582116158145931
301860,0,12.579880360063276,12.579880360063447
301920,0,12.577648402949329,12.57764840294951
301980,0,12.575420274579734,12.575420274579928
302040,0,12.57319596273033,12.573195962730514
302100,0,12.570975457621504,12.570975457621655
302160,0,12.568758760460565,12.568758760460657
302220,0,12.566545853232284,12.56654585
302280,0,12.564336714281415,12.564336714281355
302340,0,12.562131321952716,12.56213132195258
302400,0,12.559929657851093,12.559929657850894
302460,0,12.557731725254282,12.557731725254019
302520,0,12.555537513437347,12.555537513437022
302580,0,12.553347007749228,12.553347007748854
302640,0,12.551160193538886,12.551160193538488
302700,0,12.54897705750154,12.548977057501151
302760,0,12.546797595547854,12.546797595547524
302820,0,12.54462179824652,12.544621798246272
302880,0,12.542449654580073,12.542449654579913
302940,0,12.540281153531073,12.54028115353099
303000,0,12.538116285776233,12.538116285776193
303060,0,12.53595504975528,12.535955049755248
303120,0,12.533797430832637,12.533797430832598
303180,0,12.53164341186974,12.53164341
303240,0,12.529492975728047,12.529492975728024
303300,0,12.527346107059973,12.527346107060007
303360,0,12.525202803652542,12.5252028
303420,0,12.52306305763623,12.523063057636534
303480,0,12.520926859147137,12.520926859147574
303540,0,12.518794198321386,12.518794198321897
303600,0,12.516665066971878,12.516665066972363
303660,0,12.514539463993295,12.514539463993641
303720,0,12.512417374342212,12.51241737434236
303780,0,12.51029878041836,12.51029878
303840,0,12.50818366462147,12.50818366462124
303900,0,12.506072011955329,12.506072011955018
303960,0,12.503963824224579,12.503963824224254
304020,0,12.50185909120333,12.501859091203029
304080,0,12.499757799462193,12.49975779946193
304140,0,12.49765993557179,12.497659935571557
304200,0,12.495565487728419,12.495565487728188
304260,0,12.493474454153514,12.493474454153265
304320,0,12.491386824790075,12.491386824789794
304380,0,12.489302587519894,12.489302587519596
304440,0,12.48722173022479,12.487221730224492
304500,0,12.485144242465426,12.485144242465164
304560,0,12.483070123118424,12.483070123118244
304620,0,12.48099936079275,12.480999360792673
304680,0,12.478931941831622,12.478931941831654
304740,0,12.476867852578271,12.476867852578401
304800,0,12.474807080501833,12.474807080502035
304860,0,12.472749621698052,12.47274962169834
304920,0,12.470695469318681,12.470695469319045
304980,0,12.468644615310525,12.46864461531094
305040,0,12.466597051620408,12.466597051620829
305100,0,12.464552771752471,12.464552771752826
305160,0,12.46251177510322,12.462511775103422
305220,0,12.460474046989207,12.460474046989209
305280,0,12.458439570261726,12.458439570261516
305340,0,12.456408327772081,12.456408327771692
305400,0,12.454380305255949,12.454380305255453
305460,0,12.452355506600362,12.452355506599812
305520,0,12.45033392160768,12.450333921607104
305580,0,12.448315536471325,12.448315536470746
305640,0,12.446300337384743,12.446300337384171
305700,0,12.44428831,12.444288312115237
305760,0,12.44227945922958,12.442279459229034
305820,0,12.440273771076772,12.440273771076258
305880,0,12.43827123815574,12.438271238155263
305940,0,12.436271850964859,12.436271850964431
306000,0,12.434275601263616,12.434275601263245
306060,0,12.43228248715083,12.432282487150538
306120,0,12.430292497921192,12.43029249792099
306180,0,12.428305621080332,12.428305621080218
306240,0,12.426321844133888,12.426321844133854
306300,0,12.424341155722196,12.424341155722225
306360,0,12.422363552846717,12.422363552846807
306420,0,12.42038903,12.42038902899055
306480,0,12.418417576377845,12.418417576378031
306540,0,12.416449187233658,12.416449187233844
306600,0,12.414483925086168,12.414483925086309
306660,0,12.412522117717552,12.412522117717582
306720,0,12.410563439076872,12.410563439076755
306780,0,12.408607449507405,12.408607449507135
306840,0,12.406653709352447,12.406653709352044
306900,0,12.404701827173826,12.404701827173337
306960,0,12.40275193436208,12.402751934361538
307020,0,12.400804290389505,12.40080429038893
307080,0,12.398859123408142,12.398859123407545
307140,0,12.39691666157005,12.396916661569437
307200,0,12.394977064712272,12.394977064711634
307260,0,12.393040055216614,12.393040055215947
307320,0,12.391105676539736,12.391105676539036
307380,0,12.389174056614934,12.389174056614218
307440,0,12.387245323375524,12.38724532337482
307500,0,12.385319571603937,12.385319571603285
307560,0,12.383396667256608,12.38339666725607
307620,0,12.381476604682065,12.381476604681676
307680,0,12.37955941703472,12.379559417034471
307740,0,12.377645137468981,12.377645137468837
307800,0,12.375733790934014,12.375733790933909
307860,0,12.373825340616573,12.373825340616449
307920,0,12.371919772989443,12.371919772989266
307980,0,12.370017083452627,12.370017083452376
308040,0,12.36811726740613,12.368117267405815
308100,0,12.36622031824088,12.366220318240519
308160,0,12.364326220427616,12.364326220427198
308220,0,12.362434974416358,12.362434974415882
308280,0,12.360546583663114,12.360546583662599
308340,0,12.358661051623923,12.358661051623397
308400,0,12.356778380990328,12.356778380989843
308460,0,12.35489856378398,12.354898563783616
308520,0,12.353021586050836,12.353021586050628
308580,0,12.351147434018594,12.35114743401854
308640,0,12.349276093914963,12.349276093915003
308700,0,12.347407553062572,12.347407553062611
308760,0,12.345541808736602,12.345541808736522
308820,0,12.343678857939624,12.343678857939368
308880,0,12.34181869670914,12.341818696708712
308940,0,12.33996132108266,12.339961321082141
309000,0,12.338106728838984,12.33810672883852
309060,0,12.336254922402675,12.336254922402425
309120,0,12.334405885236059,12.334405885236105
309180,0,12.332559597788082,12.33255959778843
309240,0,12.330716040507712,12.330716040508282
309300,0,12.328875195987683,12.328875195988317
309360,0,12.32703706543449,12.327037065435064
309420,0,12.325201648075401,12.325201648075833
309480,0,12.323368941132815,12.323368941133076
309540,0,12.321538941829143,12.321538941829255
309600,0,12.31971164670438,12.319711646704404
309660,0,12.317887047245158,12.317887047245115
309720,0,12.31606513701281,12.316065137012718
309780,0,12.314245910322139,12.31424591032201
309840,0,12.312429361487963,12.312429361487807
309900,0,12.310615488662647,12.310615488662465
309960,0,12.308804304030287,12.3088043
310020,0,12.30699578427042,12.306995784270232
310080,0,12.305189899923151,12.30518989992297
310140,0,12.303386621528611,12.303386621528437
310200,0,12.30158592456774,12.301585924567576
310260,0,12.299787821639152,12.29978782163901
310320,0,12.297992311198893,12.297992311198776
310380,0,12.296199386317792,12.29619938631769
310440,0,12.294409040066693,12.294409040066594
310500,0,12.292621264100017,12.292621264099882
310560,0,12.290836045929353,12.290836045929142
310620,0,12.289053387887776,12.289053387887463
310680,0,12.287273294711378,12.287273294710962
310740,0,12.285495771136265,12.285495771135777
310800,0,12.283720816185753,12.283720816185227
310860,0,12.281948399628526,12.281948399627996
310920,0,12.280178530224253,12.280178530223735
310980,0,12.278411224765772,12.278411224765284
311040,0,12.276646500045928,12.276646500045493
311100,0,12.27488437490054,12.274884374900184
311160,0,12.273124857997482,12.27312485799726
311220,0,12.271367909876824,12.271367909876757
311280,0,12.26961348547793,12.269613485478018
311340,0,12.26786153974019,12.267861539740387
311400,0,12.26611203466275,12.266112034662987
311460,0,12.264364989836032,12.264364989836238
311520,0,12.262620412190747,12.262620412190884
311580,0,12.260878301565223,12.260878301565274
311640,0,12.259138657797791,12.259138657797765
311700,0,12.257401483782582,12.257401483782505
311760,0,12.25566679,12.255666789717402
311820,0,12.253934551116549,12.25393455111644
311880,0,12.252204738093303,12.25220473809317
311940,0,12.250477320761341,12.250477320761156
312000,0,12.248752267257043,12.24875226725676
312060,0,12.247029558106705,12.24702955810625
312120,0,12.245309224639138,12.245309224638477
312180,0,12.2435913,12.243591303939743
312240,0,12.241875833097355,12.241875833096366
312300,0,12.240162848121694,12.24016284812067
312360,0,12.23845234761349,12.23845234761253
312420,0,12.236744284622635,12.236744284621794
312480,0,12.235038609489349,12.235038609488655
312540,0,12.23333527255387,12.233335272553306
312600,0,12.23163423,12.231634225504324
312660,0,12.229935460483137,12.229935460482737
312720,0,12.228239016015939,12.228239016015607
312780,0,12.226544933170224,12.226544933169945
312840,0,12.22485325301303,12.224853253012792
312900,0,12.22316401518828,12.223164015188056
312960,0,12.221477217591046,12.221477217590806
313020,0,12.219792810726364,12.21979281072609
313080,0,12.218110742543544,12.21811074254323
313140,0,12.216430960991906,12.216430960991564
313200,0,12.214753418606467,12.214753418606131
313260,0,12.213078122352735,12.213078122352444
313320,0,12.21140509917862,12.211405099178384
313380,0,12.209734373675943,12.209734373675756
313440,0,12.208065970436538,12.208065970436373
313500,0,12.20639991305629,12.20639991
313560,0,12.204736198196215,12.204736198195944
313620,0,12.203074793134117,12.203074793133739
313680,0,12.201415663661038,12.201415663660542
313740,0,12.199758775568016,12.199758775567425
313800,0,12.198104099949454,12.198104099948807
313860,0,12.196451650977249,12.196451650976565
313920,0,12.194801433005633,12.194801433004928
313980,0,12.193153445036419,12.193153445035712
314040,0,12.191507686071436,12.19150768607074
314100,0,12.18986415677763,12.189864156776963
314160,0,12.188222861207574,12.188222861206958
314220,0,12.186583783529588,12.186583783529045
314280,0,12.184946904890657,12.184946904890193
314340,0,12.183312206437781,12.18331221
314400,0,12.181679665027854,12.181679665027552
314460,0,12.18004925312094,12.180049253120734
314520,0,12.178421001575748,12.178421001575645
314580,0,12.17679494960723,12.176794949607217
314640,0,12.17517113643035,12.175171136430397
314700,0,12.173549599317536,12.173549599317589
314760,0,12.171930333718398,12.171930333718402
314820,0,12.170313295522547,12.170313295522469
314880,0,12.168698439136211,12.168698439136039
314940,0,12.16708571896562,12.167085718965366
315000,0,12.165475097790493,12.16547509779019
315060,0,12.163866602061166,12.163866602060828
315120,0,12.16226023552797,12.162260235527603
315180,0,12.16065599291583,12.160655992915443
315240,0,12.159053868949682,12.159053868949284
315300,0,12.157453856451136,12.157453856450742
315360,0,12.155855942065392,12.155855942065013
315420,0,12.154260131344353,12.15426013
315480,0,12.152666432988427,12.152666432988106
315540,0,12.15107485569804,12.151074855697745
315600,0,12.149485406361773,12.149485406361494
315660,0,12.147898074954114,12.147898074953849
315720,0,12.146312851162827,12.146312851162572
315780,0,12.144729726213694,12.144729726213445
315840,0,12.143148691332518,12.143148691332284
315900,0,12.141569668349812,12.141569668349597
315960,0,12.139992326100076,12.13999232609989
316020,0,12.138416976685836,12.138416976685686
316080,0,12.136844043328122,12.136844043328002
316140,0,12.135273949247972,12.135273949247864
316200,0,12.133707097692513,12.133707097692383
316260,0,12.13214347751554,12.132143477515344
316320,0,12.13058269672481,12.13058269672453
316380,0,12.129024350144268,12.12902435014391
316440,0,12.127468032597887,12.127468032597484
316500,0,12.125913423956911,12.12591342395654
316560,0,12.124360835799665,12.124360835799418
316620,0,12.122810324327064,12.122810324326984
316680,0,12.121261852090848,12.121261852090926
316740,0,12.119715381642779,12.119715381642948
316800,0,12.118170883068657,12.118170883068794
316860,0,12.116628380863014,12.116628380862993
316920,0,12.115087874325468,12.115087874325216
316980,0,12.113549354254321,12.113549354253827
317040,0,12.112012811447883,12.112012811447201
317100,0,12.110478238976883,12.110478238976118
317160,0,12.10894564258745,12.108945642586665
317220,0,12.107415014236828,12.107415014236071
317280,0,12.105886342824155,12.105886342823457
317340,0,12.104359617248578,12.104359617247963
317400,0,12.102834828161003,12.102834828160484
317460,0,12.10131197853905,12.10131197853868
317520,0,12.099791064965412,12.099791064965219
317580,0,12.098272082003277,12.098272082003255
317640,0,12.096755024215838,12.096755024215959
317700,0,12.095239886684473,12.09523988668467
317760,0,12.09372666782103,12.093726667821263
317820,0,12.092215363622346,12.092215363622582
317880,0,12.090705969446097,12.090705969446313
317940,0,12.089198480649978,12.089198480650166
318000,0,12.087692892853111,12.087692892853267
318060,0,12.086189203468495,12.086189203468617
318120,0,12.084687408878823,12.084687408878898
318180,0,12.083187505159323,12.083187505159334
318240,0,12.081689488385235,12.081689488385171
318300,0,12.080193401348707,12.08019340134854
318360,0,12.078699459929563,12.078699459929231
318420,0,12.07720745155062,12.07720745
318480,0,12.07571708919606,12.075717089195368
318540,0,12.074228085850065,12.07422808584928
318600,0,12.072740180904328,12.072740180903555
318660,0,12.07125344,12.071253436859767
318720,0,12.069768047304343,12.069768047303926
318780,0,12.068284193532246,12.068284193532056
318840,0,12.066802056840208,12.066802056840203
318900,0,12.065321769716089,12.06532176971618
318960,0,12.063843138459982,12.06384313846011
319020,0,12.062366176157779,12.062366176157907
319080,0,12.060890954446226,12.06089095444633
319140,0,12.05941754496208,12.059417544962155
319200,0,12.057946004182286,12.057946004182323
319260,0,12.056476273254743,12.056476273254727
319320,0,12.055008334331207,12.055008334331118
319380,0,12.05354218589601,12.05354218589585
319440,0,12.052077826433504,12.05207782643329
319500,0,12.05061525665179,12.05061525665156
319560,0,12.049154484101882,12.049154484101665
319620,0,12.047695493626367,12.047695493626179
319680,0,12.046238266339863,12.046238266339712
319740,0,12.044782783356998,12.044782783356878
319800,0,12.043329022928075,12.04332902292796
319860,0,12.041876965169454,12.041876965169331
319920,0,12.04042663714449,12.040426637144346
319980,0,12.038978072130577,12.03897807213041
320040,0,12.03753130340513,12.037531303404956
320100,0,12.036086353036596,12.036086353036433
320160,0,12.03464317269779,12.034643172697661
320220,0,12.03320176903107,12.033201769030988
320280,0,12.031762162722117,12.031762162722078
320340,0,12.030324374456631,12.030324374456624
320400,0,12.028888425277517,12.028888425277515
320460,0,12.027454318484319,12.027454318484292
320520,0,12.026022022506186,12.026022022506117
320580,0,12.024591502681846,12.024591502681737
320640,0,12.02316272435002,12.02316272
320700,0,12.021735660346206,12.021735660346112
320760,0,12.020310336126714,12.020310336126688
320820,0,12.018886749561394,12.018886749561462
320880,0,12.017464889860067,12.017464889860234
320940,0,12.016044746232552,12.016044746232803
321000,0,12.014626251315724,12.014626251316033
321060,0,12.01320913458236,12.013209134582718
321120,0,12.011793655027459,12.011793655027864
321180,0,12.010380162640882,12.010380162641308
321240,0,12.008969007412484,12.008969007412901
321300,0,12.007560520460892,12.00756052046126
321360,0,12.006154681933454,12.00615468193372
321420,0,12.004751179340557,12.004751179340689
321480,0,12.003349693097935,12.003349693097915
321540,0,12.001949903621323,12.001949903621167
321600,0,12.000551560007624,12.000551560007338
321660,0,11.99915491557572,11.999154915575282
321720,0,11.99776000759784,11.997760007597245
321780,0,11.996366796935414,11.996366796934694
321840,0,11.994975244449884,11.994975244449094
321900,0,11.993585318886948,11.993585318886172
321960,0,11.992197046758898,11.992197046758234
322020,0,11.99081042958522,11.990810429584723
322080,0,11.989425460098497,11.989425460098191
322140,0,11.988042131031326,11.988042131031195
322200,0,11.986660436047234,11.986660436047236
322260,0,11.985280375700896,11.985280375701027
322320,0,11.983901947712447,11.983901947712702
322380,0,11.982525148773796,11.982525148774148
322440,0,11.981149975576862,11.98114997557726
322500,0,11.979776425023879,11.979776425024253
322560,0,11.978404495140637,11.978404495140897
322620,0,11.977034182594508,11.97703418
322680,0,11.975665483763262,11.975665483763175
322740,0,11.974298395024674,11.974298395024437
322800,0,11.972932913157413,11.972932913157104
322860,0,11.971569037047178,11.971569037046867
322920,0,11.970206762933078,11.970206762932797
322980,0,11.968846086497622,11.968846086497368
323040,0,11.967487003423335,11.967487003423079
323100,0,11.966129510061954,11.966129510061622
323160,0,11.964773606447613,11.964773606447118
323220,0,11.963419288470055,11.963419288469353
323280,0,11.962066551111752,11.96206655111086
323340,0,11.96071538935518,11.96071538935417
323400,0,11.959365798884198,11.959365798883196
323460,0,11.958017779773607,11.958017779772732
323520,0,11.95667132863544,11.956671328634762
323580,0,11.955326441201123,11.95532644120067
323640,0,11.953983113202101,11.953983113201849
323700,0,11.95264134102801,11.952641341027897
323760,0,11.95130112473952,11.951301124739537
323820,0,11.949962460402816,11.949962460402944
323880,0,11.948625343198241,11.948625343198456
323940,0,11.94728976830616,11.947289768306431
324000,0,11.945955731282101,11.945955731282384
324060,0,11.94462323077593,11.944623230776164
324120,0,11.943292264820752,11.943292264820904
324180,0,11.94196283107723,11.941962831077287
324240,0,11.940634927206034,11.940634927206007
324300,0,11.939308587881412,11.939308587881333
324360,0,11.937983984446822,11.937983984446712
324420,0,11.936660948007082,11.936660948006947
324480,0,11.935339250627854,11.935339250627703
324540,0,11.934018664374811,11.934018664374646
324600,0,11.932698984403713,11.932698984403542
324660,0,11.931380270368654,11.931380270368487
324720,0,11.930062666679122,11.93006266667897
324780,0,11.928746304615538,11.928746304615393
324840,0,11.927431315458348,11.927431315458195
324900,0,11.926117794666126,11.926117794665931
324960,0,11.924805599730032,11.924805599729751
325020,0,11.923494742280273,11.923494742279892
325080,0,11.922185277108662,11.922185277108179
325140,0,11.920877259007012,11.920877259006462
325200,0,11.919570724482972,11.919570724482398
325260,0,11.918265597212883,11.918265597212324
325320,0,11.916961893851935,11.916961893851413
325380,0,11.915659654227227,11.915659654226761
325440,0,11.914358918165869,11.914358918165481
325500,0,11.913059721490866,11.91305972149058
325560,0,11.911762051680054,11.911762051679936
325620,0,11.910465877407756,11.910465877407844
325680,0,11.909171169297394,11.909171169297652
325740,0,11.90787789797239,11.907877897972739
325800,0,11.90658603831885,11.906586038319139
325860,0,11.905295602326177,11.905295602326238
325920,0,11.904006598200242,11.904006598199976
325980,0,11.902719030172587,11.902719030171989
326040,0,11.901432902474767,11.901432902473921
326100,0,11.900148216471498,11.900148216470578
326160,0,11.898864957673984,11.898864957673133
326220,0,11.897583129216766,11.897583129216072
326280,0,11.896302738110558,11.896302738110043
326340,0,11.895023791366087,11.89502379136571
326400,0,11.893746289474375,11.89374628947404
326460,0,11.892470201343853,11.892470201343489
326520,0,11.891195543370737,11.891195543370301
326580,0,11.889922341357622,11.889922341357112
326640,0,11.888650621107121,11.88865062110656
326700,0,11.88738041281507,11.88738041281451
326760,0,11.886111740491181,11.88611174049067
326820,0,11.884844550631295,11.884844550630854
326880,0,11.883578779760729,11.883578779760368
326940,0,11.882314364404825,11.882314364404523
327000,0,11.881051201348138,11.88105120134786
327060,0,11.879789088847838,11.879789088847572
327120,0,11.87852827,11.878528270356624
327180,0,11.877269059092589,11.877269059092294
327240,0,11.876011768272178,11.876011768271855
327300,0,11.874756690401687,11.874756690401325
327360,0,11.873503790363667,11.87350379036323
327420,0,11.872252807263742,11.872252807263218
327480,0,11.871003480033568,11.87100348003297
327540,0,11.869755547604813,11.869755547604182
327600,0,11.868508804447847,11.868508804447252
327660,0,11.867263454985174,11.867263454984696
327720,0,11.866019532604957,11.86601953260465
327780,0,11.864777009199049,11.864777009198907
327840,0,11.863535856659308,11.863535856659283
327900,0,11.86229605313327,11.862296053133266
327960,0,11.86105762,11.861057620337412
328020,0,11.859820556404738,11.859820556404516
328080,0,11.85858485219633,11.85858485219597
328140,0,11.857350498573622,11.857350498573176
328200,0,11.856117488607936,11.856117488607502
328260,0,11.854885829023297,11.854885829022983
328320,0,11.853655515330392,11.853655515330255
328380,0,11.852426540241133,11.852426540241169
328440,0,11.851198896467439,11.85119889646759
328500,0,11.84997257792882,11.849972577928982
328560,0,11.848747587067269,11.848747587067347
328620,0,11.847523921957622,11.847523921957558
328680,0,11.846301579285827,11.84630157928561
328740,0,11.845080555737855,11.845080555737503
328800,0,11.843860847958881,11.843860847958453
328860,0,11.842642453379684,11.842642453379211
328920,0,11.841425371357184,11.841425371356687
328980,0,11.840209601437131,11.840209601436625
329040,0,11.83899514316529,11.838995143164778
329100,0,11.83778199583621,11.837781995835696
329160,0,11.836570156501038,11.836570156500532
329220,0,11.835359622339787,11.835359622339295
329280,0,11.834150390759174,11.834150390758708
329340,0,11.832942459165913,11.832942459165487
329400,0,11.831735825474857,11.831735825474492
329460,0,11.830530489877663,11.83053048987741
329520,0,11.829326448558945,11.829326448558824
329580,0,11.828123696945772,11.828123696945765
329640,0,11.82692223046523,11.826922230465287
329700,0,11.825722045234608,11.825722045234638
329760,0,11.824523141915252,11.824523141915146
329820,0,11.823325518130469,11.823325518130163
329880,0,11.822129170666473,11.82212917066597
329940,0,11.820934096309513,11.820934096308868
330000,0,11.819740291980628,11.819740291979942
330060,0,11.818547756037965,11.818547756037322
330120,0,11.817356487156793,11.817356487156246
330180,0,11.816166483921538,11.816166483921108
330240,0,11.814977744916636,11.81497774491631
330300,0,11.813790268833479,11.813790268833225
330360,0,11.812604054289865,11.812604054289665
330420,0,11.811419098143913,11.811419098143764
330480,0,11.810235397021161,11.810235397021055
330540,0,11.809052947547158,11.809052947547086
330600,0,11.807871746948448,11.80787175
330660,0,11.806691795776947,11.8066918
330720,0,11.80551309089302,11.805513090892967
330780,0,11.804335628344663,11.804335628344608
330840,0,11.803159404179878,11.80315940417985
330900,0,11.801984444997407,11.801984444997451
330960,0,11.800810891977259,11.800810891977452
331020,0,11.799638608410941,11.799638608411321
331080,0,11.798467409094256,11.798467409094796
331140,0,11.79729711,11.79729710882363
331200,0,11.796127539545484,11.796127539546067
331260,0,11.794958742258169,11.794958742258558
331320,0,11.793790841739245,11.793790841739355
331380,0,11.79262395467549,11.792623954675314
331440,0,11.791458197753698,11.791458197753304
331500,0,11.790293655502108,11.790293655501635
331560,0,11.789130199963564,11.789130199963125
331620,0,11.787967843456457,11.787967843456116
331680,0,11.786806637198438,11.786806637198227
331740,0,11.785646632407179,11.78564663240708
331800,0,11.784487872879264,11.78448787287924
331860,0,11.783330333004004,11.783330333004054
331920,0,11.782173985782855,11.782173985782977
331980,0,11.78101881049992,11.781018810500091
332040,0,11.779864786439306,11.779864786439493
332100,0,11.778711890118903,11.778711890119043
332160,0,11.777560102844912,11.777560102844925
332220,0,11.776409456210672,11.776409456210512
332280,0,11.775259988205596,11.775259988205267
332340,0,11.774111736819126,11.774111736818657
332400,0,11.772964734469554,11.772964734469024
332460,0,11.771818961415274,11.771818961414741
332520,0,11.770674396782015,11.770674396781518
332580,0,11.769531024404753,11.769531024404301
332640,0,11.768388828118468,11.76838882811806
332700,0,11.767247792271075,11.767247792270677
332760,0,11.766107914455851,11.766107914455441
332820,0,11.76496920636052,11.764969206360089
332880,0,11.763831680355645,11.763831680355201
332940,0,11.762695348811784,11.76269534881136
333000,0,11.761560230788504,11.761560230788147
333060,0,11.760426358823404,11.760426358823196
333120,0,11.75929368537435,11.759293685374324
333180,0,11.758162150746092,11.758162150746235
333240,0,11.75703169524338,11.757031695243642
333300,0,11.75590226,11.755902263899474
333360,0,11.754773865209359,11.75477386520953
333420,0,11.753646540436854,11.753646540436863
333480,0,11.752520329386028,11.752520329385872
333540,0,11.751395271861254,11.751395271860984
333600,0,11.75027138384264,11.75027138384237
333660,0,11.749148560328203,11.749148560328033
333720,0,11.748026860610906,11.748026860610896
333780,0,11.746906377619574,11.74690637761973
333840,0,11.745787204283038,11.745787204283335
333900,0,11.744669430014202,11.74466943001457
333960,0,11.743553055953154,11.743553055953544
334020,0,11.74243799080094,11.742437990801331
334080,0,11.741324138910961,11.741324138911336
334140,0,11.74021140463663,11.740211404636982
334200,0,11.739099721509179,11.73909972150951
334260,0,11.737989205264784,11.73798921
334320,0,11.73687982682542,11.736879826825707
334380,0,11.735771520419526,11.735771520419776
334440,0,11.734664220275555,11.734664220275755
334500,0,11.733557867347695,11.733557867347832
334560,0,11.732452478382243,11.732452478382283
334620,0,11.73134809273913,11.73134809273906
334680,0,11.730244745788516,11.730244745788339
334740,0,11.729142472900557,11.729142472900298
334800,0,11.728041254096444,11.72804125409615
334860,0,11.726940835480857,11.726940835480569
334920,0,11.725841422983043,11.725841422982791
334980,0,11.724743306910685,11.724743306910476
335040,0,11.723646777571483,11.723646777571306
335100,0,11.722552105914101,11.722552105913934
335160,0,11.721459259115782,11.721459259115623
335220,0,11.720367997396751,11.72036799739659
335280,0,11.719278081140112,11.719278081139942
335340,0,11.718189270729003,11.71818927
335400,0,11.717101379008785,11.717101379008525
335460,0,11.716014600962534,11.716014600962167
335520,0,11.714928961552413,11.714928961551921
335580,0,11.713844426975566,11.71384442697495
335640,0,11.712760963429151,11.71276096342844
335700,0,11.71167854373007,11.711678543729318
335760,0,11.710597190651043,11.710597190650295
335820,0,11.709516908389798,11.709516908389078
335880,0,11.708437693958707,11.708437693958038
335940,0,11.707359544370162,11.707359544369558
336000,0,11.70628245701291,11.70628245701238
336060,0,11.705206431786854,11.705206431786428
336120,0,11.704131466990523,11.704131466990225
336180,0,11.703057560470397,11.703057560470219
336240,0,11.701984710072969,11.701984710072884
336300,0,11.700912913804821,11.700912913804776
336360,0,11.699842170738584,11.699842170738533
336420,0,11.69877247926224,11.698772479262153
336480,0,11.697703837571204,11.697703837571073
336540,0,11.696636243860894,11.696636243860729
336600,0,11.695569696367752,11.695569696367585
336660,0,11.694504193690895,11.694504193690745
336720,0,11.693439734402428,11.693439734402311
336780,0,11.692376317036961,11.692376317036876
336840,0,11.69131394,11.691313940129039
336900,0,11.690252602187105,11.690252602187048
336960,0,11.689192301576071,11.689192301576023
337020,0,11.68813303682743,11.688133036827377
337080,0,11.687074806508559,11.687074806508495
337140,0,11.68601760918687,11.686017609186777
337200,0,11.68496144324799,11.684961443247852
337260,0,11.683906306345115,11.68390631
337320,0,11.682852197700502,11.682852197700191
337380,0,11.681799116818196,11.681799116817794
337440,0,11.680747063202267,11.680747063201784
337500,0,11.679696036222717,11.679696036222186
337560,0,11.678646033960542,11.67864603395998
337620,0,11.677597054413042,11.677597054412459
337680,0,11.676549095686308,11.676549095685719
337740,0,11.675502155886448,11.675502155885868
337800,0,11.674456233366516,11.674456233365964
337860,0,11.673411327718352,11.673411327717858
337920,0,11.672367436805358,11.672367436804942
337980,0,11.671324558140233,11.671324558139892
338040,0,11.670282689235696,11.670282689235405
338100,0,11.669241827965555,11.669241827965262
338160,0,11.668201974349055,11.668201974348708
338220,0,11.667163126431735,11.667163126431308
338280,0,11.666125281790542,11.666125281790032
338340,0,11.665088438002426,11.665088438001863
338400,0,11.664052593009814,11.664052593009254
338460,0,11.663017746880803,11.663017746880273
338520,0,11.66198389760989,11.661983897609428
338580,0,11.66095104271122,11.660951042710838
338640,0,11.659919179698944,11.65991917969866
338700,0,11.65888830637306,11.658888306372894
338760,0,11.657858422429241,11.657858422429255
338820,0,11.656829526327828,11.65682952632805
338880,0,11.655801616184307,11.655801616184709
338940,0,11.654774690114179,11.654774690114685
339000,0,11.653748746390727,11.653748746391205
339060,0,11.652723784246207,11.652723784246513
339120,0,11.651699802086068,11.651699802086114
339180,0,11.650676798113835,11.650676798113606
339240,0,11.64965477053304,11.649654770532594
339300,0,11.648633717805218,11.648633717804676
339360,0,11.647613639664057,11.64761364
339420,0,11.646594534000844,11.646594534000322
339480,0,11.645576398337552,11.645576398337099
339540,0,11.644559230196174,11.644559230195796
339600,0,11.643543027360652,11.643543027360346
339660,0,11.642527789455224,11.642527789455013
339720,0,11.64151351514272,11.641513515142616
339780,0,11.640500202783546,11.640500202783553
339840,0,11.639487850738139,11.639487850738227
339900,0,11.63847645743379,11.638476457433917
339960,0,11.63746602176475,11.637466021764888
340020,0,11.636456542375061,11.636456542375187
340080,0,11.635448017831173,11.635448017831264
340140,0,11.63444044669955,11.634440446699587
340200,0,11.633433827710098,11.633433827710055
340260,0,11.632428160264384,11.63242816026421
340320,0,11.631423442374293,11.631423442373958
340380,0,11.630419671799988,11.63041967
340440,0,11.629416846301643,11.629416846301044
340500,0,11.628414985519301,11.62841498551867
340560,0,11.627414190737758,11.627414190737161
340620,0,11.626414363533431,11.626414363532913
340680,0,11.625415370695949,11.62541537069553
340740,0,11.624417079014963,11.624417079014638
340800,0,11.623419370730474,11.623419370730224
340860,0,11.622422289965519,11.62242228996534
340920,0,11.621425912531665,11.621425912531562
340980,0,11.62043030345843,11.620430303458399
341040,0,11.619435527775357,11.619435527775387
341100,0,11.618441630267021,11.618441630267096
341160,0,11.617448528601344,11.617448528601447
341220,0,11.61645623977466,11.616456239774779
341280,0,11.615464806151174,11.615464806151307
341340,0,11.614474270095108,11.614474270095261
341400,0,11.61348466273331,11.613484662733503
341460,0,11.612495939176124,11.612495939176391
341520,0,11.611508100624295,11.611508100624643
341580,0,11.610521161637804,11.610521161638225
341640,0,11.60953513677664,11.60953514
341700,0,11.608550036424951,11.60855003642539
341760,0,11.607565843009615,11.60756584300998
341820,0,11.606582556566533,11.606582556566785
341880,0,11.605600182134374,11.605600182134504
341940,0,11.604618724751832,11.604618724751836
342000,0,11.603638187838547,11.603638187838438
342060,0,11.602658563829788,11.60265856382956
342120,0,11.60167985174794,11.601679851747589
342180,0,11.600702052535862,11.600702052535391
342240,0,11.599725167136423,11.599725167135848
342300,0,11.59874919649043,11.598749196489761
342360,0,11.597774139775412,11.59777413977464
342420,0,11.596799993278562,11.596799993277688
342480,0,11.595826753058184,11.595826753057246
342540,0,11.594854415172595,11.594854415171651
342600,0,11.593882977019515,11.593882977018664
342660,0,11.592912443077147,11.592912443076523
342720,0,11.591942809048938,11.591942809048614
342780,0,11.590974068784165,11.590974068784131
342840,0,11.590006216132117,11.590006216132293
342900,0,11.589039215125585,11.589039215125812
342960,0,11.58807292341609,11.58807292341621
343020,0,11.587107478889374,11.587107478889308
343080,0,11.586143067481505,11.586143067481231
343140,0,11.585179875128548,11.585179875128125
343200,0,11.584218077462026,11.584218077461578
343260,0,11.583257663204401,11.583257663204055
343320,0,11.58229847,11.582298469134514
343380,0,11.581340328784341,11.581340328784314
343440,0,11.58038307568476,11.580383075684816
343500,0,11.579426579035452,11.579426579035466
343560,0,11.578470970591416,11.578470970591248
343620,0,11.577516271066182,11.577516271065758
343680,0,11.576562461583347,11.576562461582666
343740,0,11.575609523266523,11.575609523265658
343800,0,11.574657441529046,11.574657441528137
343860,0,11.57370623163221,11.57370623163138
343920,0,11.572755892617467,11.572755892616792
343980,0,11.571806418536214,11.57180641853572
344040,0,11.57085780343987,11.570857803439532
344100,0,11.569910042663775,11.569910042663526
344160,0,11.568963140075452,11.568963140075253
344220,0,11.568017094022641,11.568017094022476
344280,0,11.567071901306463,11.567071901306317
344340,0,11.566127558728049,11.56612755872792
344400,0,11.565184063521183,11.565184063521084
344460,0,11.564241416144215,11.564241416144148
344520,0,11.563299615774259,11.563299615774223
344580,0,11.562358661113436,11.562358661113423
344640,0,11.561418550863872,11.561418550863873
344700,0,11.560479283683554,11.560479283683547
344760,0,11.559540858196748,11.559540858196714
344820,0,11.558603273647583,11.558603273647508
344880,0,11.557666529367667,11.557666529367546
344940,0,11.556730624688623,11.556730624688464
345000,0,11.55579555881074,11.555795558810562
345060,0,11.554861330086705,11.554861330086524
345120,0,11.553927937475155,11.553927937474977
345180,0,11.552995380096222,11.552995380096052
345240,0,11.552063657070047,11.55206365706988
345300,0,11.551132767493174,11.551132767493002
345360,0,11.550202710187332,11.550202710187156
345420,0,11.54927348387992,11.549273483879736
345480,0,11.548345087311104,11.548345087310908
345540,0,11.547417519221069,11.547417519220856
345600,0,11.546490778444147,11.546490778443903
345660,0,11.545564864284184,11.545564864283882
345720,0,11.544639775381443,11.544639775381068
345780,0,11.543715510242107,11.543715510241672
345840,0,11.542792067372371,11.542792067371911
345900,0,11.541869445429054,11.54186944542862
345960,0,11.54094764394154,11.540947643941198
346020,0,11.54002666,11.540026661578683
346080,0,11.539106496811762,11.53910649681168
346140,0,11.538187148110785,11.538187148110808
346200,0,11.53726861410349,11.537268614103569
346260,0,11.536350894350436,11.536350894350534
346320,0,11.535433987556207,11.535433987556306
346380,0,11.534517892221924,11.534517892222002
346440,0,11.533602606848724,11.533602606848756
346500,0,11.532688130083685,11.532688130083644
346560,0,11.531774461451427,11.531774461451256
346620,0,11.530861599695916,11.530861599695584
346680,0,11.529949543373064,11.529949543372576
346740,0,11.52903829103879,11.529038291038196
346800,0,11.52812784138568,11.528127841385054
346860,0,11.52721819391488,11.527218193914303
346920,0,11.52630934737498,11.52630935
346980,0,11.525401300336764,11.52540130033639
347040,0,11.524494051371034,11.524494051370734
347100,0,11.523587617455874,11.523587617455583
347160,0,11.522682083952041,11.522682083951695
347220,0,11.52177736770394,11.521777367703507
347280,0,11.520873356250014,11.520873356249496
347340,0,11.519969937128726,11.51996993712816
347400,0,11.519067010709817,11.519067010709268
347460,0,11.518164613279032,11.518164613278577
347520,0,11.517262809882682,11.517262809882359
347580,0,11.51636165680777,11.51636165680759
347640,0,11.515461210341325,11.51546121034124
347700,0,11.514561509260577,11.514561509260526
347760,0,11.513662482423243,11.513662482423163
347820,0,11.512764144634005,11.512764144633861
347880,0,11.511866532641157,11.51186653264094
347940,0,11.510969683193007,11.510969683192736
348000,0,11.510073623436258,11.510073623435972
348060,0,11.509178315185231,11.509178315184954
348120,0,11.508283759003815,11.508283759003566
348180,0,11.507389966820089,11.507389966819872
348240,0,11.50649695056214,11.506496950561955
348300,0,11.505604719090076,11.505604719089915
348360,0,11.504713259689428,11.504713259689282
348420,0,11.50382257086897,11.50382257086884
348480,0,11.502932654676204,11.502932654676092
348540,0,11.502043513158645,11.502043513158565
348600,0,11.501155147751943,11.501155147751914
348660,0,11.500267555212034,11.500267555212108
348720,0,11.499380733908495,11.499380733908687
348780,0,11.498494682866788,11.498494682867083
348840,0,11.497609401112387,11.497609401112735
348900,0,11.496724887778319,11.496724887778633
348960,0,11.495841142375573,11.495841142375768
349020,0,11.494958163394688,11.494958163394713
349080,0,11.494075949152109,11.494075949151943
349140,0,11.493194497964275,11.493194497963945
349200,0,11.492313808381736,11.49231380838129
349260,0,11.491433880370971,11.49143388037042
349320,0,11.490554712660412,11.49055471265977
349380,0,11.489676303677998,11.48967630367729
349440,0,11.488798651851685,11.488798651850946
349500,0,11.487921755789658,11.487921755788932
349560,0,11.487045615237367,11.48704561523671
349620,0,11.486170229065083,11.48617022906453
349680,0,11.485295595917949,11.48529559591751
349740,0,11.484421714441106,11.484421714440778
349800,0,11.483548557700253,11.483548557700004
349860,0,11.482676004457597,11.482676004457428
349920,0,11.48180416885097,11.481804168850873
349980,0,11.480933205838474,11.480933205838436
350040,0,11.480063270378235,11.48006327037823
350100,0,11.479194509686142,11.479194509686133
350160,0,11.478326918417032,11.478326918416968
350220,0,11.477460356967049,11.477460356966894
350280,0,11.47659468168849,11.476594681688253
350340,0,11.475729748933666,11.47572974893338
350400,0,11.474865445602584,11.474865445602319
350460,0,11.474001884392358,11.474001884392186
350520,0,11.473139084445581,11.473139084445531
350580,0,11.472277031121685,11.472277031121768
350640,0,11.47141570978012,11.47141570978031
350700,0,11.470555108765925,11.470555108766176
350760,0,11.46969523830604,11.469695238306333
350820,0,11.46883609917467,11.468836099174988
350880,0,11.467977688819532,11.467977688819849
350940,0,11.46712000468836,11.467120004688631
351000,0,11.466263044648267,11.466263044648434
351060,0,11.465406809408345,11.465406809408316
351120,0,11.46455129796572,11.464551297965446
351180,0,11.463696508819579,11.463696508819067
351240,0,11.462842440469124,11.462842440468435
351300,0,11.461989091585108,11.461989091584357
351360,0,11.461136461940132,11.46113646193943
351420,0,11.460284550505847,11.460284550505254
351480,0,11.459433356042155,11.45943335604169
351540,0,11.458582877308984,11.458582877308618
351600,0,11.457733113177563,11.457733113177225
351660,0,11.456884063199068,11.456884063198707
351720,0,11.45603573,11.456035726346688
351780,0,11.455188101453261,11.45518810145279
351840,0,11.454341187349169,11.45434118734866
351900,0,11.453494982969318,11.453494982968813
351960,0,11.45264948784715,11.452649487846683
352020,0,11.451804700933291,11.451804700932888
352080,0,11.450960621043222,11.450960621042881
352140,0,11.450117246992427,11.45011724699213
352200,0,11.449274577707603,11.44927457770732
352260,0,11.44843261276485,11.448432612764542
352320,0,11.447591351113424,11.447591351113072
352380,0,11.44675079155672,11.446750791556326
352440,0,11.445910932898155,11.445910932897746
352500,0,11.445071774056514,11.445071774056137
352560,0,11.444233314631793,11.444233314631504
352620,0,11.443395553586084,11.443395553585903
352680,0,11.44255848973115,11.442558489731082
352740,0,11.441722121878767,11.441722121878792
352800,0,11.440886448952003,11.440886448952078
352860,0,11.440051470540165,11.440051470540276
352920,0,11.439217185632474,11.43921719
352980,0,11.438383593074361,11.438383593074478
353040,0,11.437550691711271,11.437550691711357
353100,0,11.436718480497476,11.436718480497493
353160,0,11.43588695902435,11.435886959024236
353220,0,11.435056126272682,11.435056126272405
353280,0,11.434225981080772,11.434225981080338
353340,0,11.433396522286923,11.433396522286381
353400,0,11.432567748840167,11.432567748839595
353460,0,11.431739660345881,11.431739660345356
353520,0,11.430912255801763,11.43091225580132
353580,0,11.43008553406159,11.43008553406126
353640,0,11.429259493979165,11.429259493978943
353700,0,11.428434150138182,11.428434150138056
353760,0,11.427609575543265,11.427609575543263
353820,0,11.426785699168537,11.426785699168663
353880,0,11.425962424942771,11.425962424943007
353940,0,11.42513965679477,11.425139656795057
354000,0,11.424317309615482,11.424317309615736
354060,0,11.423495414432153,11.423495414432264
354120,0,11.422674026874416,11.42267402687432
354180,0,11.421853195091048,11.421853195090744
354240,0,11.421032967230847,11.421032967230381
354300,0,11.420213376479953,11.420213376479428
354360,0,11.419394362089191,11.419394362088696
354420,0,11.418575936744295,11.418575936743881
354480,0,11.41775813188174,11.417758131881426
354540,0,11.416940978938026,11.416940978937781
354600,0,11.41612450114768,11.41612450114745
354660,0,11.415308665940142,11.415308665939879
354720,0,11.414493473851804,11.41449347385148
354780,0,11.413678935127127,11.413678935126743
354840,0,11.412865060010587,11.412865060010182
354900,0,11.412051856121721,11.412051856121348
354960,0,11.411239312632208,11.411239312631933
355020,0,11.410427428334836,11.410427428334696
355080,0,11.40961621,11.409616205051593
355140,0,11.408805644604497,11.408805644604586
355200,0,11.40799574828389,11.407995748284012
355260,0,11.407186513332412,11.407186513332517
355320,0,11.406377938425202,11.40637793842526
355380,0,11.40557002280972,11.405570022809712
355440,0,11.404762765733437,11.40476276573336
355500,0,11.403956166525695,11.40395616652555
355560,0,11.403150224778406,11.40315022477817
355620,0,11.40234493926492,11.402344939264582
355680,0,11.401540308622703,11.40154030862227
355740,0,11.40073633148924,11.400736331488744
355800,0,11.399933006693566,11.399933006693052
355860,0,11.39913033422229,11.399130334221804
355920,0,11.39832831304732,11.398328313046893
355980,0,11.397526941894567,11.397526941894204
356040,0,11.396726219489944,11.396726219489638
356100,0,11.395926122499649,11.395926122499379
356160,0,11.395126546383853,11.395126546383615
356220,0,11.39432758979138,11.39432758979117
356280,0,11.393529386590478,11.393529386590279
356340,0,11.392732070649407,11.392732070649195
356400,0,11.39193576915674,11.391935769156484
356460,0,11.391140477605434,11.391140477605076
356520,0,11.390346075535852,11.390346075535362
356580,0,11.389552438989952,11.389552438989341
356640,0,11.388759444009693,11.388759444009015
356700,0,11.387966993004607,11.38796699300395
356760,0,11.387175183295955,11.387175183295419
356820,0,11.386384031473249,11.386384031472891
356880,0,11.385593524967382,11.385593524967206
356940,0,11.38480365120925,11.384803651209214
357000,0,11.384014400199295,11.384014400199305
357060,0,11.383225780779583,11.383225780779561
357120,0,11.382437793671803,11.382437793671702
357180,0,11.381650436735915,11.381650436735724
357240,0,11.38086370783189,11.380863707831626
357300,0,11.380077605169014,11.38007760516872
357360,0,11.379292129347672,11.37929212934737
357420,0,11.378507279581946,11.378507279581653
357480,0,11.377723054674341,11.377723054674068
357540,0,11.376939453427372,11.376939453427127
357600,0,11.376156474781242,11.376156474781034
357660,0,11.375374118545205,11.375374118545055
357720,0,11.374592383860362,11.374592383860284
357780,0,11.373811269695858,11.373811269695851
357840,0,11.373030775020853,11.373030775020895
357900,0,11.372250898904758,11.37225089890482
357960,0,11.371471641021351,11.37147164
358020,0,11.370693000510796,11.370693000510814
358080,0,11.369914976384287,11.369914976384269
358140,0,11.369137567653027,11.369137567652981
358200,0,11.36836077342014,11.368360773420077
358260,0,11.367584593334374,11.36758459333431
358320,0,11.366809026541317,11.36680902654125
358380,0,11.366034072067196,11.366034072067132
358440,0,11.365259728938256,11.365259728938195
358500,0,11.364485996272784,11.364485996272734
358560,0,11.363712873728634,11.363712873728604
358620,0,11.362940360448313,11.362940360448306
358680,0,11.362168455453885,11.362168455453899
358740,0,11.361397157767433,11.361397157767446
358800,0,11.360626466502783,11.360626466502763
358860,0,11.359856381320778,11.359856381320677
358920,0,11.359086901383911,11.359086901383703
358980,0,11.358318025735837,11.35831802573553
359040,0,11.357549753420237,11.357549753419857
359100,0,11.356782083566937,11.356782083566538
359160,0,11.356015015820239,11.35601501581987
359220,0,11.355248549357661,11.355248549357352
359280,0,11.354482683245235,11.354482683244997
359340,0,11.353717416549006,11.353717416548822
359400,0,11.35295276216819,11.352952762168025
359460,0,11.352188784349687,11.352188784349513
359520,0,11.351425420629335,11.351425420629136
359580,0,11.350662586513785,11.350662586513566
359640,0,11.349900197509717,11.349900197509484
359700,0,11.349138178763228,11.349138178763015
359760,0,11.348376557571903,11.34837655757174
359820,0,11.347615382914416,11.34761538291432
359880,0,11.346854697195031,11.346854697194999
359940,0,11.34609454281802,11.346094542818022
360000,0,11.345334949015228,11.345334949015214
360060,0,11.344575862332404,11.344575862332311
360120,0,11.343817293981145,11.343817293980948
360180,0,11.34305927168171,11.343059271681408
360240,0,11.342301823154381,11.342301823154001
360300,0,11.341544968890872,11.341544968890474
360360,0,11.34078868021679,11.340788680216418
360420,0,11.340032957662174,11.340032957661863
360480,0,11.339277810315131,11.339277810314888
360540,0,11.338523247263774,11.338523247263586
360600,0,11.337769275271441,11.33776927527128
360660,0,11.337015884782703,11.337015884782552
360720,0,11.336263074795266,11.336263074795117
360780,0,11.33551084699221,11.335510846992056
360840,0,11.334759203056615,11.334759203056453
360900,0,11.334008144188413,11.334008144188235
360960,0,11.333257667933488,11.33325766793328
361020,0,11.332507773180252,11.33250777318001
361080,0,11.331758459340477,11.331758459340206
361140,0,11.331009725825963,11.331009725825675
361200,0,11.330261572114665,11.330261572114388
361260,0,11.329513997862461,11.329513997862215
361320,0,11.328767002006662,11.328767002006456
361380,0,11.328020583370208,11.328020583370058
361440,0,11.32727474077606,11.32727474077597
361500,0,11.326529453497708,11.326529453497688
361560,0,11.325784628905948,11.325784628906023
361620,0,11.325040354542244,11.325040354542429
361680,0,11.324296749168004,11.32429674916828
361740,0,11.323553931544645,11.323553931544977
361800,0,11.322812014529525,11.322812014529855
361860,0,11.322070994272561,11.322070994272824
361920,0,11.321330763931511,11.321330763931664
361980,0,11.320591213531753,11.320591213531786
362040,0,11.319852233098679,11.319852233098604
362100,0,11.31911373603712,11.319113736036982
362160,0,11.31837580865153,11.318375808651325
362220,0,11.317638465790113,11.317638465789857
362280,0,11.316901696456984,11.31690169645669
362340,0,11.316165489656257,11.31616548965596
362400,0,11.315429836634266,11.315429836634005
362460,0,11.314694745115691,11.314694745115517
362520,0,11.313960215800357,11.313960215800307
362580,0,11.313226246895779,11.313226246895855
362640,0,11.312492836609483,11.31249283660967
362700,0,11.311759983445114,11.311759983445372
362760,0,11.311027687915564,11.311027687915871
362820,0,11.310295949329072,11.310295949329419
362880,0,11.309564766642632,11.309564766642996
362940,0,11.30883413881324,11.308834138813596
363000,0,11.30810406492383,11.308104064924144
363060,0,11.307374544849408,11.307374544849633
363120,0,11.306645577849206,11.306645577849308
363180,0,11.305917163024802,11.305917163024779
363240,0,11.305189299477789,11.305189299477659
363300,0,11.304461986393735,11.304461986393537
363360,0,11.30373522348529,11.303735223485049
363420,0,11.303009010052719,11.303009010052447
363480,0,11.302283345291011,11.302283345290723
363540,0,11.30155822839517,11.301558228394882
363600,0,11.30083366,11.300833658616625
363660,0,11.300109635564509,11.300109635564265
363720,0,11.299386158568986,11.29938615856879
363780,0,11.298663226890323,11.298663226890186
363840,0,11.297940839788536,11.297940839788453
363900,0,11.297218996569683,11.297218996569653
363960,0,11.296497696809709,11.29649769680974
364020,0,11.295776939826476,11.295776939826569
364080,0,11.295056724877554,11.295056724877702
364140,0,11.294337051220532,11.294337051220705
364200,0,11.29361791816482,11.293617918164978
364260,0,11.292899325316982,11.292899325317068
364320,0,11.292181271982393,11.292181271982379
364380,0,11.291463757397725,11.291463757397606
364440,0,11.290746780799658,11.29074678079946
364500,0,11.29003034148961,11.290030341489373
364560,0,11.28931443913449,11.289314439134248
364620,0,11.288599073015618,11.288599073015396
364680,0,11.287884242327776,11.28788424232758
364740,0,11.287169946265742,11.287169946265568
364800,0,11.286456184098911,11.286456184098736
364860,0,11.285742955535975,11.285742955535765
364920,0,11.28503025987121,11.285030259870954
364980,0,11.284318096301533,11.284318096301252
365040,0,11.28360646402387,11.283606464023606
365100,0,11.282895362305323,11.282895362305156
365160,0,11.282184790838352,11.282184790838391
365220,0,11.281474748945707,11.281474748946017
365280,0,11.280765235860184,11.280765235860738
365340,0,11.28005625081457,11.280056250815287
365400,0,11.279347793101776,11.279347793102492
365460,0,11.278639862378448,11.278639862379011
365520,0,11.277932457983614,11.277932457983932
365580,0,11.277225579179154,11.277225579179197
365640,0,11.276519225226957,11.276519225226762
365700,0,11.27581339544223,11.275813395441885
365760,0,11.275108089459659,11.275108089459211
365820,0,11.274403306627038,11.27440330662652
365880,0,11.27369904622333,11.273699046222758
365940,0,11.272995307527497,11.272995307526887
366000,0,11.272292089876101,11.272292089875465
366060,0,11.271589392931357,11.271589392930716
366120,0,11.27088721601319,11.270887216012557
366180,0,11.270185558364572,11.270185558363966
366240,0,11.269484419228501,11.269484419227922
366300,0,11.268783797913294,11.268783797912736
366360,0,11.26808369411388,11.268083694113342
366420,0,11.267384107165489,11.267384107164979
366480,0,11.266685036318357,11.266685036317881
366540,0,11.265986480822725,11.26598648
366600,0,11.265288451823377,11.265288451823015
366660,0,11.264591004602298,11.264591004602027
366720,0,11.263894085464324,11.263894085464155
366780,0,11.263197621770471,11.263197621770406
366840,0,11.262501540881766,11.262501540881791
366900,0,11.261805778438308,11.261805778438383
366960,0,11.261110357886437,11.261110357886523
367020,0,11.260415321411374,11.26041532141145
367080,0,11.259720705561111,11.259720705561177
367140,0,11.259026546883653,11.259026546883739
367200,0,11.258332870578489,11.258332870578645
367260,0,11.257639630617902,11.25763963
367320,0,11.256946836702319,11.25694683670279
367380,0,11.256254512756245,11.256254512756875
367440,0,11.255562682704209,11.255562682704936
367500,0,11.254871364237873,11.254871364238593
367560,0,11.254180532663156,11.254180532663753
367620,0,11.253490188480884,11.253490188481294
367680,0,11.252800339572175,11.252800339572389
367740,0,11.252110993818151,11.252110993818205
367800,0,11.251422157095792,11.251422157095769
367860,0,11.250733821203996,11.250733821203974
367920,0,11.250045985298765,11.250045985298787
367980,0,11.249358650849816,11.249358650849878
368040,0,11.248671819326853,11.24867181932693
368100,0,11.24798549178924,11.24798549178926
368160,0,11.24729966618096,11.247299666180854
368220,0,11.246614341566637,11.246614341566373
368280,0,11.245929517453849,11.245929517453428
368340,0,11.245245193350183,11.245245193349646
368400,0,11.244561368814958,11.24456136881438
368460,0,11.243878043556034,11.243878043555492
368520,0,11.243195216735266,11.243195216734797
368580,0,11.242512887426349,11.24251288742597
368640,0,11.241831054702992,11.241831054702685
368700,0,11.241149717756302,11.241149717756027
368760,0,11.240468876516168,11.240468876515893
368820,0,11.239788530339146,11.239788530338858
368880,0,11.239108678434885,11.239108678434583
368940,0,11.238429320013047,11.23842932001275
369000,0,11.237750454352538,11.237750454352273
369060,0,11.237072081189233,11.237072081189027
369120,0,11.236394199955999,11.236394199955873
369180,0,11.235716810001861,11.235716810001817
369240,0,11.235039910675852,11.235039910675878
369300,0,11.234363501378143,11.234363501378223
369360,0,11.233687581792106,11.233687581792228
369420,0,11.23301215,11.233012151287458
369480,0,11.23233720916417,11.23233720916436
369540,0,11.231662754723178,11.23166275472339
369600,0,11.230988787338095,11.230988787338335
369660,0,11.23031530678985,11.230315306790109
369720,0,11.22964231241142,11.229642312411693
369780,0,11.228969803436858,11.228969803437149
369840,0,11.228297779100245,11.228297779100535
369900,0,11.227626238708895,11.227626238709169
369960,0,11.226955182033201,11.226955182033446
370020,0,11.226284608489362,11.226284608489562
370080,0,11.225614517402175,11.225614517402333
370140,0,11.224944908096465,11.224944908096587
370200,0,11.22427576,11.224275763400312
370260,0,11.223607005248635,11.223607005248773
370320,0,11.222938707253968,11.22293870725415
370380,0,11.22227096934464,11.22227096934485
370440,0,11.221603891449098,11.221603891449297
370500,0,11.220937568489749,11.220937568489873
370560,0,11.220271997103964,11.220271997103925
370620,0,11.219607087714008,11.219607087713763
370680,0,11.218942748174927,11.218942748174484
370740,0,11.218278886341771,11.218278886341187
370800,0,11.21761542968952,11.217615429688887
370860,0,11.216952450706078,11.216952450705486
370920,0,11.216289961774976,11.21628996177448
370980,0,11.215627953580436,11.215627953580059
371040,0,11.214966416806684,11.214966416806417
371100,0,11.214305344042673,11.214305344042474
371160,0,11.213644741890223,11.21364474189008
371220,0,11.212984611008173,11.212984611008078
371280,0,11.212324949940133,11.212324949940081
371340,0,11.211665757229738,11.211665757229722
371400,0,11.211007031649082,11.211007031649093
371460,0,11.210348773573148,11.210348773573184
371520,0,11.20969098253475,11.209690982534802
371580,0,11.209033657802648,11.209033657802705
371640,0,11.208376798645602,11.208376798645663
371700,0,11.20772040439904,11.20772040439909
371760,0,11.207064474832679,11.207064474832706
371820,0,11.206409009415363,11.206409009415355
371880,0,11.20575400753449,11.205754007534447
371940,0,11.205099468577464,11.205099468577405
372000,0,11.204445391976707,11.204445391976655
372060,0,11.20379177742819,11.203791777428172
372120,0,11.20313862,11.20313862437533
372180,0,11.202485932202478,11.202485932202562
372240,0,11.201833700294172,11.201833700294316
372300,0,11.201181928086704,11.201181928086905
372360,0,11.200530615310734,11.200530615311022
372420,0,11.19987976139034,11.199879761390722
372480,0,11.199229365680441,11.199229365680896
372540,0,11.198579427535963,11.198579427536437
372600,0,11.197929946369506,11.197929946369918
372660,0,11.197280921935976,11.19728092193622
372720,0,11.19663235,11.196632353674318
372780,0,11.195984240948478,11.195984240948267
372840,0,11.195336583122533,11.195336583122137
372900,0,11.194689379612859,11.194689379612376
372960,0,11.194042630154494,11.19404263
373020,0,11.19339633420832,11.193396334207858
373080,0,11.19275049,11.192750491167791
373140,0,11.192105100428002,11.192105100427643
373200,0,11.191460171818239,11.191460171817907
373260,0,11.190815753875503,11.190815753875182
373320,0,11.190171799481124,11.190171799480808
373380,0,11.18952824489171,11.18952824489141
373440,0,11.188885026363875,11.188885026363616
373500,0,11.188242087413727,11.188242087413542
373560,0,11.187599448600857,11.187599448600812
373620,0,11.186957147000152,11.186957147000271
373680,0,11.186315214750223,11.186315214750497
373740,0,11.18567368398969,11.185673683990068
373800,0,11.185032576886213,11.185032576886606
373860,0,11.184391853020225,11.184391853020543
373920,0,11.183751520925657,11.183751520925851
373980,0,11.183111601633122,11.183111601633176
374040,0,11.182472116173246,11.182472116173177
374100,0,11.181833080107737,11.181833080107594
374160,0,11.181194471794743,11.181194471794553
374220,0,11.180556291677984,11.180556291677762
374280,0,11.179918546675182,11.179918546674935
374340,0,11.179281243704068,11.179281243703798
374400,0,11.178644387926532,11.178644387926235
374460,0,11.178007972178118,11.178007972177788
374520,0,11.17737199575232,11.177371995751955
374580,0,11.17673645997065,11.17673645997026
374640,0,11.176101366154636,11.176101366154235
374700,0,11.175466715251023,11.175466715250636
374760,0,11.174832505411665,11.174832505411311
374820,0,11.174198735895379,11.174198735895075
374880,0,11.173565406372175,11.17356540637193
374940,0,11.172932516512095,11.172932516511901
375000,0,11.172300065996609,11.172300065996456
375060,0,11.171668054449114,11.171668054449011
375120,0,11.171036481221424,11.171036481221373
375180,0,11.170405345633807,11.17040534563379
375240,0,11.169774647006532,11.169774647006532
375300,0,11.16914438473949,11.16914438473948
375360,0,11.168514558706338,11.168514558706285
375420,0,11.167885168346729,11.167885168346608
375480,0,11.16725621299708,11.167256212996886
375540,0,11.166627691993826,11.166627691993565
375600,0,11.165999589936662,11.16599958993636
375660,0,11.165371837088458,11.165371837088124
375720,0,11.164744499303675,11.164744499303321
375780,0,11.164117665953022,11.164117665952649
375840,0,11.163491426407212,11.163491426406821
375900,0,11.162865865594396,11.162865865593991
375960,0,11.162240980693182,11.162240980692761
376020,0,11.161616691497603,11.161616691497166
376080,0,11.160992915453706,11.16099291545326
376140,0,11.160369570007559,11.160369570007106
376200,0,11.15974659016111,11.159746590160655
376260,0,11.15912404076767,11.159124040767212
376320,0,11.158501933054831,11.158501933054376
376380,0,11.157880258846074,11.157880258845632
376440,0,11.157259009964882,11.157259009964463
376500,0,11.156638179906617,11.156638179906244
376560,0,11.156017774470524,11.156017774470223
376620,0,11.155397794246076,11.15539779424587
376680,0,11.154778237966653,11.154778237966541
376740,0,11.15415910436563,11.154159104365599
376800,0,11.153540392393516,11.153540392393541
376860,0,11.152922102464009,11.15292210246408
376920,0,11.152304234090776,11.152304234090888
376980,0,11.151686786528607,11.15168678652874
377040,0,11.151069759032298,11.15106975903243
377100,0,11.150453150948161,11.15045315094825
377160,0,11.149836962211909,11.149836962211893
377220,0,11.149221192334522,11.149221192334377
377280,0,11.148605840714241,11.148605840713966
377340,0,11.147990906749314,11.14799090674894
377400,0,11.147376389891432,11.147376389891031
377460,0,11.146762289930182,11.146762289929807
377520,0,11.146148606396588,11.146148606396277
377580,0,11.145535338754991,11.14553533875475
377640,0,11.144922486469726,11.144922486469541
377700,0,11.144310049045046,11.144310049044877
377760,0,11.143698026223268,11.14369802622308
377820,0,11.143086417530192,11.143086417529966
377880,0,11.142475222439947,11.142475222439684
377940,0,11.141864440426675,11.141864440426389
378000,0,11.141254071004028,11.141254071003754
378060,0,11.140644113917118,11.140644113916895
378120,0,11.140034568689384,11.14003456868923
378180,0,11.13942543479252,11.139425434792429
378240,0,11.138816711698231,11.138816711698176
378300,0,11.138208408360487,11.138208408360416
378360,0,11.137600568894861,11.137600568894726
378420,0,11.136993150500505,11.136993150500277
378480,0,11.136386095271426,11.136386095271098
378540,0,11.135779345301644,11.135779345301227
378600,0,11.135172849286384,11.135172849285903
378660,0,11.134566625940476,11.134566625939948
378720,0,11.133960708933905,11.133960708933342
378780,0,11.133355127443009,11.133355127442417
378840,0,11.132749910644133,11.132749910643517
378900,0,11.13214507866573,11.132145078665097
378960,0,11.131540594842374,11.131540594841729
379020,0,11.13093646692896,11.13093646692831
379080,0,11.13033271402005,11.130332714019401
379140,0,11.129729355210234,11.129729355209596
379200,0,11.129126404625527,11.12912640462491
379260,0,11.128523842613266,11.128523842612685
379320,0,11.127921669620553,11.12792166962001
379380,0,11.127319891978951,11.127319891978459
379440,0,11.126718516020047,11.126718516019613
379500,0,11.126117546466237,11.126117546465878
379560,0,11.125516976764722,11.125516976764459
379620,0,11.124916806316783,11.12491680631663
379680,0,11.124317036385163,11.124317036385115
379740,0,11.123717668232619,11.12371766823265
379800,0,11.12311870277573,11.1231187
379860,0,11.122520138333696,11.122520138333767
379920,0,11.12192197422182,11.121921974221872
379980,0,11.121324210133121,11.121324210133135
380040,0,11.120726845760629,11.120726845760597
380100,0,11.120129880831092,11.120129880831009
380160,0,11.119533315122261,11.11953332
380220,0,11.118937147980045,11.118937147979791
380280,0,11.118341378686816,11.11834137868648
380340,0,11.117746006524973,11.11774600652458
380400,0,11.117151030883168,11.117151030882777
380460,0,11.116556451797118,11.11655645
380520,0,11.115962268747538,11.115962268747321
380580,0,11.11536848107926,11.115368481079141
380640,0,11.114775088137137,11.114775088137078
380700,0,11.114182075794954,11.114182075794872
380760,0,11.113589380308683,11.113589380308477
380820,0,11.112997061967425,11.112997061967043
380880,0,11.112405202563757,11.112405202563211
380940,0,11.111813883890267,11.111813883889635
381000,0,11.111223183648443,11.111223183647864
381060,0,11.110633099161229,11.110633099160852
381120,0,11.11004355719979,11.110043557199697
381180,0,11.109454482429785,11.109454482429978
381240,0,11.108865799516874,11.108865799517273
381300,0,11.10827744916123,11.108277449161692
381360,0,11.107689490623121,11.107689490623494
381420,0,11.107101934120596,11.107101934120802
381480,0,11.106514772144047,11.10651477214408
381540,0,11.105927997183887,11.105927997183795
381600,0,11.105341603275622,11.105341603275523
381660,0,11.104755595804976,11.104755595804978
381720,0,11.104169975308713,11.104169975308873
381780,0,11.103584740605497,11.103584740605818
381840,0,11.102999890514015,11.102999890514447
381900,0,11.102415424051813,11.102415424052259
381960,0,11.101831341606808,11.101831341607177
382020,0,11.101247642792567,11.101247642792812
382080,0,11.100664326989516,11.100664326989623
382140,0,11.100081393578092,11.10008139357808
382200,0,11.099498842010883,11.099498842010801
382260,0,11.098916672200405,11.098916672200286
382320,0,11.098334883716593,11.09833488371645
382380,0,11.097753476039872,11.097753476039719
382440,0,11.097172448650673,11.097172448650511
382500,0,11.09659180107496,11.096591801074778
382560,0,11.096011533123376,11.096011533123173
382620,0,11.09543164438124,11.095431644381016
382680,0,11.094852134376648,11.094852134376406
382740,0,11.094273002637708,11.09427300263747
382800,0,11.09369424872892,11.093694248728706
382860,0,11.093115872430147,11.09311587242999
382920,0,11.09253787332095,11.092537873320868
382980,0,11.091960250933539,11.09196025093353
383040,0,11.091383004800148,11.091383004800191
383100,0,11.090806134491347,11.090806134491405
383160,0,11.09022963979928,11.09022963979932
383220,0,11.089653520295869,11.089653520295876
383280,0,11.089077775502407,11.089077775502368
383340,0,11.0885024,11.088502404940114
383400,0,11.087927416775958,11.087927416775818
383460,0,11.087352851243454,11.087352851243253
383520,0,11.08677866934536,11.086778669345088
383580,0,11.086204818313467,11.086204818313131
383640,0,11.08563124537958,11.085631245379195
383700,0,11.085057903791274,11.085057903790876
383760,0,11.084484810610546,11.084484810610174
383820,0,11.083911996535592,11.08391199653527
383880,0,11.083339488170065,11.083339488169784
383940,0,11.082767312117621,11.082767312117355
384000,0,11.082195486732827,11.082195486732507
384060,0,11.081623978596419,11.081623978595955
384120,0,11.08105279479777,11.081052794797124
384180,0,11.080481952765606,11.08048195276479
384240,0,11.079911469928657,11.07991146992775
384300,0,11.079341359185658,11.07934135918479
384360,0,11.078771602632655,11.078771602631976
384420,0,11.078202200682167,11.078202200681758
384480,0,11.07763315911105,11.077633159110917
384540,0,11.077064483696176,11.077064483696244
384600,0,11.076496178752341,11.076496178752457
384660,0,11.075928238340206,11.075928238340223
384720,0,11.075360661914283,11.075360661914123
384780,0,11.074793450619117,11.074793450618769
384840,0,11.074226605599263,11.07422660559878
384900,0,11.07366012769212,11.073660127691614
384960,0,11.07309401541405,11.07309401541362
385020,0,11.072528268138111,11.072528268137813
385080,0,11.07196288557034,11.071962885570175
385140,0,11.071397867416778,11.071397867416707
385200,0,11.07083321,11.070833213419533
385260,0,11.07026892340897,11.070268923408824
385320,0,11.069704996807527,11.069704996807266
385380,0,11.069141432974265,11.069141432973876
385440,0,11.068578231268175,11.06857823126769
385500,0,11.06801537871119,11.068015378710667
385560,0,11.067452816925677,11.067452816925162
385620,0,11.066890601194658,11.066890601194173
385680,0,11.066328806499946,11.066328806499511
385740,0,11.065767507823363,11.065767507822988
385800,0,11.06520677641495,11.065206776414644
385860,0,11.064646609925164,11.064646609924964
385920,0,11.064086941184136,11.06408694118406
385980,0,11.063527701064295,11.063527701064329
386040,0,11.062968820438073,11.062968820438176
386100,0,11.062410244878981,11.062410244879084
386160,0,11.061852028716869,11.06185203
386220,0,11.061294181410037,11.061294181409949
386280,0,11.060736696170729,11.060736696170514
386340,0,11.060179566211195,11.060179566210882
386400,0,11.05962278613632,11.059622786135968
386460,0,11.059066360800516,11.059066360800177
386520,0,11.058510290719827,11.058510290719525
386580,0,11.057954574864306,11.057954574864047
386640,0,11.057399212204013,11.057399212203782
386700,0,11.056844201880518,11.056844201880285
386760,0,11.05628954,11.056289544218039
386820,0,11.055735238875949,11.055735238875654
386880,0,11.05518128531114,11.055181285310798
386940,0,11.054627682981566,11.054627682981183
387000,0,11.054074431403519,11.054074431403105
387060,0,11.053521530475182,11.053521530474722
387120,0,11.05296897983013,11.052968979829624
387180,0,11.05241678,11.052416779029768
387240,0,11.051864927637661,11.05186492763713
387300,0,11.051313425244972,11.051313425244494
387360,0,11.05076227164357,11.050762271643208
387420,0,11.050211466481914,11.050211466481707
387480,0,11.049661009370517,11.049661009370467
387540,0,11.049110899919901,11.049110899919972
387600,0,11.048561137760766,11.04856114
387660,0,11.048011722646459,11.048011722646615
387720,0,11.047462654224391,11.047462654224539
387780,0,11.046913932116116,11.046913932116233
387840,0,11.046365555943188,11.046365555943266
387900,0,11.04581753330681,11.045817533306845
387960,0,11.045269901363323,11.045269901363294
388020,0,11.044722624068884,11.044722624068784
388080,0,11.044175652663613,11.044175652663434
388140,0,11.043628938387643,11.043628938387393
388200,0,11.043082438033686,11.043082438033373
388260,0,11.042536167342927,11.042536167342558
388320,0,11.041990154721756,11.041990154721333
388380,0,11.041444424803577,11.041444424803107
388440,0,11.040899002221805,11.040899002221304
388500,0,11.040353903975138,11.040353903974626
388560,0,11.039809099141998,11.039809099141499
388620,0,11.039264594288193,11.039264594287726
388680,0,11.038720405548492,11.038720405548062
388740,0,11.038176549057676,11.038176549057273
388800,0,11.037633036756953,11.037633036756555
388860,0,11.037089852079616,11.03708985207921
388920,0,11.036546995426843,11.036546995426427
388980,0,11.03600447216669,11.036004472166255
389040,0,11.035462287667213,11.035462287666762
389100,0,11.034920445932594,11.034920445932137
389160,0,11.034378941427716,11.034378941427258
389220,0,11.033837773692543,11.033837773692087
389280,0,11.03329694384702,11.033296943846569
389340,0,11.032756453011116,11.032756453010661
389400,0,11.032216301996872,11.03221630199641
389460,0,11.031676489340397,11.03167648933991
389520,0,11.031137014520699,11.031137014520178
389580,0,11.030597877357287,11.030597877356746
389640,0,11.030059077669677,11.030059077669142
389700,0,11.029520615284456,11.029520615283976
389760,0,11.02898248994696,11.028982489946598
389820,0,11.028444701159545,11.028444701159334
389880,0,11.027907248399066,11.027907248399009
389940,0,11.02737013114239,11.027370131142455
390000,0,11.026833348940947,11.02683334894109
390060,0,11.026296901787614,11.026296901787793
390120,0,11.025760789265018,11.02576078926521
390180,0,11.02522501085881,11.025225010858998
390240,0,11.024689566054638,11.024689566054816
390300,0,11.024154442923736,11.024154442923901
390360,0,11.023619587479766,11.023619587479907
390420,0,11.023085050808463,11.023085050808573
390480,0,11.022550902214109,11.02255090221418
390540,0,11.022017211000987,11.022017211001016
390600,0,11.021484042994349,11.021484042994318
390660,0,11.020951395897342,11.02095139589723
390720,0,11.020419207799527,11.020419207799318
390780,0,11.019887415030515,11.019887415030222
390840,0,11.019355953919934,11.019355953919595
390900,0,11.018824774342091,11.018824774341772
390960,0,11.018293926364901,11.018293926364692
391020,0,11.017763418701188,11.017763418701131
391080,0,11.017233245094593,11.017233245094681
391140,0,11.016703399288765,11.016703399288936
391200,0,11.01617387631163,11.016173876311765
391260,0,11.015644680647855,11.015644680647824
391320,0,11.015115812789064,11.015115812788803
391380,0,11.014587271801792,11.01458727
391440,0,11.014059056752583,11.01405905675193
391500,0,11.013531166861211,11.013531166860544
391560,0,11.01300360241425,11.013003602413706
391620,0,11.01247636311989,11.012476363119552
391680,0,11.011949448508155,11.01194944850803
391740,0,11.011422858109075,11.011422858109102
391800,0,11.010896591501092,11.010896591501142
391860,0,11.010370648577076,11.010370648577025
391920,0,11.00984502900969,11.009845029009476
391980,0,11.009319732412314,11.00931973241193
392040,0,11.008794758398336,11.00879475839784
392100,0,11.008270106607672,11.00827010660718
392160,0,11.007745776849498,11.007745776849118
392220,0,11.00722176880718,11.007221768806971
392280,0,11.006698082131171,11.006698082131136
392340,0,11.006174716471941,11.00617471647203
392400,0,11.005651678886178,11.005651678886283
392460,0,11.005129003867186,11.005129003867198
392520,0,11.004606657977062,11.004606657976927
392580,0,11.004084595976352,11.004084595976066
392640,0,11.003562772625603,11.003562772625221
392700,0,11.003041147833883,11.003041147833498
392760,0,11.002519736194737,11.002519736194442
392820,0,11.001998564087982,11.001998564087831
392880,0,11.001477654398444,11.001477654398444
392940,0,11.000957030010941,11.00095703001107
393000,0,11.000436706722597,11.00043670672279
393060,0,10.999916655835781,10.999916655835982
393120,0,10.999396883441523,10.999396883441708
393180,0,10.99887740451321,10.998877404513374
393240,0,10.998358234024233,10.998358234024392
393300,0,10.997839383062573,10.997839383062763
393360,0,10.99732083628956,10.997320836289825
393420,0,10.99680259406512,10.996802594065475
393480,0,10.996284661349257,10.99628466
393540,0,10.99576704,10.995767043102498
393600,0,10.995249743025164,10.995249743025674
393660,0,10.994732756019134,10.994732756019616
393720,0,10.994216081663932,10.994216081664355
393780,0,10.993699720996966,10.993699720997316
393840,0,10.99318367505566,10.993183675055931
393900,0,10.992667944590648,10.992667944590835
393960,0,10.992152528244464,10.992152528244535
394020,0,10.99163742555728,10.991637425557217
394080,0,10.99112263638795,10.991122636387772
394140,0,10.990608160595349,10.990608160595084
394200,0,10.990093998040587,10.990094
394260,0,10.989580148478812,10.989580148478556
394320,0,10.98906661145508,10.98906661145489
394380,0,10.988553386495742,10.988553386495633
394440,0,10.988040473127155,10.988040473127121
394500,0,10.987527870948043,10.987527870948067
394560,0,10.987015579975312,10.987015579975393
394620,0,10.986503599810685,10.986503599810822
394680,0,10.985991929960404,10.985991929960589
394740,0,10.985480569930706,10.985480569930926
394800,0,10.984969508632974,10.984969508633203
394860,0,10.984458695959797,10.984458695960008
394920,0,10.983948179363306,10.983948179363486
394980,0,10.983438023208624,10.983438023208766
395040,0,10.982928291860867,10.982928291860986
395100,0,10.98241904645864,10.982419046458755
395160,0,10.981910284901604,10.981910284901739
395220,0,10.981401949701153,10.981401949701315
395280,0,10.980893981728357,10.98089398172855
395340,0,10.980386321854311,10.980386321854532
395400,0,10.979878923529768,10.979878923530002
395460,0,10.979371833263018,10.979371833263276
395520,0,10.97886505915777,10.97886505915805
395580,0,10.978358595415376,10.978358595415662
395640,0,10.977852436237212,10.977852436237471
395700,0,10.97734657701569,10.977346577015872
395760,0,10.976841021916437,10.976841021916464
395820,0,10.976335771406626,10.976335771406466
395880,0,10.975830824632165,10.97583082463182
395940,0,10.975326180738971,10.975326180738493
396000,0,10.974821839016313,10.974821839015796
396060,0,10.97431779974388,10.974317799743417
396120,0,10.97381406264751,10.973814062647156
396180,0,10.973310627285347,10.97331062728511
396240,0,10.97280749321553,10.97280749321539
396300,0,10.97230466004303,10.972304660042923
396360,0,10.971802127681897,10.971802127681775
396420,0,10.971299895841225,10.971299895841058
396480,0,10.97079796417338,10.97079796417317
396540,0,10.97029633233075,10.97029633233052
396600,0,10.969794999987668,10.969794999987458
396660,0,10.969293966962432,10.969293966962303
396720,0,10.96879323297577,10.96879323297575
396780,0,10.968292797721709,10.968292797721782
396840,0,10.967792660894279,10.967792660894398
396900,0,10.967292822200973,10.96729282220105
396960,0,10.966793281430297,10.966793281430235
397020,0,10.966294038298745,10.96629403829848
397080,0,10.96579509250544,10.965795092504981
397140,0,10.965296443749528,10.96529644374893
397200,0,10.96479809174556,10.964798091744942
397260,0,10.964300036293643,10.964300036293107
397320,0,10.963802277099415,10.963802277099022
397380,0,10.963304813847682,10.96330481384745
397440,0,10.962807646223258,10.962807646223157
397500,0,10.962310773931367,10.96231077393133
397560,0,10.961814196793911,10.961814196793886
397620,0,10.961317914513565,10.961317914513526
397680,0,10.96082192676589,10.96082192676583
397740,0,10.960326233226464,10.96032623
397800,0,10.959830840365864,10.959830840365822
397860,0,10.959335779837039,10.959335779837044
397920,0,10.958841020984718,10.958841020984785
397980,0,10.958346522327368,10.95834652
398040,0,10.957852242383462,10.957852242383659
398100,0,10.957358144394869,10.95735814439513
398160,0,10.956864241759016,10.95686424175937
398220,0,10.956370558663822,10.956370558664279
398280,0,10.955877116088995,10.955877116089525
398340,0,10.955383935014241,10.955383935014783
398400,0,10.954891029917462,10.954891029917915
398460,0,10.954398374476012,10.954398374476254
398520,0,10.953905974306773,10.953905974306736
398580,0,10.953413843176847,10.953413843176524
398640,0,10.95292199485334,10.952921994852787
398700,0,10.952430439527582,10.95243043952692
398760,0,10.951939163087635,10.951939163086939
398820,0,10.951448165897743,10.951448165897066
398880,0,10.950957452557944,10.950957452557322
398940,0,10.950467027668289,10.950467027667738
399000,0,10.949976894670986,10.949976894670515
399060,0,10.949487048887914,10.949487048887558
399120,0,10.948997489912554,10.948997489912339
399180,0,10.948508218676752,10.948508218676675
399240,0,10.94801923611237,10.948019236112394
399300,0,10.947530542904687,10.947530542904756
399360,0,10.947042137888566,10.947042137888618
399420,0,10.946554020607712,10.946554020607712
399480,0,10.946066190874806,10.946066190874745
399540,0,10.945578648502549,10.945578648502442
399600,0,10.94509139331699,10.945091393316883
399660,0,10.944604425141296,10.944604425141232
399720,0,10.944117743589109,10.944117743589105
399780,0,10.94363134824583,10.94363134824588
399840,0,10.943145238696866,10.943145238696937
399900,0,10.942659414574207,10.94265941457423
399960,0,10.942173875811093,10.942173875810987
400020,0,10.941688622126698,10.941688622126417
400080,0,10.941203653182958,10.941203653182514
400140,0,10.940718968641836,10.940718968641285
400200,0,10.940234568189627,10.940234568189071
400260,0,10.939750451672474,10.939750451672023
400320,0,10.939266618828562,10.939266618828274
400380,0,10.938783069366469,10.938783069366355
400440,0,10.938299802994793,10.93829980299481
400500,0,10.937816819444281,10.937816819444349
400560,0,10.937334118561806,10.937334118561848
400620,0,10.936851700047315,10.936851700047297
400680,0,10.936369563569947,10.936369563569851
400740,0,10.935887708798834,10.93588770879868
400800,0,10.935406135433928,10.93540613543375
400860,0,10.934924843355828,10.934924843355647
400920,0,10.93444383227271,10.934443832272542
400980,0,10.93396310185243,10.933963101852282
401040,0,10.933482651762867,10.933482651762741
401100,0,10.93300247,10.933002472043201
401160,0,10.932522517189021,10.932522517188971
401220,0,10.932042830218062,10.93204283021807
401280,0,10.931563469507816,10.931563469507868
401340,0,10.93108449343568,10.931084493435748
401400,0,10.93060595745141,10.930605957451442
401460,0,10.930127859657894,10.930127859657839
401520,0,10.929650147957092,10.929650147956915
401580,0,10.92917276876712,10.929172768766815
401640,0,10.928695668506096,10.928695668505682
401700,0,10.928218805001263,10.928218805000784
401760,0,10.927742220450773,10.927742220450247
401820,0,10.927265922176138,10.92726592217559
401880,0,10.926789904886517,10.926789904885956
401940,0,10.926314163291075,10.926314163290508
402000,0,10.925838693188332,10.925838693187764
402060,0,10.925363498400225,10.925363498399667
402120,0,10.924888579364781,10.924888579364238
402180,0,10.924413935311474,10.924413935310955
402240,0,10.923939565469782,10.923939565469302
402300,0,10.923465469195499,10.92346546919507
402360,0,10.922991646733243,10.922991646732893
402420,0,10.922518097866455,10.922518097866199
402480,0,10.922044822232943,10.922044822232781
402540,0,10.921571819470525,10.921571819470438
402600,0,10.92109908925085,10.921099089250811
402660,0,10.920626631470784,10.920626631470773
402720,0,10.92015444588229,10.920154445882297
402780,0,10.919682532196608,10.919682532196619
402840,0,10.919210890124992,10.919210890124996
402900,0,10.918739525650853,10.918739525650846
402960,0,10.918268467999518,10.918268467999487
403020,0,10.917797688877613,10.917797688877547
403080,0,10.91732714999813,10.917327149998028
403140,0,10.916856813074086,10.916856813073938
403200,0,10.916386644177159,10.916386644176963
403260,0,10.915916655671737,10.915916655671474
403320,0,10.915446869895948,10.915446869895614
403380,0,10.91497730622874,10.91497730622834
403440,0,10.914507984049065,10.914507984048617
403500,0,10.914038916737702,10.914038916737251
403560,0,10.913570080020362,10.913570080019943
403620,0,10.913101479063213,10.913101479062854
403680,0,10.91263312654933,10.91263312654904
403740,0,10.912165035161793,10.91216503516155
403800,0,10.911697214294112,10.911697214293886
403860,0,10.911229650972173,10.911229650971935
403920,0,10.910762345523503,10.910762345523235
403980,0,10.91029530217112,10.910295302170825
404040,0,10.909828525138051,10.909828525137755
404100,0,10.909362017580484,10.909362017580229
404160,0,10.908895775189865,10.908895775189697
404220,0,10.908429797622329,10.908429797622277
404280,0,10.907964085769498,10.907964085769562
404340,0,10.907498640522997,10.907498640523144
404400,0,10.907033462535967,10.907033462536141
404460,0,10.906568550693756,10.906568550693887
404520,0,10.906103904603752,10.906103904603809
404580,0,10.905639524136408,10.905639524136392
404640,0,10.905175409162199,10.905175409162142
404700,0,10.90471155956175,10.904711559561715
404760,0,10.904247975175979,10.904247975176036
404820,0,10.903784655624277,10.903784655624465
404880,0,10.903321600499591,10.903321600499904
404940,0,10.90285880939488,10.902858809395271
405000,0,10.902396281965608,10.90239628196599
405060,0,10.901934018241988,10.901934018242292
405120,0,10.901472017918202,10.901472017918374
405180,0,10.901010280607746,10.901010280607775
405240,0,10.900548805924135,10.900548805924027
405300,0,10.90008759352102,10.900087593520796
405360,0,10.899626643329224,10.899626643328872
405420,0,10.899165955124198,10.899165955123719
405480,0,10.898705528634391,10.89870552863381
405540,0,10.898245363588268,10.898245363587638
405600,0,10.897785450732917,10.897785450732323
405660,0,10.89732574763514,10.897325747634696
405720,0,10.896866294391911,10.89686629439168
405780,0,10.896407145423764,10.896407145423744
405840,0,10.895948355151239,10.895948355151372
405900,0,10.895489975277751,10.89548997527792
405960,0,10.89503200410006,10.895032004100159
406020,0,10.89457439301974,10.89457439301971
406080,0,10.894117092036973,10.894117092036792
406140,0,10.893660051151935,10.893660051151631
406200,0,10.893203231007764,10.893203231007401
406260,0,10.892746670970597,10.892746670970201
406320,0,10.892290377901562,10.89229037790115
406380,0,10.89183434689874,10.89183434689834
406440,0,10.89137857306023,10.891378573059864
406500,0,10.890923052491427,10.890923052491122
406560,0,10.890467788727472,10.890467788727287
406620,0,10.890012782192288,10.890012782192256
406680,0,10.889558032193712,10.889558032193825
406740,0,10.889103538039581,10.889103538039791
406800,0,10.888649299152293,10.88864929915251
406860,0,10.888195315754771,10.888195315754905
406920,0,10.887741587642449,10.88774158764245
406980,0,10.887288114477935,10.887288114477792
407040,0,10.886834895923858,10.886834895923604
407100,0,10.886381931678814,10.88638193167852
407160,0,10.885929221671946,10.885929221671656
407220,0,10.885476765663507,10.885476765663245
407280,0,10.885024563369257,10.885024563369047
407340,0,10.884572614504968,10.88457261450482
407400,0,10.884120924646167,10.88412092464609
407460,0,10.883669521098254,10.883669521098275
407520,0,10.883218377456782,10.883218377456918
407580,0,10.88276745798292,10.882767457983169
407640,0,10.88231672693787,10.882316726938193
407700,0,10.881866152655904,10.881866152656249
407760,0,10.881415746702377,10.88141574670269
407820,0,10.880965529915672,10.88096552991592
407880,0,10.880515520365101,10.88051552036527
407940,0,10.88006573611999,10.880065736120082
408000,0,10.879616189655476,10.879616189655504
408060,0,10.879166858334722,10.879166858334681
408120,0,10.878717746990151,10.878717746990038
408180,0,10.87826886746574,10.878268867465565
408240,0,10.877820231605476,10.87782023160526
408300,0,10.877371848180815,10.877371848180587
408360,0,10.87692370507753,10.876923705077324
408420,0,10.876475802615575,10.87647580261541
408480,0,10.876028144754182,10.876028144754063
408540,0,10.875580735452592,10.875580735452518
408600,0,10.875133577673948,10.875133577673905
408660,0,10.874686667403232,10.874686667403223
408720,0,10.874240004313338,10.874240004313364
408780,0,10.873793589229617,10.87379358922967
408840,0,10.873347422977428,10.87334742297749
408900,0,10.87290150616678,10.872901506166828
408960,0,10.872455837794407,10.872455837794424
409020,0,10.87201041748065,10.872010417480622
409080,0,10.871565245081136,10.871565245081042
409140,0,10.871120320451487,10.871120320451311
409200,0,10.87067564346072,10.870675643460434
409260,0,10.870231213978213,10.870231213977764
409320,0,10.86978703166893,10.869787031668288
409380,0,10.869343096169965,10.869343096169148
409440,0,10.868899407118427,10.868899407117487
409500,0,10.86845596419836,10.868455964197395
409560,0,10.868012767392306,10.868012767391408
409620,0,10.867569816458815,10.867569816458035
409680,0,10.867127111098107,10.867127111097473
409740,0,10.866684651010422,10.866684651009916
409800,0,10.866242427522176,10.866242427521758
409860,0,10.865800401063817,10.865800401063474
409920,0,10.865358609079154,10.865358609078882
409980,0,10.864917102371901,10.864917102371686
410040,0,10.864475931745782,10.864475931745604
410100,0,10.864035145470341,10.864035145470169
410160,0,10.86359474197315,10.86359474197295
410220,0,10.863154675892307,10.863154675892053
410280,0,10.86271490055472,10.862714900554414
410340,0,10.862275369287312,10.862275369286975
410400,0,10.861836045356547,10.861836045356215
410460,0,10.861396965534833,10.86139696553454
410520,0,10.860958136214451,10.860958136214219
410580,0,10.860519552800206,10.860519552800044
410640,0,10.860081210696912,10.86008121069682
410700,0,10.859643106256032,10.85964310625601
410760,0,10.859205242806482,10.859205242806551
410820,0,10.858767620745006,10.858767620745176
410880,0,10.858330239418791,10.858330239419045
410940,0,10.85789309817503,10.857893098175323
411000,0,10.857456196472379,10.857456196472638
411060,0,10.857019534541829,10.85701953454197
411120,0,10.856583112187625,10.856583112187604
411180,0,10.856146929083916,10.85614692908372
411240,0,10.855710984904876,10.855710984904531
411300,0,10.855275279363156,10.855275279362722
411360,0,10.854839812416454,10.854839812415966
411420,0,10.854404583839028,10.854404583838509
411480,0,10.853969593357316,10.853969593356787
411540,0,10.853534840697774,10.853534840697248
411600,0,10.853100325613147,10.853100325612647
411660,0,10.85266605,10.852666048015342
411720,0,10.852232007679762,10.852232007679365
411780,0,10.851798204345348,10.851798204345029
411840,0,10.851364637752889,10.851364637752662
411900,0,10.850931313117702,10.850931313117592
411960,0,10.85049825595768,10.850498255957744
412020,0,10.850065441606647,10.850065441606905
412080,0,10.849632836676872,10.849632836677312
412140,0,10.849200407780643,10.849200407781193
412200,0,10.848768125335482,10.848768125336033
412260,0,10.848336000148752,10.848336000149182
412320,0,10.847904051693925,10.84790405169416
412380,0,10.847472296857728,10.847472296857754
412440,0,10.847040752526897,10.84704075252677
412500,0,10.846609430358832,10.84660943035865
412560,0,10.846178309195427,10.846178309195274
412620,0,10.845747393567148,10.845747393567073
412680,0,10.845316694559598,10.845316694559616
412740,0,10.84488622325839,10.844886223258483
412800,0,10.844455987875318,10.84445598787544
412860,0,10.844025977085057,10.844025977085185
412920,0,10.843596191188848,10.843596191188961
412980,0,10.843166633891567,10.84316663389166
413040,0,10.842737308898105,10.842737308898176
413100,0,10.842308218986073,10.842308218986117
413160,0,10.84187936,10.841879360425198
413220,0,10.841450732898764,10.841450732898718
413280,0,10.841022337161322,10.84102233716123
413340,0,10.840594173967428,10.840594173967315
413400,0,10.840166243876267,10.840166243876167
413460,0,10.83973854597829,10.839738545978262
413520,0,10.839311079921504,10.839311079921568
413580,0,10.838883845566713,10.838883845566858
413640,0,10.83845684277473,10.838456842774916
413700,0,10.838030071418546,10.83803007141868
413760,0,10.837603531377566,10.837603531377557
413820,0,10.837177222355486,10.837177222355287
413880,0,10.836751144031483,10.836751144031087
413940,0,10.836325296084752,10.836325296084189
414000,0,10.835899678234323,10.835899678233659
414060,0,10.835474290452797,10.835474290452066
414120,0,10.835049132522666,10.835049132521894
414180,0,10.834624204176915,10.834624204176135
414240,0,10.834199505148542,10.834199505147778
414300,0,10.833775027334829,10.833775027334122
414360,0,10.833350733715887,10.833350733715294
414420,0,10.832926659325166,10.832926659324716
414480,0,10.83250285,10.832502851696303
414540,0,10.832079358364146,10.832079358363979
414600,0,10.831656224496307,10.831656224496228
414660,0,10.831233448655489,10.831233448655476
414720,0,10.830810988392994,10.830810988393027
414780,0,10.830388800025275,10.83038880002534
414840,0,10.829966839868804,10.82996683986887
414900,0,10.829545073539247,10.829545073539284
414960,0,10.82912353544054,10.82912354
415020,0,10.82870223158335,10.82870223
415080,0,10.828281157701069,10.828281157700813
415140,0,10.82786030952711,10.827860309526784
415200,0,10.827439683674857,10.827439683674521
415260,0,10.827019283242642,10.827019283242354
415320,0,10.826599108601554,10.826599108601348
415380,0,10.826179159146923,10.826179159146811
415440,0,10.82575943427409,10.82575943427406
415500,0,10.825339933484413,10.825339933484434
415560,0,10.824920657007208,10.824920657007285
415620,0,10.824501604654882,10.8245016
415680,0,10.82408277611521,10.824082776115356
415740,0,10.82366417107599,10.823664171076127
415800,0,10.823245789265075,10.82324578926515
415860,0,10.822827630664099,10.822827630664037
415920,0,10.822409695061816,10.822409695061582
415980,0,10.821991982197078,10.821991982196668
416040,0,10.82157449180873,10.821574491808194
416100,0,10.821157223661304,10.82115722366073
416160,0,10.820740177680461,10.820740177679928
416220,0,10.820323353665666,10.820323353665222
416280,0,10.819906751384181,10.819906751383844
416340,0,10.819490370603281,10.819490370603027
416400,0,10.819074211108193,10.819074211107976
416460,0,10.818658272795115,10.818658272794908
416520,0,10.818242555469118,10.81824256
416580,0,10.817827058912497,10.817827058912268
416640,0,10.817411782907573,10.81741178290734
416700,0,10.816996732332898,10.816996732332683
416760,0,10.81658193094987,10.81658193
416820,0,10.816167355782257,10.816167355782143
416880,0,10.81575297573362,10.815752975733554
416940,0,10.815338759707528,10.815338759707481
417000,0,10.814924680147161,10.814924680147078
417060,0,10.814510747099332,10.814510747099144
417120,0,10.814096978727171,10.814096978726845
417180,0,10.813683390792038,10.813683390791573
417240,0,10.813269999055299,10.813269999054745
417300,0,10.812856814401128,10.812856814400568
417360,0,10.812443817101748,10.812443817101279
417420,0,10.812031011377723,10.812031011377393
417480,0,10.811618407562493,10.811618407562305
417540,0,10.811206015989498,10.811206015989415
417600,0,10.81079384431457,10.810793844314516
417660,0,10.810381881990079,10.810381881989978
417720,0,10.809970129300803,10.809970129300622
417780,0,10.809558589702771,10.809558589702501
417840,0,10.809147266652015,10.809147266651683
417900,0,10.808736162736219,10.808736162735885
417960,0,10.808325274463781,10.808325274463499
418020,0,10.807914601564416,10.807914601564212
418080,0,10.807504144772988,10.807504144772862
418140,0,10.807093904824363,10.807093904824294
418200,0,10.80668388225981,10.806683882259751
418260,0,10.806274076187824,10.806274076187728
418320,0,10.805864486306826,10.805864486306676
418380,0,10.805455112529108,10.805455112528893
418440,0,10.805045954766953,10.805045954766685
418500,0,10.804637012936661,10.80463701293637
418560,0,10.80422828690371,10.804228286903408
418620,0,10.803819776387966,10.80381977638766
418680,0,10.803411481094214,10.803411481093915
418740,0,10.803003400727247,10.803003400726958
418800,0,10.802595527637061,10.802595527636784
418860,0,10.802187827070023,10.802187827069751
418920,0,10.801780331968052,10.801780331967793
418980,0,10.801373087011498,10.80137308701126
419040,0,10.800966136880724,10.800966136880524
419100,0,10.800559524033213,10.800559524033082
419160,0,10.800153247126744,10.800153247126733
419220,0,10.799747266275483,10.79974726627562
419280,0,10.799341540432865,10.79934154043313
419340,0,10.798936028552314,10.798936028552651
419400,0,10.798530698321997,10.798530698322311
419460,0,10.79812558205821,10.79812558
419520,0,10.79772068543289,10.797720685432889
419580,0,10.797316004466566,10.797316004466367
419640,0,10.796911535179785,10.796911535179435
419700,0,10.796507274411962,10.796507274411546
419760,0,10.796103225046641,10.796103225046226
419820,0,10.795699387445035,10.79569938744466
419880,0,10.79529576106159,10.795295761061277
419940,0,10.794892345350764,10.794892345350512
420000,0,10.794489139860659,10.79448913986045
420060,0,10.79408614478688,10.79408614478673
420120,0,10.793683359964096,10.793683359964005
420180,0,10.793280785117474,10.793280785117439
420240,0,10.79287842,10.792878419972194
420300,0,10.792476264285877,10.792476264285874
420360,0,10.792074318024014,10.79207431802398
420420,0,10.791672580999972,10.791672580999885
420480,0,10.791271052987017,10.791271052986868
420540,0,10.790869733758425,10.790869733758223
420600,0,10.79046862310633,10.790468623106081
420660,0,10.790067720943313,10.790067720943007
420720,0,10.789667027092754,10.789667027092396
420780,0,10.789266541354667,10.789266541354262
420840,0,10.788866263529059,10.788866263528647
420900,0,10.78846619342802,10.788466193427649
420960,0,10.78806633093857,10.78806633093832
421020,0,10.787666675887055,10.78766667588696
421080,0,10.78726722808456,10.787267228084614
421140,0,10.786867987342182,10.786867987342339
421200,0,10.786468953481446,10.786468953481604
421260,0,10.786070126384693,10.786070126384756
421320,0,10.785671505875335,10.785671505875248
421380,0,10.78527309176308,10.785273091762836
421440,0,10.784874883857654,10.784874883857288
421500,0,10.784476881980561,10.784476881980156
421560,0,10.784079086020967,10.784079086020588
421620,0,10.783681495799605,10.78368149579929
421680,0,10.783284111121583,10.783284111121343
421740,0,10.782886931792028,10.782886931791843
421800,0,10.782489957629025,10.782489957628856
421860,0,10.782093188527101,10.782093188526925
421920,0,10.781696624308648,10.781696624308447
421980,0,10.78130026,10.781300264778865
422040,0,10.780904109743913,10.780904109743645
422100,0,10.780508159020696,10.780508159020398
422160,0,10.780112412500914,10.780112412500584
422220,0,10.779716870012178,10.77971687001181
422280,0,10.779321531366511,10.779321531366104
422340,0,10.778926396375942,10.778926396375505
422400,0,10.778531464862667,10.778531464862198
422460,0,10.778136736710804,10.778136736710294
422520,0,10.777742211751578,10.777742211751027
422580,0,10.777347889803218,10.777347889802643
422640,0,10.776953770683976,10.776953770683395
422700,0,10.776559854220858,10.77655985422031
422760,0,10.776166140293462,10.776166140293004
422820,0,10.775772628734218,10.775772628733872
422880,0,10.775379319364218,10.775379319363987
422940,0,10.774986212004569,10.774986212004428
423000,0,10.774593306484856,10.774593306484755
423060,0,10.77420060268462,10.774200602684514
423120,0,10.77380810043622,10.773808100436087
423180,0,10.773415799560931,10.773415799560757
423240,0,10.773023699880047,10.773023699879836
423300,0,10.772631801223516,10.772631801223278
423360,0,10.772240103472452,10.772240103472193
423420,0,10.771848606459994,10.771848606459713
423480,0,10.771457310007975,10.77145731000767
423540,0,10.771066213938246,10.771066213937916
423600,0,10.77067531808136,10.770675318081006
423660,0,10.770284622319437,10.770284622319053
423720,0,10.769894126486593,10.76989412648617
423780,0,10.769503830405565,10.769503830405117
423840,0,10.769113733899122,10.769113733898662
423900,0,10.76872383679871,10.768723836798266
423960,0,10.768334138987235,10.768334138986829
424020,0,10.767944640299644,10.767944640299294
424080,0,10.767555340559571,10.767555340559289
424140,0,10.76716623959065,10.76716623959044
424200,0,10.766777337225008,10.766777337224879
424260,0,10.766388633345464,10.766388633345445
424320,0,10.766000127788658,10.766000127788764
424380,0,10.765611820380224,10.765611820380437
424440,0,10.765223710945799,10.765223710946078
424500,0,10.76483579931911,10.76483579931938
424560,0,10.764448085382124,10.764448085382305
424620,0,10.76406056897286,10.764060568972905
424680,0,10.763673249918858,10.763673249918753
424740,0,10.763286128047662,10.763286128047428
424800,0,10.762899203194504,10.762899203194184
424860,0,10.762512475240486,10.762512475240097
424920,0,10.762125944025085,10.762125944024639
424980,0,10.761739609377818,10.76173960937734
425040,0,10.76135347112821,10.761353471127734
425100,0,10.76096752911325,10.760967529112829
425160,0,10.76058178321406,10.760581783213778
425220,0,10.760196233270642,10.76019623327054
425280,0,10.759810879113266,10.759810879113337
425340,0,10.75942572057222,10.75942572057242
425400,0,10.759040757485227,10.759040757485455
425460,0,10.75865598973407,10.75865598973424
425520,0,10.75827141715974,10.758271417159802
425580,0,10.757887039593564,10.757887039593495
425640,0,10.757502856866866,10.757502856866685
425700,0,10.757118873310962,10.757118873310702
425760,0,10.756735109917512,10.756735109917196
425820,0,10.756351546387108,10.756351546386743
425880,0,10.755968155248452,10.755968155248043
425940,0,10.75558490903026,10.75558490902982
426000,0,10.75520178338692,10.755201783386457
426060,0,10.754818787191137,10.754818787190665
426120,0,10.754435936502949,10.754435936502476
426180,0,10.75405325,10.754053245262636
426240,0,10.75367072741235,10.753670727411892
426300,0,10.753288392577753,10.753288392577302
426360,0,10.75290622331526,10.752906223314831
426420,0,10.752524223368933,10.752524223368532
426480,0,10.752142401889978,10.752142401889596
426540,0,10.751760768029616,10.751760768029232
426600,0,10.751379328567946,10.751379328567525
426660,0,10.750998074170068,10.75099807416956
426720,0,10.750617005101423,10.750617005100802
426780,0,10.750236124436311,10.750236124435585
426840,0,10.749855435249048,10.749855435248259
426900,0,10.749474939843488,10.749474939842704
426960,0,10.74909463512897,10.749094635128257
427020,0,10.748714520872168,10.748714520871562
427080,0,10.748334597731521,10.748334597731045
427140,0,10.747954866365484,10.747954866365138
427200,0,10.747575327261258,10.747575327261028
427260,0,10.747195979637391,10.747195979637304
427320,0,10.746816823232061,10.746816823232125
427380,0,10.746437857972428,10.74643785797262
427440,0,10.746059083785662,10.746059083785934
427500,0,10.745680500600821,10.745680500601095
427560,0,10.745302108297444,10.745302108297624
427620,0,10.744923906644026,10.74492390664406
427680,0,10.744545895398565,10.744545895398439
427740,0,10.744168074319068,10.744168074318821
427800,0,10.74379044319463,10.743790443194332
427860,0,10.743413002007372,10.743413002007072
427920,0,10.743035750583227,10.743035750582957
427980,0,10.742658688708872,10.742658688708646
428040,0,10.742281816171003,10.742281816170815
428100,0,10.741905132774187,10.74190513277403
428160,0,10.741528638445244,10.74152863844511
428220,0,10.741152333039569,10.741152333039462
428280,0,10.740776216391437,10.740776216391358
428340,0,10.740400288335136,10.740400288335074
428400,0,10.740024548712247,10.740024548712192
428460,0,10.73964899741037,10.739648997410306
428520,0,10.739273634281599,10.73927363428152
428580,0,10.738898459168903,10.738898459168809
428640,0,10.738523471915252,10.738523471915144
428700,0,10.738148672370386,10.73814867237027
428760,0,10.737774060421806,10.737774060421689
428820,0,10.73739964,10.737399635915883
428880,0,10.737025398690347,10.737025398690234
428940,0,10.736651348582239,10.736651348582125
429000,0,10.736277485437366,10.73627748543725
429060,0,10.735903809149967,10.735903809149852
429120,0,10.735530319567319,10.735530319567198
429180,0,10.735157016525765,10.735157016525642
429240,0,10.73478389986166,10.734783899861542
429300,0,10.734410969420265,10.734410969420159
429360,0,10.734038225098956,10.734038225098864
429420,0,10.733665666745098,10.73366566674503
429480,0,10.733293294194393,10.733293294194349
429540,0,10.732921107282543,10.732921107282527
429600,0,10.732549105854105,10.732549105854119
429660,0,10.732177289806646,10.732177289806694
429720,0,10.731805658990098,10.731805658990183
429780,0,10.731434213242954,10.731434213243075
429840,0,10.731062952403715,10.73106295240387
429900,0,10.730691876318305,10.730691876318492
429960,0,10.730320984878729,10.73032098487896
430020,0,10.729950277939828,10.729950277940107
430080,0,10.729579755347087,10.729579755347396
430140,0,10.729209416945986,10.729209416946293
430200,0,10.72883926258826,10.728839262588506
430260,0,10.728469292162409,10.728469292162526
430320,0,10.728099505522392,10.728099505522342
430380,0,10.727729902514035,10.727729902513813
430440,0,10.727360482983155,10.72736048
430500,0,10.72699124678343,10.72699124678301
430560,0,10.726622193811579,10.726622193811151
430620,0,10.726253323915483,10.726253323915085
430680,0,10.725884636932356,10.725884636932005
430740,0,10.725516132699425,10.725516132699122
430800,0,10.725147811063911,10.725147811063644
430860,0,10.724779671931465,10.724779671931252
430920,0,10.724411715151325,10.72441171515117
430980,0,10.72404394,10.724043940559499
431040,0,10.723676347992408,10.723676347992344
431100,0,10.723308937293147,10.72330893729309
431160,0,10.722941708355057,10.72294170835497
431220,0,10.722574661042328,10.722574661042197
431280,0,10.722207795210561,10.72220779521038
431340,0,10.721841110715363,10.721841110715143
431400,0,10.721474607413661,10.721474607413432
431460,0,10.721108285175324,10.721108285175108
431520,0,10.720742143871243,10.720742143871052
431580,0,10.720376183371236,10.720376183371073
431640,0,10.720010403545123,10.720010403544993
431700,0,10.719644798038173,10.719644798038072
431760,0,10.719279337470269,10.719279337470201
431820,0,10.71891404960989,10.718914049609856
431880,0,10.718548972148568,10.718548972148568
431940,0,10.718184142777845,10.718184142777885
432000,0,10.717819597309326,10.7178196
432060,0,10.717455334601333,10.717455334601459
432120,0,10.717091321062906,10.717091321063084
432180,0,10.716727522133212,10.716727522133434
432240,0,10.716363903251436,10.71636390325167
432300,0,10.716000437212381,10.716000437212589
432360,0,10.715637151238411,10.715637151238537
432420,0,10.715274050119936,10.71527405011995
432480,0,10.71491113052024,10.71491113052014
432540,0,10.714548389102628,10.714548389102433
432600,0,10.714185823214448,10.714185823214203
432660,0,10.713823435267866,10.713823435267594
432720,0,10.713461225594138,10.713461225593862
432780,0,10.713099193769125,10.71309919376886
432840,0,10.712737339368696,10.712737339368454
432900,0,10.712375662037942,10.712375662037733
432960,0,10.712014161910368,10.712014161910211
433020,0,10.711652838868872,10.711652838868789
433080,0,10.711291692716712,10.711291692716697
433140,0,10.710930723257157,10.710930723257198
433200,0,10.710569930313987,10.710569930314051
433260,0,10.710209313840036,10.71020931
433320,0,10.709848873687811,10.709848873687863
433380,0,10.709488609684147,10.709488609684174
433440,0,10.709128521655872,10.70912852165588
433500,0,10.70876860944404,10.708768609444032
433560,0,10.708408872977401,10.708408872977387
433620,0,10.708049312112305,10.708049312112284
433680,0,10.707689926687062,10.707689926687031
433740,0,10.707330716539989,10.707330716539945
433800,0,10.706971681520187,10.706971681520118
433860,0,10.706612821543201,10.706612821543095
433920,0,10.70625413646965,10.70625414
433980,0,10.705895626146448,10.705895626146257
434040,0,10.705537290420533,10.705537290420315
434100,0,10.705179133173743,10.705179133173512
434160,0,10.704821173232055,10.704821173231824
434220,0,10.704463392407092,10.704463392406865
434280,0,10.70410576608054,10.704105766080337
434340,0,10.703748269634106,10.70374826963395
434400,0,10.703390881250641,10.703390881250579
434460,0,10.70303360888421,10.703033608884303
434520,0,10.702676466932902,10.70267646693318
434580,0,10.702319467895782,10.70231946789624
434640,0,10.701962624271932,10.70196262427252
434700,0,10.701605944694753,10.70160594469539
434760,0,10.701249413536466,10.701249413537075
434820,0,10.700893034153834,10.70089303415437
434880,0,10.700536814748922,10.700536814749357
434940,0,10.70018076352381,10.700180763524143
435000,0,10.699824886557604,10.699824886557842
435060,0,10.69946917549776,10.699469175497878
435120,0,10.699113630582282,10.699113630582268
435180,0,10.69875825456366,10.698758254563527
435240,0,10.698403050194404,10.698403050194194
435300,0,10.698048019538257,10.698048019538033
435360,0,10.697693159836849,10.697693159836685
435420,0,10.697338470886843,10.697338470886777
435480,0,10.69698395328215,10.696983953282194
435540,0,10.69662961,10.696629607616838
435600,0,10.696275434329568,10.696275434329758
435660,0,10.695921432718704,10.695921432718928
435720,0,10.69556760256201,10.69556760256225
435780,0,10.695213943809073,10.695213943809321
435840,0,10.69486046,10.694860456409739
435900,0,10.694507140311917,10.69450714031213
435960,0,10.694153995402859,10.694153995403024
436020,0,10.69380102148086,10.69380102148096
436080,0,10.693448218338265,10.693448218338299
436140,0,10.693095585767436,10.693095585767406
436200,0,10.692743117713613,10.692743117713533
436260,0,10.692390786561987,10.692390786561857
436320,0,10.692038618495292,10.692038618495113
436380,0,10.691686649026718,10.69168665
436440,0,10.691334913669467,10.691334913669234
436500,0,10.690983446171533,10.690983446171323
436560,0,10.690632245489448,10.690632245489303
436620,0,10.690281279955647,10.690281279955597
436680,0,10.689930516979494,10.689930516979537
436740,0,10.68957992397037,10.689579923970475
436800,0,10.68922947527364,10.689229475273748
436860,0,10.68887919656041,10.688879196560462
436920,0,10.688529092354942,10.68852909235491
436980,0,10.688179159518462,10.688179159518336
437040,0,10.687829394912205,10.687829394912004
437100,0,10.68747979604306,10.68747979604282
437160,0,10.687130365192031,10.687130365191775
437220,0,10.68678110266542,10.686781102665165
437280,0,10.686432008055691,10.68643200805545
437340,0,10.686083080955326,10.686083080955093
437400,0,10.685734321025308,10.685734321025082
437460,0,10.685385728407093,10.685385728406876
437520,0,10.685037302989153,10.685037302988944
437580,0,10.684689044580725,10.684689044580526
437640,0,10.684340952991057,10.684340952990874
437700,0,10.683993028050473,10.683993028050315
437760,0,10.683645269723437,10.683645269723327
437820,0,10.683297677873941,10.683297677873881
437880,0,10.682950252339795,10.68295025233978
437940,0,10.68260299295881,10.682602992958817
438000,0,10.682255899581381,10.682255899581365
438060,0,10.68190897213856,10.681908972138473
438120,0,10.681562210502383,10.681562210502204
438180,0,10.681215614529336,10.681215614529053
438240,0,10.680869184075911,10.680869184075544
438300,0,10.680522919006512,10.680522919006096
438360,0,10.680176819234655,10.680176819234214
438420,0,10.679830884634057,10.679830884633603
438480,0,10.679485115068427,10.67948511506797
438540,0,10.67913951040149,10.679139510401036
438600,0,10.678794074307113,10.678794074306655
438660,0,10.678448824566264,10.678448824565796
438720,0,10.67810374399984,10.678103743999364
438780,0,10.67775880935637,10.677758809355902
438840,0,10.677413997384404,10.67741399738397
438900,0,10.677069287478815,10.677069287478465
438960,0,10.676724687156517,10.676724687156321
439020,0,10.676380210016085,10.676380210016077
439080,0,10.676035867861524,10.676035867861701
439140,0,10.675691672496859,10.675691672497166
439200,0,10.675347632076544,10.675347632076893
439260,0,10.675003731848738,10.675003731849044
439320,0,10.674659974982466,10.67465997498268
439380,0,10.674316369221007,10.674316369221104
439440,0,10.67397292230765,10.67397292230764
439500,0,10.67362963998157,10.673629639981478
439560,0,10.673286514359749,10.67328651435958
439620,0,10.67294354567109,10.672943545670847
439680,0,10.67260073651841,10.672600736518099
439740,0,10.672258089504538,10.672258089504167
439800,0,10.67191560658086,10.67191560658044
439860,0,10.671573285140434,10.671573285139965
439920,0,10.671231124996904,10.671231124996396
439980,0,10.670889126718281,10.670889126717752
440040,0,10.670547290872598,10.67054729087207
440100,0,10.670205617881294,10.670205617880807
440160,0,10.669864107083171,10.669864107082779
440220,0,10.669522758267181,10.669522758266911
440280,0,10.669181571384465,10.669181571384323
440340,0,10.668840546386175,10.668840546386138
440400,0,10.668499683226019,10.668499683226043
440460,0,10.668158981814825,10.668158981814893
440520,0,10.667818441953129,10.667818441953218
440580,0,10.667478063430442,10.667478063430535
440640,0,10.667137846036288,10.667137846036363
440700,0,10.666797789592787,10.666797789592819
440760,0,10.666457894118707,10.666457894118645
440820,0,10.666118159459536,10.666118159459359
440880,0,10.66577858541885,10.665778585418554
440940,0,10.66543917180022,10.665439171799843
441000,0,10.665099912893579,10.665099912893181
441060,0,10.664760782661194,10.664760782660839
441120,0,10.66442181,10.664421805799224
441180,0,10.664083015803653,10.664083015803461
441240,0,10.663744446168819,10.663744446168687
441300,0,10.663406128711841,10.663406128711724
441360,0,10.663068062389488,10.663068062389327
441420,0,10.662730217404613,10.662730217404373
441480,0,10.662392563111359,10.662392563111059
441540,0,10.662055068863904,10.662055068863593
441600,0,10.66171771054356,10.661717710543329
441660,0,10.661380512315233,10.661380512315212
441720,0,10.661043478415843,10.66104347841609
441780,0,10.660706605868759,10.660706605869258
441840,0,10.66036989169736,10.660369891698023
441900,0,10.660033333541604,10.660033333542257
441960,0,10.659696933587366,10.659696933587833
442020,0,10.659360692113069,10.659360692113248
442080,0,10.65902460871371,10.65902460871359
442140,0,10.65868868,10.65868868298396
442200,0,10.658352914589482,10.658352914589077
442260,0,10.658017303684051,10.65801730368372
442320,0,10.657681850168869,10.657681850168686
442380,0,10.657346553864528,10.657346553864507
442440,0,10.657011414591638,10.657011414591732
442500,0,10.656676432189041,10.656676432189144
442560,0,10.65634160661776,10.65634160661778
442620,0,10.65600693776205,10.656006937761937
442680,0,10.655672425484317,10.655672425484063
442740,0,10.655338069646984,10.655338069646618
442800,0,10.655003870120806,10.655003870120394
442860,0,10.654669826829528,10.654669826829128
442920,0,10.654335939656928,10.654335939656564
442980,0,10.654002208476387,10.654002208476069
443040,0,10.653668633161304,10.653668633161015
443100,0,10.653335213591816,10.653335213591527
443160,0,10.653001949686905,10.653001949686578
443220,0,10.652668841326568,10.652668841326188
443280,0,10.652335888381868,10.65233588838144
443340,0,10.652003090723884,10.65200309072343
443400,0,10.651670451813795,10.651670451813349
443460,0,10.651337988407608,10.651337988407212
443520,0,10.651005684324135,10.651005684323808
443580,0,10.650673517660822,10.65067351766057
443640,0,10.650341466515123,10.650341466514933
443700,0,10.65000951147858,10.65000951147842
443760,0,10.649677659639158,10.649677659639009
443820,0,10.649345923803846,10.649345923803695
443880,0,10.649014315087305,10.649014315087145
443940,0,10.64868284,10.64868284460403
444000,0,10.648351520032195,10.648351520032024
444060,0,10.64802032747976,10.648020327479593
444120,0,10.64768926993742,10.647689269937256
444180,0,10.647358354703913,10.647358354703751
444240,0,10.647027589077993,10.647027589077828
444300,0,10.646696978468901,10.646696978468725
444360,0,10.646366515445914,10.64636651544572
444420,0,10.646036200231716,10.646036200231505
444480,0,10.645706035287596,10.645706035287358
444540,0,10.645376023074832,10.645376023074567
444600,0,10.645046165440384,10.645046165440082
444660,0,10.644716459929175,10.644716459928821
444720,0,10.644386906363279,10.644386906362866
444780,0,10.644057505275732,10.644057505275267
444840,0,10.643728257199587,10.643728257199086
444900,0,10.643399162534092,10.643399162533578
444960,0,10.643070220677961,10.643070220677446
445020,0,10.64274143142046,10.642741431419958
445080,0,10.642412794697274,10.642412794696801
445140,0,10.642084310444101,10.642084310443673
445200,0,10.641755978604255,10.641755978603891
445260,0,10.641427799116277,10.641427799116011
445320,0,10.641099771794151,10.641099771794007
445380,0,10.640771896435346,10.640771896435322
445440,0,10.640444172837347,10.640444172837421
445500,0,10.64011659559387,10.640116595594012
445560,0,10.639789140128531,10.639789140128745
445620,0,10.639461829772639,10.639461829772907
445680,0,10.639134696163683,10.639134696163971
445740,0,10.638807770939161,10.63880777093943
445800,0,10.63848108416032,10.638481084160489
445860,0,10.63815463488694,10.638154634886902
445920,0,10.637828394942137,10.637828394941831
445980,0,10.637502335333497,10.637502335332938
446040,0,10.637176427068619,10.63717642706787
446100,0,10.636850647330723,10.636850647329922
446160,0,10.636525018985854,10.636525018985127
446220,0,10.63619954604448,10.636199546043906
446280,0,10.635874225691952,10.635874225691548
446340,0,10.635549055113621,10.635549055113355
446400,0,10.635224032078376,10.635224032078167
446460,0,10.634899158657301,10.634899158657095
446520,0,10.634574435115939,10.634574435115711
446580,0,10.63424986107302,10.634249861072751
446640,0,10.633925436147289,10.633925436146972
446700,0,10.63360116002351,10.633601160023142
446760,0,10.633277032850994,10.63327703285054
446820,0,10.632953054537811,10.632953054537255
446880,0,10.632629224915878,10.632629224915235
446940,0,10.632305543817122,10.632305543816436
447000,0,10.631982011091154,10.63198201
447060,0,10.631658626705176,10.631658626704635
447120,0,10.631335390550538,10.631335390550161
447180,0,10.6310123,10.631012302497089
447240,0,10.630689362415533,10.63068936241544
447300,0,10.630366570184115,10.630366570184064
447360,0,10.630043925737032,10.630043925736949
447420,0,10.629721428964462,10.629721428964304
447480,0,10.629399079745472,10.629399079745225
447540,0,10.629076877959147,10.629076877958827
447600,0,10.62875482349219,10.62875482349184
447660,0,10.62843291627526,10.628432916274901
447720,0,10.628111156195027,10.628111156194676
447780,0,10.627789543128076,10.627789543127735
447840,0,10.627468076951002,10.627468076950665
447900,0,10.627146760937718,10.627146760937368
447960,0,10.626825610945842,10.626825610945462
448020,0,10.626504611669217,10.626504611668802
448080,0,10.626183742387928,10.626183742387482
448140,0,10.625862982382072,10.625862982381612
448200,0,10.625542313291119,10.625542313290676
448260,0,10.625221741821111,10.625221741820727
448320,0,10.624901280090313,10.624901280090002
448380,0,10.62458093861621,10.624580938615976
448440,0,10.624260727916313,10.62426072791613
448500,0,10.623940655255733,10.623940655255565
448560,0,10.623620707490417,10.623620707490211
448620,0,10.623300887453917,10.623300887453656
448680,0,10.622981202056803,10.622981202056488
448740,0,10.622661658209653,10.622661658209308
448800,0,10.622342261034342,10.622342261034019
448860,0,10.622023003498438,10.622023003498185
448920,0,10.621703885815597,10.621703885815439
448980,0,10.621384910318696,10.621384910318643
449040,0,10.621066079340634,10.621066079340665
449100,0,10.620747394632856,10.62074739463293
449160,0,10.620428853874047,10.620428853874138
449220,0,10.620110456896473,10.620110456896564
449280,0,10.619792204205163,10.619792204205247
449340,0,10.619474096305169,10.619474096305234
449400,0,10.619156133574972,10.61915613357502
449460,0,10.618838315447613,10.618838315447633
449520,0,10.618520641727082,10.61852064172707
449580,0,10.61820311,10.618203112355948
449640,0,10.617885727276992,10.617885727276898
449700,0,10.617568486438545,10.617568486438415
449760,0,10.617251389778575,10.617251389778389
449820,0,10.616934437127522,10.616934437127284
449880,0,10.616617628302201,10.616617628301912
449940,0,10.616300963119427,10.616300963119096
450000,0,10.615984436468423,10.615984436468075
450060,0,10.615668025080575,10.615668025080218
450120,0,10.615351751043853,10.615351751043502
450180,0,10.61503564431091,10.615035644310574
450240,0,10.614719734834406,10.614719734834098
450300,0,10.61440405107588,10.614404051075622
450360,0,10.614088592153756,10.614088592153578
450420,0,10.613773331394103,10.61377333139402
450480,0,10.613458241349367,10.61345824134938
450540,0,10.61314329,10.61314329457209
450600,0,10.612828469460705,10.612828469460835
450660,0,10.612513787663302,10.61251378766345
450720,0,10.612199252982492,10.612199252982645
450780,0,10.611884862760274,10.611884862760405
450840,0,10.611570614338653,10.611570614338744
450900,0,10.61125650561005,10.611256505610065
450960,0,10.610942538528667,10.61094253852853
451020,0,10.610628713351796,10.610628713351476
451080,0,10.610315029727106,10.61031502972662
451140,0,10.610001487302268,10.610001487301698
451200,0,10.609688085785917,10.609688085785393
451260,0,10.609374825315431,10.609374825315106
451320,0,10.609061705805344,10.609061705805313
451380,0,10.608748727099902,10.608748727100158
451440,0,10.608435889043353,10.608435889043816
451500,0,10.608123191496949,10.608123191497464
451560,0,10.607810634433159,10.607810634433584
451620,0,10.607498217748228,10.60749821774848
451680,0,10.607185941317653,10.607185941317706
451740,0,10.60687380501693,10.606873805016816
451800,0,10.60656180873122,10.60656180873102
451860,0,10.606249952405348,10.606249952405104
451920,0,10.605938235935147,10.605938235934888
451980,0,10.605626659204223,10.60562665920396
452040,0,10.605315222096188,10.605315222095916
452100,0,10.605003924502926,10.605003924502627
452160,0,10.604692766364856,10.604692766364519
452220,0,10.604381747576056,10.604381747575676
452280,0,10.604070868019761,10.604070868019344
452340,0,10.603760127579223,10.603760127578777
452400,0,10.603449526146171,10.603449526145713
452460,0,10.603139063662308,10.603139063661848
452520,0,10.602828740022156,10.602828740021708
452580,0,10.602518555109159,10.602518555108727
452640,0,10.602208508806763,10.602208508806353
452700,0,10.601898601006573,10.601898601006187
452760,0,10.601588831649153,10.60158883164879
452820,0,10.60127920063127,10.601279200630932
452880,0,10.600969707839157,10.600969707838853
452940,0,10.600660353159057,10.60066035
453000,0,10.600351139671616,10.600351139671428
453060,0,10.60004208228951,10.600042082289445
453120,0,10.599733166622826,10.599733166622904
453180,0,10.59942437319124,10.599424373191436
453240,0,10.59911568251443,10.599115682514675
453300,0,10.598807077329669,10.598807077329843
453360,0,10.59849856393982,10.598498563939774
453420,0,10.598190153743628,10.598190153743282
453480,0,10.59788185663598,10.597881856635338
453540,0,10.597573682511777,10.597573682510918
453600,0,10.597265638207189,10.597265638206277
453660,0,10.596957711362883,10.596957711362059
453720,0,10.596649904643229,10.596649904642579
453780,0,10.596342224546635,10.596342224546186
453840,0,10.596034677571529,10.596034677571248
453900,0,10.59572726853579,10.595727268535594
453960,0,10.595419990834932,10.595419990834772
454020,0,10.595112844667387,10.59511284466724
454080,0,10.594805832222272,10.594805832222118
454140,0,10.594498955688712,10.594498955688545
454200,0,10.594192216710383,10.594192216710205
454260,0,10.593885613111318,10.59388561311111
454320,0,10.593579144737356,10.593579144737104
454380,0,10.593272812065573,10.593272812065287
454440,0,10.592966615573058,10.592966615572763
454500,0,10.592660555615733,10.592660555615472
454560,0,10.592354631652427,10.592354631652263
454620,0,10.59204884351053,10.592048843510495
454680,0,10.591743191151227,10.59174319115131
454740,0,10.591437674535705,10.591437674535863
454800,0,10.591132293626654,10.591132293626814
454860,0,10.590827048351596,10.590827048351684
454920,0,10.59052193855676,10.590521938556728
454980,0,10.590216964080572,10.590216964080405
455040,0,10.589912124761472,10.589912124761184
455100,0,10.589607415801199,10.589607415800813
455160,0,10.58930281530862,10.58930281530813
455220,0,10.588998344060272,10.588998344059677
455280,0,10.58869403023219,10.588694030231519
455340,0,10.588389902000424,10.588389901999728
455400,0,10.588085986141024,10.588085986140381
455460,0,10.587782281840232,10.587782281839742
455520,0,10.58747876400208,10.587478764001803
455580,0,10.587175406798986,10.587175406798929
455640,0,10.58687218440338,10.586872184403493
455700,0,10.58656907648721,10.586569076487407
455760,0,10.58626610341458,10.586266103414786
455820,0,10.585963268775787,10.585963268775958
455880,0,10.585660570084597,10.585660570084716
455940,0,10.585358004854795,10.585358004854866
456000,0,10.585055571114085,10.585055571114133
456060,0,10.584753270687155,10.584753270687191
456120,0,10.584451103821952,10.584451103821982
456180,0,10.584149070197817,10.584149070197839
456240,0,10.583847169494113,10.58384716949412
456300,0,10.583545401445722,10.583545401445713
456360,0,10.583243766177203,10.58324376617716
456420,0,10.582942263608437,10.582942263608357
456480,0,10.582640893595123,10.582640893595011
456540,0,10.582339655992966,10.582339655992843
456600,0,10.582038550674094,10.582038550673998
456660,0,10.58173757761658,10.58173757761656
456720,0,10.581436736722504,10.58143673672258
456780,0,10.581136027873717,10.581136027873889
456840,0,10.580835450952092,10.580835450952318
456900,0,10.580535005849093,10.58053501
456960,0,10.58023469251656,10.580234692516683
457020,0,10.57993451,10.579934510859289
457080,0,10.579634460770068,10.579634460769924
457140,0,10.579334542141645,10.579334542141394
457200,0,10.579034754873932,10.579034754873632
457260,0,10.578735098909792,10.578735098909481
457320,0,10.578435574153973,10.578435574153675
457380,0,10.57813618050203,10.578136180501756
457440,0,10.57783691784952,10.57783691784928
457500,0,10.577537786098654,10.577537786098441
457560,0,10.57723878519094,10.577238785190763
457620,0,10.576939915031089,10.57693991503096
457680,0,10.576641175515157,10.576641175515073
457740,0,10.576342566539203,10.576342566539147
457800,0,10.57604409101854,10.576044091018474
457860,0,10.575745763050355,10.575745763050254
457920,0,10.575447569033614,10.575447569033454
457980,0,10.575149490555784,10.575149490555564
458040,0,10.574851509204356,10.574851509204084
458100,0,10.574553608663004,10.574553608662715
458160,0,10.574255794890778,10.574255794890469
458220,0,10.573958078663034,10.573958078662718
458280,0,10.573660469333538,10.573660469333234
458340,0,10.573362976256075,10.57336297625581
458400,0,10.573065605893436,10.573065605893255
458460,0,10.57276834656555,10.57276834656552
458520,0,10.572471200791915,10.572471200792068
458580,0,10.572174174715776,10.572174174716114
458640,0,10.571877274480407,10.571877274480878
458700,0,10.57158050464047,10.571580504640998
458760,0,10.571283858954198,10.571283858954713
458820,0,10.570987337612275,10.570987337612735
458880,0,10.570690942687298,10.570690942687683
458940,0,10.570394676251873,10.570394676252187
459000,0,10.570098539862473,10.57009853986274
459060,0,10.569802531461757,10.569802531461983
459120,0,10.569506650906465,10.569506650906655
459180,0,10.569210898650724,10.56921089865087
459240,0,10.568915275148672,10.568915275148766
459300,0,10.568619780740228,10.568619780740244
459360,0,10.56832441491737,10.568324414917265
459420,0,10.568029177515724,10.568029177515482
459480,0,10.56773406849674,10.567734068496373
459540,0,10.56743908782187,10.567439087821421
459600,0,10.56714423103268,10.567144231032241
459660,0,10.566849477287423,10.566849477287086
459720,0,10.566554846267971,10.566554846267787
459780,0,10.56626036469781,10.566260364697785
459840,0,10.565966059300433,10.56596605930052
459900,0,10.565671955480793,10.565671955480903
459960,0,10.565378052512912,10.565378052512964
460020,0,10.56508432655889,10.565084326558836
460080,0,10.564790753072426,10.564790753072257
460140,0,10.564497307507217,10.564497307506956
460200,0,10.564203970543943,10.56420397054365
460260,0,10.563910761539198,10.563910761538912
460320,0,10.563617683907902,10.563617683907642
460380,0,10.563324735289672,10.56332473528945
460440,0,10.563031913324133,10.563031913323947
460500,0,10.562739216138665,10.562739216138507
460560,0,10.562446645466236,10.562446645466126
460620,0,10.562154201546397,10.562154201546337
460680,0,10.561861884079295,10.561861884079265
460740,0,10.561569692765087,10.561569692765053
460800,0,10.561277627355347,10.56127762735525
460860,0,10.56098568796448,10.560985687964232
460920,0,10.560693874520654,10.560693874520206
460980,0,10.56040218689285,10.560402186892212
461040,0,10.560110624950072,10.560110624949305
461100,0,10.559819188575037,10.559819188574249
461160,0,10.559527877740635,10.55952787773993
461220,0,10.559236692359104,10.559236692358542
461280,0,10.55894563232601,10.558945632325607
461340,0,10.558654697536928,10.558654697536658
461400,0,10.558363887894373,10.558363887894167
461460,0,10.558073203345248,10.558073203345064
461520,0,10.557782643803755,10.55778264380357
461580,0,10.557492209175509,10.55749220917531
461640,0,10.557201899366142,10.557201899365921
461700,0,10.556911714285993,10.55691171428576
461760,0,10.556621653874004,10.556621653873755
461820,0,10.556331718043996,10.556331718043728
461880,0,10.55604190670371,10.556041906703417
461940,0,10.555752219760883,10.55575221976056
462000,0,10.555462657127643,10.55546265712728
462060,0,10.555173218742004,10.555173218741576
462120,0,10.554883904517814,10.554883904517311
462180,0,10.554594714363196,10.554594714362633
462240,0,10.554305648186292,10.554305648185709
462300,0,10.55401670876159,10.554016708761056
462360,0,10.55372790947501,10.553727909474595
462420,0,10.55343923740992,10.553439237409679
462480,0,10.553150675081326,10.55315067508126
462540,0,10.552862205004232,10.552862205004303
462600,0,10.552573811683146,10.55257381168328
462660,0,10.552285500772424,10.552285500772546
462720,0,10.551997282511431,10.551997282511513
462780,0,10.55170916579143,10.55170916579146
462840,0,10.551421159503683,10.551421159503679
462900,0,10.551133269791338,10.551133269791354
462960,0,10.55084548555247,10.550845485552559
463020,0,10.550557809184928,10.55055780918511
463080,0,10.550270246531376,10.55027024653165
463140,0,10.5499828,10.549982803434832
463200,0,10.549695484225783,10.549695484226117
463260,0,10.549408282968502,10.549408282968784
463320,0,10.549121199848578,10.549121199848777
463380,0,10.548834236842428,10.548834236842533
463440,0,10.548547395926478,10.548547395926507
463500,0,10.548260678584995,10.54826067858498
463560,0,10.547974082857543,10.547974082857518
463620,0,10.54768760861113,10.547687608611104
463680,0,10.547401256282582,10.547401256282559
463740,0,10.547115026308742,10.547115026308704
463800,0,10.546828919016736,10.54682891901665
463860,0,10.546542933920543,10.546542933920373
463920,0,10.54625707086651,10.546257070866234
463980,0,10.545971329822024,10.545971329821652
464040,0,10.545685710754476,10.545685710754036
464100,0,10.545400213633075,10.545400213632616
464160,0,10.545114838397861,10.545114838397417
464220,0,10.544829584912666,10.544829584912264
464280,0,10.544544453033653,10.544544453033323
464340,0,10.544259442617005,10.544259442616774
464400,0,10.543974549349889,10.54397454934979
464460,0,10.543689753552082,10.54368975355219
464520,0,10.543405073909506,10.543405073909861
464580,0,10.543120535761396,10.543120535761986
464640,0,10.542836164447005,10.542836164447756
464700,0,10.542551984046009,10.542551984046815
464760,0,10.542267993828665,10.542267993829421
464820,0,10.54198417124002,10.541984171240664
464880,0,10.541700493068591,10.541700493069088
464940,0,10.541416936102898,10.54141693610325
465000,0,10.541133482075178,10.541133482075404
465060,0,10.540850149295157,10.540850149295249
465120,0,10.540566940990736,10.540566940990688
465180,0,10.540283854927182,10.540283854926997
465240,0,10.54000088886975,10.540000888869455
465300,0,10.539718041046505,10.539718041046132
465360,0,10.539435313104033,10.539435313103594
465420,0,10.539152705267695,10.539152705267211
465480,0,10.538870217250732,10.538870217250231
465540,0,10.538587848766388,10.538587848765907
465600,0,10.538305599577738,10.538305599577324
465660,0,10.538023469798999,10.538023469798738
465720,0,10.53774145936324,10.53774145936317
465780,0,10.53745956814613,10.537459568146252
465840,0,10.537177796023352,10.537177796023608
465900,0,10.536896142884151,10.536896142884435
465960,0,10.536614608706643,10.53661460870686
466020,0,10.536333193408485,10.53633319340858
466080,0,10.536051896890813,10.536051896890768
466140,0,10.53577071905478,10.535770719054604
466200,0,10.535489659808809,10.535489659808544
466260,0,10.535208719107116,10.535208719106778
466320,0,10.534927896868254,10.53492789686785
466380,0,10.534647193001632,10.534647193001174
466440,0,10.534366607416683,10.534366607416183
466500,0,10.53408614002828,10.534086140027764
466560,0,10.53380579,10.53380579078358
466620,0,10.533525559602463,10.533525559601962
466680,0,10.53324544639465,10.533245446394172
466740,0,10.53296545107195,10.53296545107149
466800,0,10.532685573550953,10.532685573550499
466860,0,10.532405813779304,10.532405813778837
466920,0,10.53212617167466,10.532126171674173
466980,0,10.531846647147697,10.531846647147201
467040,0,10.531567240109105,10.531567240108625
467100,0,10.531287950474887,10.53128795047447
467160,0,10.531008778192874,10.531008778192579
467220,0,10.530729723182063,10.530729723181928
467280,0,10.530450785354565,10.530450785354573
467340,0,10.530171964622493,10.530171964622594
467400,0,10.52989326360625,10.529893263606349
467460,0,10.529614694954557,10.529614694954557
467520,0,10.529336246467674,10.529336246467523
467580,0,10.529057901629686,10.529057901629367
467640,0,10.528779643924695,10.528779643924235
467700,0,10.52850145871673,10.528501458716184
467760,0,10.528223351350738,10.528223351350126
467820,0,10.527945331497396,10.527945331496735
467880,0,10.527667407552963,10.527667407552284
467940,0,10.527389587913717,10.52738958791306
468000,0,10.527111878381632,10.527111878381053
468060,0,10.526834268477696,10.526834268477282
468120,0,10.526556760465086,10.526556760464889
468180,0,10.526279359858835,10.526279359858853
468240,0,10.526002072173984,10.526002072174165
468300,0,10.52572490150011,10.525724901500354
468360,0,10.525447842239146,10.525447842239368
468420,0,10.525170894565122,10.525170894565266
468480,0,10.52489406034073,10.524894060340781
468540,0,10.524617341428687,10.524617341428655
468600,0,10.524340739228466,10.524340739228396
468660,0,10.524064251896442,10.524064251896364
468720,0,10.523787879307376,10.523787879307303
468780,0,10.523511621872226,10.523511621872156
468840,0,10.52323548000197,10.523235480001878
468900,0,10.522959454004507,10.52295945400436
468960,0,10.522683543424336,10.522683543424078
469020,0,10.522407748118841,10.522407748118452
469080,0,10.52213206805916,10.522132068058648
469140,0,10.521856503216435,10.521856503215833
469200,0,10.521581049590841,10.52158104959021
469260,0,10.521305688460952,10.521305688460359
469320,0,10.521030437509594,10.52103043750907
469380,0,10.520755320745726,10.520755320745284
469440,0,10.52048036217832,10.520480362177953
469500,0,10.520205584630343,10.520205584630014
469560,0,10.519930987447236,10.519930987446926
469620,0,10.519656549230001,10.519656549229703
469680,0,10.519382247945975,10.519382247945689
469740,0,10.519108061562504,10.519108061562248
469800,0,10.518833972738637,10.518833972738445
469860,0,10.518559998851115,10.518559998851027
469920,0,10.518286142971476,10.51828614297151
469980,0,10.518012402987688,10.518012402987846
470040,0,10.517738776787736,10.517738776787986
470100,0,10.517465262696133,10.517465262696437
470160,0,10.51719186,10.517191862266326
470220,0,10.516918575716604,10.51691857571693
470280,0,10.516645402784668,10.516645402784974
470340,0,10.51637234320693,10.51637234320719
470400,0,10.516099396765137,10.516099396765325
470460,0,10.515826563560001,10.515826563560053
470520,0,10.515553843531457,10.51555384353135
470580,0,10.515281236567832,10.515281236567569
470640,0,10.515008742557448,10.515008742557075
470700,0,10.514736361399768,10.514736361399368
470760,0,10.514464093068273,10.514464093067934
470820,0,10.514191937488674,10.514191937488443
470880,0,10.513919894573258,10.513919894573144
470940,0,10.51364796423433,10.513647964234307
471000,0,10.513376146389465,10.513376146389469
471060,0,10.513104440989903,10.51310444098989
471120,0,10.512832847961892,10.512832847961839
471180,0,10.512561367225121,10.512561367225013
471240,0,10.51228999869929,10.512289998699133
471300,0,10.51201874230797,10.512018742307786
471360,0,10.51174759799763,10.511747597997415
471420,0,10.511476565693288,10.511476565693041
471480,0,10.511205645314897,10.51120564531463
471540,0,10.510934836782411,10.51093483678216
471600,0,10.510664140019697,10.51066414001951
471660,0,10.510393554973644,10.51039355
471720,0,10.510123081569512,10.510123081569645
471780,0,10.509852719727455,10.50985271972775
471840,0,10.509582469367643,10.509582469368036
471900,0,10.509312330414184,10.509312330414552
471960,0,10.509042302814438,10.50904230281465
472020,0,10.508772386493902,10.508772386493888
472080,0,10.508502581372934,10.508502581372673
472140,0,10.508232887371888,10.508232887371436
472200,0,10.507963306980974,10.507963306980432
472260,0,10.507693852204238,10.507693852203673
472320,0,10.50742451146413,10.50742451146358
472380,0,10.507155269087285,10.507155269086782
472440,0,10.506886109400353,10.506886109399916
472500,0,10.506617018513634,10.506617018513278
472560,0,10.506348001498257,10.506348001498031
472620,0,10.506079067534847,10.506079067534781
472680,0,10.505810224595306,10.505810224595391
472740,0,10.50554148065155,10.505541480651747
472800,0,10.50527284121221,10.505272841212445
472860,0,10.505004296328213,10.505004296328426
472920,0,10.504735848151046,10.504735848151194
472980,0,10.504467501919954,10.504467501920018
473040,0,10.504199262874216,10.504199262874197
473100,0,10.503931134898686,10.50393113
473160,0,10.50366311267519,10.503663112675035
473220,0,10.503395196372695,10.503395196372471
473280,0,10.503127387764893,10.503127387764597
473340,0,10.502859688625476,10.502859688625112
473400,0,10.502592100286991,10.502592100286561
473460,0,10.502324620994834,10.502324620994322
473520,0,10.502057250633092,10.502057250632502
473580,0,10.501789989596672,10.501789989596015
473640,0,10.501522838280486,10.50152284
473700,0,10.501255796980635,10.501255796979974
473760,0,10.500988865262109,10.500988865261535
473820,0,10.500722042991317,10.500722042990867
473880,0,10.50045533014384,10.500455330143524
473940,0,10.500188726695276,10.500188726695066
474000,0,10.499922228850007,10.499922228849854
474060,0,10.499655818830089,10.499655818829952
474120,0,10.499389513428165,10.499389513428019
474180,0,10.499123335444578,10.49912333544442
474240,0,10.498857307679698,10.498857307679524
474300,0,10.498591451808256,10.498591451808096
474360,0,10.498325767213656,10.498325767213533
474420,0,10.498060233575947,10.49806023357587
474480,0,10.497794829972564,10.497794829972525
474540,0,10.497529535480966,10.497529535480929
474600,0,10.497264333634236,10.497264333634144
474660,0,10.496999240936118,10.496999240935894
474720,0,10.496734260304788,10.49673426030439
474780,0,10.496469389735665,10.49646939
474840,0,10.496204627224166,10.496204627223497
474900,0,10.495939971180247,10.49593997117958
474960,0,10.495675423079936,10.495675423079366
475020,0,10.495410983132977,10.495410983132569
475080,0,10.49514665109093,10.49514665
475140,0,10.49488242670536,10.494882426705292
475200,0,10.494618309770347,10.494618309770395
475260,0,10.494354300381762,10.494354300381906
475320,0,10.494090398484445,10.494090398484678
475380,0,10.493826603974549,10.493826603974856
475440,0,10.493562916748232,10.493562916748601
475500,0,10.493299336711988,10.493299336712411
475560,0,10.493035863841001,10.493035863841468
475620,0,10.492772498065865,10.492772498066365
475680,0,10.492509239304693,10.492509239305218
475740,0,10.492246087475626,10.492246087476147
475800,0,10.491983042501667,10.491983042502163
475860,0,10.491720104337217,10.491720104337634
475920,0,10.491457272913742,10.491457272914058
475980,0,10.491194548156662,10.491194548156885
476040,0,10.490931929991408,10.490931929991579
476100,0,10.490669418346732,10.490669418346927
476160,0,10.490407013171433,10.490407013171755
476220,0,10.490144714396546,10.490144714397042
476280,0,10.489882521948807,10.489882521949463
476340,0,10.489620435754968,10.489620435755713
476400,0,10.489358455744943,10.48935845574564
476460,0,10.489096581867281,10.48909658186779
476520,0,10.488834814052867,10.488834814053103
476580,0,10.488573152228417,10.488573152228374
476640,0,10.48831159632068,10.48831159632041
476700,0,10.488050146259583,10.48805014625921
476760,0,10.487788801994096,10.487788801993704
476820,0,10.487527563455513,10.48752756345516
476880,0,10.487266430570946,10.487266430570653
476940,0,10.487005403267519,10.487005403267277
477000,0,10.486744481475514,10.48674448147529
477060,0,10.486483665143973,10.486483665143751
477120,0,10.486222954204559,10.486222954204331
477180,0,10.485962348584806,10.485962348584575
477240,0,10.485701848212265,10.485701848212033
477300,0,10.485441453017556,10.485441453017334
477360,0,10.485181162949615,10.485181162949422
477420,0,10.484920977940611,10.484920977940448
477480,0,10.484660897918696,10.484660897918562
477540,0,10.484400922812036,10.48440092281192
477600,0,10.484141052551823,10.484141052551701
477660,0,10.483881287087081,10.483881287086914
477720,0,10.483621626350107,10.48362162634988
477780,0,10.483362070269253,10.483362070268978
477840,0,10.483102618772884,10.48310261877259
477900,0,10.482843271792278,10.482843271792023
477960,0,10.482584029276227,10.482584029276081
478020,0,10.482324891157853,10.482324891157857
478080,0,10.482065857366504,10.482065857366653
478140,0,10.481806927831535,10.481806927831789
478200,0,10.481548102485085,10.481548102485377
478260,0,10.481289381275763,10.481289381276046
478320,0,10.481030764136747,10.481030764136982
478380,0,10.480772250997553,10.480772250997713
478440,0,10.480513841787728,10.480513841787786
478500,0,10.48025553643962,10.480255536439556
478560,0,10.479997334902228,10.47999733490197
478620,0,10.479739237108953,10.479739237108465
478680,0,10.479481242989511,10.479481242988818
478740,0,10.479223352473625,10.479223352472797
478800,0,10.47896556549394,10.478965565493104
478860,0,10.47870788200017,10.478707881999469
478920,0,10.478450301925626,10.478450301925141
478980,0,10.478192825199772,10.478192825199514
479040,0,10.477935451752092,10.477935451751998
479100,0,10.47767818390037,10.477678183900315
479160,0,10.477421032802681,10.477421032802543
479220,0,10.477163987698983,10.477163987698702
479280,0,10.47690703402258,10.476907034022146
479340,0,10.476650157206782,10.476650157206237
479400,0,10.476393344342219,10.476393344341648
479460,0,10.476136600140872,10.476136600140341
479520,0,10.475879933138934,10.47587993313848
479580,0,10.475623350749938,10.475623350749578
479640,0,10.475366860387428,10.475366860387162
479700,0,10.475110467174556,10.47511046717436
479760,0,10.474854161861748,10.474854161861629
479820,0,10.47459795,10.47459794645096
479880,0,10.47434182581539,10.474341825815422
479940,0,10.474085804828015,10.474085804828105
480000,0,10.473829887102493,10.473829887102625
480060,0,10.473574067694868,10.473574067695026
480120,0,10.473318346764323,10.473318346764493
480180,0,10.473062725962318,10.473062725962494
480240,0,10.472807206940328,10.472807206940502
480300,0,10.47255179093923,10.472551790939395
480360,0,10.472296476327392,10.472296476327536
480420,0,10.472041262999756,10.472041262999873
480480,0,10.471786151326816,10.471786151326903
480540,0,10.471531141679066,10.471531141679126
480600,0,10.471276234334429,10.471276234334486
480660,0,10.471021428887177,10.471021428887248
480720,0,10.470766725215931,10.470766725216027
480780,0,10.470512123301742,10.470512123301859
480840,0,10.470257623125677,10.470257623125798
480900,0,10.470003224668835,10.470003224668936
480960,0,10.469748927879309,10.469748927879367
481020,0,10.46949473264975,10.469494732649753
481080,0,10.469240638868344,10.46924063886828
481140,0,10.468986646423284,10.468986646423152
481200,0,10.468732755218813,10.468732755218605
481260,0,10.468478965259076,10.468478965258775
481320,0,10.468225276467965,10.468225276467564
481380,0,10.467971688749143,10.467971688748651
481440,0,10.467718202006278,10.467718202005722
481500,0,10.467464816151539,10.467464816150972
481560,0,10.467211531157151,10.467211531156627
481620,0,10.466958346964415,10.466958346963963
481680,0,10.466705263504812,10.466705263504442
481740,0,10.466452280709843,10.46645228070954
481800,0,10.466199398513139,10.46619939851286
481860,0,10.465946616862956,10.46594661686267
481920,0,10.465693935699091,10.465693935698779
481980,0,10.465441354958811,10.465441354958472
482040,0,10.465188874579392,10.465188874579045
482100,0,10.46493649103445,10.464936491034122
482160,0,10.464684187988963,10.464684187988665
482220,0,10.464431980914721,10.464431980914465
482280,0,10.464179890805715,10.464179890805518
482340,0,10.46392793865594,10.463927938655825
482400,0,10.463676144411622,10.463676144411629
482460,0,10.463424507454677,10.46342450745488
482520,0,10.46317300913356,10.463173009133996
482580,0,10.462921630260315,10.462921630260954
482640,0,10.462670351646992,10.462670351647764
482700,0,10.462419158192375,10.462419158193152
482760,0,10.462168065035774,10.46216806503641
482820,0,10.461917074854984,10.461917074855398
482880,0,10.461666185812547,10.461666185812723
482940,0,10.461415396071017,10.461415396071011
483000,0,10.461164704173106,10.461164704173036
483060,0,10.460914111473967,10.460914111473931
483120,0,10.460663618168516,10.46066361816857
483180,0,10.46041322403156,10.460413224031713
483240,0,10.460162928837915,10.460162928838137
483300,0,10.459912732400863,10.459912732401078
483360,0,10.45966263480768,10.459662634807827
483420,0,10.459412636010766,10.459412636010809
483480,0,10.459162735918595,10.45916273591853
483540,0,10.458912934439663,10.458912934439516
483600,0,10.458663231491123,10.458663231490942
483660,0,10.458413627048436,10.45841362704826
483720,0,10.458164121050993,10.458164121050842
483780,0,10.457914713427828,10.457914713427714
483840,0,10.457665404107988,10.457665404107914
483900,0,10.457416193024072,10.45741619302403
483960,0,10.457167080132034,10.457167080132058
484020,0,10.456918065372069,10.456918065372165
484080,0,10.456669148680039,10.456669148680183
484140,0,10.456420329991818,10.456420329991964
484200,0,10.456171609245427,10.456171609245487
484260,0,10.45592298639184,10.455922986391695
484320,0,10.455674461370537,10.455674461370126
484380,0,10.455426034118206,10.455426034117544
484440,0,10.45517770457155,10.455177704570724
484500,0,10.454929472669438,10.454929472668608
484560,0,10.45468133836328,10.454681338362628
484620,0,10.454433301592069,10.454433301591687
484680,0,10.454185362291923,10.454185362291817
484740,0,10.453937520398986,10.453937520399064
484800,0,10.453689775851826,10.453689775851918
484860,0,10.453442128603264,10.453442128603193
484920,0,10.453194578592145,10.453194578591821
484980,0,10.452947125754086,10.45294713
485040,0,10.452699770024708,10.452699770023942
485100,0,10.452452513585385,10.452452513584609
485160,0,10.452205366929586,10.45220536692896
485220,0,10.451958319940047,10.451958319939665
485280,0,10.451711358920003,10.451711358919864
485340,0,10.451464470172686,10.451464470172711
485400,0,10.451217641559754,10.451217641559799
485460,0,10.450970877512745,10.450970877512662
485520,0,10.450724186059254,10.450724186058963
485580,0,10.450477574171215,10.450477574170703
485640,0,10.450231048820582,10.450231048819894
485700,0,10.449984614825649,10.44998461482489
485760,0,10.449738263490143,10.449738263489389
485820,0,10.449491996697404,10.449491996696699
485880,0,10.449245819030436,10.449245819029796
485940,0,10.448999735072249,10.448999735071665
486000,0,10.448753748221716,10.448753748221153
486060,0,10.44850785,10.448507853831225
486120,0,10.448262052053046,10.44826205205245
486180,0,10.448016344438999,10.44801634443839
486240,0,10.447770732543209,10.447770732542613
486300,0,10.44752521753334,10.447525217532808
486360,0,10.44727979787717,10.447279797876764
486420,0,10.447034473476881,10.447034473476634
486480,0,10.446789244681556,10.446789244681463
486540,0,10.446544111840291,10.446544111840312
486600,0,10.44629908,10.44629907521527
486660,0,10.446054134426175,10.446054134426246
486720,0,10.445809289360605,10.445809289360637
486780,0,10.445564540002152,10.44556454000212
486840,0,10.445319886334486,10.445319886334369
486900,0,10.445075325040005,10.445075325039774
486960,0,10.44483084055935,10.444830840558927
487020,0,10.444586447592952,10.444586447592302
487080,0,10.444342166100084,10.444342166099231
487140,0,10.444098016040032,10.444098016039067
487200,0,10.443854016385918,10.443854016384993
487260,0,10.443610166598205,10.44361016659749
487320,0,10.443366448903069,10.443366448902655
487380,0,10.44312284500096,10.443122845000865
487440,0,10.44287933659235,10.442879336592503
487500,0,10.442635909275028,10.442635909275282
487560,0,10.442392577487329,10.442392577487558
487620,0,10.442149343786227,10.44214934378636
487680,0,10.441906206422907,10.441906206422928
487740,0,10.441663163648577,10.441663163648522
487800,0,10.441420214076311,10.441420214076272
487860,0,10.441177358996912,10.441177358996974
487920,0,10.440934598597527,10.440934598597726
487980,0,10.440691932665457,10.440691932665796
488040,0,10.440449360988014,10.440449360988449
488100,0,10.440206883389077,10.440206883389532
488160,0,10.439964499952636,10.439964499953051
488220,0,10.439722210633612,10.439722210633951
488280,0,10.439480015345106,10.43948001534534
488340,0,10.439237914000229,10.439237914000348
488400,0,10.438995906520654,10.438995906520653
488460,0,10.438753992885282,10.438753992885113
488520,0,10.438512173036642,10.438512173036287
488580,0,10.438270446906984,10.438270446906454
488640,0,10.438028814428556,10.438028814427906
488700,0,10.437787275537428,10.43778727553674
488760,0,10.43754583019435,10.437545830193711
488820,0,10.437304478342583,10.437304478342048
488880,0,10.437063219920695,10.437063219920281
488940,0,10.43682205486727,10.436822054866953
489000,0,10.436580983123356,10.43658098312309
489060,0,10.436340004644967,10.436340004644707
489120,0,10.436099119374822,10.436099119374559
489180,0,10.435858327252452,10.435858327252177
489240,0,10.435617628217393,10.43561762821711
489300,0,10.435377022211538,10.435377022211256
489360,0,10.435136509190668,10.435136509190395
489420,0,10.434896089097496,10.43489608909723
489480,0,10.434655761871632,10.434655761871378
489540,0,10.434415527452714,10.434415527452474
489600,0,10.434175385782721,10.434175385782504
489660,0,10.433935336817624,10.43393533681744
489720,0,10.433695380500499,10.433695380500348
489780,0,10.43345551677135,10.433455516771234
489840,0,10.433215745570191,10.433215745570116
489900,0,10.43297606683929,10.43297606683925
489960,0,10.432736480534382,10.432736480534379
490020,0,10.432496986599045,10.432496986599077
490080,0,10.432257584973929,10.432257584973996
490140,0,10.432018275599702,10.43201828
490200,0,10.431779060550411,10.431779060550541
490260,0,10.431539949795646,10.431539949795816
490320,0,10.431300933724414,10.431300933724625
490380,0,10.431061999325212,10.431061999325452
490440,0,10.430823133586554,10.430823133586792
490500,0,10.430584324977161,10.430584324977362
490560,0,10.430345577706213,10.430345577706317
490620,0,10.430106899401913,10.430106899401887
490680,0,10.429868296690042,10.429868296689898
490740,0,10.429629776196409,10.429629776196192
490800,0,10.429391342500104,10.429391342499896
490860,0,10.42915298733729,10.429152987337178
490920,0,10.428914712499362,10.42891471249939
490980,0,10.428676522343398,10.428676522343581
491040,0,10.428438421226488,10.428438421226792
491100,0,10.428200412379901,10.428200412380258
491160,0,10.427962491386161,10.42796249138653
491220,0,10.427724658390584,10.427724658390941
491280,0,10.427486914872503,10.427486914872821
491340,0,10.42724926231126,10.427249262311525
491400,0,10.427011701818804,10.427011701818993
491460,0,10.426774231937204,10.426774231937287
491520,0,10.42653685257528,10.426536852575232
491580,0,10.42629956406741,10.42629956406723
491640,0,10.426062366747992,10.426062366747697
491700,0,10.425825260868308,10.425825260867935
491760,0,10.425588246066331,10.425588246065898
491820,0,10.425351322236152,10.425351322235676
491880,0,10.425114489363878,10.425114489363379
491940,0,10.42487774743564,10.424877747435128
492000,0,10.424641093299877,10.42464109329937
492060,0,10.424404512169387,10.424404512168904
492120,0,10.424168018016301,10.424168018015859
492180,0,10.42393162981091,10.423931629810523
492240,0,10.423695366523525,10.423695366523201
492300,0,10.423459246188138,10.423459246187896
492360,0,10.423223268297964,10.423223268297843
492420,0,10.422987415959048,10.422987415959062
492480,0,10.422751671776366,10.422751671776501
492540,0,10.422516018354905,10.42251601835512
492600,0,10.422280442004816,10.42228044200503
492660,0,10.422044956453771,10.422044956453895
492720,0,10.421809564132358,10.421809564132346
492780,0,10.421574263377572,10.421574263377416
492840,0,10.421339052526418,10.421339052526157
492900,0,10.421103930260387,10.421103930260106
492960,0,10.420868897809438,10.420868897809218
493020,0,10.420633955351924,10.420633955351803
493080,0,10.42039910268548,10.420399102685463
493140,0,10.420164339607751,10.420164339607803
493200,0,10.41992966595146,10.419929665951502
493260,0,10.419695081798587,10.419695081798551
493320,0,10.419460587107066,10.41946058710691
493380,0,10.419226181794699,10.41922618179442
493440,0,10.41899187,10.41899186577893
493500,0,10.418757638986982,10.418757638986577
493560,0,10.418523501399216,10.418523501398829
493620,0,10.418289452962197,10.418289452961861
493680,0,10.418055493612144,10.418055493611865
493740,0,10.417821623285281,10.417821623285045
493800,0,10.417587841921527,10.417587841921298
493860,0,10.41735414948472,10.417354149484472
493920,0,10.417120545921902,10.417120545921614
493980,0,10.416887031175571,10.416887031175248
494040,0,10.41665360518825,10.416653605187909
494100,0,10.41642027,10.416420267904467
494160,0,10.416187019284251,10.416187019283951
494220,0,10.415953859273152,10.415953859272896
494280,0,10.415720787815006,10.415720787814807
494340,0,10.415487804853337,10.415487804853194
494400,0,10.415254910333928,10.415254910333843
494460,0,10.41502210421583,10.415022104215819
494520,0,10.414789386445245,10.414789386445314
494580,0,10.414556756965391,10.414556756965524
494640,0,10.414324215719494,10.414324215719667
494700,0,10.414091762653225,10.414091762653376
494760,0,10.413859397726513,10.413859397726581
494820,0,10.413627120885561,10.413627120885508
494880,0,10.413394932073361,10.413394932073182
494940,0,10.41316283123291,10.413162831232642
495000,0,10.412930818309748,10.412930818309468
495060,0,10.41269889326447,10.41269889326424
495120,0,10.412467056043438,10.412467056043296
495180,0,10.412235306589677,10.412235306589633
495240,0,10.412003644846216,10.412003644846251
495300,0,10.411772070758698,10.411772070758765
495360,0,10.411540584288113,10.41154058
495420,0,10.411309185380988,10.411309185381077
495480,0,10.411077873980426,10.411077873980496
495540,0,10.410846650029548,10.410846650029576
495600,0,10.410615515494504,10.410615515494468
495660,0,10.410384479829865,10.410384479829712
495720,0,10.410153533924467,10.410153533924168
495780,0,10.409922665442688,10.40992266544225
495840,0,10.40969186204892,10.40969186204838
495900,0,10.409461112811313,10.409461112810735
495960,0,10.409230421722876,10.409230421722318
496020,0,10.408999796014799,10.408999796014294
496080,0,10.408769241967295,10.408769241966858
496140,0,10.408538765860593,10.408538765860223
496200,0,10.408308372035426,10.40830837203511
496260,0,10.408078052661727,10.40807805266146
496320,0,10.407847809436937,10.40784780943672
496380,0,10.407617646489687,10.407617646489518
496440,0,10.40738756794863,10.407387567948502
496500,0,10.407157576876198,10.407157576876093
496560,0,10.40692766908992,10.406927669089818
496620,0,10.406697844726716,10.406697844726612
496680,0,10.406468105186761,10.406468105186645
496740,0,10.406238451870225,10.406238451870106
496800,0,10.406008885830104,10.406008885829996
496860,0,10.405779405689826,10.405779405689735
496920,0,10.405550011362354,10.405550011362287
496980,0,10.405320703162666,10.405320703162623
497040,0,10.405091481405739,10.405091481405723
497100,0,10.404862346328734,10.40486234632875
497160,0,10.404633297593339,10.404633297593401
497220,0,10.404404335099022,10.404404335099134
497280,0,10.404175458831252,10.404175458831407
497340,0,10.403946668775514,10.403946668775689
497400,0,10.403717961943464,10.403717961943622
497460,0,10.403489324320557,10.40348932432066
497520,0,10.40326076915275,10.403260769152775
497580,0,10.403032314423397,10.403032314423335
497640,0,10.402803978115864,10.402803978115726
497700,0,10.40257578,10.402575777326607
497760,0,10.40234771158126,10.402347711581022
497820,0,10.402119764863869,10.40211976486359
497880,0,10.401891920683028,10.401891920682722
497940,0,10.401664162547151,10.40166416254682
498000,0,10.401436477477823,10.401436477477475
498060,0,10.40120887849261,10.401208878492252
498120,0,10.400981367895993,10.40098136789563
498180,0,10.400753944110859,10.40075394
498240,0,10.400526605560101,10.400526605559751
498300,0,10.400299350993736,10.400299350993404
498360,0,10.400072181580919,10.400072181580613
498420,0,10.399845097490903,10.399845097490632
498480,0,10.399618098531324,10.399618098531086
498540,0,10.399391184509817,10.399391184509623
498600,0,10.399164355267816,10.39916435526767
498660,0,10.398937610886215,10.398937610886124
498720,0,10.398710951325217,10.39871095132519
498780,0,10.398484376506273,10.398484376506309
498840,0,10.398257886350843,10.398257886350931
498900,0,10.398031480788863,10.398031480788994
498960,0,10.397805159806286,10.397805159806449
499020,0,10.397578923351942,10.397578923352134
499080,0,10.397352771364377,10.39735277136459
499140,0,10.397126703782156,10.397126703782378
499200,0,10.396900720548082,10.396900720548311
499260,0,10.396674821631992,10.396674821632226
499320,0,10.396449006983255,10.39644900698349
499380,0,10.39622327654593,10.396223276546152
499440,0,10.395997630264088,10.395997630264281
499500,0,10.395772068084893,10.395772068085035
499560,0,10.395546589974069,10.395546589974119
499620,0,10.395321195880493,10.395321195880426
499680,0,10.395095885749003,10.395095885748825
499740,0,10.394870659524454,10.394870659524193
499800,0,10.394645517154823,10.394645517154533
499860,0,10.394420458606229,10.394420458605962
499920,0,10.394195483826998,10.39419548382679
499980,0,10.393970592761331,10.393970592761185
500040,0,10.393745785353449,10.393745785353337
500100,0,10.393521061550887,10.393521061550759
500160,0,10.393296421320741,10.393296421320557
500220,0,10.39307186461153,10.393071864611262
500280,0,10.392847391367402,10.39284739136705
500340,0,10.392623001532526,10.392623001532098
500400,0,10.39239869505441,10.392398695053936
500460,0,10.392174471900406,10.392174471899894
500520,0,10.391950332019377,10.391950332018835
500580,0,10.391726275355813,10.391726275355259
500640,0,10.391502301854208,10.391502301853674
500700,0,10.391278411462416,10.39127841146194
500760,0,10.391054604148009,10.391054604147659
500820,0,10.390830879859877,10.390830879859687
500880,0,10.39060723854251,10.390607238542476
500940,0,10.390383680140417,10.390383680140499
501000,0,10.39016020651714,10.390160206517256
501060,0,10.38993682664159,10.38993682664167
501120,0,10.389713531874662,10.389713531874655
501180,0,10.38949031051881,10.38949031051871
501240,0,10.38926715,10.38926715087634
501300,0,10.389044042581816,10.389044042581657
501360,0,10.388820989423799,10.38882099
501420,0,10.388597998258655,10.388597998258644
501480,0,10.388375075040127,10.388375075040212
501540,0,10.388152225721967,10.38815222572212
501600,0,10.387929454419531,10.387929454419707
501660,0,10.38770675371161,10.387706753711779
501720,0,10.387484125207674,10.387484125207815
501780,0,10.387261572821657,10.387261572821753
501840,0,10.387039100467499,10.387039100467534
501900,0,10.386816711048732,10.386816711048697
501960,0,10.386594400602743,10.386594400602611
502020,0,10.38637216925947,10.386372169259227
502080,0,10.386150018345912,10.386150018345557
502140,0,10.385927949189089,10.385927949188625
502200,0,10.385705962787409,10.385705962786853
502260,0,10.385484057838983,10.385484057838315
502320,0,10.38526223426118,10.385262234260397
502380,0,10.385040492351727,10.385040492350866
502440,0,10.384818832408383,10.38481883
502500,0,10.384597254655807,10.384597254655008
502560,0,10.384375758777058,10.384375758776475
502620,0,10.384154344676533,10.38415434467624
502680,0,10.383933012339236,10.38393301233923
502740,0,10.383711761750176,10.383711761750394
502800,0,10.383490592895495,10.383490592895802
502860,0,10.38326950574161,10.383269505741891
502920,0,10.383048500204879,10.383048500205058
502980,0,10.38282757619668,10.382827576196743
503040,0,10.38260673,10.382606733628366
503100,0,10.382385969613335,10.382385969613273
503160,0,10.382165270950063,10.382165270950011
503220,0,10.381944650185982,10.381944650185966
503280,0,10.381724124333868,10.381724124333893
503340,0,10.381503710406502,10.381503710406552
503400,0,10.38128342457283,10.381283424572885
503460,0,10.381063266361647,10.381063266361695
503520,0,10.380843220648044,10.380843220648075
503580,0,10.380623271864705,10.380623271864707
503640,0,10.380403404444317,10.380403404444284
503700,0,10.380183606136416,10.380183606136336
503760,0,10.37996388923242,10.379963889232265
503820,0,10.379744255906987,10.37974425590674
503880,0,10.379524704669914,10.379524704669585
503940,0,10.37930523403101,10.379305234030626
504000,0,10.379085842809621,10.379085842809223
504060,0,10.378866532113248,10.378866532112893
504120,0,10.378647302101728,10.378647302101449
504180,0,10.378428152592587,10.378428152592377
504240,0,10.378209083403364,10.378209083403194
504300,0,10.377990094383877,10.377990094383684
504360,0,10.377771185612769,10.377771185612485
504420,0,10.377552357053503,10.37755235705309
504480,0,10.377333608632517,10.377333608631982
504540,0,10.377114940276266,10.377114940275654
504600,0,10.37689635191914,10.376896351918528
504660,0,10.376677843548315,10.37667784354779
504720,0,10.376459415116921,10.376459415116532
504780,0,10.376241066568518,10.37624106656827
504840,0,10.376022797846678,10.376022797846536
504900,0,10.375804608898653,10.375804608898546
504960,0,10.37558649969534,10.375586499695208
505020,0,10.375368470190486,10.375368470190297
505080,0,10.375150520333294,10.375150520333033
505140,0,10.374932650072974,10.374932650072655
505200,0,10.374714859361175,10.374714859360823
505260,0,10.374497148164284,10.37449714816391
505320,0,10.374279516435761,10.374279516435376
505380,0,10.374061964125922,10.374061964125527
505440,0,10.373844491185093,10.373844491184697
505500,0,10.373627097565882,10.373627097565485
505560,0,10.373409783234333,10.37340978323394
505620,0,10.373192548143717,10.373192548143338
505680,0,10.372975392244305,10.372975392243937
505740,0,10.372758315486374,10.372758315486024
505800,0,10.372541317822533,10.37254132
505860,0,10.372324399219156,10.372324399218849
505920,0,10.372107559629725,10.372107559629445
505980,0,10.371890799004674,10.371890799004417
506040,0,10.371674117294448,10.371674117294214
506100,0,10.371457514451816,10.371457514451592
506160,0,10.371240990443303,10.371240990443088
506220,0,10.371024545222577,10.371024545222367
506280,0,10.37080817874027,10.37080817874006
506340,0,10.37059189094703,10.370591890946809
506400,0,10.370375681795805,10.370375681795565
506460,0,10.370159551253286,10.37015955125301
506520,0,10.369943499273289,10.36994349927297
506580,0,10.369727525806606,10.369727525806244
506640,0,10.369511630804032,10.369511630803643
506700,0,10.369295816031881,10.369295816031483
506760,0,10.36908008997666,10.369080089976274
506820,0,10.368864444463432,10.368864444463071
506880,0,10.36864886842356,10.368648868423229
506940,0,10.368433350788399,10.36843335
507000,0,10.368217881748889,10.368217881748615
507060,0,10.368002464888617,10.368002464888367
507120,0,10.36778710669828,10.367787106698056
507180,0,10.36757181281542,10.36757181281522
507240,0,10.367356588877586,10.367356588877405
507300,0,10.367141438781665,10.36714144
507360,0,10.366926355501615,10.36692635550146
507420,0,10.366711340562434,10.36671134056229
507480,0,10.366496397671096,10.36649639767096
507540,0,10.366281530534586,10.366281530534462
507600,0,10.366066741902888,10.366066741902786
507660,0,10.365852028023488,10.36585202802343
507720,0,10.365637389021275,10.365637389021263
507780,0,10.36542282615501,10.365422826155033
507840,0,10.365208340683454,10.365208340683507
507900,0,10.364993933553587,10.36499393355364
507960,0,10.364779603530732,10.364779603530769
508020,0,10.364565350538909,10.364565350538916
508080,0,10.364351174863195,10.364351174863161
508140,0,10.364137076788685,10.364137076788602
508200,0,10.363923056530352,10.363923056530208
508260,0,10.36370911378508,10.36370911378484
508320,0,10.363495248464805,10.363495248464456
508380,0,10.363281460559023,10.363281460558579
508440,0,10.363067750057242,10.363067750056738
508500,0,10.362854114277816,10.362854114277319
508560,0,10.362640540634462,10.362640540634052
508620,0,10.362427041025784,10.362427041025503
508680,0,10.362213631605517,10.36221363160537
508740,0,10.362000328527426,10.362000328527358
508800,0,10.361787147148636,10.361787147148563
508860,0,10.361574087044422,10.361574087044252
508920,0,10.36136113383581,10.361361133835494
508980,0,10.361148272716557,10.36114827271609
509040,0,10.360935488880438,10.360935488879848
509100,0,10.360722770675498,10.360722770674856
509160,0,10.360510129791017,10.360510129790379
509220,0,10.360297568299035,10.360297568298426
509280,0,10.360085084786647,10.360085084786082
509340,0,10.35987267784095,10.359872677840425
509400,0,10.359660346342231,10.359660346341728
509460,0,10.359448091339717,10.359448091339223
509520,0,10.359235912987733,10.35923591298725
509580,0,10.359023811116613,10.35902381111614
509640,0,10.358811785556696,10.358811785556233
509700,0,10.358599836168041,10.358599836167599
509760,0,10.358387963022334,10.358387963021908
509820,0,10.358176166086624,10.358176166086219
509880,0,10.357964445293979,10.357964445293597
509940,0,10.357752800577485,10.357752800577131
510000,0,10.357541231877066,10.357541231876738
510060,0,10.357329739178475,10.357329739178184
510120,0,10.357118322438644,10.35711832243839
510180,0,10.35690698160631,10.356906981606091
510240,0,10.356695716630208,10.356695716630023
510300,0,10.356484527462026,10.356484527461863
510360,0,10.356273414072657,10.35627341407251
510420,0,10.356062376419573,10.356062376419434
510480,0,10.35585141445662,10.355851414456486
510540,0,10.355640528137664,10.355640528137544
510600,0,10.35542971741839,10.355429717418287
510660,0,10.355218982265653,10.355218982265574
510720,0,10.355008322636605,10.355008322636557
510780,0,10.354797738486045,10.354797738486024
510840,0,10.354587229768779,10.354587229768777
510900,0,10.354376796441352,10.354376796441352
510960,0,10.354166438470514,10.354166438470514
511020,0,10.353956155813107,10.353956155813096
511080,0,10.353745948423665,10.35374594842363
511140,0,10.353535816256734,10.353535816256656
511200,0,10.353325759268737,10.353325759268582
511260,0,10.353115777427089,10.353115777426805
511320,0,10.352905870688662,10.352905870688225
511380,0,10.352696039007865,10.35269603900728
511440,0,10.352486282339118,10.352486282338417
511500,0,10.35227660063876,10.352276600638001
511560,0,10.352066993874582,10.352066993873798
511620,0,10.351857462003657,10.351857462002883
511680,0,10.351648004980541,10.351648004979804
511740,0,10.351438622759792,10.351438622759119
511800,0,10.351229315297894,10.351229315297328
511860,0,10.351020082562744,10.351020082562357
511920,0,10.35081092451162,10.350810924511453
511980,0,10.350601841099284,10.350601841099328
512040,0,10.350392832280509,10.35039283
512100,0,10.350183898011995,10.350183898012226
512160,0,10.349975038261825,10.349975038261988
512220,0,10.349766252987342,10.34976625298737
512280,0,10.349557542143362,10.349557542143241
512340,0,10.34934890568471,10.349348905684465
512400,0,10.34914034528736,10.349140345287056
512460,0,10.348931868997585,10.348931868997258
512520,0,10.348723469065394,10.348723469065073
512580,0,10.348515134997438,10.348515134997125
512640,0,10.348306856300367,10.348306856300075
512700,0,10.348098623674854,10.348098623674579
512760,0,10.347890440518203,10.347890440517949
512820,0,10.34768231298507,10.347682312984842
512880,0,10.34747424642147,10.34747424642127
512940,0,10.347266246173433,10.347266246173255
513000,0,10.34705831593644,10.347058315936277
513060,0,10.34685044904874,10.34685044904858
513120,0,10.34664264695727,10.346642646957113
513180,0,10.346434913178017,10.34643491317786
513240,0,10.346227251226987,10.346227251226821
513300,0,10.346019663712568,10.346019663712388
513360,0,10.345812147076582,10.345812147076387
513420,0,10.34560470143859,10.345604701438367
513480,0,10.34539732799352,10.345397327993272
513540,0,10.345190027936328,10.345190027936052
513600,0,10.34498280216608,10.344982802165786
513660,0,10.344775649511863,10.34477564951155
513720,0,10.344568569902702,10.344568569902368
513780,0,10.344361563610276,10.344361563609928
513840,0,10.344154630906273,10.344154630905926
513900,0,10.343947771995746,10.343947771995415
513960,0,10.343740986591435,10.343740986591143
514020,0,10.343534274610596,10.34353427461036
514080,0,10.343327636044208,10.343327636044027
514140,0,10.343121070883255,10.343121070883122
514200,0,10.342914579118741,10.342914579118641
514260,0,10.342708160717963,10.342708160717905
514320,0,10.342501815608669,10.342501815608644
514380,0,10.34229554371541,10.34229554
514440,0,10.342089344962762,10.342089344962732
514500,0,10.341883216760639,10.341883216760536
514560,0,10.341677147247028,10.341677147246772
514620,0,10.341471147696955,10.341471147696502
514680,0,10.341265233398198,10.341265233397555
514740,0,10.341059419638544,10.341059419637773
514800,0,10.340853720947104,10.340853720946317
514860,0,10.340648136900777,10.340648136900077
514920,0,10.340442653915945,10.340442653915396
514980,0,10.340237258012374,10.340237258011998
515040,0,10.340031935209847,10.34003193520962
515100,0,10.339826674506801,10.33982667450667
515160,0,10.33962148694268,10.339621486942633
515220,0,10.339416374473906,10.339416374473931
515280,0,10.339211335765881,10.33921133576595
515340,0,10.339006369484014,10.339006369484087
515400,0,10.338801474570895,10.338801474570918
515460,0,10.33859665201932,10.338596652019211
515520,0,10.338391901975472,10.338391901975191
515580,0,10.338187224279183,10.338187224278725
515640,0,10.337982618770274,10.337982618769683
515700,0,10.337778085316751,10.337778085316115
515760,0,10.33757362,10.337573623986698
515820,0,10.33736923475181,10.337369234751282
515880,0,10.33716491754799,10.337164917547554
515940,0,10.33696067231357,10.336960672313207
516000,0,10.33675649899258,10.336756498992244
516060,0,10.336552397571575,10.336552397571216
516120,0,10.336348368011032,10.336348368010636
516180,0,10.336144410263907,10.336144410263481
516240,0,10.335940524283172,10.335940524282748
516300,0,10.33573671002427,10.335736710023912
516360,0,10.335532967459109,10.335532967458908
516420,0,10.335329296548833,10.335329296548826
516480,0,10.335125697251561,10.335125697251742
516540,0,10.334922169525427,10.33492216952574
516600,0,10.334718713329947,10.334718713330286
516660,0,10.334515328633044,10.334515328633325
516720,0,10.334312015395401,10.334312015395561
516780,0,10.33410877357591,10.33410877357593
516840,0,10.333905603133479,10.333905603133363
516900,0,10.333702504028313,10.333702504028098
516960,0,10.333499476228257,10.333499476227926
517020,0,10.333296519693766,10.333296519693324
517080,0,10.333093634383578,10.333093634383047
517140,0,10.332890820256443,10.33289082025587
517200,0,10.332688077272515,10.332688077271973
517260,0,10.332485405400218,10.332485405399806
517320,0,10.332282804599997,10.332282804599766
517380,0,10.332080274830421,10.332080274830377
517440,0,10.331877816050088,10.33187781605017
517500,0,10.331675428219095,10.331675428219205
517560,0,10.331473111306416,10.331473111306467
517620,0,10.331270865272511,10.331270865272442
517680,0,10.331068690075822,10.331068690075623
517740,0,10.33086658567481,10.330866585674503
517800,0,10.330664552029507,10.330664552029146
517860,0,10.330462589109233,10.330462589108853
517920,0,10.33026069687462,10.33026069687424
517980,0,10.330058875284239,10.33005887528387
518040,0,10.329857124296675,10.329857124296323
518100,0,10.329655445504146,10.329655445503814
518160,0,10.32945384654467,10.32945384654437
518220,0,10.32925232006216,10.329252320061896
518280,0,10.329050856096565,10.329050856096341
518340,0,10.328849444687846,10.328849444687659
518400,0,10.328648077840837,10.328648077840683