t,Tin,Tout
0,10.9359995867255,10.9359995867255
60.005952971525,13.9011862972946,11.045185305721
120.01190594305,13.9387508940514,11.0859892324319
180.017858914575,13.9201719012749,11.0641815693968
240.0238118861,13.9696473973787,11.1144801012132
300.029764857625,13.9285707553703,11.0775637790845
360.03571782915,14.0019892255018,11.1552271584963
420.041670800675,13.999257712717,11.1567878189214
480.0476237722,13.9777094568839,11.1377180446742
540.053576743725,14.0256069910001,11.1860145614286
600.059529715249,14.0246285668471,11.1839338763085
660.065482686774,14.1324880497169,11.2890181721112
720.071435658299,14.1879889834209,11.3432547451818
780.077388629824,13.9741412055578,11.1295155058559
840.083341601349,14.1610522988739,11.3185311545454
900.089294572874,14.1382328597495,11.2995916784455
960.095247544399,14.1776766954602,11.3402204156142
1020.10120051592,14.2059508960539,11.3659754237915
1080.10715348745,14.1803973461772,11.3390777869315
1140.11310645897,14.2406514216141,11.3993461115168
1200.1190594305,14.1782608593279,11.3353373364912
1260.12501240202,14.2461370258264,11.3995525979924
1320.13096537355,14.2851920174208,11.4374493017304
1380.13691834507,14.2304000293779,11.3838983839033
1440.1428713166,14.3085802729992,11.4611517156222
1500.14882428812,14.3342202328562,11.4829627022461
1560.15477725965,14.3144360589057,11.463235948478
1620.16073023117,14.2620417874334,11.4143503676714
1680.1666832027,14.2991933061187,11.4505835441012
1740.17263617422,14.3860308244818,11.5288183196134
1800.17858914575,14.3517761915152,11.488354274708
1860.18454211727,14.4476657294172,11.5804897270716
1920.1904950888,14.5162880154961,11.6500643065138
1980.19644806032,14.3146581545249,11.4531030356947
2040.20240103185,14.3391744818471,11.4819645326586
2100.20835400337,14.472978454107,11.6196050912586
2160.2143069749,14.4285842588985,11.577822794319
2220.22025994642,14.4644376457339,11.614456325383
2280.22621291795,14.425959064096,11.5780244894372
2340.23216588947,14.4484302388803,11.6041589325289
2400.238118861,14.4854639119279,11.6437217848999
2460.24407183252,14.4904306202737,11.6495014548714
2520.25002480405,14.5131516876801,11.6722344630381
2580.25597777557,14.5259551393859,11.683983617862
2640.2619307471,14.6892574449381,11.8448344972924
2700.26788371862,14.5235732560182,11.6747858991317
2760.27383669015,14.6633811620884,11.8161135595973
2820.27978966167,14.6882010482817,11.848648185577
2880.2857426332,14.7469224862347,11.9120949027542
2940.29169560472,14.5779582928243,11.7437316260149
3000.29764857625,14.7770088515635,11.942012629979
3060.30360154777,14.8221095135531,11.984814981539
3120.3095545193,14.8435116527642,12.0054169692799
3180.31550749082,14.8235137556669,11.9863571626001
3240.32146046235,14.8388920572052,11.9992734541947
3300.32741343387,14.9323891787526,12.0863495088552
3360.3333664054,15.0374920035134,12.1860591254105
3420.33931937692,15.0205901894754,12.1647523299333
3480.34527234845,15.0585713794907,12.2026168853732
3540.35122531997,15.0848942992011,12.2325346692644
3600.3571782915,15.1360680669015,12.2859817335749
3660.36313126302,15.1939870362243,12.3447105017316
3720.36908423455,15.2109885759833,12.3628488108236
3780.37503720607,15.1720838059812,12.3254154544889
3840.3809901776,15.3065593354416,12.4618756640308
3900.38694314912,15.2352467511217,12.3931305597667
3960.39289612065,15.2602619620864,12.417914659282
4020.39884909217,15.253718688279,12.4079340281953
4080.4048020637,15.3397473776786,12.4915174606751
4140.41075503522,15.3623694981962,12.5127583598948
4200.41670800675,15.3905309842916,12.5400826975341
4260.42266097827,15.4021442448045,12.5512560228883
4320.4286139498,15.3853430564744,12.5363181034197
4380.43456692132,15.4336550261142,12.5884285339639
4440.44051989285,15.4034399950714,12.5646040137115
4500.44647286437,15.5099495141723,12.6797962878184
4560.4524258359,15.4756581851873,12.6504935747108
4620.45837880742,15.5278509541081,12.7024153780706
4680.46433177895,15.5300453776844,12.7027024861281
4740.47028475047,15.544474958043,12.7134974175451
4800.476237722,15.6193078141709,12.7810242548702
4860.48219069352,15.616162545523,12.7659523188857
4920.48814366505,15.6250767254703,12.7631578560424
4980.49409663657,15.7017009220745,12.8283118802268
5040.5000496081,15.654261497738,12.7742717196629
5100.50600257962,15.6148557558292,12.7326149456279
5160.51195555115,15.7662223710433,12.8803469820026
5220.51790852267,15.7670615809052,12.8758584315562
5280.5238614942,15.7254733600379,12.8292470591111
5340.52981446572,15.6821656047375,12.7811794220577
5400.53576743725,15.8400255765811,12.9374820548362
5460.54172040877,15.8312932426045,12.9301725996651
5520.5476733803,15.7992320121542,12.8978480361639
5580.55362635182,15.8963851619541,12.9926551740504
5640.55957932335,15.9461667001151,13.04186122287
5700.56553229487,15.9131268902532,13.0098864956699
5760.5714852664,15.9505888364316,13.0518129540459
5820.57743823792,15.9089034538723,13.0174951014922
5880.58339120945,16.0256818921575,13.1399552359903
5940.58934418097,15.9991085130844,13.1169785770488
6000.59529715249,15.9609102291915,13.0769118728874
6060.60125012402,15.9333679505414,13.039354221304
6120.60720309554,16.1048865892614,13.2057897290801
6180.61315606707,16.0926718175276,13.1927723385599
6240.6191090386,16.0084813593851,13.1142001828405
6300.62506201012,16.0836674576485,13.1995031633371
6360.63101498164,16.1907194284411,13.311887337208
6420.63696795317,16.1506587595113,13.2694521854248
6480.6429209247,16.112771401547,13.2322780151471
6540.64887389622,16.1916392383149,13.3148240365624
6600.65482686774,16.1487740145473,13.2774498673118
6660.66077983927,16.238699535831,13.3744432396859
6720.6667328108,16.2106624675123,13.3524903093401
6780.67268578232,16.3005861186602,13.4473978423855
6840.67863875385,16.2435394913314,13.391085745587
6900.68459172537,16.3633239819031,13.5055758301214
6960.69054469689,16.2400729388056,13.3838611227939
7020.69649766842,16.292808394139,13.4436025835502
7080.70245063994,16.3078879402739,13.4611377653833
7140.70840361147,16.400840875085,13.5494771114922
7200.71435658299,16.3235860543536,13.465559307414
7260.72030955452,16.4500659909162,13.583020818104
7320.72626252604,16.4622644454316,13.5917560678347
7380.73221549757,16.3953408988435,13.5261614346046
7440.73816846909,16.3429849620467,13.4715535711633
7500.74412144062,16.4728062384961,13.5944512842678
7560.75007441214,16.5121843338088,13.6358994305905
7620.75602738367,16.5526467991016,13.6844911434896
7680.7619803552,16.502643141159,13.6400070776707
7740.76793332672,16.5457706820201,13.6850018924373
7800.77388629824,16.4738616966014,13.6098475840523
7860.77983926977,16.5363218191696,13.6614924457527
7920.78579224129,16.5984800253824,13.7186701054027
7980.79174521282,16.6157496485175,13.7360899063028
8040.79769818434,16.6367023250749,13.7565347091566
8100.80365115587,16.6539731847325,13.7724983473018
8160.80960412739,16.6707762359371,13.7872409011855
8220.81555709892,16.7180547750697,13.8316026476754
8280.82151007044,16.7894268085733,13.902122789418
8340.82746304197,16.7125558144667,13.8263938409179
8400.83341601349,16.7023362316371,13.8156768684041
8460.83936898502,16.8319318384537,13.9428204657786
8520.84532195654,16.6999553925395,13.8089094265791
8580.85127492807,16.8008500361931,13.9084937979393
8640.85722789959,16.7869479004135,13.8912666458549
8700.86318087112,16.7885647986166,13.8871086337136
8760.86913384264,16.7744930744432,13.8729791550758
8820.87508681417,16.8798542162186,13.9825860087062
8880.88103978569,16.7992651399912,13.9065181474188
8940.88699275722,16.8963033185272,14.0083679708573
9000.89294572874,16.9058372306103,14.0176315744214
9060.89889870027,16.8825400435712,13.9858972260052
9120.90485167179,16.9366365454564,14.036290882796
9180.91080464332,16.8891046859122,13.9893994652078
9240.91675761484,17.0168461578312,14.1152947937374
9300.92271058637,16.9102030286419,14.0036668510503
9360.92866355789,16.9705127695013,14.0685231465855
9420.93461652942,16.9807641368547,14.0885923193505
9480.94056950094,16.9778571546275,14.0914597459243
9540.94652247247,17.1161077081026,14.2275390502283
9600.95247544399,17.0724393379977,14.1812074240291
9660.95842841552,17.0833485584265,14.1890214664539
9720.96438138704,16.9097544135522,14.0162549642691
9780.97033435857,17.0000652543656,14.1106577524121
9840.97628733009,17.0658680448818,14.1773764314318
9900.98224030162,17.1096418295055,14.2177807622035
9960.98819327314,17.0732326512269,14.1851139586286
10020.9941462447,17.1063193396445,14.2266648782966
10081.0000992162,17.0221903494891,14.1440246787793
10141.0060521877,17.1803107358005,14.2888544324773
10201.0120051592,17.1903198527231,14.2985070230764
10261.0179581308,17.1557432177186,14.2714758352235
10321.0239111023,17.0733739521082,14.1930926391859
10381.0298640738,17.1751959585197,14.2931470651285
10441.0358170453,17.252549752455,14.3691374937351
10501.0417700169,17.2247971636687,14.3406112520219
10561.0477229884,17.2851018867681,14.3989237861494
10621.0536759599,17.266978370216,14.3773935952389
10681.0596289314,17.1899651964182,14.2982463315664
10741.065581903,17.2960682271595,14.4034244534209
10801.0715348745,17.2325529461277,14.3405635087001
10861.077487846,17.3450340971879,14.4551647207896
10921.0834408175,17.286075979934,14.3961123362058
10981.0893937891,17.3528601378238,14.4600294754312
11041.0953467606,17.3325964774119,14.4429284185602
11101.1012997321,17.3295205298851,14.446977788369
11161.1072527036,17.3003228232623,14.423498158865
11221.1132056752,17.3741997885423,14.5012972640946
11281.1191586467,17.4236651717021,14.5542624728699
11341.1251116182,17.4035822356528,14.5372657443659
11401.1310645897,17.4212076744752,14.5560100572958
11461.1370175613,17.4665959120251,14.6000044864976
11521.1429705328,17.4496096833559,14.5831074781454
11581.1489235043,17.4700261523916,14.604917275814
11641.1548764758,17.4035963420184,14.5433599037098
11701.1608294474,17.4775520977331,14.6246898961875
11761.1667824189,17.5833430459556,14.733554480556
11821.1727353904,17.4113787984155,14.5568508217319
11881.1786883619,17.4308023337864,14.577647391694
11941.1846413335,17.5353400343117,14.6879818213203
12001.190594305,17.4707468398782,14.6272520366472
12061.1965472765,17.4676224716525,14.6254396232391
12121.202500248,17.5641301379731,14.7253763984174
12181.2084532196,17.4873707977423,14.6540149570376
12241.2144061911,17.5377505245743,14.7053468929561
12301.2203591626,17.529256652368,14.6897994032097
12361.2263121341,17.5204951184557,14.6758427514532
12421.2322651057,17.6277690691088,14.7798235939569
12481.2382180772,17.6328881728199,14.7844444464532
12541.2441710487,17.5194814455599,14.6727277721142
12601.2501240202,17.5782890361709,14.7345566636208
12661.2560769918,17.6537676800115,14.8142690697242
12721.2620299633,17.5904169147278,14.7511537480386
12781.2679829348,17.6034020192398,14.7579741658643
12841.2739359063,17.6309632364271,14.7837144007106
12901.2798888779,17.6552209994506,14.8098086381119
12961.2858418494,17.6905867489589,14.8460546429426
13021.2917948209,17.7016125813786,14.856852323254
13081.2977477924,17.687169437304,14.8407224800978
13141.303700764,17.7043810206018,14.8544983452555
13201.3096537355,17.7022495530457,14.8465081964703
13261.315606707,17.736279666032,14.8717204354003
13321.3215596785,17.8317888236657,14.9650536123178
13381.3275126501,17.749674293061,14.8851907627045
13441.3334656216,17.7796057453218,14.9195635734153
13501.3394185931,17.7484683674668,14.8944598800493
13561.3453715646,17.8215117657214,14.9709942350842
13621.3513245362,17.8857886627479,15.0348686639345
13681.3572775077,17.7642815230723,14.9139113139822
13741.3632304792,17.8871040243302,15.0383571100785
13801.3691834507,17.8835685372254,15.0339707183448
13861.3751364223,17.8335238942874,14.9798274649247
13921.3810893938,17.8929153441265,15.0382358690255
13981.3870423653,17.9174459390783,15.0645025105259
14041.3929953368,17.7360371880073,14.882253938651
14101.3989483084,17.8136450870049,14.9556001034008
14161.4049012799,17.8507759608497,14.9900974903556
14221.4108542514,17.8345728032572,14.9727768702103
14281.4168072229,17.8840494553523,15.0228724035677
14341.4227601945,17.9617373767338,15.10272746879
14401.428713166,17.9067676611614,15.0468042806675
14461.4346661375,17.9909486324132,15.125547955674
14521.440619109,17.959338368977,15.0914876946012
14581.4465720806,18.068292099714,15.2007816169644
14641.4525250521,17.8970773612104,15.0250998363534
14701.4584780236,18.0335893297112,15.1500008751939
14761.4644309951,17.9974555628141,15.1100371953355
14821.4703839667,18.0802672938993,15.1943353583862
14881.4763369382,18.0328303461061,15.1487058628467
14941.4822899097,18.0317622946968,15.1496535961506
15001.4882428812,18.0709205147767,15.1911725413136
15061.4941958528,18.0424477448309,15.1654037322559
15121.5001488243,18.1108055491055,15.2358080669301
15181.5061017958,18.1442492348002,15.2705486762115
15241.5120547673,18.0198006886253,15.1438176489272
15301.5180077389,18.064702864024,15.1811583425974
15361.5239607104,18.2190577474296,15.3332619170986
15421.5299136819,18.1363388784695,15.2522826633088
15481.5358666534,18.1412281858265,15.2582330112427
15541.541819625,18.0917428629286,15.2090191833505
15601.5477725965,18.1353612348406,15.2544390348899
15661.553725568,18.2137302890419,15.3359949795665
15721.5596785395,18.145984883703,15.2689035168939
15781.5656315111,18.2585957257221,15.3787369658526
15841.5715844826,18.2483258763422,15.3713395891577
15901.5775374541,18.2182987143175,15.3476020202518
15961.5834904256,18.2435138378328,15.3752134084729
16021.5894433972,18.1661439593721,15.2920155319107
16081.5953963687,18.2405922747875,15.3630431804484
16141.6013493402,18.259260948193,15.3807112920238
16201.6073023117,18.2316632417095,15.3503352073221
16261.6132552833,18.2139825880466,15.3277368601576
16321.6192082548,18.3310111188946,15.4423959852335
16381.6251612263,18.3444480689442,15.4556487038524
16441.6311141978,18.443733769884,15.555099436744
16501.6370671694,18.3049230095712,15.4168214287867
16561.6430201409,18.3854039101842,15.4943012011424
16621.6489731124,18.3703328456411,15.4709940589498
16681.6549260839,18.3800601864847,15.4733572449461
16741.6608790555,18.356715623394,15.4435077011438
16801.666832027,18.3579265608337,15.4428687424403
16861.6727849985,18.3254145771137,15.4117244012722
16921.67873797,18.4198980901855,15.5078806900405
16981.6846909416,18.4189949843857,15.5086523090077
17041.6906439131,18.3599664036039,15.4580278224434
17101.6965968846,18.4072000923995,15.5171182417583
17161.7025498561,18.4289427225443,15.5473595117789
17221.7085028277,18.4967082776309,15.6169822898561
17281.7144557992,18.4438772827277,15.5667979518748
17341.7204087707,18.4533113283183,15.5798143554625
17401.7263617422,18.4829025376174,15.6107364888474
17461.7323147138,18.4346568076413,15.560332200741
17521.7382676853,18.4466386609996,15.5688061500998
17581.7442206568,18.4995274767781,15.6165638275947
17641.7501736283,18.5461007815371,15.65741852678
17701.7561265999,18.5852994133265,15.6901491256336
17761.7620795714,18.616226484093,15.7255801131325
17821.7680325429,18.5345231153251,15.6518966314973
17881.7739855144,18.5601830105513,15.6818756068789
17941.779938486,18.5166755434281,15.6307403471109
18001.7858914575,18.5983331850842,15.7093552103532
18061.791844429,18.5055699620479,15.6174497289586
18121.7977974005,18.6001993241012,15.7121816176175
18181.8037503721,18.6245412808973,15.735769126556
18241.8097033436,18.5798600344549,15.6924793708811
18301.8156563151,18.5881926265457,15.7037274363603
18361.8216092866,18.6886548381823,15.8096323516512
18421.8275622582,18.5583953217808,15.6862037665126
18481.8335152297,18.6761824165636,15.809269184128
18541.8394682012,18.5964842473077,15.7318521485095
18601.8454211727,18.5811163344857,15.7178371852188
18661.8513741443,18.6689458109641,15.8057548862465
18721.8573271158,18.6333833898912,15.7670289337372
18781.8632800873,18.6712384369035,15.7967227245839
18841.8692330588,18.6511844930324,15.7685457561108
18901.8751860304,18.7488608083512,15.8581746124951
18961.8811390019,18.7436057037348,15.8467979590158
19021.8870919734,18.7202742972518,15.8189755471959
19081.8930449449,18.7574340565278,15.8548194146758
19141.8989979165,18.7537534436305,15.8521933535694
19201.904950888,18.7650363314595,15.8636777862147
19261.9109038595,18.7372418748193,15.8351251506829
19321.916856831,18.804930414062,15.9018981387383
19381.9228098026,18.814660521168,15.9105419631212
19441.9287627741,18.8397505280509,15.9362510893826
19501.9347157456,18.7820895176292,15.8806486251066
19561.9406687171,18.7914321451597,15.8902823046922
19621.9466216887,18.7452094459421,15.8422588820927
19681.9525746602,18.7585726130182,15.8605122284997
19741.9585276317,18.8162004783894,15.925478900931
19801.9644806032,18.8221740514732,15.9358482086229
19861.9704335748,18.8933221399787,16.0019667903071
19921.9763865463,18.8183581961892,15.9235578313353
19981.9823395178,18.7943682949901,15.8977616496178
20041.9882924893,18.8167004170548,15.919463473512
20101.9942454609,18.8587191942074,15.9618525990194
20162.0001984324,18.8134878122891,15.9173427202876
20222.0061514039,18.7868766678598,15.8917086383024
20282.0121043754,18.9006432304908,16.0090930431855
20342.018057347,18.9338916277463,16.0476430544917
20402.0240103185,18.8593279622548,15.9760628076077
20462.02996329,18.8589471200821,15.9741398901241
20522.0359162615,18.8595897840089,15.9711453542121
20582.0418692331,18.9466376310643,16.0520687014955
20642.0478222046,18.9666559592387,16.0793453939164
20702.0537751761,18.9288586011587,16.0596661096756
20762.0597281476,18.9333849586374,16.0722162067619
20822.0656811192,18.9461925092035,16.0808517208715
20882.0716340907,19.0312385145222,16.1613356875066
20942.0775870622,19.0142761510809,16.1393763182284
21002.0835400337,18.940515915504,16.0640354127076
21062.0894930053,19.0057431361581,16.1301920083935
21122.0954459768,18.9453425656266,16.071415749663
21182.1013989483,19.0388644090162,16.1672205471039
21242.1073519198,18.9876169512187,16.1125036476021
21302.1133048914,19.028762479625,16.1395267125615
21362.1192578629,19.0470499977421,16.1553846705701
21422.1252108344,19.022540085531,16.1341458747279
21482.1311638059,19.0889077453779,16.2059787528447
21542.1371167775,19.1033853458324,16.2268766552856
21602.143069749,19.0429390639015,16.1718687151251
21662.1490227205,18.9956322743163,16.1282461658434
21722.154975692,18.9697863199718,16.1055346639839
21782.1609286636,19.1081859486313,16.2463706825521
21842.1668816351,19.0719677067197,16.2124929153444
21902.1728346066,19.0636064705959,16.2063726486357
21962.1787875781,19.0007902092777,16.1419590967792
22022.1847405497,19.1313136622165,16.2641841318294
22082.1906935212,19.0416843312321,16.1709483827565
22142.1966464927,19.069034068535,16.1982792212387
22202.2025994642,19.1245268582556,16.2527529590855
22262.2085524358,19.1499022064624,16.276008197399
22322.2145054073,19.0483781378523,16.1746333312569
22382.2204583788,19.1795091121686,16.3077407593056
22442.2264113503,19.174596571647,16.3020266448782
22502.2323643219,19.1783524786629,16.3007566121623
22562.2383172934,19.1867420483498,16.304630169045
22622.2442702649,19.1801822883715,16.2940677174823
22682.2502232364,19.225442484018,16.3379805831043
22742.256176208,19.165547524383,16.2787361230198
22802.2621291795,19.2111990766149,16.3247152513575
22862.268082151,19.2328426422453,16.3463404542492
22922.2740351225,19.2286481537377,16.3432642438606
22982.2799880941,19.1371970860004,16.2538153254473
23042.2859410656,19.1797432991725,16.2999384806309
23102.2918940371,19.3766093901262,16.5014667519352
23162.2978470086,19.2062109510574,16.3336104115678
23222.3037999802,19.2927009950065,16.4185311381116
23282.3097529517,19.1956290705992,16.3193658986375
23342.3157059232,19.2650533540404,16.3860798588378
23402.3216588947,19.3222172019293,16.4406325048395
23462.3276118663,19.3081802251323,16.424091092837
23522.3335648378,19.1857351479774,16.2987805057719
23582.3395178093,19.2854507391942,16.3952510991174
23642.3454707808,19.2923179733204,16.4007281142644
23702.3514237524,19.389132265643,16.4977010079924
23762.3573767239,19.2721080793729,16.3795473071726
23822.3633296954,19.3196378137199,16.424454372919
23882.3692826669,19.4008199539588,16.5044743106327
23942.3752356385,19.2294829034824,16.3332567505664
24002.38118861,19.3954190870928,16.4979755119457
24062.3871415815,19.3975817189665,16.4974495696232
24122.393094553,19.2964269536065,16.3992464804759
24182.3990475246,19.2783751246096,16.3865452053124
24242.4050004961,19.3647508122439,16.4765601853392
24302.4109534676,19.3517602741817,16.4641243372652
24362.4169064391,19.4642916171811,16.579506845585
24422.4228594107,19.4412052634925,16.5607688138766
24482.4288123822,19.3437648152472,16.4679158969562
24542.4347653537,19.4489771444458,16.5779260148262
24602.4407183252,19.3817637902574,16.513918825569
24662.4466712968,19.3754481149262,16.5073363547624
24722.4526242683,19.4168650540743,16.545553110769
24782.4585772398,19.4183703802928,16.5396863992214
24842.4645302113,19.4313330636657,16.5536843215531
24902.4704831829,19.5384006138937,16.665506131485
24962.4764361544,19.4125702636906,16.5401971488423
25022.4823891259,19.4498306955657,16.5684730734016
25082.4883420974,19.4051637494448,16.523964400843
25142.494295069,19.3231368339663,16.4464812956653
25202.5002480405,19.4647894897973,16.5889453423368
25262.506201012,19.4057483512415,16.5214615973119
25322.5121539835,19.5211756597923,16.6288796181703
25382.5181069551,19.4242099246564,16.5243576635169
25442.5240599266,19.5203216322935,16.6143618680415
25502.5300128981,19.579062021921,16.6681705532473
25562.5359658696,19.5696787717539,16.6592488524628
25622.5419188412,19.5334012941439,16.626289669916
25682.5478718127,19.5810928728536,16.6759859390838
25742.5538247842,19.4823610932801,16.5774608322133
25802.5597777557,19.6695458193714,16.7619918464966
25862.5657307273,19.5696182066053,16.6555023327663
25922.5716836988,19.597187767038,16.6840376871266
25982.5776366703,19.581253588223,16.6726119130131
26042.5835896418,19.4708926872104,16.5618778485009
26102.5895426134,19.5882588891945,16.6688032059702
26162.5954955849,19.6192242121793,16.7032266367145
26222.6014485564,19.6046903558148,16.6976341937288
26282.6074015279,19.7235105423724,16.8195402319616
26342.6133544995,19.5629197429963,16.646966697499
26402.619307471,19.6674640986352,16.7512297698168
26462.6252604425,19.6662388253411,16.7547955609253
26522.631213414,19.6243225558503,16.7165259111751
26582.6371663856,19.6563168351254,16.7505208918496
26642.6431193571,19.5703427832375,16.6666192217491
26702.6490723286,19.6750718406873,16.7734827383481
26762.6550253001,19.64097690417,16.7437312212501
26822.6609782717,19.6667588994477,16.7748850313416
26882.6669312432,19.7059808695911,16.8168840593614
26942.6728842147,19.6652116337163,16.7724046679848
27002.6788371862,19.5822651115855,16.6918723857587
27062.6847901578,19.6429033676434,16.7575963189636
27122.6907431293,19.6885166754225,16.8066564625001
27182.6966961008,19.7036663201416,16.8211963152515
27242.7026490723,19.7739361099592,16.8886137613178
27302.7086020439,19.7588110366168,16.8676821191145
27362.7145550154,19.6721020045567,16.7828728984186
27422.7205079869,19.6606799823174,16.7763598945084
27482.7264609584,19.8414878881457,16.957615931447
27542.73241393,19.7368890360576,16.8411241955545
27602.7383669015,19.9046386876601,17.0053472004369
27662.744319873,19.6562378638796,16.7582902729925
27722.7502728445,19.7320168239305,16.836787316018
27782.7562258161,19.7791037551835,16.8875293403239
27842.7621787876,19.7668686575941,16.8748553515496
27902.7681317591,19.8418703476694,16.9417791844416
27962.7740847306,19.8171373293137,16.9203470078101
28022.7800377022,19.7480827995631,16.8578944407578
28082.7859906737,19.7666692428123,16.8822169929404
28142.7919436452,19.7658236218468,16.8848630842332
28202.7978966167,19.807758489016,16.9301382412531
28262.8038495883,19.7760065423702,16.9014908066194
28322.8098025598,19.875179816743,17.003016363539
28382.8157555313,19.8607590427728,16.9898479809381
28442.8217085028,19.7910843302451,16.9183941794753
28502.8276614744,19.8038308078242,16.9248840974394
28562.8336144459,19.8175658884237,16.9401870224191
28622.8395674174,19.8492591901962,16.9765602942059
28682.8455203889,19.8016688011455,16.9320924907827
28742.8514733605,19.8899928112733,17.0200946902957
28802.857426332,19.7746620520439,16.9003745193017
28862.8633793035,19.8789300209869,16.9932332764817
28922.869332275,19.8389708899476,16.9480719049333
28982.8752852466,19.8012457469522,16.9092682953812
29042.8812382181,19.9048952043224,17.0125726827271
29102.8871911896,19.9097361910645,17.0176448782901
29162.8931441611,19.9949828523508,17.1034776554478
29222.8990971326,19.8522333816669,16.9616043111459
29282.9050501042,19.9291268992325,17.0411374799499
29342.9110030757,19.8364113340975,16.952187257068
29402.9169560472,19.9814958594122,17.0990754498641
29462.9229090188,19.8142214665362,16.9295852835053
29522.9288619903,19.8775017407539,16.9878884921678
29582.9348149618,19.9242122125743,17.0259280490964
29642.9407679333,19.9036235715216,17.0041961673435
29702.9467209049,19.9990752860788,17.1023533604311
29762.9526738764,19.937522579169,17.040065781731
29822.9586268479,19.977299770463,17.0739894987023
29882.9645798194,19.9463087632096,17.0459803425729
29942.970532791,20.0324292219013,17.1375008158841
30002.9764857625,20.0194771393605,17.1293740112897
30062.982438734,20.0124471875275,17.1253837016366
30122.9883917055,19.9654217083932,17.0790406772083
30182.9943446771,20.0454971064136,17.1557578384968
30243.0002976486,19.9595274614765,17.0737314059
30303.0062506201,20.0384539657788,17.159272661131
30363.0122035916,19.9725704008017,17.0974743395153
30423.0181565631,20.0107775938036,17.1339837502957
30483.0241095347,19.9066150273005,17.0328577171595
30543.0300625062,19.9791116787999,17.1102155906619
30603.0360154777,20.0495906951153,17.1838025597589
30663.0419684492,19.9464197058316,17.0774222229793
30723.0479214208,19.9988870431084,17.1241241435402
30783.0538743923,20.0560493916238,17.1715182848627
30843.0598273638,19.9926792040766,17.1002988000679
30903.0657803354,20.0775166952056,17.1789613766114
30963.0717333069,20.1139401660232,17.2116862774776
31023.0776862784,20.1154850572284,17.211204868792
31083.0836392499,20.1594417506708,17.2579267623022
31143.0895922215,20.0726132567854,17.1755880663807
31203.095545193,20.0685992565324,17.1740615777169
31263.1014981645,20.0984802180632,17.2009158590156
31323.107451136,20.0523049263818,17.1489607712365
31383.1134041075,20.0455949720597,17.1327740852486
31443.1193570791,20.0194814386528,17.1057684454873
31503.1253100506,20.1055170753859,17.1948707859997
31563.1312630221,20.1277900196423,17.2163878324061
31623.1372159937,20.1960152398367,17.2759748079298
31683.1431689652,20.2016406671463,17.2758776457292
31743.1491219367,20.2364926852416,17.3073909376481
31803.1550749082,20.1736414881473,17.2432928732468
31863.1610278797,20.1663085566891,17.2360290333841
31923.1669808513,20.2011552397962,17.2749618449571
31983.1729338228,20.1215770797358,17.2005429064114
32043.1788867943,20.1633672865399,17.2452369136669
32103.1848397659,20.2107327161212,17.288175464512
32163.1907927374,20.2101536935164,17.2867193620692
32223.1967457089,20.2028085433936,17.2810482204211
32283.2026986804,20.2375094565066,17.3155500944612
32343.208651652,20.1495077615146,17.2249789878967
32403.2146046235,20.2258638220497,17.3018881944871
32463.220557595,20.2074856399739,17.2859760301921
32523.2265105665,20.1555899918924,17.2357859427743
32583.2324635381,20.1589972480658,17.2401374117637
32643.2384165096,20.2050250234843,17.2896964583983
32703.2443694811,20.2255225341496,17.3147351339899
32763.2503224526,20.2476891641874,17.3414044746908
32823.2562754242,20.2212114154136,17.3193908470279
32883.2622283957,20.3055219606848,17.4065549203958
32943.2681813672,20.1461453610408,17.2455052489246
33003.2741343387,20.2982537966801,17.3969418730692
33063.2800873102,20.2612341282057,17.3601339381162
33123.2860402818,20.259121587893,17.3585471046113
33183.2919932533,20.2290916119454,17.3292554205111
33243.2979462248,20.285399906296,17.3899443655719
33303.3038991964,20.2803727393195,17.390394915946
33363.3098521679,20.2856361227889,17.3994449821582
33423.3158051394,20.3234920856224,17.4358603658194
33483.3217581109,20.2783560323207,17.3920894331085
33543.3277110824,20.3468761201397,17.4637874849412
33603.333664054,20.3029478874465,17.4214264045483
33663.3396170255,20.3009028715575,17.418817872703
33723.345569997,20.3057493657886,17.4288271697508
33783.3515229685,20.2637845260233,17.396978103429
33843.3574759401,20.3360166954617,17.4744993256214
33903.3634289116,20.2758951065081,17.414561160276
33963.3693818831,20.370560814094,17.5072384664338
34023.3753348546,20.4237736818536,17.5550357667679
34083.3812878262,20.3303180365324,17.4608954975497
34143.3872407977,20.1459641588317,17.2782965151842
34203.3931937692,20.3380907979967,17.4768708919842
34263.3991467407,20.3327835775485,17.4846835671927
34323.4050997123,20.1935259013269,17.3520153599808
34383.4110526838,20.3365309625765,17.4994531014174
34443.4170056553,20.3186909490339,17.4853489790667
34503.4229586268,20.2791731641643,17.4471533296605
34563.4289115984,20.25025493443,17.4168698581417
34623.4348645699,20.4469571218206,17.6072932435023
34683.4408175414,20.4542974412145,17.6128713589366
34743.446770513,20.3186996875844,17.4781401660273
34803.4527234845,20.3233794793553,17.4858121570475
34863.458676456,20.2679842211583,17.43432212359
34923.4646294275,20.3182161386477,17.4858841212919
34983.4705823991,20.3364131003719,17.4988158342112
35043.4765353706,20.3828096478077,17.543518786518
35103.4824883421,20.360619476317,17.5221495445289
35163.4884413136,20.3951871634333,17.554398951481
35223.4943942851,20.4072329251398,17.5598451242612
35283.5003472567,20.3970218878779,17.5507295817535
35343.5063002282,20.3977984904179,17.5552798381516
35403.5122531997,20.4255758243789,17.5851800109834
35463.5182061712,20.5079012295768,17.6656151145031
35523.5241591428,20.4028023411043,17.5558436093742
35583.5301121143,20.4490832611364,17.5928014224826
35643.5360650858,20.4287335665001,17.5637089089249
35703.5420180573,20.3932607580802,17.5200527575395
35763.5479710289,20.3720476498175,17.4978002010271
35823.5539240004,20.3967510147386,17.5246114898009
35883.5598769719,20.4395046620045,17.5671875545586
35943.5658299435,20.4633533721989,17.5874994528458
36003.571782915,20.3851758973622,17.5087943113414
36063.5777358865,20.4284049954571,17.5534238339634
36123.583688858,20.5629262213454,17.688241602463
36183.5896418295,20.550191174443,17.6744521863684
36243.5955948011,20.4638355350328,17.5869904331285
36303.6015477726,20.4821289068359,17.6041194199248
36363.6075007441,20.5331064140134,17.6546100057115
36423.6134537156,20.499299590804,17.6208783178148
36483.6194066872,20.5129051035478,17.6347923572871
36543.6253596587,20.4580967569032,17.5804779356249
36603.6313126302,20.5215324843921,17.6476909946994
36663.6372656017,20.5323276451872,17.6634478647221
36723.6432185733,20.5151896835953,17.6491886822104
36783.6491715448,20.3985083132727,17.5292562522944
36843.6551245163,20.5551888966811,17.683428388031
36903.6610774878,20.5911621533563,17.7175478702543
36963.6670304594,20.3475689241403,17.4779596020209
37023.6729834309,20.656335493986,17.794532934807
37083.6789364024,20.5259182060363,17.6678977212345
37143.6848893739,20.54207064905,17.6829058541969
37203.6908423455,20.5441211966485,17.6861110598178
37263.696795317,20.6004498896667,17.7450499735078
37323.7027482885,20.577730298703,17.7236172658639
37383.70870126,20.5802871354042,17.7253278153697
37443.7146542316,20.5749850991781,17.7186571093882
37503.7206072031,20.5692047532077,17.7107463943157
37563.7265601746,20.6034710852189,17.7409453453942
37623.7325131461,20.6453685238244,17.7764284387542
37683.7384661177,20.6130103401849,17.7418581824395
37743.7444190892,20.5969016794962,17.7258337551606
37803.7503720607,20.5848248861791,17.7183731711173
37863.7563250322,20.5924240791314,17.734287208423
37923.7622780038,20.5325334772346,17.678937700059
37983.7682309753,20.58128339031,17.7286999887554
38043.7741839468,20.6184772355519,17.7651921163119
38103.7801369184,20.6958932799073,17.8386738719824
38163.7860898899,20.5254109929793,17.6649197324662
38223.7920428614,20.5368299944978,17.6736660170562
38283.7979958329,20.6762366390615,17.8151465049417
38343.8039488044,20.6597597362828,17.802337332261
38403.809901776,20.6278321458741,17.7721115660656
38463.8158547475,20.7131353801043,17.8542240604603
38523.821807719,20.5996928661461,17.7397335434194
38583.8277606905,20.6031183493501,17.743744792034
38643.8337136621,20.7591922062578,17.8977292774538
38703.8396666336,20.6187643904847,17.7515783639949
38763.8456196051,20.7141335896462,17.8463041048968
38823.8515725766,20.6195395983482,17.753417743499
38883.8575255482,20.680448638171,17.8182931972689
38943.8634785197,20.6871824596292,17.8293896440447
39003.8694314912,20.6302873443054,17.7734320567354
39063.8753844627,20.6780793352143,17.8112920266865
39123.8813374343,20.6838463910599,17.817692682909
39183.8872904058,20.6922925084655,17.8301011117396
39243.8932433773,20.661838457748,17.8022657791891
39303.8991963488,20.7239125847629,17.8631070147957
39363.9051493204,20.7870413231611,17.923800181111
39423.9111022919,20.7778291492343,17.9108964152507
39483.9170552634,20.654197147277,17.7901996121821
39543.9230082349,20.7150326414097,17.8561755658705
39603.9289612065,20.8535575624531,17.9970503142481
39663.934914178,20.7175627899325,17.8570981393292
39723.9408671495,20.795240802529,17.9369926729984
39783.946820121,20.695254965945,17.840935912461
39843.9527730926,20.7503153406568,17.8981067467976
39903.9587260641,20.6620100303466,17.8053548425789
39963.9646790356,20.7813654879864,17.9228047447
40023.9706320071,20.7364434403456,17.8778109165437
40083.9765849787,20.7439961318721,17.8863792424331
40143.9825379502,20.6935103176336,17.8376723433466
40203.9884909217,20.72298085927,17.8657377991326
40263.9944438932,20.7838838853015,17.9201511803233
40324.0003968648,20.7731234063466,17.9116355955648
40384.0063498363,20.7414074651086,17.8849104631858
40444.0123028078,20.8790315409156,18.0244300645842
40504.0182557793,20.7720205492226,17.9111622241764
40564.0242087509,20.8076040171843,17.9459249419173
40624.0301617224,20.7509090724578,17.8910189713881
40684.0361146939,20.787708070851,17.9325369993717
40744.0420676654,20.8324094134879,17.9858961139179
40804.048020637,20.7696806454172,17.9290704914696
40864.0539736085,20.7883619860634,17.9524037940512
40924.05992658,20.7634818845817,17.9304469401444
40984.0658795515,20.7724122475319,17.9387094661238
41044.0718325231,20.7778686487841,17.9460428144639
41104.0777854946,20.7584438633114,17.9297337924496
41164.0837384661,20.8251979842449,17.9981884391049
41224.0896914376,20.7951056901858,17.9669845220575
41284.0956444092,20.9152444068145,18.0880091045955
41344.1015973807,20.8102651104121,17.9851550453246
41404.1075503522,20.8361973670779,18.0100452929867
41464.1135033237,20.8141585861708,17.9796659682475
41524.1194562953,20.7836240016384,17.9438369731021
41584.1254092668,20.8072284214772,17.9644009774655
41644.1313622383,20.7854364521578,17.9426816365007
41704.1373152098,20.7767729700902,17.9355086791409
41764.1432681814,20.8717089265376,18.0342192138512
41824.1492211529,20.8406057967967,18.0080232271826
41884.1551741244,20.8081971394443,17.9775093596388
41944.1611270959,20.8039079777385,17.9663353467198
42004.1670800675,20.8382429226279,17.9953471483538
42064.173033039,20.8882994294873,18.041351325529
42124.1789860105,20.8395694160561,17.9878111610153
42184.184938982,20.8780193618981,18.0208219456422
42244.1908919536,20.8880112623222,18.0294918683785
42304.1968449251,20.8870228772587,18.0291878256151
42364.2027978966,20.8840749045631,18.0296723945964
42424.2087508681,20.8867902082288,18.0362676083398
42484.2147038397,20.858427654089,18.0107661824834
42544.2206568112,20.9166458444399,18.0689749198973
42604.2266097827,20.9141077516316,18.0696520006595
42664.2325627542,20.8721781382743,18.0324777350465
42724.2385157258,20.9465587719997,18.1093008307277
42784.2444686973,20.9086575030909,18.0672551615593
42844.2504216688,20.9067744455493,18.0599256734951
42904.2563746403,20.9984102466728,18.1445862133376
42964.2623276119,20.9401236624007,18.0865360779335
43024.2682805834,20.9546600229787,18.1038427316987
43084.2742335549,20.8986991394846,18.0487153887135
43144.2801865264,20.9249024750177,18.0719761887749
43204.286139498,20.9440462712744,18.0895644090119
43264.2920924695,20.973203568183,18.1182510818714
43324.298045441,20.9928805646612,18.1332472662298
43384.3039984125,21.0233897504561,18.1530393314687
43444.3099513841,21.0000843289496,18.1298299341952
43504.3159043556,21.0051862639692,18.1381372162684
43564.3218573271,20.9817971296329,18.1165954384834
43624.3278102986,21.0104595435617,18.1444410937467
43684.3337632702,20.9860942292525,18.11983981584
43744.3397162417,20.9541098125976,18.088070121783
43804.3456692132,20.9517679248608,18.0837533746421
43864.3516221847,20.9328884750798,18.0592903577004
43924.3575751563,21.0478438258163,18.1684660259196
43984.3635281278,21.0914906914462,18.2061838712998
44044.3694810993,21.0536555876514,18.1673992068517
44104.3754340708,21.0108212479922,18.1259663904567
44164.3813870424,21.0733788778421,18.1888954801143
44224.3873400139,21.0514791721831,18.166078232006
44284.3932929854,21.0201001282821,18.1327547796131
44344.3992459569,21.0084840507759,18.1180338430897
44404.4051989285,21.0285095441744,18.1374896833851
44464.4111519,21.1407161258145,18.2507450257248
44524.4171048715,21.0343839216708,18.141460034495
44584.423057843,21.107144262679,18.2039914511093
44644.4290108146,21.092175107782,18.1846984350017
44704.4349637861,21.1289160950564,18.2206856093893
44764.4409167576,21.0556041186849,18.1426635598099
44824.4468697291,21.1470551914206,18.2247051843661
44884.4528227007,21.0757198874697,18.1555043501701
44944.4587756722,21.1486028716182,18.2343351531937
45004.4647286437,21.1425940490065,18.2326610843469
45064.4706816152,21.0949740473647,18.1889095721004
45124.4766345868,21.1832290304674,18.2795795892729
45184.4825875583,21.1104816227158,18.2049479665675
45244.4885405298,21.1330859676724,18.2306209746592
45304.4944935013,21.1391145665592,18.2418346341319
45364.5004464729,21.1505751586376,18.2547366169491
45424.5063994444,21.1748058132066,18.2718391825141
45484.5123524159,21.156058365979,18.2552168632813
45544.5183053874,21.2050342158105,18.310093688996
45604.524258359,21.1110669590118,18.2174054252779
45664.5302113305,21.1779731995429,18.2752898017582
45724.536164302,21.1805126676075,18.2747664625793
45784.5421172735,21.2044729542462,18.2989839287191
45844.5480702451,21.1367057848679,18.2331615597368
45904.5540232166,21.1269933028325,18.2261577859046
45964.5599761881,21.0983382998931,18.200458201301
46024.5659291596,21.1648511970772,18.270092507222
46084.5718821312,21.184903596026,18.292999725626
46144.5778351027,21.11956568665,18.2300966052109
46204.5837880742,21.1850047660754,18.294775888267
46264.5897410457,21.2093864922386,18.3117772741619
46324.5956940173,21.1493752406598,18.2524548244819
46384.6016469888,21.2726157660975,18.3790184012864
46444.6075999603,21.1553218246741,18.2635156650509
46504.6135529318,21.1197624687769,18.2262779069027
46564.6195059034,21.1955942763338,18.3007906752083
46624.6254588749,21.2296094722249,18.3338328362533
46684.6314118464,21.2042592878943,18.3118614077211
46744.6373648179,21.2206803856122,18.3330471323737
46804.6433177895,21.2196413986899,18.3347251326835
46864.649270761,21.1858907680372,18.2974974861022
46924.6552237325,21.2147088758922,18.3214513607084
46984.661176704,21.2786024016941,18.3783521541325
47044.6671296756,21.2084453874304,18.3030727315508
47104.6730826471,21.2996540831029,18.3906308841674
47164.6790356186,21.3206468060288,18.4084719512165
47224.6849885901,21.3135506654612,18.3987388922648
47284.6909415617,21.2647031936871,18.3534713933612
47344.6968945332,21.3051419349063,18.4001000203913
47404.7028475047,21.2057156300711,18.3027373488187
47464.7088004762,21.3644689733413,18.4539502478742
47524.7147534478,21.3674185375106,18.4496782412947
47584.7207064193,21.3181043021344,18.3934241586185
47644.7266593908,21.35410191998,18.4303986151398
47704.7326123623,21.2925710843365,18.3720015635297
47764.7385653339,21.2779842355264,18.3616581656959
47824.7445183054,21.2041141061743,18.2931718043877
47884.7504712769,21.2900499622051,18.3828727289179
47944.7564242484,21.2987649832452,18.39307243551
48004.76237722,21.3620339363622,18.4561036355018
48064.7683301915,21.2626165209856,18.3525259369471
48124.774283163,21.319030984909,18.4026758205437
48184.7802361345,21.3402644226112,18.4149018090061
48244.7861891061,21.3867431076666,18.4557804045326
48304.7921420776,21.3084965923624,18.3742627517986
48364.7980950491,21.3713865111497,18.4371228685644
48424.8040480206,21.2709678865546,18.3382892806976
48484.8100009922,21.3355721620173,18.4032698482121
48544.8159539637,21.3291225658795,18.3957871779794
48604.8219069352,21.3636298173338,18.4303529662712
48664.8278599067,21.4156120529829,18.4831873850816
48724.8338128783,21.3917022258221,18.4602799486908
48784.8397658498,21.3691946387188,18.4389122484318
48844.8457188213,21.3726325507556,18.4430255797952
48904.8516717928,21.4516937169903,18.5222116064488
48964.8576247644,21.4066529194491,18.476266911391
49024.8635777359,21.3500820781966,18.4176665576743
49084.8695307074,21.3565576742141,18.4233441364961
49144.8754836789,21.48864150291,18.5555557407221
49204.8814366505,21.3718468075421,18.436119757596
49264.887389622,21.3954817053069,18.4530548603206
49324.8933425935,21.4960710057497,18.5500746184287
49384.899295565,21.3098098758238,18.3622659067535
49444.9052485366,21.4585733402018,18.513897925955
49504.9112015081,21.4461873218216,18.5052686435378
49564.9171544796,21.4225893081533,18.483149270267
49624.9231074511,21.4880859306567,18.544116204515
49684.9290604227,21.5002351085122,18.558952503689
49744.9350133942,21.5121964850573,18.5764855618928
49804.9409663657,21.406753755335,18.4742429102265
49864.9469193372,21.4423345827914,18.5098042155203
49924.9528723088,21.3729122120054,18.4445256174144
49984.9588252803,21.5315167044684,18.6111579786173
50044.9647782518,21.3771997059336,18.4591328769266
50104.9707312233,21.5084367008491,18.5851374688368
50164.9766841949,21.4342009542801,18.5131028684463
50224.9826371664,21.4519155292665,18.535251301489
50284.9885901379,21.4531061627837,18.540320923055
50344.9945431094,21.4731159080702,18.5640451509723
50405.000496081,21.4673552596585,18.5611239222538
50465.0064490525,21.4980069609199,18.5920916740924
50525.012402024,21.5005476792483,18.5977560147346
50585.0183549955,21.5283139175704,18.6295931584091
50645.0243079671,21.5056819822188,18.6117037944341
50705.0302609386,21.377377112952,18.489589272376
50765.0362139101,21.4900698660153,18.6016923416857
50825.0421668816,21.4879600556152,18.5819956676986
50885.0481198532,21.5610877567751,18.6446787113901
50945.0540728247,21.4402689128963,18.5180877834857
51005.0600257962,21.4639675414463,18.5406514448292
51065.0659787677,21.5275629642057,18.6053526406733
51125.0719317393,21.4668073007154,18.5420398219047
51185.0778847108,21.5199450086276,18.5877451368065
51245.0838376823,21.5121481915654,18.5821912723166
51305.0897906538,21.6051613344982,18.6803838336203
51365.0957436254,21.5547025195004,18.6329457166884
51425.1016965969,21.4409472369619,18.5183411411028
51485.1076495684,21.594489041221,18.6731848961632
51545.1136025399,21.5873289072872,18.6685324631173
51605.1195555115,21.7212475996593,18.8029368859714
51665.125508483,21.5879342520564,18.6663097603513
51725.1314614545,21.6173739544364,18.6945997163939
51785.137414426,21.5211491803621,18.5986900387862
51845.1433673976,21.6696213549212,18.7417977570876
51905.1493203691,21.5207059675737,18.5779538919692
51965.1552733406,21.7047370058573,18.7592567748305
52025.1612263121,21.6154374657687,18.6717893961479
52085.1671792837,21.6827180015495,18.737309447927
52145.1731322552,21.6113965906948,18.6574326713042
52205.1790852267,21.6576310463101,18.6972042378748
52265.1850381982,21.6662005206546,18.7009163387488
52325.1909911698,21.640620085568,18.6721079066628
52385.1969441413,21.6450354978587,18.6745072998483
52445.2028971128,21.7065465658923,18.7344798397808
52505.2088500843,21.7508287022332,18.7776209235475
52565.2148030559,21.6804625580093,18.7077520888545
52625.2207560274,21.6282226770931,18.6570140686758
52685.2267089989,21.6869545859205,18.7149815178617
52745.2326619704,21.7089769199275,18.7327277356098
52805.238614942,21.720855383968,18.7436471423192
52865.2445679135,21.7138793568647,18.7376168884754
52925.250520885,21.7387807776201,18.7612220514887
52985.2564738565,21.6798407186084,18.6981600271215
53045.2624268281,21.8278270072437,18.8456503425663
53105.2683797996,21.695124768372,18.7141947182435
53165.2743327711,21.7773810482172,18.800055504434
53225.2802857426,21.6885102985353,18.7159231330191
53285.2862387142,21.6828947307128,18.711159431136
53345.2921916857,21.7605972643112,18.7811394676344
53405.2981446572,21.7063320494636,18.728865254147
53465.3040976287,21.7804638766952,18.8092907931693
53525.3100506003,21.7310292345774,18.7669389385858
53585.3160035718,21.7441161589882,18.7881229909094
53645.3219565433,21.7115410948412,18.7604276116993
53705.3279095148,21.7007545360195,18.7535077825683
53765.3338624864,21.7761881889489,18.8328972408608
53825.3398154579,21.7453790556812,18.8061316889778
53885.3457684294,21.6937487417422,18.7592120769885
53945.3517214009,21.6462278598661,18.7173326874585
54005.3576743725,21.6858336532563,18.7607204447926
54065.363627344,21.7493564706459,18.8271910794271
54125.3695803155,21.7127374971694,18.7930922445114
54185.375533287,21.7465293228638,18.8282831228221
54245.3814862586,21.6897881988326,18.7714463517249
54305.3874392301,21.8061212175899,18.885010358402
54365.3933922016,21.8249846996135,18.8998331413935
54425.3993451731,21.7734566773669,18.8428190938893
54485.4052981447,21.7377731467809,18.8052213970236
54545.4112511162,21.771294653173,18.8387890736262
54605.4172040877,21.7079371107938,18.7795672052652
54665.4231570592,21.6462487532841,18.7250880171485
54725.4291100308,21.7353375999114,18.81738477758
54785.4350630023,21.7949463740309,18.8759874752455
54845.4410159738,21.7258307238432,18.8085565389282
54905.4469689453,21.9029083768285,18.9885391032753
54965.4529219169,21.7733579992025,18.8601562021113
55025.4588748884,21.7883974525882,18.8730021664131
55085.4648278599,21.7840621212168,18.8691949486215
55145.4707808314,21.794550554717,18.8816748505303
55205.476733803,21.7131067956977,18.8005346855105
55265.4826867745,21.8279913990403,18.9128171616355
55325.488639746,21.7975877242725,18.8787613052041
55385.4945927175,21.8416895789927,18.9179337884792
55445.5005456891,21.8289802775388,18.9020370399324
55505.5064986606,21.8144960792488,18.8856377267466
55565.5124516321,21.7679759239679,18.8388321835257
55625.5184046036,21.8352571258815,18.9068642624256
55685.5243575752,21.8560937924678,18.9240540203125
55745.5303105467,21.8168070960655,18.8748462076315
55805.5362635182,21.8941392308703,18.9534824096857
55865.5422164897,21.7604672740691,18.8236068503284
55925.5481694613,21.8860261820069,18.9537434161399
55985.5541224328,21.8620438834369,18.9361363956779
56045.5600754043,21.9505189472457,19.0274106257773
56105.5660283758,21.8799206998083,18.9543807737467
56165.5719813474,21.885490896107,18.9558991370957
56225.5779343189,21.7867992371265,18.8515012771596
56285.5838872904,21.9114730526161,18.9782994932027
56345.5898402619,21.8770945073928,18.948750765117
56405.5957932335,21.9189978488201,18.9938742808782
56465.601746205,21.769855094937,18.8466556223126
56525.6076991765,21.8710338440852,18.9481087870107
56585.613652148,21.8205476545504,18.893520376588
56645.6196051196,21.8702977057483,18.9372960167202
56705.6255580911,21.8813514835112,18.9404354409699
56765.6315110626,21.8342685034588,18.8934158328304
56825.6374640341,21.8591389086407,18.9205485290406
56885.6434170057,21.9532192891479,19.017374372246
56945.6493699772,21.9105915043638,18.9776050650845
57005.6553229487,21.9615243500267,19.0322912463988
57065.6612759202,21.816097927981,18.8931947006555
57125.6672288918,21.8956346785082,18.9779563334553
57185.6731818633,21.9277188078799,19.014560094935
57245.6791348348,21.9152992390625,19.0038286043736
57305.6850878063,21.8418314297791,18.9273898654935
57365.6910407779,21.8004407148544,18.8866301882391
57425.6969937494,21.9392784488551,19.0276188514662
57485.7029467209,21.9161809499292,19.0039391698363
57545.7088996924,21.8181918289114,18.900383574796
57605.714852664,21.903531917629,18.9875890035716
57665.7208056355,21.8636192440163,18.9520659556368
57725.726758607,21.9089350455694,18.9990560881229
57785.7327115785,21.9510457940099,19.0367308333956
57845.7386645501,21.9438908752678,19.0262359216907
57905.7446175216,21.9151068651781,18.9949985345999
57965.7505704931,21.9538609728838,19.036297797542
58025.7565234646,21.960498253304,19.0471230661559
58085.7624764362,22.0090853347277,19.0981598487166
58145.7684294077,21.8939846318328,18.9821605474944
58205.7743823792,21.9397634172614,19.0244933562872
58265.7803353507,21.9815825341174,19.0591498511585
58325.7862883222,21.9175823059085,18.9949761898391
58385.7922412938,21.9669643636062,19.046395814095
58445.7981942653,21.853886226534,18.9374777967897
58505.8041472368,21.8967633300001,18.9887170889778
58565.8101002084,21.9439421869149,19.0434280021033
58625.8160531799,21.9466488497552,19.0529903447954
58685.8220061514,22.0172196143061,19.1265070810451
58745.8279591229,21.9631490917242,19.0732948962456
58805.8339120945,21.9953441720635,19.1092712073804
58865.839865066,21.9559272592294,19.0774523876259
58925.8458180375,21.9941703959804,19.1178850800235
58985.851771009,22.0076516730005,19.1269721080653
59045.8577239806,22.0204473989554,19.1360376190202
59105.8636769521,22.002132750193,19.1143130480512
59165.8696299236,21.973954903631,19.0821774051535
59225.8755828951,22.0428992993645,19.1467682669271
59285.8815358666,21.9903641238395,19.0921616109885
59345.8874888382,21.9761058633854,19.0771992552788
59405.8934418097,21.9350398297868,19.0386909281174
59465.8993947812,22.0114607392085,19.1183675058888
59525.9053477528,21.9029261161114,19.0112470905077
59585.9113007243,22.0526052716064,19.1575066813607
59645.9172536958,21.9817884208433,19.0868021455333
59705.9232066673,22.0796305494643,19.1861143277021
59765.9291596389,21.9816163333396,19.0913967046637
59825.9351126104,22.0882282773626,19.2036398302728
59885.9410655819,22.0338681779119,19.1522964024217
59945.9470185534,21.9579885138057,19.0779255087383
60005.9529715249,21.8924958269988,19.0124973709469
60065.9589244965,21.9873038683323,19.1034878701097
60125.964877468,22.0565108951444,19.1660726066187
60185.9708304395,22.0418399062702,19.1410241509173
60245.9767834111,22.0279460415394,19.1228610816057
60305.9827363826,22.0299290855429,19.1236954303578
60365.9886893541,22.0545939516242,19.1457974333363
60425.9946423256,22.0386293616529,19.1257578174072
60486.0005952971,22.0391262215018,19.1208267013971
60546.0065482687,21.9806731271826,19.0559088033406
60606.0125012402,22.1218621787144,19.197211909736
60666.0184542117,22.0964553398861,19.1739074051004
60726.0244071833,22.0313399142798,19.1100192626076
60786.0303601548,21.9939687354781,19.0725023558432
60846.0363131263,22.0511444074408,19.1270259506086
60906.0422660978,22.0774862471755,19.1472885153509
60966.0482190694,22.1245464953023,19.1942199913895
61026.0541720409,22.0343003045116,19.1057404178221
61086.0601250124,22.0464752642482,19.120897119391
61146.0660779839,22.1336854530238,19.2119635337364
61206.0720309555,22.0790937254366,19.1568613232454
61266.077983927,22.1597496836721,19.2273490203805
61326.0839368985,22.1807511020475,19.2484218207677
61386.08988987,22.1354749954947,19.205611994458
61446.0958428416,22.0897296784773,19.1611610135118
61506.1017958131,22.0936252616143,19.1637807414789
61566.1077487846,22.0116160451721,19.0836870196584
61626.1137017561,22.1213700588057,19.1960977386848
61686.1196547276,22.1106985751242,19.1889963741924
61746.1256076992,22.1674188157936,19.2516754204863
61806.1315606707,22.1067164232196,19.1939291215149
61866.1375136422,22.1302837719476,19.2185941601611
61926.1434666138,22.0990226915443,19.1861569736668
61986.1494195853,22.0943122089002,19.1764358537747
62046.1553725568,22.0502178483025,19.133870098395
62106.1613255283,22.0542674430865,19.1413763438885
62166.1672784999,22.0599197220553,19.1509866194943
62226.1732314714,22.1088397860647,19.2045305194529
62286.1791844429,22.268720630844,19.3666716449527
62346.1851374144,22.1669917043265,19.2650658597159
62406.191090386,22.2171015176677,19.3175014562753
62466.1970433575,22.1094851084363,19.2130403495282
62526.202996329,22.176695627015,19.2806338993931
62586.2089493005,22.1457813402273,19.2436802699269
62646.2149022721,22.0486295424868,19.1479228173056
62706.2208552436,22.1252023832014,19.2279652750987
62766.2268082151,22.1135284976563,19.2177597265086
62826.2327611866,22.0559641362963,19.1565268674301
62886.2387141581,22.0815177762589,19.1783774775848
62946.2446671297,22.1847218619228,19.2778915956004
63006.2506201012,22.1649810775975,19.2597358839895
63066.2565730727,22.1390943868206,19.236542707527
63126.2625260443,22.0842651630288,19.1845370450105
63186.2684790158,22.1570872806234,19.260191235165
63246.2744319873,22.2001809854566,19.3057805615088
63306.2803849588,22.2650315954655,19.3717494462988
63366.2863379304,22.1704697685606,19.2775286999446
63426.2922909019,22.2158035062491,19.3216410945329
63486.2982438734,22.2014089451807,19.3042169628042
63546.3041968449,22.1520591940637,19.2500739573721
63606.3101498164,22.2571693937555,19.3573582174942
63666.316102788,22.187605162389,19.2924213364708
63726.3220557595,22.1979479901033,19.304614891861
63786.328008731,22.2698438016599,19.3728525964515
63846.3339617026,22.1813049223738,19.2788631744876
63906.3399146741,22.2708114217849,19.3605069961165
63966.3458676456,22.2339795718168,19.3206280487642
64026.3518206171,22.2611026398774,19.3471595799778
64086.3577735887,22.2974647158114,19.3813810306096
64146.3637265602,22.1710040871328,19.2516548385934
64206.3696795317,22.1840771721431,19.2683210979992
64266.3756325032,22.1983769079582,19.2913396940228
64326.3815854748,22.2200807922117,19.3154707671402
64386.3875384463,22.1448473211351,19.2369665879994
64446.3934914178,22.2207398309697,19.3090235576398
64506.3994443893,22.225111422529,19.309073507047
64566.4053973608,22.3138556647181,19.3993099521671
64626.4113503324,22.1785991844772,19.2666757849115
64686.4173033039,22.2788249114309,19.3681342868154
64746.4232562754,22.2636773170656,19.3509199948043
64806.429209247,22.2741527644259,19.3636108657686
64866.4351622185,22.1401176863869,19.2336780449356
64926.44111519,22.2271845825491,19.3234759344858
64986.4470681615,22.3075413970296,19.405845993878
65046.453021133,22.264005787255,19.3620169196816
65106.4589741046,22.2557828207319,19.347077662379
65166.4649270761,22.2947315868514,19.3825690500293
65226.4708800476,22.2272833470351,19.3136178441184
65286.4768330191,22.2025519036253,19.2851219602573
65346.4827859907,22.222249868402,19.2987445287695
65406.4887389622,22.3591697716004,19.4335594395318
65466.4946919337,22.3198242453298,19.3940127441233
65526.5006449053,22.349045975782,19.4265029606877
65586.5065978768,22.4380200087387,19.5230309961523
65646.5125508483,22.3236688263912,19.4184312233936
65706.5185038198,22.2605117131392,19.3674886711833
65766.5244567914,22.2729087724007,19.3826317736625
65826.5304097629,22.2639113910421,19.3700103604848
65886.5363627344,22.2653109527017,19.364672053871
65946.5423157059,22.3048206387412,19.3927152998592
66006.5482686774,22.3501263850097,19.4310536443564
66066.554221649,22.3124607893678,19.3892990010788
66126.5601746205,22.3831611626495,19.4619196667899
66186.566127592,22.407931944493,19.4896537775389
66246.5720805636,22.3315630961038,19.4148319733031
66306.5780335351,22.3173890480109,19.3974492741395
66366.5839865066,22.2861594527726,19.3603957385277
66426.5899394781,22.3818747281115,19.4472731271778
66486.5958924497,22.4297338636968,19.4962682026929
66546.6018454212,22.3477103850984,19.4173661166931
66606.6077983927,22.3728274114819,19.445114028834
66666.6137513642,22.3957636099534,19.469307488825
66726.6197043357,22.3881935674975,19.4619204932715
66786.6256573073,22.4213409864553,19.4932987911577
66846.6316102788,22.3626920909619,19.4332459577064
66906.6375632503,22.3458815639317,19.4153833176173
66966.6435162219,22.4177166945488,19.4887067147501
67026.6494691934,22.4435375995882,19.5167649343934
67086.6554221649,22.4184061113969,19.4957150888604
67146.6613751364,22.3899368501839,19.4749100457137
67206.6673281079,22.2681525249884,19.3563223820113
67266.6732810795,22.3536344697682,19.4427731758281
67326.679234051,22.3453608014883,19.4346836204941
67386.6851870225,22.2603859532222,19.3486214476067
67446.6911399941,22.3743944276685,19.4626692732626
67506.6970929656,22.4069601932246,19.4959575537144
67566.7030459371,22.3394275517073,19.430187357
67626.7089989086,22.3534272245261,19.4461685949945
67686.7149518801,22.3371986916785,19.4313625675149
67746.7209048517,22.3733203903818,19.4676145065904
67806.7268578232,22.3597177732131,19.4543272492336
67866.7328107947,22.3461083419755,19.4411609477496
67926.7387637662,22.4362371107648,19.532343928777
67986.7447167378,22.4532747874453,19.5508127084493
68046.7506697093,22.3038086109994,19.4025125599168
68106.7566226808,22.4409716572058,19.5404889686186
68166.7625756523,22.4038385385403,19.5016631161778
68226.7685286239,22.3596194356443,19.4522577804545
68286.7744815954,22.4512832782893,19.5460118262625
68346.7804345669,22.4399913960875,19.5399801012872
68406.7863875384,22.3959771220425,19.4981298464498
68466.79234051,22.4187718827728,19.5199992387743
68526.7982934815,22.3478104602145,19.4492089667334
68586.804246453,22.4526510291173,19.5549074494748
68646.8101994246,22.4382625329436,19.5428483787657
68706.8161523961,22.5581674421219,19.6653448722592
68766.8221053676,22.3791695611826,19.4870216078598
68826.8280583391,22.4194054818962,19.5232132802665
68886.8340113106,22.2535917334793,19.359347265349
68946.8399642822,22.3764308325829,19.4867153884515
69006.8459172537,22.3714217508856,19.4849104769597
69066.8518702252,22.3840950219552,19.5003269289504
69126.8578231968,22.3787115313171,19.4958602002387
69186.8637761683,22.4041525268252,19.5161492549143
69246.8697291398,22.3666380737086,19.4729140830828
69306.8756821113,22.4116982769021,19.5112718631666
69366.8816350829,22.507776097025,19.6027894077356
69426.8875880544,22.4635482529167,19.5554056101345
69486.8935410259,22.4973948317117,19.5870034357161
69546.8994939974,22.4731504500425,19.5611833150763
69606.9054469689,22.4081034125419,19.4924495244252
69666.9113999405,22.5144456363331,19.5933948185709
69726.917352912,22.5478032064305,19.6281150681196
69786.9233058835,22.4991009746805,19.581980217039
69846.929258855,22.5272248886465,19.6121460779912
69906.9352118266,22.4867154590121,19.5719032782463
69966.9411647981,22.4504398317384,19.5343648252334
70026.9471177696,22.4696578510605,19.550335589407
70086.9530707411,22.5187110401182,19.600314452503
70146.9590237127,22.5152164399609,19.598848499403
70206.9649766842,22.4652751071741,19.5527471099867
70266.9709296557,22.4480184299408,19.5429443894576
70326.9768826272,22.4547747881045,19.5523420270938
70386.9828355988,22.5666568168708,19.6645430751223
70446.9887885703,22.4840600372713,19.5844157316584
70506.9947415418,22.5254956045005,19.6299153927227
70567.0006945134,22.4599784385477,19.5641341579579
70627.0066474849,22.494797541332,19.5912882185354
70687.0126004564,22.4714076646508,19.5705347736986
70747.0185534279,22.5177542963813,19.6262471579649
70807.0245063995,22.4849301650367,19.5951882354054
70867.030459371,22.5709884525933,19.6775034458673
70927.0364123425,22.4920636977584,19.6023904061346
70987.042365314,22.4689390427836,19.5904144001144
71047.0483182856,22.4695980548255,19.5929220343773
71107.0542712571,22.5763017556115,19.6956977570063
71167.0602242286,22.5058646736858,19.6271405613276
71227.0661772001,22.4698295693389,19.5963187601098
71287.0721301716,22.5184148352403,19.6469884869531
71347.0780831432,22.4738097473118,19.6022478488378
71407.0840361147,22.4888662183294,19.617672859624
71467.0899890862,22.489082802567,19.6186269901729
71527.0959420577,22.489739318361,19.621780414411
71587.1018950293,22.5762825641217,19.7122391707129
71647.1078480008,22.5265403442494,19.6633826009903
71707.1138009723,22.3854232419325,19.517936981301
71767.1197539438,22.4460119082022,19.5768279085414
71827.1257069154,22.5211866915707,19.6517458049485
71887.1316598869,22.493301179598,19.6200068958833
71947.1376128584,22.5382321871379,19.6560101879976
72007.1435658299,22.573717900751,19.6888620853986
72067.1495188015,22.5719153113937,19.6870036049751
72127.155471773,22.5234134477936,19.6397277171751
72187.1614247445,22.5474136877162,19.6654697582687
72247.167377716,22.5723797900484,19.6902476623505
72307.1733306876,22.5457932505292,19.6586908599951
72367.1792836591,22.5238104450512,19.6294942731783
72427.1852366306,22.6760978975906,19.7725727788707
72487.1911896021,22.5210645348063,19.6184836900729
72547.1971425737,22.5082723304567,19.60852424228
72607.2030955452,22.5595106363226,19.6605873015424
72667.2090485167,22.5181322340987,19.6156316356379
72727.2150014882,22.6122119101749,19.711956574043
72787.2209544598,22.4834045011649,19.5887737098285
72847.2269074313,22.6102121821384,19.7180251834074
72907.2328604028,22.5342743190946,19.642972269115
72967.2388133743,22.661098467474,19.769349369737
73027.2447663459,22.5979791103895,19.7035960169039
73087.2507193174,22.5647072224769,19.6706803076905
73147.2566722889,22.508489122389,19.6159032220117
73207.2626252604,22.5903787042189,19.6991007261433
73267.268578232,22.5756250722829,19.6856210982981
73327.2745312035,22.6272454168298,19.7400022007096
73387.280484175,22.5761503751484,19.6936281140475
73447.2864371465,22.5220296306886,19.641098687351
73507.2923901181,22.6183670838574,19.7364062297743
73567.2983430896,22.598642280278,19.7187052230973
73627.3042960611,22.5878526396106,19.711726378548
73687.3102490326,22.526854214247,19.6512500590233
73747.3162020042,22.5896302285971,19.7099720548718
73807.3221549757,22.6541896561059,19.7764346745344
73867.3281079472,22.6191308897668,19.7465430359255
73927.3340609187,22.6088779516835,19.7373645722408
73987.3400138903,22.6049120909365,19.7303592818008
74047.3459668618,22.5600974913868,19.6862889534704
74107.3519198333,22.6231390217686,19.7511140483951
74167.3578728048,22.677409981202,19.8058753645775
74227.3638257764,22.6005016411841,19.7271187336111
74287.3697787479,22.5559357856101,19.6852256921152
74347.3757317194,22.5477075013022,19.6833112769703
74407.3816846909,22.4816572381437,19.6177369283658
74467.3876376625,22.5863003819898,19.7144613038828
74527.393590634,22.5972164220833,19.7168894210569
74587.3995436055,22.6421158328785,19.7523112268246
74647.405496577,22.6492699935492,19.753927268184
74707.4114495486,22.673454246669,19.7749065297472
74767.4174025201,22.6329865801667,19.7314940877566
74827.4233554916,22.6685354506842,19.7644229419033
74887.4293084631,22.6457415691685,19.7389611487589
74947.4352614347,22.6474016308689,19.7382267259465
75007.4412144062,22.6227624586044,19.7157193278383
75067.4471673777,22.7201374879509,19.8167219725501
75127.4531203492,22.6734790965381,19.7721473403063
75187.4590733208,22.63691094499,19.7363006573335
75247.4650262923,22.7623126008828,19.8646946210162
75307.4709792638,22.6862668661245,19.7941941526696
75367.4769322354,22.6651278222689,19.7751367161188
75427.4828852069,22.6678532698911,19.7773264082959
75487.4888381784,22.778509416472,19.8883524294251
75547.4947911499,22.6321108986502,19.7428641382952
75607.5007441214,22.7138169857924,19.8273261670405
75667.506697093,22.7506754607104,19.8688601295262
75727.5126500645,22.6610253504009,19.7814486210823
75787.518603036,22.7501124043009,19.8716606977981
75847.5245560075,22.634621603038,19.7587397643983
75907.5305089791,22.6291794826378,19.7575567991752
75967.5364619506,22.6270545829028,19.7560569989663
76027.5424149221,22.6986721852504,19.8236551178836
76087.5483678936,22.6179627022537,19.7448093170993
76147.5543208652,22.6715502098914,19.8034763715106
76207.5602738367,22.5539559964985,19.6868082437953
76267.5662268082,22.6047185184937,19.7345978443485
76327.5721797797,22.7441011621398,19.8771975735112
76387.5781327513,22.7103203399374,19.8524693945516
76447.5840857228,22.6915629688499,19.8350030682708
76507.5900386943,22.7587439008521,19.8980626210342
76567.5959916658,22.7050986282326,19.8466283062249
76627.6019446374,22.7741295221816,19.9218665602442
76687.6078976089,22.6769771342165,19.8260907275747
76747.6138505804,22.732274747963,19.8772851254459
76807.6198035519,22.7309870598759,19.8693380422751
76867.6257565235,22.7569412770448,19.8847233327972
76927.631709495,22.7666075271267,19.88672817182
76987.6376624665,22.6292630452649,19.7438479305085
77047.643615438,22.6666746656692,19.7832619971552
77107.6495684096,22.6531739837187,19.7749278107825
77167.6555213811,22.7360874688547,19.8619603783612
77227.6614743526,22.6935151127497,19.822867990156
77287.6674273241,22.6941517680408,19.8255710690783
77347.6733802957,22.6801904787904,19.8127079444666
77407.6793332672,22.6892506926706,19.8223063929829
77467.6852862387,22.6586540374905,19.791627783707
77527.6912392102,22.7504867929815,19.8859708808347
77587.6971921818,22.780664002616,19.9207014756903
77647.7031451533,22.7567837964201,19.8972559882586
77707.7090981248,22.8071127458936,19.9415094317295
77767.7150510963,22.6785612963021,19.8095547328526
77827.7210040679,22.6777146974163,19.8068797876407
77887.7269570394,22.6463245664189,19.7760376291405
77947.7329100109,22.5957672537133,19.7267836049769
78007.7388629824,22.7428413119825,19.8717752460222
78067.744815954,22.7383522066853,19.8593117344993
78127.7507689255,22.690497182571,19.8131039607218
78187.756721897,22.7372288800973,19.865876707251
78247.7626748685,22.6998871256233,19.8307308231686
78307.7686278401,22.68458661926,19.8159716658881
78367.7745808116,22.7776109377547,19.9111599383174
78427.7805337831,22.7001791262977,19.8374464452123
78487.7864867546,22.8199853530782,19.9600618997465
78547.7924397262,22.7650247571021,19.9074637592436
78607.7983926977,22.7371828994794,19.883503363303
78667.8043456692,22.6534941303246,19.8066559189623
78727.8102986407,22.678830041195,19.8367341748982
78787.8162516123,22.6769695618086,19.8385083231722
78847.8222045838,22.8254402421772,19.9911968576368
78907.8281575553,22.7213999895178,19.8916354640571
78967.8341105268,22.686342222492,19.8556908980692
79027.8400634984,22.6829890728875,19.8438334794934
79087.8460164699,22.7730862312668,19.9328834718266
79147.8519694414,22.7485727598135,19.9094709040625
79207.8579224129,22.6985422976459,19.8595674533517
79267.8638753845,22.6906640749823,19.8508649584033
79327.869828356,22.7249744408258,19.8876013445063
79387.8757813275,22.6982543818039,19.8663404604816
79447.881734299,22.7358470008663,19.9060402130648
79507.8876872706,22.6495188262635,19.8210244388774
79567.8936402421,22.7205379337128,19.8910090440411
79627.8995932136,22.7287625900839,19.8922822488736
79687.9055461851,22.7964755070304,19.957870959139
79747.9114991567,22.7448868783086,19.9061970634142
79807.9174521282,22.7505698936089,19.9114112716818
79867.9234050997,22.8152822349414,19.9753103941162
79927.9293580712,22.7386737119271,19.8970350404827
79987.9353110428,22.727726764139,19.8831942705922
80047.9412640143,22.7219667264244,19.8714688900117
80107.9472169858,22.846680002077,19.9874150045223
80167.9531699573,22.8259719858366,19.9673946071014
80227.9591229289,22.7545008837043,19.89861847841
80287.9650759004,22.7890887797868,19.9347251242502
80347.9710288719,22.8489059732338,19.9947016909088
80407.9769818434,22.8127534844923,19.9603125789955
80467.982934815,22.8890487502544,20.0390217107994
80527.9888877865,22.7724553207423,19.9228288795644
80587.994840758,22.8451478172514,19.9915114815007
80648.0007937295,22.696823754334,19.8417788276503
80708.0067467011,22.8247576889818,19.9695811183582
80768.0126996726,22.7541921034238,19.8976395823884
80828.0186526441,22.830208508349,19.971399302385
80888.0246056156,22.7037146654127,19.8464819278626
80948.0305585872,22.8008909824033,19.9465762086648
81008.0365115587,22.8349616634741,19.9803300951298
81068.0424645302,22.7195022285219,19.8569735232553
81128.0484175017,22.7821199248128,19.9116003385029
81188.0543704733,22.8274525143772,19.9489110736859
81248.0603234448,22.7752768141276,19.8957186390959
81308.0662764163,22.8382837292287,19.9595198762829
81368.0722293878,22.7531335415376,19.8765958540964
81428.0781823594,22.864130123901,19.9915049165626
81488.0841353309,22.9162319702174,20.0468695570832
81548.0900883024,22.8484136784118,19.9819497493937
81608.0960412739,22.8744791095832,20.0116863138791
81668.1019942455,22.8438330847269,19.9853121387343
81728.107947217,22.8178839284384,19.9599109451982
81788.1139001885,22.7598232276989,19.8987417535578
81848.11985316,22.9162804172801,20.0578973847022
81908.1258061316,22.9489118775365,20.0981093428425
81968.1317591031,22.8480935252249,19.9999247599046
82028.1377120746,22.8602809553023,20.0137522058032
82088.1436650461,22.8229278226704,19.9768552134969
82148.1496180177,22.8410602552145,19.9914611160605
82208.1555709892,22.8842191588258,20.029977633539
82268.1615239607,22.8245874614348,19.9647979287203
82328.1674769322,22.8736033404496,20.0161569780213
82388.1734299037,22.8495061501803,20.0006940826815
82448.1793828753,22.7683783544296,19.9294625812623
82508.1853358468,22.8721948813036,20.0441543923735
82568.1912888183,22.7879906637423,19.9606666559909
82628.1972417899,22.8366830068676,20.0040268676187
82688.2031947614,22.8971046482667,20.0661838574517
82748.2091477329,22.8504504012478,20.0254082076007
82808.2151007044,22.8101597552272,19.9887445238663
82868.221053676,22.8245281283814,20.00579021131
82928.2270066475,22.7823011167185,19.9646514848199
82988.232959619,22.8203287414147,20.002106269938
83048.2389125905,22.7894558071878,19.9733600546596
83108.2448655621,22.8454314867422,20.0336121424743
83168.2508185336,22.8452385263963,20.0353968605686
83228.2567715051,22.9218142150549,20.1130946420224
83288.2627244766,22.8342994167551,20.0238806673429
83348.2686774482,22.9062098809086,20.0886542353624
83408.2746304197,22.812414953446,19.9958386928259
83468.2805833912,22.8685643049613,20.0556054570128
83528.2865363627,22.8382761746231,20.0266479043989
83588.2924893343,22.8133478162758,20.0000738132296
83648.2984423058,22.770189088339,19.9535385404812
83708.3043952773,22.872523315722,20.0498652272599
83768.3103482488,22.8080708976295,19.9817887551314
83828.3163012204,22.9324255311276,20.1039270746555
83888.3222541919,22.7857491674201,19.9553391969467
83948.3282071634,22.9038727456014,20.072018470439
84008.3341601349,22.8498819346884,20.0199403512785
84068.3401131064,22.9554986235793,20.1289818123359
84128.346066078,22.8925596777337,20.0670415231117
84188.3520190495,22.9815761384065,20.1537772175248
84248.357972021,22.8829532277349,20.0538741319068
84308.3639249926,22.8753256690648,20.045506865482
84368.3698779641,22.8197050505486,19.9891034613401
84428.3758309356,22.9323078259414,20.1007650095327
84488.3817839071,22.8803687882997,20.0446970478636
84548.3877368787,22.8887098323945,20.0443353095848
84608.3936898502,22.9158910213875,20.0667436814706
84668.3996428217,22.8662788862106,20.0145082218235
84728.4055957932,23.0101152780804,20.159011289548
84788.4115487648,22.9154331962425,20.0656759521977
84848.4175017363,22.9786873962876,20.1300276947852
84908.4234547078,22.9641330765123,20.1164162942888
84968.4294076793,22.8817967564998,20.0367164972436
85028.4353606509,22.9419807795064,20.1025457597397
85088.4413136224,22.9541302872293,20.1179143448664
85148.4472665939,22.8825398487627,20.0485877324142
85208.4532195654,22.9097575719044,20.0755618148921
85268.459172537,22.9869671665682,20.148523800841
85328.4651255085,22.8276315867646,19.9905145769876
85388.47107848,22.9106241134507,20.0773895571387
85448.4770314515,22.8996305153571,20.0673880411809
85508.4829844231,22.9462195818962,20.1126730844372
85568.4889373946,22.9367661616924,20.1038436756631
85628.4948903661,22.8853984858665,20.0536607685088
85688.5008433376,22.991698050011,20.1599626177931
85748.5067963092,22.9083661823079,20.0736169375834
85808.5127492807,22.9397114631667,20.1013672198018
85868.5187022522,22.8331248408724,19.9908639747414
85928.5246552237,22.9305834350915,20.0898724094394
85988.5306081953,22.9010643154641,20.0641859809373
86048.5365611668,22.9201666655455,20.0848505598409
86108.5425141383,22.9635189986893,20.1287171193846
86168.5484671098,22.9885498729833,20.1559203975298
86228.5544200814,22.9224083562981,20.0938950855766
86288.5603730529,22.9204060767313,20.0914982617632
86348.5663260244,22.9828317123871,20.1480086280458
86408.5722789959,22.9277975606668,20.094810827869
86468.5782319675,22.9052907715042,20.0783181190473
86528.584184939,22.8401213166772,20.0136524791444
86588.5901379105,23.0292208460456,20.1986886494824
86648.596090882,22.9187166470854,20.0902799395027
86708.6020438535,22.9236261746423,20.1010557754181
86768.6079968251,22.9008035892083,20.0798209246892
86828.6139497966,23.0249220331149,20.2026510450066
86888.6199027681,22.9070888365306,20.0831258640973
86948.6258557397,22.9177952722976,20.0918802502428
87008.6318087112,23.0658561147201,20.2418069822566
87068.6377616827,22.9548696340292,20.1345778831315
87128.6437146542,22.8935055439569,20.0740450898251
87188.6496676258,22.9411491048457,20.1187775516538
87248.6556205973,22.8984042752717,20.0740948019841
87308.6615735688,22.9392550186767,20.1136052231749
87368.6675265403,22.918058295035,20.0923916996642
87428.6734795119,22.9552181255537,20.1301450300839
87488.6794324834,22.9137883599722,20.0866621701905
87548.6853854549,22.9789817309196,20.1449949851132
87608.6913384264,23.0511443105051,20.2123839422213
87668.697291398,22.9811177903128,20.1389236106031
87728.7032443695,22.9907976273665,20.1476564693682
87788.709197341,22.9988895589312,20.1558757998777
87848.7151503125,22.913518070956,20.0692159829018
87908.721103284,23.079177699147,20.2321194051775
87968.7270562556,23.1089135374374,20.260823207164
88028.7330092271,22.9196697294377,20.0714364807042
88088.7389621986,22.926151946394,20.0778576302691
88148.7449151702,23.0449083272103,20.1966165726061
88208.7508681417,22.9514150775391,20.1021086521551
88268.7568211132,22.9967996026914,20.1457593983713
88328.7627740847,23.0328070368766,20.1839814291658
88388.7687270562,22.981452801636,20.1382502238463
88448.7746800278,23.0763479901496,20.238616156769
88508.7806329993,22.9634160098843,20.1309369342717
88568.7865859708,22.9650567685975,20.1330965839568
88628.7925389424,22.882232022866,20.0456508410763
88688.7984919139,23.0261654962617,20.1850948093616
88748.8044448854,23.0317833480718,20.1862574742195
88808.8103978569,23.0045644306697,20.1581356717045
88868.8163508285,23.026459898139,20.1804191210116
88928.8223038,23.0537271890856,20.2040491860017
88988.8282567715,23.1012256026121,20.2423858881875
89048.834209743,23.0163379737684,20.1583568880179
89108.8401627146,23.0774653935712,20.2242334785719
89168.8461156861,22.9647311346297,20.1173634105582
89228.8520686576,22.9873445975572,20.146838335406
89288.8580216291,23.1088592087218,20.2696012905489
89348.8639746007,23.0423452060342,20.201484240495
89408.8699275722,23.0609243988216,20.2230647151805
89468.8758805437,23.1366140428445,20.3063622199343
89528.8818335152,22.9944323409091,20.1662221827285
89588.8877864868,23.0383139393892,20.209695547879
89648.8937394583,23.1394020985767,20.3076929757905
89708.8996924298,23.0788915453914,20.2404274871165
89768.9056454013,23.0800034301157,20.2417987488676
89828.9115983729,23.0605902427112,20.2239343803213
89888.9175513444,23.08385332661,20.2487326384682
89948.9235043159,23.0086256966111,20.1750385636081
90008.9294572874,23.0311295098965,20.1999618998674
90068.9354102589,23.0984973234829,20.2714661664012
90128.9413632305,23.0408631342294,20.2152226735868
90188.947316202,22.9515502026518,20.125126225869
90248.9532691735,23.0511071196958,20.2245134414936
90308.9592221451,23.0726017910672,20.2460914228219
90368.9651751166,23.1254084378662,20.2964839344299
90428.9711280881,23.119397078315,20.2849504045587
90488.9770810596,23.0708289751813,20.2360193690388
90548.9830340312,23.0971966987874,20.2634122065225
90608.9889870027,22.952172990471,20.1218896017891
90668.9949399742,23.0570726918714,20.2342752984186
90729.0008929457,23.0538837613811,20.2315798664397
90789.0068459172,23.0530024172051,20.2258711499818
90849.0127988888,23.0983766306869,20.2716191663638
90909.0187518603,23.0962275539295,20.2709733314682
90969.0247048318,23.060663768001,20.2355772728413
91029.0306578033,23.0477874431558,20.2206808769787
91089.0366107749,23.0211572947523,20.1961473479953
91149.0425637464,22.9530879773227,20.133035204782
91209.0485167179,23.1113741945907,20.2944735192847
91269.0544696895,23.0286042587734,20.2140979066218
91329.060422661,23.052635807233,20.2391285359236
91389.0663756325,23.0516005640574,20.2375895454271
91449.072328604,23.1427957125856,20.330836216114
91509.0782815756,23.0214470777394,20.2141347941695
91569.0842345471,23.0134692670595,20.2102819397992
91629.0901875186,22.9858790471267,20.1863955400425
91689.0961404901,23.0666075261324,20.2675680383095
91749.1020934616,23.1877408390461,20.3846537480625
91809.1080464332,23.0299758379595,20.2215782900421
91869.1139994047,23.0935076985999,20.278495362167
91929.1199523762,23.0547446405098,20.2378956457868
91989.1259053478,23.0936970629718,20.2767108130336
92049.1318583193,23.0399671930641,20.2264571722286
92109.1378112908,23.0300728897472,20.2246883208112
92169.1437642623,23.0501437926597,20.2425302116633
92229.1497172339,22.9339224201339,20.1109167543936
92289.1556702054,23.0146694442204,20.1837019689921
92349.1616231769,23.147631404233,20.3122668827479
92409.1675761484,23.1525623322367,20.3135619669858
92469.1735291199,23.1259722000572,20.2840740951518
92529.1794820915,23.0907244875071,20.2475139810763
92589.185435063,23.1576092030007,20.313909835262
92649.1913880345,23.0669405768985,20.2216988771328
92709.197341006,23.1257437834988,20.2778061870488
92769.2032939776,23.1815331814794,20.3299497560607
92829.2092469491,23.1318381722879,20.2762417894841
92889.2151999206,23.1066909037476,20.2527680931455
92949.2211528921,23.2262964744155,20.3770453209314
93009.2271058637,23.1014470652238,20.2572772208998
93069.2330588352,23.1580848268183,20.3198595293373
93129.2390118067,23.1683842848795,20.3364640836648
93189.2449647783,23.0934953612683,20.2683659197472
93249.2509177498,22.9972232478733,20.1799363949422
93309.2568707213,23.0875629849262,20.2783875734405
93369.2628236928,23.1023968681596,20.2938653616362
93429.2687766643,23.1535479819589,20.340954534797
93489.2747296359,23.0285296084075,20.2140871115304
93549.2806826074,23.1534521439519,20.3382543016513
93609.2866355789,23.0672693102169,20.2513306906717
93669.2925885505,23.1075202260413,20.2908762921999
93729.298541522,23.0571651940843,20.239063071434
93789.3044944935,23.0125544651784,20.1926472634857
93849.310447465,23.0909904022179,20.2727812635638
93909.3164004366,23.1042944295375,20.2904726420178
93969.3223534081,23.0976653334281,20.2891742433471
94029.3283063796,23.033521786566,20.2311381827897
94089.3342593511,23.0733303451326,20.271501317706
94149.3402123226,23.1353759704679,20.3298557980333
94209.3461652942,23.1282173930368,20.3206915267049
94269.3521182657,23.0779708376212,20.2692499300242
94329.3580712372,23.1709770560191,20.3592496636254
94389.3640242088,23.1071932618255,20.2902481320326
94449.3699771803,23.1990043515081,20.3769198689165
94509.3759301518,23.1634623372274,20.3367411461217
94569.3818831233,23.1492550971561,20.3250581100119
94629.3878360948,23.1688856100715,20.3513666488115
94689.3937890664,23.1601820310111,20.3432277078044
94749.3997420379,23.1818263901006,20.3599097562401
94809.4056950094,23.2099977697142,20.3853581922725
94869.411647981,23.0852301777963,20.2589319679286
94929.4176009525,23.1785268947292,20.3471053551415
94989.423553924,23.1048484429452,20.2653558518682
95049.4295068955,23.240368616584,20.4015482721412
95109.435459867,23.2293890474565,20.3929152682306
95169.4414128386,23.1674762566412,20.3333443694103
95229.4473658101,23.1770702112036,20.3454088200127
95289.4533187816,23.1469260174885,20.3189307420759
95349.4592717531,23.0640218564571,20.241116260588
95409.4652247247,23.103609397643,20.2806448010958
95469.4711776962,23.1246349040384,20.2955300647071
95529.4771306677,23.2588230792089,20.4260476856668
95589.4830836393,23.1745300552675,20.3395733317428
95649.4890366108,23.1400419478083,20.3074201393566
95709.4949895823,23.2075357383041,20.3801854353583
95769.5009425538,23.1918097060162,20.3671279344251
95829.5068955253,23.1344255071179,20.3115984076867
95889.5128484969,23.1704559914854,20.349911185306
95949.5188014684,23.0962178442529,20.278717351057
96009.5247544399,23.1967639747845,20.384738003549
96069.5307074115,23.1794439655846,20.37580888454
96129.536660383,23.2377338836314,20.4342307084322
96189.5426133545,23.2854651061293,20.4769446856694
96249.548566326,23.1958753483521,20.3877660692964
96309.5545192975,23.275811093586,20.4690166668192
96369.5604722691,23.1918461458281,20.3868098597948
96429.5664252406,23.1659046268912,20.3635463082063
96489.5723782121,23.1078512205194,20.3051317341328
96549.5783311837,23.1142860887978,20.3061054952797
96609.5842841552,23.1600523561842,20.3489770338559
96669.5902371267,23.1409862703435,20.3282390910711
96729.5961900982,23.2490863980509,20.4332493495806
96789.6021430698,23.1912581439489,20.3708455326287
96849.6080960413,23.2256897066408,20.4009073871266
96909.6140490128,23.1824598480111,20.3533400030092
96969.6200019843,23.2199908331775,20.3864089589306
97029.6259549558,23.2579852514892,20.4197916402111
97089.6319079274,23.2479100240755,20.4037318624148
97149.6378608989,23.1831890759807,20.3327136267429
97209.6438138704,23.2237773911035,20.3743255917918
97269.6497668419,23.2675970946897,20.4208286286331
97329.6557198135,23.2492151056501,20.4050637657517
97389.661672785,23.2469724577244,20.4055091937292
97449.6676257565,23.2745256218981,20.4365852835792
97509.673578728,23.1371684739167,20.303466415189
97569.6795316996,23.199843421186,20.365423766813
97629.6854846711,23.2312435588418,20.3890338359821
97689.6914376426,23.2274806351507,20.3816456242219
97749.6973906142,23.2352443371846,20.3877127060555
97809.7033435857,23.2525986706121,20.4028064721593
97869.7092965572,23.2079391708275,20.3556239036903
97929.7152495287,23.2676925978289,20.4140292849365
97989.7212025002,23.330500315585,20.4760845924043
98049.7271554718,23.250668676815,20.3928250537039
98109.7331084433,23.3327826905527,20.4682518036032
98169.7390614148,23.2195990563412,20.3515075235157
98229.7450143864,23.3743311080955,20.5042046999581
98289.7509673579,23.2975040178979,20.4229126363793
98349.7569203294,23.254812497343,20.3743460062055
98409.7628733009,23.2812074482341,20.4016100375059
98469.7688262725,23.309913453302,20.4322140254928
98529.774779244,23.3315703423554,20.4557799565592
98589.7807322155,23.2816987855101,20.4078279548612
98649.786685187,23.2873368846922,20.41212983641
98709.7926381585,23.3648155248002,20.482168778102
98769.7985911301,23.2638209541172,20.382353936214
98829.8045441016,23.3290340813255,20.4515189725217
98889.8104970731,23.2241341926342,20.3465240354519
98949.8164500446,23.3347166463929,20.4525176932083
99009.8224030162,23.33503472368,20.4539055666048
99069.8283559877,23.2973579725026,20.4186170975879
99129.8343089592,23.2865936548973,20.4075186388896
99189.8402619307,23.352183664301,20.4682483683589
99249.8462149023,23.3509381859516,20.4675891080798
99309.8521678738,23.3470632197171,20.4653723924714
99369.8581208453,23.313961775879,20.4334116874099
99429.8640738169,23.3126598018451,20.4320413174911
99489.8700267884,23.2417000654913,20.3599610060131
99549.8759797599,23.213101524716,20.3285259406173
99609.8819327314,23.3365203085334,20.4487981154414
99669.8878857029,23.3929802955088,20.502177808223
99729.8938386745,23.3721829104043,20.4822187963693
99789.899791646,23.3253721686475,20.4370469125105
99849.9057446175,23.3069252250214,20.42217977876
99909.9116975891,23.3943122173121,20.5165358301001
99969.9176505606,23.3766934036095,20.5018003139148
100029.923603532,23.3341333953434,20.4613037969874
100089.929556504,23.3702073333398,20.4984303690863
100149.935509475,23.3089814915424,20.4357404327579
100209.941462447,23.3027027143059,20.428020052039
100269.947415418,23.330754529016,20.4547717622757
100329.95336839,23.2360533804015,20.3628566925597
100389.959321361,23.3307972470012,20.4630965481537
100449.965274333,23.2270620351337,20.3615473958987
100509.971227304,23.4045285597945,20.5398606733567
100569.977180276,23.3216100148599,20.4573311578841
100629.983133247,23.3247077495957,20.4597686081779
100689.989086219,23.3372503283698,20.4693688198214
100749.99503919,23.3836603031708,20.509869628573
100810.000992162,23.3636889584975,20.487010922688
100870.006945133,23.3897603735144,20.5118428008648
100930.012898105,23.443946242294,20.5692017523028
100990.018851077,23.4113176212074,20.5438847071106
101050.024804048,23.4244250720006,20.5629585997722
101110.03075702,23.4002195458284,20.543795021809
101170.036709991,23.2941044292436,20.4392899820579
101230.042662963,23.3512096869528,20.4958651044704
101290.048615934,23.3774805534475,20.5216198233521
101350.054568906,23.4064474086936,20.5501704667456
101410.060521877,23.4159482341934,20.5620011533514
101470.066474849,23.3430254837353,20.4930177634482
101530.07242782,23.3897996454324,20.5408646295417
101590.078380792,23.4291722988355,20.5783538836831
101650.084333763,23.4437363955006,20.5924810090526
101710.090286735,23.433848373186,20.5829204953365
101770.096239706,23.3702086592748,20.5211414520173
101830.102192678,23.449886503137,20.6031796581818
101890.108145649,23.3506520280239,20.5013441748338
101950.114098621,23.455588834109,20.594131262183
102010.120051592,23.5138937975657,20.6508282367295
102070.126004564,23.3820171224232,20.5199031485643
102130.131957535,23.4798243656782,20.6152704674655
102190.137910507,23.3849884304886,20.5111983350451
102250.143863479,23.4863341450031,20.6020785777263
102310.14981645,23.4784321528635,20.583457587299
102370.155769422,23.4651327578715,20.5707856706223
102430.161722393,23.4461043470751,20.5539285535052
102490.167675365,23.4521626271793,20.5634706109883
102550.173628336,23.4946155890192,20.6118027523142
102610.179581308,23.3163856198998,20.4328605371518
102670.185534279,23.4202019241285,20.5293634321169
102730.191487251,23.328874764296,20.4390770165208
102790.197440222,23.5519899031824,20.6652229638944
102850.203393194,23.4663103602844,20.579690143665
102910.209346165,23.5472917544525,20.6570156514609
102970.215299137,23.3982624233805,20.51061389785
103030.221252108,23.4282873451624,20.546977486172
103090.22720508,23.5062625438162,20.6255100490067
103150.233158051,23.4422683281116,20.5567814087833
103210.239111023,23.4964519213453,20.6079689087949
103270.245063994,23.4368023396047,20.546462380896
103330.251016966,23.3974601676366,20.5095029613608
103390.256969937,23.5279816652709,20.6446862164553
103450.262922909,23.5274780572142,20.6460790337358
103510.268875881,23.5427341780797,20.6624237781285
103570.274828852,23.4350760742864,20.5580563639917
103630.280781824,23.3643498920992,20.4940084228659
103690.286734795,23.3743866667608,20.5050680382347
103750.292687767,23.4772558541918,20.6058684917073
103810.298640738,23.3978522170079,20.5289823988008
103870.30459371,23.5279036974121,20.6655850632485
103930.310546681,23.4517290791581,20.5943427739053
103990.316499653,23.3871126190915,20.5336952120102
104050.322452624,23.5226483931244,20.6673955322715
104110.328405596,23.3709378477381,20.5054862416117
104170.334358567,23.4449597234433,20.576063863933
104230.340311539,23.4429261281575,20.5731454079638
104290.34626451,23.4538708362314,20.5870929508261
104350.352217482,23.4446870057302,20.5843935688156
104410.358170453,23.432067073838,20.5749970355433
104470.364123425,23.5046313235518,20.6498227430949
104530.370076396,23.5564943724703,20.7033568341852
104590.376029368,23.370271873511,20.5186063963484
104650.38198234,23.4318428124648,20.5776377931613
104710.387935311,23.5023642877,20.6382131345235
104770.393888283,23.4580230557275,20.5966753099179
104830.399841254,23.4246755991515,20.5736767247693
104890.405794226,23.4328605352832,20.588079659489
104950.411747197,23.4867785286108,20.6464071905503
105010.417700169,23.4377154191989,20.6011578752868
105070.42365314,23.4360904866574,20.6028296578037
105130.429606112,23.4597649035831,20.6271862070303
105190.435559083,23.4785725133158,20.6429836533945
105250.441512055,23.4189429329886,20.5797145936283
105310.447465026,23.512770713951,20.6686478409002
105370.453417998,23.4498638393273,20.599740004638
105430.459370969,23.4486854207217,20.5924700668599
105490.465323941,23.4475560163405,20.5928334145937
105550.471276912,23.5144196312442,20.6631119802852
105610.477229884,23.49431374865,20.6421968195207
105670.483182855,23.4763876458099,20.6157773866031
105730.489135827,23.5309810003972,20.6639131876818
105790.495088798,23.5481391945407,20.6757764981144
105850.50104177,23.4952346541869,20.6207193158546
105910.506994742,23.6636609617061,20.7883519956844
105970.512947713,23.4599890536595,20.58220815946
106030.518900685,23.5161134208137,20.6341844741083
106090.524853656,23.4561328320569,20.5700227619337
106150.530806628,23.4649301186091,20.5749743278141
106210.536759599,23.5219810493484,20.6322185845545
106270.542712571,23.4773009167266,20.5886877788293
106330.548665542,23.4982828078187,20.6091725561028
106390.554618514,23.5266904275583,20.6340364894974
106450.560571485,23.6402625850118,20.7428066532929
106510.566524457,23.6083964212075,20.7055395890194
106570.572477428,23.5731965430523,20.6723165184916
106630.5784304,23.6324464186254,20.7362885694294
106690.584383371,23.5458596586211,20.6494174429904
106750.590336343,23.5974449054717,20.6958595208765
106810.596289314,23.5843570273116,20.6847022508628
106870.602242286,23.5781936439074,20.683519298186
106930.608195257,23.4785280312706,20.584943960954
106990.614148229,23.658233126991,20.762101199922
107050.620101201,23.4994021784902,20.5986628933912
107110.626054172,23.5581829551999,20.6493994615672
107170.632007144,23.6566120871989,20.7394563526817
107230.637960115,23.5467430448618,20.6215351107813
107290.643913087,23.5904890772617,20.6642403993312
107350.649866058,23.6053975757262,20.6798196194506
107410.65581903,23.6371317541162,20.712296861737
107470.661772001,23.5809281519568,20.6568648254932
107530.667724973,23.5340760425926,20.6084244297134
107590.673677944,23.6433709192213,20.7124199018218
107650.679630916,23.6900974581697,20.7570973383088
107710.685583887,23.5870176841172,20.6532915926765
107770.691536859,23.6559118122764,20.7161516367144
107830.69748983,23.6680008180409,20.7167061722937
107890.703442802,23.7248696779417,20.7736919710588
107950.709395773,23.7568205769745,20.807531657079
108010.715348745,23.6032106599918,20.6534623116271
108070.721301716,23.6643919011851,20.7102963116872
108130.727254688,23.7097259071444,20.7578940403708
108190.73320766,23.7192023677822,20.7723431214695
108250.739160631,23.7637660248977,20.8187078125249
108310.745113603,23.7149917110555,20.7701862435471
108370.751066574,23.6751734862135,20.7334743055441
108430.757019546,23.7310249361183,20.7950405513017
108490.762972517,23.7194786999252,20.7858232160809
108550.768925489,23.5567641205997,20.6245180433316
108610.77487846,23.62055301282,20.6899340870485
108670.780831432,23.6629740027796,20.7340808597807
108730.786784403,23.6803625336908,20.7531148278939
108790.792737375,23.7380570034432,20.8123059449093
108850.798690346,23.7498018426137,20.8224974024389
108910.804643318,23.7297996517812,20.796356243573
108970.810596289,23.6517415034394,20.7194812917342
109030.816549261,23.6239552982259,20.6941452716349
109090.822502232,23.6251843153281,20.698964179278
109150.828455204,23.6071872483616,20.6862966252648
109210.834408175,23.6593893282974,20.7397255119487
109270.840361147,23.7012560036282,20.7792713193671
109330.846314118,23.6605352434197,20.7378618934358
109390.85226709,23.7188215744968,20.796141108826
109450.858220062,23.7614970316793,20.8371099293939
109510.864173033,23.6891266697433,20.7612202977689
109570.870126005,23.7701634608784,20.8401089068869
109630.876078976,23.6551596408696,20.7238001394323
109690.882031948,23.7626478724145,20.8311705974149
109750.887984919,23.6457266561783,20.7146771165336
109810.893937891,23.6815116099543,20.7466742275165
109870.899890862,23.7493078588888,20.8061827246048
109930.905843834,23.7627716157768,20.8223672849772
109990.911796805,23.7146052812602,20.7812046070107
110050.917749777,23.7517958459495,20.8205907703494
110110.923702748,23.6419506813063,20.7101264769895
110170.92965572,23.7591346075247,20.8247290097026
110230.935608691,23.6704436436866,20.7317001334675
110290.941561663,23.688991525571,20.7519010084019
110350.947514634,23.7301754088866,20.7959189902216
110410.953467606,23.701437868099,20.7712267491707
110470.959420577,23.75974175391,20.8351797010601
110530.965373549,23.731658292593,20.8094036154217
110590.97132652,23.75884618662,20.837468246324
110650.977279492,23.7025036940847,20.7792794328303
110710.983232464,23.8026601947307,20.8725047577273
110770.989185435,23.7840951032697,20.8503627343332
110830.995138407,23.7246626259552,20.788847384694
110891.001091378,23.827947373202,20.8876693087665
110951.00704435,23.7847471484752,20.8389576873168
111011.012997321,23.7494835863615,20.8048835434756
111071.018950293,23.7840760328254,20.8415380267274
111131.024903264,23.7640956211998,20.82375862601
111191.030856236,23.7343073720919,20.7965239107217
111251.036809207,23.7623677423971,20.8311531919611
111311.042762179,23.7680047603071,20.8500282151886
111371.04871515,23.792611762237,20.8753560546597
111431.054668122,23.7461662590051,20.8235911867976
111491.060621093,23.7800869051658,20.8588480044013
111551.066574065,23.8303679021897,20.9120196195612
111611.072527036,23.7576133010201,20.8379811449572
111671.078480008,23.8458907404939,20.9183423566674
111731.084432979,23.7601957281503,20.8318336266253
111791.090385951,23.7617135368622,20.834334363243
111851.096338923,23.7470537608156,20.8220163393735
111911.102291894,23.8462025834012,20.9250291873205
111971.108244866,23.8478498279105,20.9307399698199
112031.114197837,23.6539334480766,20.7413823123126
112091.120150809,23.76890990786,20.8616967911254
112151.12610378,23.76964427009,20.8679940191916
112211.132056752,23.6743038483207,20.7747066443279
112271.138009723,23.8122414898038,20.9138858698767
112331.143962695,23.7359500284482,20.837855952085
112391.149915666,23.8534856079844,20.9531605419107
112451.155868638,23.7588242295508,20.8543644710855
112511.161821609,23.6985361837247,20.7872371540249
112571.167774581,23.7969684203365,20.8794582066273
112631.173727552,23.7836465545002,20.8609244760487
112691.179680524,23.7083402752192,20.7862402778278
112751.185633495,23.7122911458536,20.7918045159367
112811.191586467,23.8565174237443,20.9399577236601
112871.197539438,23.8260161530192,20.9170708462894
112931.20349241,23.7697300606573,20.8634742167056
112991.209445381,23.7315079990476,20.8271330599286
113051.215398353,23.8268194234445,20.923731704498
113111.221351325,23.793054871775,20.8903183480822
113171.227304296,23.8857639109563,20.9850348710526
113231.233257268,23.8566263936268,20.9591631111072
113291.239210239,23.7603737704403,20.8660195799004
113351.245163211,23.8263828399692,20.9351974721247
113411.251116182,23.8337046667586,20.9466052321677
113471.257069154,23.7988653084967,20.9163765868157
113531.263022125,23.7839238551721,20.9020355702731
113591.268975097,23.7696301425937,20.8855848411091
113651.274928068,23.8348495147867,20.9538124028982
113711.28088104,23.7597225411107,20.8854548230119
113771.286834011,23.7882446643515,20.9117327462003
113831.292786983,23.7231701498485,20.8341699174618
113891.298739954,23.8530492947193,20.9592195128283
113951.304692926,23.803662875812,20.9079811020773
114011.310645897,23.7742464769211,20.8798164163671
114071.316598869,23.854921144731,20.9620869878889
114131.32255184,23.8072994137521,20.914676611088
114191.328504812,23.8437266289837,20.9490664989082
114251.334457784,23.8127052573264,20.9207200168271
114311.340410755,23.7977715020991,20.9116067947604
114371.346363727,23.7925403727035,20.9070957112605
114431.352316698,23.7838595632162,20.8962304899489
114491.35826967,23.8179656774298,20.9352292935466
114551.364222641,23.8738528150206,21.0032975369659
114611.370175613,23.7708343727225,20.9028898649991
114671.376128584,23.8267256156507,20.9598156652261
114731.382081556,23.692602173773,20.8250119621476
114791.388034527,23.747075200805,20.8755575598929
114851.393987499,23.8334539856638,20.9608432791747
114911.39994047,23.7484129212497,20.8758327721798
114971.405893442,23.8183341963936,20.9507652716608
115031.411846413,23.8027743753766,20.9475545637209
115091.417799385,23.8522107333703,21.0013046411485
115151.423752356,23.7556732658519,20.9070588736109
115211.429705328,23.7461016629291,20.8977515541643
115271.435658299,23.7788049510214,20.9280796898378
115331.441611271,23.8069340796368,20.9545713907196
115391.447564242,23.8558099870877,21.0023729967638
115451.453517214,23.7413399369759,20.8899978065318
115511.459470186,23.7893706039698,20.9421955061189
115571.465423157,23.7533339865343,20.9074521166081
115631.471376129,23.8580247049827,21.0119676495832
115691.4773291,23.8247637789882,20.9716961269485
115751.483282072,23.8293003031948,20.9591125758984
115811.489235043,23.8618105540612,20.9908840797377
115871.495188015,23.8160430408629,20.9467238600814
115931.501140986,23.80365578681,20.9363414315745
115991.507093958,23.8651134356675,21.0005776094551
116051.513046929,23.8512474787371,20.9890777934546
116111.518999901,23.9096339869841,21.0495785301812
116171.524952872,23.861297265866,21.0029616163124
116231.530905844,23.9130089378186,21.0562045570518
116291.536858815,23.8317819760759,20.9748173498594
116351.542811787,23.8551011395803,20.9941402390943
116411.548764758,23.8463291480996,20.9815853305787
116471.55471773,23.8553230428596,20.9868365191773
116531.560670701,23.900401062745,21.0302177819346
116591.566623673,23.9146151077681,21.0437975613971
116651.572576644,23.8726483830916,21.0044506445773
116711.578529616,23.8449491309045,20.9821533105607
116771.584482588,23.9183072998452,21.0529665496224
116831.590435559,23.8519254914329,20.975089663707
116891.596388531,23.9062081562436,21.0263155346011
116951.602341502,23.7925824917896,20.9121306027932
117011.608294474,23.8350102907961,20.9582218562964
117071.614247445,23.8765917612812,21.0079899942368
117131.620200417,23.878648040725,21.0104292639105
117191.626153388,23.7819482096634,20.9104036112355
117251.63210636,23.8904881929732,21.0211823791635
117311.638059331,23.8784775779952,21.0161743245536
117371.644012303,23.8686347136508,21.0133041226802
117431.649965274,23.7906740244784,20.9419704622211
117491.655918246,23.8406883653877,20.9934414617208
117551.661871217,23.8486220519244,21.001924493651
117611.667824189,23.815506681478,20.9658273517553
117671.67377716,23.9082153065223,21.0500399165655
117731.679730132,23.8478549432519,20.9899845598589
117791.685683103,23.8899711158719,21.0346198580776
117851.691636075,23.8586119470274,21.0073697038287
117911.697589047,23.7906048558385,20.945079590587
117971.703542018,23.8637557785666,21.0189763132956
118031.70949499,23.8278558821825,20.9819610272473
118091.715447961,23.8960713675063,21.0510443841174
118151.721400933,23.946468111085,21.1028561017538
118211.727353904,23.7858424312408,20.9440272020503
118271.733306876,23.8088279450444,20.9696384441691
118331.739259847,23.8836809136289,21.0477852213012
118391.745212819,23.8287928531189,20.9968895927921
118451.75116579,23.8393785919628,21.0104163029097
118511.757118762,23.8697719689061,21.0431415691441
118571.763071733,23.7991961476344,20.9720232221983
118631.769024705,23.8421693329425,21.0114419290636
118691.774977676,23.790262634081,20.9614295011174
118751.780930648,23.8179021751971,20.9938250963427
118811.786883619,23.8622287547076,21.0396045909866
118871.792836591,23.8532353711536,21.0315094124684
118931.798789562,23.8554364376807,21.0383083901321
118991.804742534,23.9304362898751,21.1245368895325
119051.810695506,23.7630588948518,20.9607042721958
119111.816648477,23.743753789652,20.9431893652641
119171.822601449,23.8549431766994,21.0537734492353
119231.82855442,23.7957678706526,20.9910679361241
119291.834507392,23.8973020621842,21.0928286749408
119351.840460363,23.8656070396357,21.0620153078175
119411.846413335,23.8756343902493,21.0730460879211
119471.852366306,23.8220172006998,21.0204316168691
119531.858319278,23.8778461176208,21.0777455145179
119591.864272249,23.9250165339435,21.1272400692483
119651.870225221,23.882151868144,21.0842817388697
119711.876178192,23.7672395622036,20.9670574249444
119771.882131164,23.7757793142704,20.9769505303526
119831.888084135,23.8165135390351,21.0207894061295
119891.894037107,23.8324907655804,21.032975386979
119951.899990078,23.7983062145773,20.9862679920333
120011.90594305,23.8209219098103,21.0131307251359
120071.911896021,23.8254286998184,21.0317361246305
120131.917848993,23.8877471470155,21.0948877466942
120191.923801964,23.8229092569767,21.0252917260834
120251.929754936,23.7468221042767,20.9442174684194
120311.935707908,23.8267610027882,21.019345717611
120371.941660879,23.7971382055343,20.9923841520025
120431.947613851,23.8284789971127,21.0309242565825
120491.953566822,23.7938406278535,20.9968742655057
120551.959519794,23.818678124193,21.0186465698743
120611.965472765,23.891323448519,21.0857506322064
120671.971425737,23.8213759649836,21.0083136694642
120731.977378708,23.8191364068089,21.0073791179472
120791.98333168,23.813310212674,21.006661551782
120851.989284651,23.9160199556513,21.1127897291033
120911.995237623,23.8777554204781,21.0770459790871
120972.001190594,23.8168644571845,21.0145414788496
121032.007143566,23.8516285238759,21.0430582358233
121092.013096537,23.8634552014461,21.0541804194693
121152.019049509,23.9152845030323,21.1063874425009
121212.02500248,23.8596993440067,21.049234295852
121272.030955452,23.8446936214294,21.0297946186241
121332.036908423,23.9287005265724,21.1121408197396
121392.042861395,23.9340314313653,21.1168899518501
121452.048814367,23.8137090552293,20.9979954391977
121512.054767338,23.8677302097289,21.0558906012996
121572.06072031,23.8844875770936,21.0773836963519
121632.066673281,23.8466394652637,21.0456823219721
121692.072626253,23.7082266191007,20.9137493350366
121752.078579224,23.794174764704,21.0057692246646
121812.084532196,23.8325433275358,21.0429825216976
121872.090485167,23.8619138074215,21.065664786731
121932.096438139,23.8992952576542,21.0985408425293
121992.10239111,23.8632667668132,21.0594013496677
122052.108344082,23.8780988180973,21.0753045554808
122112.114297053,23.8502018250274,21.0500024682731
122172.120250025,23.8910901359621,21.0909424755479
122232.126202996,23.7988958729909,20.9966440323521
122292.132155968,23.9347927133371,21.1312942069526
122352.138108939,23.8439548511432,21.039740256927
122412.144061911,23.9611171839299,21.1587870050915
122472.150014882,23.9135813811628,21.1167170940757
122532.155967854,23.8993151405156,21.1086434470411
122592.161920825,23.7738885902835,20.9896111045997
122652.167873797,23.8571028913369,21.0729146629306
122712.173826769,23.8085386455855,21.0219838993982
122772.17977974,23.9191748313074,21.1395322368976
122832.185732712,23.8649533490761,21.1036344535571
122892.191685683,23.891554494526,21.1311707129217
122952.197638655,23.7922982121743,21.0281826689503
123012.203591626,23.8761582432989,21.1128933085662
123072.209544598,23.8338546452137,21.0742684711391
123132.215497569,23.8198226071284,21.0666390420462
123192.221450541,23.8327314233429,21.0883259200657
123252.227403512,23.8698616439362,21.1224710850413
123312.233356484,23.8114264744816,21.0529840391478
123372.239309455,23.8973400565801,21.1391972536036
123432.245262427,23.8873839320926,21.1330893304292
123492.251215398,23.802201056873,21.05106576551
123552.25716837,23.7689976212059,21.020506124691
123612.263121341,23.7720093814807,21.0207184112456
123672.269074313,23.8379028269617,21.0776694933419
123732.275027284,23.8467653124983,21.0872829049006
123792.280980256,23.8842695656931,21.1291014243869
123852.286933228,23.7846563351139,21.0322345769111
123912.292886199,23.8487577311328,21.0985032991827
123972.298839171,23.8788161263007,21.1323885974379
124032.304792142,23.8708774200432,21.1301477559701
124092.310745114,23.8308560259773,21.094951579979
124152.316698085,23.8403482756957,21.1084160306767
124212.322651057,23.8380837710039,21.1017655889907
124272.328604028,23.8648158851767,21.1152897542215
124332.334557,23.819929131405,21.0702511844145
124392.340509971,23.8226044199934,21.0755975637085
124452.346462943,23.86060943596,21.1127275441188
124512.352415914,23.8704021836746,21.1166472861412
124572.358368886,23.7907765411283,21.0291823152747
124632.364321857,23.8383847953467,21.0679393604868
124692.370274829,23.9234446769276,21.1552313108768
124752.3762278,23.889522540326,21.1293856318089
124812.382180772,23.9589966430973,21.2030022232959
124872.388133743,23.8393273815523,21.085881158212
124932.394086715,23.8242988807456,21.0688824920781
124992.400039686,23.9650422174785,21.202247030413
125052.405992658,23.9149253211397,21.149495049001
125112.41194563,23.8070700372541,21.0404951685765
125172.417898601,23.9041993218479,21.1349736278254
125232.423851573,23.7935350091977,21.0209897229913
125292.429804544,23.921890021844,21.1522853376616
125352.435757516,23.8787715653569,21.1170342057502
125412.441710487,23.992324621319,21.231650020197
125472.447663459,23.8719289432615,21.1111545294565
125532.45361643,23.8775871652969,21.1185058444659
125592.459569402,23.9407731783581,21.1856693040985
125652.465522373,23.79433803812,21.0374443216681
125712.471475345,23.8693337425203,21.1061048091175
125772.477428316,23.8392802978712,21.0780422891423
125832.483381288,23.8474911909641,21.0928291083482
125892.489334259,23.9302109311613,21.1713028954633
125952.495287231,23.9150217415168,21.142650478809
126012.501240202,23.9098648515975,21.1379562330577
126072.507193174,23.8868075589815,21.1202708480743
126132.513146145,23.814718508866,21.0517223144969
126192.519099117,23.8479889319884,21.0877219106329
126252.525052089,23.8441994169903,21.0865726515152
126312.53100506,23.8431260021282,21.0877744256289
126372.536958032,23.8388174460562,21.0819904432839
126432.542911003,23.9298701982794,21.1675087734423
126492.548863975,23.8396214432615,21.0756065617824
126552.554816946,23.8656091389506,21.101052126842
126612.560769918,23.8197391642806,21.0516365003103
126672.566722889,23.9144352572228,21.1390842277326
126732.572675861,23.9444128959832,21.166164472631
126792.578628832,23.8800737152651,21.1004399527283
126852.584581804,23.9126940927264,21.1307955525503
126912.590534775,23.9319073470256,21.1476734277064
126972.596487747,24.0119055737605,21.2294065902276
127032.602440718,23.9118120094978,21.1333879523993
127092.60839369,23.9502817649574,21.1723679862225
127152.614346661,23.8448697012522,21.0656585602528
127212.620299633,23.8971618905133,21.1166926397409
127272.626252604,23.8997523983974,21.1181865188007
127332.632205576,23.9438715666477,21.1629618017357
127392.638158547,23.8948256675527,21.1148152307423
127452.644111519,23.8787443914027,21.098820712555
127512.650064491,23.9240906310981,21.1420097832125
127572.656017462,23.9093576572789,21.1227142646074
127632.661970434,23.8327959222551,21.0391426734623
127692.667923405,23.9270572165932,21.1319522377108
127752.673876377,24.0254953378767,21.2302755314764
127812.679829348,23.9162249312586,21.1183313508432
127872.68578232,23.9354082272958,21.1326354458278
127932.691735291,23.9383019132818,21.1357013299781
127992.697688263,23.9099754830894,21.1082133618147
128052.703641234,23.9756704789042,21.1723461388765
128112.709594206,24.001904781931,21.1934453113457
128172.715547177,23.9750777285921,21.1711770229105
128232.721500149,23.9523184142833,21.1604639105783
128292.72745312,23.9471535330196,21.1557240755001
128352.733406092,23.9635307925468,21.1678049981152
128412.739359063,23.918490545874,21.1206008442913
128472.745312035,23.9751029370927,21.1758148020299
128532.751265006,23.9169900864978,21.1141425028115
128592.757217978,23.9165915943722,21.108571897576
128652.76317095,23.9451130076206,21.1354333457069
128712.769123921,24.0044354648796,21.194343140651
128772.775076893,24.0584963098355,21.2495011190237
128832.781029864,23.9155324410391,21.1080773094121
128892.786982836,24.0233302580568,21.2153808877996
128952.792935807,23.9814750855654,21.1696323335711
129012.798888779,23.9403198956671,21.1265473435214
129072.80484175,23.9083961228062,21.0934339345939
129132.810794722,23.9024212119842,21.0848136487912
129192.816747693,23.985549034402,21.1647752070677
129252.822700665,23.9981842875629,21.1804390813093
129312.828653636,23.8377768393081,21.028674345477
129372.834606608,24.0219872864041,21.2192280588104
129432.840559579,24.0225254930497,21.2250384162735
129492.846512551,23.9236612267962,21.1308095606298
129552.852465522,23.8377414499548,21.0487120656968
129612.858418494,23.9524412478882,21.1643576956406
129672.864371465,24.0076482674793,21.2198876104385
129732.870324437,23.9777394890671,21.1943512477795
129792.876277408,23.9084310776376,21.1349876099938
129852.88223038,23.9969632030931,21.2232709978643
129912.888183352,24.0281699184873,21.2485727222259
129972.894136323,23.9042230733669,21.1209824540242
130032.900089295,23.9884736252047,21.2024986462726
130092.906042266,23.9540714577625,21.1649493575589
130152.911995238,23.9362061421042,21.1436343771544
130212.917948209,23.9352545063527,21.1389678447566
130272.923901181,23.8877176017308,21.087335803188
130332.929854152,24.0011978298019,21.1955677368512
130392.935807124,24.014727022122,21.2029652321435
130452.941760095,24.0866020891178,21.2691109194364
130512.947713067,24.0041340376794,21.1820124732928
130572.953666038,23.991053055494,21.1707964819463
130632.95961901,23.9982073519368,21.181949867278
130692.965571981,24.0453966917738,21.2299199027935
130752.971524953,24.0275910639231,21.2102757181519
130812.977477924,23.966774872936,21.146076315457
130872.983430896,24.0599803980046,21.2335371755688
130932.989383867,23.9744566339772,21.1432098116098
130992.995336839,24.0204433380018,21.1847140569205
131053.001289811,24.0186229000104,21.1772557543964
131113.007242782,24.0913073261599,21.2441318134539
131173.013195754,24.0934380812708,21.2443593073053
131233.019148725,24.0898436238125,21.2403433579095
131293.025101697,24.0972231723829,21.2491083955074
131353.031054668,24.0542649211173,21.2077805570491
131413.03700764,24.0466142113881,21.2009821760464
131473.042960611,24.0801689456688,21.2336996461719
131533.048913583,24.0325139955577,21.1835140554518
131593.054866554,24.067178012611,21.2142148450152
131653.060819526,24.0184565845321,21.1658836308626
131713.066772497,24.0509487662853,21.1994494445294
131773.072725469,24.1095428411734,21.257298283024
131833.07867844,24.0320301182127,21.1769224315432
131893.084631412,24.0495992678177,21.1958976621838
131953.090584383,24.0388966074445,21.1878596291175
132013.096537355,24.0215957040917,21.1714378765857
132073.102490326,23.9957560069723,21.1446957875616
132133.108443298,24.0930433038274,21.2375343451444
132193.114396269,24.1099867050586,21.2464821130532
132253.120349241,24.0934289554532,21.2304123190604
132313.126302213,24.0159936319082,21.1547147137531
132373.132255184,24.0515254536132,21.192552518015
132433.138208156,24.0360883261732,21.1799583903858
132493.144161127,24.1307979462089,21.2750024521537
132553.150114099,24.0749936025014,21.2165319182371
132613.15606707,24.0468967536382,21.185497316894
132673.162020042,24.1904654199941,21.3250597655297
132733.167973013,24.1964864401503,21.3243875252905
132793.173925985,24.0819523580876,21.201131047209
132853.179878956,24.1090490232338,21.2247601350801
132913.185831928,24.0996016972408,21.2136497037767
132973.191784899,24.1859849983757,21.2943108254307
133033.197737871,24.1642986196351,21.2638046108169
133093.203690842,24.1781250117732,21.2751216437232
133153.209643814,24.1622271807459,21.2588178649355
133213.215596785,24.1304179145361,21.2328176280767
133273.221549757,24.1089005732119,21.2236785699443
133333.227502728,24.1321325026492,21.2457834568082
133393.2334557,24.1656434489123,21.2710572947266
133453.239408671,24.1659870173858,21.2746175193761
133513.245361643,24.1293599011674,21.2460660119599
133573.251314615,24.0898189210131,21.2060048662225
133633.257267586,24.1979054596609,21.3084892896859
133693.263220558,24.1697511851638,21.2818947585522
133753.269173529,24.0582001420639,21.1734902213827
133813.275126501,24.1089516418614,21.2237733050576
133873.281079472,24.1076360005282,21.2174560848391
133933.287032444,24.1451273029805,21.2538633988135
133993.292985415,24.0913785073301,21.2003977030664
134053.298938387,24.120331939397,21.2313804929649
134113.304891358,24.1303796243256,21.2441020833196
134173.31084433,24.2486463266101,21.3591119397086
134233.316797301,24.2586532847954,21.3578240469861
134293.322750273,24.163112623568,21.2623476438514
134353.328703244,24.1384518518001,21.2393190438442
134413.334656216,24.1752716605833,21.2780253483258
134473.340609187,24.2224666551844,21.3271961763568
134533.346562159,24.2212369035882,21.3258725678482
134593.35251513,24.1126572600866,21.2133817852152
134653.358468102,24.1556567616582,21.2554153463061
134713.364421074,24.1925553626592,21.29227638271
134773.370374045,24.195588732015,21.2928097296577
134833.376327017,24.2378914142477,21.3294686768616
134893.382279988,24.3110365965512,21.396306635967
134953.38823296,24.2275328314639,21.3068072322455
135013.394185931,24.1820351899082,21.2616477602095
135073.400138903,24.249478290311,21.3305359469042
135133.406091874,24.2028253811366,21.2864626299011
135193.412044846,24.1642792703179,21.2515020273941
135253.417997817,24.2392014857692,21.3247165905904
135313.423950789,24.2029857487869,21.2798569568823
135373.42990376,24.32776867816,21.4026198230182
135433.435856732,24.1194624032693,21.1943773425107
135493.441809703,24.2169939310115,21.2943873439179
135553.447762675,24.2228953434017,21.3038161781826
135613.453715646,24.2907722525794,21.3701167172594
135673.459668618,24.3236757391352,21.3928446163513
135733.465621589,24.1178188847966,21.1781801683038
135793.471574561,24.3562655774689,21.4092423365205
135853.477527532,24.2565072964009,21.3100927229151
135913.483480504,24.4029492919827,21.4582430852448
135973.489433476,24.2603016419088,21.3156983296376
136033.495386447,24.2813672023427,21.3354245985928
136093.501339419,24.1837410022946,21.2397015777718
136153.50729239,24.3083272112601,21.3667641741195
136213.513245362,24.2384248649193,21.2985307052966
136273.519198333,24.211139839241,21.2719502580046
136333.525151305,24.3708240582275,21.4323107585887
136393.531104276,24.1922397131513,21.254464941259
136453.537057248,24.33140228076,21.3987733247947
136513.543010219,24.3027508813519,21.3802949337024
136573.548963191,24.2844646301041,21.3644837332481
136633.554916162,24.182634580115,21.2636357400553
136693.560869134,24.2404035611838,21.3207104635923
136753.566822105,24.2086149357294,21.2856382408245
136813.572775077,24.3016159057217,21.3775562820951
136873.578728048,24.2702437557673,21.3458981751992
136933.58468102,24.3078034704016,21.3813852097566
136993.590633991,24.3095998867648,21.3804316874177
137053.596586963,24.3132697645299,21.3870797299194
137113.602539935,24.2408529320278,21.3202078766859
137173.608492906,24.2290602206753,21.3098718964637
137233.614445878,24.3498376253263,21.4296475587501
137293.620398849,24.2855998486234,21.3638093228599
137353.626351821,24.2966708837298,21.3727030073371
137413.632304792,24.2190220329714,21.2949483626641
137473.638257764,24.3278753802065,21.4044041523365
137533.644210735,24.341418243397,21.4172624396327
137593.650163707,24.3396989177343,21.4135842682627
137653.656116678,24.3344486959609,21.4063704106623
137713.66206965,24.3300446965832,21.4004817883523
137773.668022621,24.2911777392868,21.3637054319041
137833.673975593,24.4062280582179,21.4816371771776
137893.679928564,24.2368501167968,21.3126399531308
137953.685881536,24.272539527201,21.3452093283326
138013.691834507,24.4236422685928,21.4953010074155
138073.697787479,24.2508881642962,21.3225328950161
138133.70374045,24.3231939930083,21.3963727560427
138193.709693422,24.3135668251245,21.388558507744
138253.715646394,24.2914068367662,21.3659023743487
138313.721599365,24.308284519496,21.3786308533828
138373.727552337,24.2987278086227,21.3683922985319
138433.733505308,24.3241903743359,21.3942482901446
138493.73945828,24.3409522851885,21.4107450543993
138553.745411251,24.3318975244849,21.4007213226026
138613.751364223,24.4457243058573,21.5120411991326
138673.757317194,24.3279298381097,21.3895614895585
138733.763270166,24.4128548500658,21.4661024520778
138793.769223137,24.3766761389484,21.4200867494934
138853.775176109,24.3601882987531,21.4053459760498
138913.78112908,24.4185379239134,21.4674265636566
138973.787082052,24.4125799861147,21.4634993272397
139033.793035023,24.3816295055454,21.4340580589711
139093.798987995,24.4064232514406,21.4638371719285
139153.804940966,24.3014497422189,21.369224380295
139213.810893938,24.4595688058505,21.5323753606334
139273.816846909,24.3405881753013,21.4167621681247
139333.822799881,24.3667401355644,21.4434245881826
139393.828752852,24.4147788556653,21.4895898163893
139453.834705824,24.386418177462,21.4618239975809
139513.840658796,24.3990894686583,21.4756778942348
139573.846611767,24.3752601064785,21.4489171971305
139633.852564739,24.3931165806924,21.4591045696953
139693.85851771,24.3626874036283,21.4301175025582
139753.864470682,24.4080807793946,21.479209261889
139813.870423653,24.3514908150128,21.4264890450468
139873.876376625,24.4301453253013,21.5089442980257
139933.882329596,24.4446578653465,21.5237402178745
139993.888282568,24.304715140099,21.3816341484346
140053.894235539,24.4412308511737,21.5207130337114
140113.900188511,24.3412920463528,21.4255498621039
140173.906141482,24.3919298042595,21.4749013118841
140233.912094454,24.3378694368495,21.4140841636352
140293.918047425,24.3613160336943,21.4371556754374
140353.924000397,24.4350962978954,21.511912189527
140413.929953368,24.4289566436008,21.5087456080187
140473.93590634,24.2968971883301,21.3815719176795
140533.941859311,24.4194591579752,21.505800814252
140593.947812283,24.3350324050371,21.4218437173424
140653.953765254,24.4223869750864,21.50885418655
140713.959718226,24.3690329154942,21.4546178353236
140773.965671198,24.4891263622762,21.5792100713015
140833.971624169,24.3776778198931,21.4774186044005
140893.977577141,24.3511320483664,21.4548125060351
140953.983530112,24.4761807742121,21.5824096627734
141013.989483084,24.2928817831291,21.4008807913075
141073.995436055,24.4055571172954,21.5152103624608
141134.001389027,24.3850490228999,21.4938350916437
141194.007341998,24.3867883610447,21.4911485946529
141254.01329497,24.3531750635632,21.4615357573488
141314.019247941,24.4676679523804,21.5861121020737
141374.025200913,24.4523011388749,21.5763422046864
141434.031153884,24.3105023542342,21.4386352032102
141494.037106856,24.3721651183306,21.5055077938135
141554.043059827,24.3122425975012,21.4507805414851
141614.049012799,24.3445863681204,21.4836838376386
141674.05496577,24.2935864010203,21.4313019252205
141734.060918742,24.3939804602614,21.5351778865209
141794.066871713,24.4031252680935,21.5514681371126
141854.072824685,24.2359659110691,21.3846166089548
141914.078777657,24.375846492624,21.5212319569376
141974.084730628,24.3601473947788,21.5043846590187
142034.0906836,24.3285962795626,21.4723399864065
142094.096636571,24.3619310782401,21.503363156892
142154.102589543,24.4455678312809,21.5829332782062
142214.108542514,24.38125736238,21.5153420065748
142274.114495486,24.4140085843628,21.5457496429013
142334.120448457,24.3324154321995,21.4653802009151
142394.126401429,24.4341964743663,21.5691852959145
142454.1323544,24.3735360220277,21.5125811939469
142514.138307372,24.3908874529776,21.5368757522505
142574.144260343,24.3199012447181,21.4693135725406
142634.150213315,24.4128271782324,21.5646864229255
142694.156166286,24.3373824556334,21.4936459059102
142754.162119258,24.3180589627409,21.481247593483
142814.168072229,24.3619646767779,21.5331008574265
142874.174025201,24.3276980559198,21.5066834553855
142934.179978172,24.23453812772,21.4153881801761
142994.185931144,24.3467512819156,21.528702052724
143054.191884115,24.4142437471974,21.5923458165153
143114.197837087,24.3363495827136,21.503893746407
143174.203790059,24.3618052946717,21.5310825556475
143234.20974303,24.3591169045054,21.5338276061203
143294.215696002,24.2601482956036,21.433877070448
143354.221648973,24.4942482369798,21.6632752426029
143414.227601945,24.3541652974267,21.5245250722988
143474.233554916,24.3150853965228,21.4886428119106
143534.239507888,24.3727487367748,21.54728766308
143594.245460859,24.3498058744572,21.5248458468217
143654.251413831,24.4149519192665,21.5881959268792
143714.257366802,24.4289895545249,21.5975676852854
143774.263319774,24.3313610341318,21.502538773525
143834.269272745,24.4564256102978,21.6339432556615
143894.275225717,24.3104532744856,21.4869864563641
143954.281178688,24.4366094363421,21.6084823489844
144014.28713166,24.3360172916858,21.5086383856532
144074.293084631,24.3358246037313,21.5108102424641
144134.299037603,24.3203034639095,21.4972310508339
144194.304990574,24.3744073181099,21.5532520521567
144254.310943546,24.3631219532734,21.5460031433519
144314.316896517,24.2669398301148,21.4553812261607
144374.322849489,24.3371548985277,21.5241237476797
144434.328802461,24.38423730507,21.5645868035468
144494.334755432,24.3294741871771,21.5065617482156
144554.340708404,24.4730185825599,21.6481199005845
144614.346661375,24.3511320996325,21.5248421245134
144674.352614347,24.4881128935217,21.6606787258743
144734.358567318,24.4296893984206,21.5985470526068
144794.36452029,24.4286557408098,21.592357181652
144854.370473261,24.389423303735,21.553536416269
144914.376426233,24.3720215383928,21.5372423195784
144974.382379204,24.3593066008459,21.5243786807678
145034.388332176,24.4045616697101,21.5681249282232
145094.394285147,24.4128983800546,21.580317953989
145154.400238119,24.4023785380526,21.5785041943235
145214.40619109,24.3837685157795,21.5611709581122
145274.412144062,24.4051014547589,21.5828954294124
145334.418097033,24.4488047799958,21.6277364878895
145394.424050005,24.3826853954546,21.5639371965056
145454.430002976,24.3451882953278,21.5284265681944
145514.435955948,24.3759299603633,21.5608739508138
145574.44190892,24.3290152235905,21.5131486057401
145634.447861891,24.3071698752938,21.4871836452771
145694.453814863,24.3976210832401,21.5744057266253
145754.459767834,24.3829258660816,21.5565126323802
145814.465720806,24.4004204934032,21.5692040362659
145874.471673777,24.4522340734824,21.6152258090369
145934.477626749,24.3938840717525,21.5531241460591
145994.48357972,24.3973284091453,21.554205704088
146054.489532692,24.383585486569,21.5430497941236
146114.495485663,24.4091120983081,21.575029369626
146174.501438635,24.3429899725646,21.512702634236
146234.507391606,24.3614501517257,21.5337480159735
146294.513344578,24.4059638708771,21.5781948537984
146354.519297549,24.4425396360274,21.6123117220047
146414.525250521,24.5070602803771,21.6730069177726
146474.531203492,24.4301412572217,21.5903825636438
146534.537156464,24.4618996819681,21.6174617197676
146594.543109435,24.4035489083314,21.555056455537
146654.549062407,24.3899198978058,21.5380528262413
146714.555015379,24.360099153377,21.5058451269054
146774.56096835,24.4669707217655,21.6145286313331
146834.566921322,24.4681616349656,21.6193332751094
146894.572874293,24.4800761166725,21.6311685432029
146954.578827265,24.4282186845053,21.5760944704739
147014.584780236,24.3664372600639,21.510614059039
147074.590733208,24.3811276427177,21.5210006729466
147134.596686179,24.3969059815531,21.5338576081647
147194.602639151,24.5042938787844,21.63942736811
147254.608592122,24.4029475353037,21.5399002110108
147314.614545094,24.4727971544982,21.613151780559
147374.620498065,24.4483473882393,21.5896633487088
147434.626451037,24.4853085571662,21.6270706982195
147494.632404008,24.4980928648925,21.6409584054664
147554.63835698,24.5004456998601,21.6447558627332
147614.644309951,24.3836358521914,21.52881645195
147674.650262923,24.4495355097373,21.5954085454922
147734.656215894,24.3883576999421,21.5358819159532
147794.662168866,24.4797587662757,21.6300230255398
147854.668121837,24.4949180611406,21.6408613484676
147914.674074809,24.4952828717799,21.629440172918
147974.680027781,24.4607331106131,21.5987568243685
148034.685980752,24.4055137613847,21.5540017987035
148094.691933724,24.476743551164,21.6262148552729
148154.697886695,24.4008458466979,21.5483273932377
148214.703839667,24.5672996264788,21.7115040402957
148274.709792638,24.4786160689621,21.6178538689986
148334.71574561,24.4520377680316,21.5869816793598
148394.721698581,24.4554748254752,21.5871681009613
148454.727651553,24.5252917463065,21.6583626616133
148514.733604524,24.3852527121869,21.5208528343026
148574.739557496,24.4827347337766,21.6136238671132
148634.745510467,24.6272285817219,21.7452881729676
148694.751463439,24.5100935956943,21.6289777134248
148754.75741641,24.3956771460274,21.5189085902675
148814.763369382,24.4972092644382,21.6264876770745
148874.769322353,24.505055950749,21.6418555910558
148934.775275325,24.4619094303861,21.602609106409
148994.781228296,24.5491914376615,21.6924917515391
149054.787181268,24.4760460167949,21.6174088490767
149114.79313424,24.4825351515103,21.6176897896675
149174.799087211,24.5093544392091,21.6468244260472
149234.805040183,24.4953546880398,21.6382380106089
149294.810993154,24.4913586621455,21.6341271559462
149354.816946126,24.5471493466367,21.6872395731179
149414.822899097,24.5122837261443,21.6540633013523
149474.828852069,24.496862379626,21.6418488643892
149534.83480504,24.5548835038276,21.6994725104543
149594.840758012,24.515503492024,21.6562601678807
149654.846710983,24.5673092043957,21.7062868622576
149714.852663955,24.4072793275568,21.545203736714
149774.858616926,24.4649127706633,21.6011735096175
149834.864569898,24.4542674436648,21.5890549633447
149894.870522869,24.4954415589671,21.6316607291961
149954.876475841,24.5573839722401,21.6958036604829
150014.882428812,24.4591985650214,21.5972790030573
150074.888381784,24.5751611495194,21.7106606116277
150134.894334755,24.484636936993,21.6224769709992
150194.900287727,24.5998743935466,21.742388004634
150254.906240698,24.5044580416411,21.6440011013072
150314.91219367,24.4923030743516,21.6226726731536
150374.918146642,24.5469982475571,21.6800429877041
150434.924099613,24.4745473145907,21.614752273455
150494.930052585,24.4974565847982,21.6402352963442
150554.936005556,24.5649582650797,21.7094503524331
150614.941958528,24.3912331448854,21.541660154084
150674.947911499,24.486284533614,21.6474671606881
150734.953864471,24.5048336028296,21.6690402987203
150794.959817442,24.5366135368962,21.7025305642001
150854.965770414,24.4711829005359,21.6398863289496
150914.971723385,24.476983855301,21.6491081170162
150974.977676357,24.3886132308031,21.5625979218216
151034.983629328,24.5634824673417,21.7388739463842
151094.9895823,24.4872508895813,21.6632000099976
151154.995535271,24.4761809171562,21.6514347473521
151215.001488243,24.4413578461691,21.6144677775247
151275.007441214,24.5401139488954,21.7089532249764
151335.013394186,24.5037649275356,21.6688220042958
151395.019347157,24.5399066177004,21.7015957946757
151455.025300129,24.6159881892249,21.7764318849932
151515.031253101,24.5557330529627,21.7155887689444
151575.037206072,24.5442333603443,21.7008083488107
151635.043159044,24.5207548482897,21.6701012036846
151695.049112015,24.501177505724,21.6395021173505
151755.055064987,24.5807781500766,21.7062045853657
151815.061017958,24.5838049915688,21.706688172931
151875.06697093,24.4891041573424,21.6115821831752
151935.072923901,24.5110664595446,21.6329344830413
151995.078876873,24.6006905090368,21.722011192145
152055.084829844,24.6040029487262,21.7249865017361
152115.090782816,24.6030503372012,21.7238625308912
152175.096735787,24.5184013415594,21.6393394289769
152235.102688759,24.5376742517812,21.6587994844357
152295.10864173,24.5635597269765,21.6833168299819
152355.114594702,24.4956043067563,21.6122098732809
152415.120547673,24.5648093233422,21.6788880624854
152475.126500645,24.5947521070839,21.7070637505318
152535.132453616,24.6037543388895,21.7185464821338
152595.138406588,24.5712944660147,21.6906796301376
152655.144359559,24.5460943386023,21.6648101331685
152715.150312531,24.5880843491942,21.701415460095
152775.156265503,24.5798446855467,21.6888758941863
152835.162218474,24.5221003471363,21.6272727115172
152895.168171446,24.5900607562084,21.6927416779168
152955.174124417,24.566916105295,21.6680684174316
153015.180077389,24.5533474557904,21.6545517974447
153075.18603036,24.6179044175763,21.719663240909
153135.191983332,24.5350638726988,21.6384875645209
153195.197936303,24.5947077045443,21.7005626157131
153255.203889275,24.5547762929989,21.6613177758223
153315.209842246,24.5991314578668,21.7050030321813
153375.215795218,24.5069856225634,21.6116825963976
153435.221748189,24.6364000210998,21.7392465300689
153495.227701161,24.5955004802682,21.6967817517731
153555.233654132,24.5521740798583,21.6523230291989
153615.239607104,24.6265782780053,21.7272126341274
153675.245560075,24.5926197114311,21.6941023677992
153735.251513047,24.7057510926566,21.8110080081119
153795.257466018,24.5639300645429,21.6764311807257
153855.26341899,24.6222231310515,21.7337094401324
153915.269371962,24.6018145639316,21.7079314206885
153975.275324933,24.6516432420539,21.757198396668
154035.281277905,24.580096890862,21.6861845605618
154095.287230876,24.5189413787724,21.6268280926225
154155.293183848,24.6558381199112,21.7667955158309
154215.299136819,24.5680236866936,21.6820717047283
154275.305089791,24.5078349652083,21.6248144964046
154335.311042762,24.620175851743,21.7368079913235
154395.316995734,24.593036067538,21.7069628693653
154455.322948705,24.5569131515749,21.6731340921657
154515.328901677,24.5705023704119,21.691038558515
154575.334854648,24.5445677554824,21.6625021487185
154635.34080762,24.6014475950217,21.7106416797663
154695.346760591,24.6536961925249,21.7622302694921
154755.352713563,24.6475414585978,21.7568470597829
154815.358666534,24.6609645885622,21.7716064381108
154875.364619506,24.5759965719047,21.6880528861804
154935.370572477,24.6181241200994,21.730936722268
154995.376525449,24.6667533756335,21.779647202862
155055.38247842,24.5981950776892,21.7139709575338
155115.388431392,24.6123856189546,21.7331178653064
155175.394384364,24.6573488000445,21.7774856211546
155235.400337335,24.6965147707644,21.8128054760812
155295.406290307,24.6026054359151,21.7211853317281
155355.412243278,24.6476749477648,21.7716174624016
155415.41819625,24.5781106155751,21.7069761536437
155475.424149221,24.6914390963336,21.8247777616471
155535.430102193,24.5972556399054,21.7327817518795
155595.436055164,24.6597559886802,21.7969535409106
155655.442008136,24.6904777482362,21.82714780734
155715.447961107,24.5516594996028,21.6851070339347
155775.453914079,24.6703408698991,21.8039665413602
155835.45986705,24.6694097705127,21.8038420500839
155895.465820022,24.6613151416692,21.7953513542687
155955.471772993,24.6627912238052,21.7946171163255
156015.477725965,24.6833697858824,21.8113095814878
156075.483678936,24.6658937910109,21.7893903718999
156135.489631908,24.7005276024351,21.8247241226794
156195.495584879,24.6296697198414,21.7550735532705
156255.501537851,24.6686176864495,21.7941455165159
156315.507490822,24.7111847769417,21.8357372987385
156375.513443794,24.6299771374551,21.7575356963727
156435.519396766,24.6400311595183,21.7732011881288
156495.525349737,24.6583766333957,21.7929209390699
156555.531302709,24.6242406634355,21.7592978284523
156615.53725568,24.5668338723272,21.6996008262739
156675.543208652,24.6239029060953,21.7500979929856
156735.549161623,24.768364614791,21.8909009768034
156795.555114595,24.7052833151921,21.8257618856149
156855.561067566,24.6164144244312,21.7385628170943
156915.567020538,24.6173497250614,21.7430267977915
156975.572973509,24.6672035810395,21.7982444693747
157035.578926481,24.6223202663628,21.759750331266
157095.584879452,24.6028690100828,21.7415720124867
157155.590832424,24.7598877886254,21.8990752392296
157215.596785395,24.6012629690986,21.7410925659743
157275.602738367,24.634305928066,21.7747806856751
157335.608691338,24.7034809563994,21.8339055598987
157395.61464431,24.7452111182236,21.8526498045669
157455.620597281,24.6738696658946,21.7800182857798
157515.626550253,24.7215728754206,21.8286633785694
157575.632503225,24.8644553304089,21.9687472892593
157635.638456196,24.7050746532019,21.8027002532477
157695.644409168,24.6832492477455,21.784829022919
157755.650362139,24.6723144418412,21.7826247300732
157815.656315111,24.6606233487479,21.7727353969643
157875.662268082,24.6747208098975,21.7879726054294
157935.668221054,24.7206469477739,21.8341478040836
157995.674174025,24.7637725484828,21.8764310104436
158055.680126997,24.676816943874,21.7923723364215
158115.686079968,24.60760098178,21.7286298164764
158175.69203294,24.724074104295,21.8464693031358
158235.697985911,24.6707402350899,21.7940672525699
158295.703938883,24.7307931489179,21.8476411493992
158355.709891854,24.7754484551799,21.8767572787142
158415.715844826,24.8049651499504,21.9064150186843
158475.721797797,24.7244582034441,21.8277600211818
158535.727750769,24.6616611025261,21.7628524158093
158595.73370374,24.7290741027134,21.8238587625598
158655.739656712,24.7242040280337,21.8259357679233
158715.745609684,24.7881101043867,21.9052503526436
158775.751562655,24.6526762875828,21.7717457914815
158835.757515627,24.7378196790688,21.8567781806783
158895.763468598,24.6985929656705,21.8142601721655
158955.76942157,24.6941498557517,21.8036622748818
159015.775374541,24.726829512556,21.8381415694501
159075.781327513,24.7099754592213,21.8251328826661
159135.787280484,24.6888488035175,21.8052855862298
159195.793233456,24.674550039923,21.7919126089263
159255.799186427,24.653862743644,21.7770792099821
159315.805139399,24.766794960647,21.9017489356882
159375.81109237,24.6460123594033,21.7826602118961
159435.817045342,24.5912302389288,21.7282362613427
159495.822998313,24.6486394534817,21.78536141012
159555.828951285,24.7092760815364,21.8449979681242
159615.834904256,24.6991574223585,21.8348745228839
159675.840857228,24.7410411264206,21.8770414552018
159735.846810199,24.6295039192085,21.7642990325362
159795.852763171,24.613257064798,21.7460260305205
159855.858716142,24.6574092119264,21.7944219361272
159915.864669114,24.6489287891599,21.7945292131788
159975.870622086,24.7086871150415,21.8548985474139
160035.876575057,24.7019928746319,21.8454177204461
160095.882528029,24.7285914227007,21.8659803384107
160155.888481,24.6541674938886,21.7820565582363
160215.894433972,24.7545042803945,21.8770936188405
160275.900386943,24.7559154495472,21.8755196569938
160335.906339915,24.7080392442895,21.8287755826269
160395.912292886,24.6412216074044,21.7636100191484
160455.918245858,24.8024820229658,21.9280478443008
160515.924198829,24.7805414096292,21.9107893504998
160575.930151801,24.7607187132801,21.8915061113234
160635.936104772,24.6752416288858,21.8039633949971
160695.942057744,24.8431804772107,21.9679204663507
160755.948010715,24.7384533525654,21.8569862992787
160815.953963687,24.7774104197716,21.8914994592236
160875.959916658,24.726317817926,21.8373895812447
160935.96586963,24.811874346461,21.9234790126306
160995.971822601,24.6506440291243,21.763226416118
161055.977775573,24.7808279618272,21.8924815972553
161115.983728544,24.7692464208489,21.8769985564668
161175.989681516,24.7229527608923,21.8273741926541
161235.995634488,24.7415418683631,21.8431966450948
161296.001587459,24.8290673105047,21.9307449758232
161356.007540431,24.7569233177885,21.8591646329994
161416.013493402,24.7199012655655,21.8196174289067
161476.019446374,24.8345298860028,21.9281795148358
161536.025399345,24.8360911672743,21.9277004991217
161596.031352317,24.7621409012124,21.852853469698
161656.037305288,24.7882636291641,21.8767162162816
161716.04325826,24.8982594018559,21.9843804342932
161776.049211231,24.7282548901656,21.8163192646267
161836.055164203,24.7311489939411,21.8237052708715
161896.061117174,24.7282424182661,21.8263983502537
161956.067070146,24.7265754434113,21.8315365015398
162016.073023117,24.7597905312516,21.8693911669787
162076.078976089,24.7180483815115,21.8316156826234
162136.08492906,24.6060043069042,21.7270647413235
162196.090882032,24.7699567384026,21.89982592176
162256.096835003,24.7817003075282,21.9128539792124
162316.102787975,24.6111272200526,21.7426370348714
162376.108740947,24.7501198762566,21.8793050232826
162436.114693918,24.7593504827829,21.8818952725338
162496.12064689,24.7512671109396,21.8692310532275
162556.126599861,24.8518060243953,21.9666887842139
162616.132552833,24.7108733612665,21.8280639551302
162676.138505804,24.8340681128816,21.9561090595308
162736.144458776,24.7072573202231,21.8319106922785
162796.150411747,24.7620943928514,21.8886468846805
162856.156364719,24.8385108774253,21.9663410049355
162916.16231769,24.7201199441029,21.8491159121617
162976.168270662,24.6996195051681,21.8343331973253
163036.174223633,24.7538751733464,21.8994571438534
163096.180176605,24.7606406274622,21.9053620129836
163156.186129576,24.7976577244638,21.9362645234476
163216.192082548,24.7915159100493,21.9263930688319
163276.198035519,24.7384043279672,21.8710007366718
163336.203988491,24.8209183760108,21.95846108011
163396.209941462,24.7100126432094,21.8594027700093
163456.215894434,24.7196466865194,21.8759222378291
163516.221847405,24.7417583344342,21.9031715944046
163576.227800377,24.853838843662,22.020170663507
163636.233753349,24.7405298078628,21.9108873047167
163696.23970632,24.7194976807975,21.8877826440864
163756.245659292,24.7120931376758,21.8742720918398
163816.251612263,24.8373123566276,22.0028905507332
163876.257565235,24.739922609712,21.9146835660986
163936.263518206,24.6591186786978,21.841086322959
163996.269471178,24.646664682208,21.8343049646347
164056.275424149,24.689982176323,21.8758680802228
164116.281377121,24.7445177436242,21.9248519504582
164176.287330092,24.7530985585893,21.9375428931057
164236.293283064,24.7880049956319,21.9813935407951
164296.299236035,24.7631795061373,21.9557891064116
164356.305189007,24.8162263604667,22.0047939238744
164416.311141978,24.6616200854678,21.8520442505173
164476.31709495,24.6837593834222,21.878836318077
164536.323047921,24.7679435203052,21.9664445263801
164596.329000893,24.7190966333289,21.9202303616954
164656.334953864,24.6970044431009,21.8987703423814
164716.340906836,24.7289949270866,21.9307875364909
164776.346859807,24.7694150828661,21.9702331729371
164836.352812779,24.6602092093869,21.8593286540505
164896.358765751,24.7903089650246,21.9948417327989
164956.364718722,24.6760563587195,21.8919197825771
165016.370671694,24.7717726290862,21.9881120996313
165076.376624665,24.6922068511318,21.905878333141
165136.382577637,24.6428613279983,21.8510863770564
165196.388530608,24.747101075167,21.9463969991004
165256.39448358,24.7473653233851,21.9396227906349
165316.400436551,24.6629202032892,21.8497415732879
165376.406389523,24.7411958963581,21.9270507705766
165436.412342494,24.6993428243014,21.8850009232508
165496.418295466,24.7503890999325,21.9306654151482
165556.424248437,24.8628538230639,22.0333714821188
165616.430201409,24.7839887661748,21.9580888541998
165676.43615438,24.6964593445112,21.8822320883287
165736.442107352,24.7481093250767,21.9455372947216
165796.448060323,24.7191036799206,21.9268990420039
165856.454013295,24.704594438202,21.9113337462728
165916.459966266,24.8361097399149,22.0387832265376
165976.465919238,24.7321152979325,21.9374893580023
166036.47187221,24.6391651310591,21.8507360113342
166096.477825181,24.6071848156399,21.8142989386284
166156.483778153,24.74545630709,21.9417059054779
166216.489731124,24.7393746223067,21.9364671437865
166276.495684096,24.747440115539,21.9487694402545
166336.501637067,24.7105644520401,21.9159080462614
166396.507590039,24.6555468866734,21.8643622582961
166456.51354301,24.7102979281788,21.9181297565448
166516.519495982,24.6803728977594,21.8836193116035
166576.525448953,24.715411281524,21.91233451772
166636.531401925,24.7257312544711,21.9138455709779
166696.537354896,24.8358914368372,22.0143117568763
166756.543307868,24.9332401558513,22.1031750896497
166816.549260839,24.6991960625249,21.8728501990623
166876.555213811,24.7833485469293,21.9668928678629
166936.561166782,24.7752269126103,21.9632985385801
166996.567119754,24.7542187168843,21.9449295726396
167056.573072725,24.8031651070833,21.9899018971985
167116.579025697,24.6264732204695,21.8015810721238
167176.584978669,24.7813090167658,21.949720375732
167236.59093164,24.7773519442614,21.9405471033835
167296.596884612,24.7692593910908,21.9241187677424
167356.602837583,24.8485874275357,21.9951855650103
167416.608790555,24.7574376318824,21.9045595206629
167476.614743526,24.7463160070722,21.8955671429909
167536.620696498,24.8172995916221,21.9697363451541
167596.626649469,24.8084847306615,21.9654640139072
167656.632602441,24.900298098622,22.0610941621903
167716.638555412,24.774773673444,21.9389452221629
167776.644508384,24.791698610881,21.9581131301981
167836.650461355,24.7462823649894,21.9146531000598
167896.656414327,24.7290745054301,21.9057648964998
167956.662367298,24.8149790808565,22.0057580472409
168016.66832027,24.7694893258069,21.9633645990029
168076.674273241,24.7375218900803,21.9327290621084
168136.680226213,24.7303599502003,21.9254381794971
168196.686179184,24.8437056359846,22.0370642230931
168256.692132156,24.8372865944498,22.0255678636646
168316.698085127,24.8001455472733,21.981010417076
168376.704038099,24.6965917150894,21.8772452604364
168436.709991071,24.7143585470747,21.8954748046313
168496.715944042,24.7275404995066,21.9120891425328
168556.721897014,24.7483317078553,21.9395829703327
168616.727849985,24.8322366347094,22.0234735422783
168676.733802957,24.8140144873657,22.0037032433551
168736.739755928,24.8012295229504,21.9925571722106
168796.7457089,24.7707615165013,21.9665060956613
168856.751661871,24.6756629909077,21.876476845135
168916.757614843,24.8034483131982,22.0091604335413
168976.763567814,24.7885669412506,21.9939021909645
169036.769520786,24.792343649234,21.99575849143
169096.775473757,24.7313275055284,21.9357002618698
169156.781426729,24.8155706216105,22.0217669527842
169216.7873797,24.7930955932385,21.9967730043044
169276.793332672,24.8024294122465,21.9998938433788
169336.799285643,24.7682242039702,21.967951367748
169396.805238615,24.645515949785,21.8503444277478
169456.811191586,24.8334675693846,22.0383799766972
169516.817144558,24.7484916394582,21.9511550478946
169576.82309753,24.7609692376918,21.9610290026616
169636.829050501,24.8274482904397,22.0239644048881
169696.835003473,24.7615890618963,21.9537266765176
169756.840956444,24.8517779856788,22.0383718292791
169816.846909416,24.8084177995601,21.9863071264347
169876.852862387,24.7460845167582,21.915118031948
169936.858815359,24.838851822233,22.0097405754611
169996.86476833,24.7692296335017,21.9442842995562
170056.870721302,24.8856513527239,22.0579365719512
170116.876674273,24.8540462799387,22.0189348395047
170176.882627245,24.8164069224768,21.9822055648708
170236.888580216,24.8182079790304,21.9862007682225
170296.894533188,24.8879403325345,22.0541973717315
170356.900486159,24.8180590160595,21.9771845753332
170416.906439131,24.770565916695,21.9234419163921
170476.912392102,24.8226196095434,21.9689655805963
170536.918345074,24.8416751778531,21.979980784967
170596.924298045,24.790466891919,21.9216877464346
170656.930251017,24.8999771654923,22.0322366129486
170716.936203989,24.7621305917962,21.8965388129173
170776.94215696,24.7823398229389,21.9143060767435
170836.948109932,24.8443450967535,21.9685919142264
170896.954062903,24.8910146258954,22.0121894422008
170956.960015875,24.9372187608678,22.0567099116979
171016.965968846,24.9197621480262,22.0380242594405
171076.971921818,24.8720828526961,21.9892530150979
171136.977874789,24.8794483067547,21.9928598859348
171196.983827761,24.8766610914156,21.9852909734136
171256.989780732,25.0041034511664,22.1141730746972
171316.995733704,24.9251124319132,22.0389876290212
171377.001686675,24.8577656617322,21.9766912456986
171437.007639647,24.9086693960702,22.0330832768514
171497.013592618,24.8000355655892,21.9260133977123
171557.01954559,24.8068759161437,21.9338729050603
171617.025498561,24.8890067804442,22.0107761117061
171677.031451533,24.8608668561014,21.9708005101509
171737.037404504,24.8029881746271,21.9147274901833
171797.043357476,24.9457530504348,22.0621524248408
171857.049310447,24.8963382518694,22.0131453607713
171917.055263419,24.8761461562036,21.992252154277
171977.061216391,24.9408257760321,22.0594277088571
172037.067169362,24.9432412311778,22.066340482074
172097.073122334,24.8993875880619,22.0194273756764
172157.079075305,24.957369530828,22.0694685288141
172217.085028277,24.9272641270452,22.0407264724098
172277.090981248,24.8814333572774,21.997922763628
172337.09693422,24.864875770511,21.9810453451914
172397.102887191,24.9212903747079,22.0352962486273
172457.108840163,24.8444812069156,21.9617222955528
172517.114793134,24.845741794357,21.9689894874768
172577.120746106,24.91105885856,22.034916197829
172637.126699077,24.9057309026426,22.0278695963208
172697.132652049,24.9440882962783,22.063065652981
172757.13860502,24.857179745787,21.972243594974
172817.144557992,24.8875898906581,22.002492130062
172877.150510963,24.9879115356986,22.1034984078827
172937.156463935,24.836603832239,21.9534046012722
172997.162416906,24.8701834825201,21.9882813654576
173057.168369878,24.8506274796297,21.9698369151345
173117.17432285,24.8419359126739,21.9619678959965
173177.180275821,24.8781797661303,21.9985075024075
173237.186228793,24.931926625966,22.05233462802
173297.192181764,24.9645629079153,22.0875249990641
173357.198134736,24.9131804265904,22.0401245373248
173417.204087707,24.8558535969157,21.9812715079504
173477.210040679,24.916049496203,22.0347516139101
173537.21599365,24.9191020393302,22.0347071329416
173597.221946622,24.8746911580649,21.9881604167647
173657.227899593,24.9270784216343,22.0367848897663
173717.233852565,24.8992823668469,22.0041666858159
173777.239805536,25.0343028601585,22.1353673382762
173837.245758508,25.0352929148351,22.1325926679591
173897.251711479,25.0153416612515,22.105500810819
173957.257664451,24.9725204622139,22.0534794121969
174017.263617422,24.9411144988732,22.0168372345683
174077.269570394,24.9568708177256,22.0290623431741
174137.275523365,24.9281443487595,21.9974327098783
174197.281476337,25.0642724270209,22.1314189832635
174257.287429308,24.9065287135201,21.9730731133548
174317.29338228,25.0885473599296,22.154932500345
174377.299335252,25.0007010921164,22.0648344807745
174437.305288223,24.9359854894415,21.9957701635439
174497.311241195,25.0235024016757,22.0783090540271
174557.317194166,25.0220355314545,22.0726526516929
174617.323147138,25.0107515439306,22.0645008109687
174677.329100109,25.0624988598073,22.1216702608095
174737.335053081,24.9341927033982,21.9919239774642
174797.341006052,25.0508063259687,22.1033324424369
174857.346959024,24.9599599220698,22.0137508736612
174917.352911995,24.962938433526,22.0186802524342
174977.358864967,25.0796058748252,22.1316654971924
175037.364817938,25.0386929410879,22.0814494197508
175097.37077091,25.0678324257928,22.1116781880835
175157.376723881,25.0473179551476,22.0932589360132
175217.382676853,25.0231389119315,22.0670740463725
175277.388629824,25.1354535152423,22.1735073344853
175337.394582796,25.0708541455041,22.1101751875007
175397.400535767,25.0066989243319,22.0480260248408
175457.406488739,24.9668281762036,22.0070023171805
175517.41244171,25.0827597910822,22.1176102046982
175577.418394682,25.0383853342354,22.0709847067319
175637.424347654,25.0744954376806,22.1061688959248
175697.430300625,25.0957710809448,22.1283536489793
175757.436253597,25.0636030632473,22.0974729684071
175817.442206568,25.0928997651448,22.130561766282
175877.44815954,24.9995780344299,22.0434018822489
175937.454112511,25.0496139284435,22.0933259160562
175997.460065483,25.0746737954704,22.1158768606699
176057.466018454,25.1159526050293,22.1597351479157
176117.471971426,25.0722370364675,22.1202367881266
176177.477924397,25.0478531400757,22.0957250451194
176237.483877369,25.0743988473639,22.1178907312425
176297.48983034,25.0538849797581,22.091244526914
176357.495783312,25.0889082906193,22.1192353249145
176417.501736283,25.0620334077588,22.0904537979325
176477.507689255,25.0629817993411,22.0912743543247
176537.513642226,25.0926221837826,22.1236087861675
176597.519595198,25.1375395281798,22.1722312536199
176657.525548169,25.0479999035937,22.0846158199845
176717.531501141,25.0837029550583,22.1218710170057
176777.537454112,25.0846133596589,22.122808670113
176837.543407084,25.1613947124564,22.1966169424725
176897.549360056,25.0601079029558,22.0901751852038
176957.555313027,25.1362662400743,22.1608507595042
177017.561265999,25.1169316401613,22.1431914542167
177077.56721897,25.0926233687623,22.1210737097433
177137.573171942,25.2330983668468,22.2618194639135
177197.579124913,25.1434065246179,22.1692248571863
177257.585077885,25.1242773755287,22.1479996120723
177317.591030856,25.1446035409467,22.1666808342245
177377.596983828,25.0330071490439,22.0553922529926
177437.602936799,25.1158818931595,22.1390255361806
177497.608889771,25.2185833768675,22.2376594603226
177557.614842742,25.0972181377115,22.1090958115548
177617.620795714,25.1725188796941,22.1868999478237
177677.626748685,25.1705084204367,22.1892093322004
177737.632701657,25.2869404102545,22.3082692549675
177797.638654628,25.0588967907057,22.0824594664136
177857.6446076,25.218853900187,22.2421349975898
177917.650560571,25.2065808722114,22.227231418127
177977.656513543,25.0635133344524,22.085992092603
178037.662466515,25.1849975358957,22.2100780279709
178097.668419486,25.2203192854487,22.2483044686541
178157.674372458,25.148577783783,22.1802268392145
178217.680325429,25.1062536598269,22.1446447951632
178277.686278401,25.0372691037569,22.0841773882112
178337.692231372,25.0459737564852,22.0952207444254
178397.698184344,25.1402109787805,22.1912480588309
178457.704137315,25.1726337452337,22.2269225450177
178517.710090287,25.1185290508215,22.1790196954183
178577.716043258,25.0561767082544,22.1266275085911
178637.72199623,25.0667345791274,22.1485716409328
178697.727949201,25.1480019923557,22.2310475910214
178757.733902173,25.0581282791166,22.140288599871
178817.739855144,25.1800746597577,22.2615465559566
178877.745808116,25.1305152409936,22.2112434436122
178937.751761087,25.1949857395273,22.2754579391147
178997.757714059,25.1131690753986,22.1933665909648
179057.76366703,25.0323628336324,22.1085122496424
179117.769620002,25.0406068734199,22.109596346154
179177.775572974,25.1704536362485,22.2370344438344
179237.781525945,25.1165248352204,22.1824744132468
179297.787478917,25.1121077504613,22.1798894137597
179357.793431888,25.166862800133,22.2368967449068
179417.79938486,25.1917427477572,22.2624504049575
179477.805337831,25.0987917997989,22.1680663164065
179537.811290803,25.1592190807913,22.2263235663897
179597.817243774,25.1849870107127,22.2489567503648
179657.823196746,25.187724662714,22.2486679615408
179717.829149717,25.2102587235595,22.2690914366088
179777.835102689,25.1390588626527,22.2011705648334
179837.84105566,25.1956076563874,22.2630447559129
179897.847008632,25.1016136426757,22.1691218781459
179957.852961603,25.2333035759233,22.2978756542903
180017.858914575,25.120228802375,22.183392386761
180077.864867546,25.0712082407766,22.1338288239528
180137.870820518,25.1260992165203,22.1899279805399
180197.876773489,25.1703112652161,22.2355546448631
180257.882726461,25.0595522094409,22.1270946479068
180317.888679432,25.157794979017,22.2284254746381
180377.894632404,25.1911186361107,22.2630526657536
180437.900585376,25.172977768939,22.2458393078021
180497.906538347,25.1243891188287,22.1989132449611
180557.912491319,25.1847224347555,22.2612750475049
180617.91844429,25.1770207795669,22.2493539292134
180677.924397262,25.1971737019148,22.258467923606
180737.930350233,25.1908059782725,22.2500034160587
180797.936303205,25.1930676046044,22.2520217307488
180857.942256176,25.0402793405864,22.0999936592791
180917.948209148,25.1921354481719,22.2527775132135
180977.954162119,25.1722228861371,22.2332673815215
181037.960115091,25.1186720124087,22.1793255153612
181097.966068062,25.1478100347965,22.2053135408308
181157.972021034,25.1425341581666,22.195396788086
181217.977974005,25.2124216069598,22.2675447516118
181277.983926977,25.1926272401148,22.2528017478967
181337.989879948,25.1408251277373,22.2055605843762
181397.99583292,25.1871322544106,22.2560605683781
181458.001785891,25.1884451384504,22.2596899802299
181518.007738863,25.2506249131211,22.3237946306038
181578.013691834,25.1551657326144,22.2353876932046
181638.019644806,25.1420756856544,22.2330881163734
181698.025597778,25.1586926746193,22.2466428699193
181758.031550749,25.2639197507721,22.3425817501692
181818.037503721,25.183139425975,22.2601664526941
181878.043456692,25.1452392904924,22.2219302844186
181938.049409664,25.1500219504643,22.2224135095718
181998.055362635,25.2258348888747,22.2920812853278
182058.061315607,25.2486903496061,22.3170709522153
182118.067268578,25.3065672988196,22.3803932065999
182178.07322155,25.126153109131,22.2079622746773
182238.079174521,25.1254977898505,22.2159767375776
182298.085127493,25.1958788602835,22.2848605454245
182358.091080464,25.2164512162979,22.2991817954545
182418.097033436,25.2140610936597,22.2940433522879
182478.102986407,25.2032682402252,22.2817181103398
182538.108939379,25.2349588962856,22.3128326432176
182598.11489235,25.2471068033089,22.324738200066
182658.120845322,25.1375407837363,22.2141184373497
182718.126798293,25.1196319345458,22.1940586093727
182778.132751265,25.213138409895,22.2811806387069
182838.138704237,25.3209951544205,22.3801479600355
182898.144657208,25.241910185638,22.2993086482149
182958.15061018,25.1257006569034,22.1829645391945
183018.156563151,25.2185561247965,22.2767179074737
183078.162516123,25.1833748588704,22.2425890071825
183138.168469094,25.1558634143976,22.213600128221
183198.174422066,25.2470008142888,22.301254582791
183258.180375037,25.2387430531553,22.2953878324059
183318.186328009,25.1415178456354,22.2021702673479
183378.19228098,25.2192776755509,22.2809788714518
183438.198233952,25.2253055009227,22.2874659510963
183498.204186923,25.1908269538712,22.257178569552
183558.210139895,25.240040352181,22.3144453049719
183618.216092866,25.2350709328846,22.313203567075
183678.222045838,25.2656052104233,22.3461803677427
183738.227998809,25.1923454589591,22.272817666974
183798.233951781,25.2721521194635,22.3503302711215
183858.239904752,25.2686569348264,22.3454248217519
183918.245857724,25.219584914091,22.2949556672507
183978.251810696,25.1671169203338,22.2400049518462
184038.257763667,25.2544788123069,22.323604463624
184098.263716639,25.1752384387873,22.2385032770494
184158.26966961,25.2357682797881,22.2917612214432
184218.275622582,25.2252335571461,22.2759478699766
184278.281575553,25.3184948554477,22.3655628175415
184338.287528525,25.2898537914539,22.3364789038996
184398.293481496,25.1963325348492,22.2433754718295
184458.299434468,25.2414207317253,22.2913267380004
184518.305387439,25.2771252493918,22.3315514378096
184578.311340411,25.3086980312785,22.3612907234973
184638.317293382,25.2714857234597,22.3170091578204
184698.323246354,25.193823724363,22.2347376636652
184758.329199325,25.3041094766825,22.3417479701656
184818.335152297,25.2501407206429,22.2873973016377
184878.341105268,25.2983107751402,22.3357899076781
184938.34705824,25.3869456533232,22.4220465623034
184998.353011211,25.2731165568107,22.3047358134651
185058.358964183,25.3007814175872,22.3368583872638
185118.364917154,25.29293189053,22.3370580753037
185178.370870126,25.2795306917792,22.3219543745862
185238.376823098,25.3150886770799,22.350637110946
185298.382776069,25.3222764549973,22.3553392001108
185358.388729041,25.265351514293,22.2969478305174
185418.394682012,25.2849289719455,22.3123084429038
185478.400634984,25.2479304127209,22.2707721013566
185538.406587955,25.363636653629,22.3928786169241
185598.412540927,25.4340288591572,22.4756265609501
185658.418493898,25.27602532728,22.320777336936
185718.42444687,25.310314373375,22.356934434006
185778.430399841,25.3212071223377,22.3689514578197
185838.436352813,25.2848586870391,22.3333503362696
185898.442305784,25.3309475227979,22.3778473074127
185958.448258756,25.2279374930213,22.2713759354133
186018.454211727,25.3231891803543,22.3705994858985
186078.460164699,25.2564660349066,22.3133935170626
186138.46611767,25.3311421303797,22.3976145665388
186198.472070642,25.313647125443,22.3884482527589
186258.478023613,25.3265445546647,22.401379325548
186318.483976585,25.2310689265472,22.3032080024209
186378.489929557,25.2610841525246,22.3307202812069
186438.495882528,25.2218702961689,22.2896271162157
186498.5018355,25.2739987686695,22.3445568730642
186558.507788471,25.2051444388859,22.2805464490228
186618.513741443,25.3095011810743,22.3866985764481
186678.519694414,25.3064507509467,22.3850215812901
186738.525647386,25.3163467146494,22.3955559722838
186798.531600357,25.2390567051534,22.3175624008836
186858.537553329,25.3050981275742,22.3794292891055
186918.5435063,25.3029853235607,22.3711426204069
186978.549459272,25.360951990766,22.4325868600684
187038.555412243,25.3441308049781,22.4221285330631
187098.561365215,25.2972550343734,22.3760160710112
187158.567318186,25.2464090634966,22.3239429579834
187218.573271158,25.4102817917015,22.485040693739
187278.579224129,25.3686877578203,22.440154988177
187338.585177101,25.3451698853869,22.4173961322818
187398.591130072,25.2009020627922,22.2742576721434
187458.597083044,25.3841499006297,22.4565247782244
187518.603036015,25.4346206509526,22.5033961937625
187578.608988987,25.3012003249113,22.3686469477862
187638.614941959,25.3289210852297,22.395562880184
187698.62089493,25.4048606993471,22.4687636322882
187758.626847902,25.360464207078,22.4214649521345
187818.632800873,25.2618039319708,22.3251553621675
187878.638753845,25.3334757018415,22.4009422266121
187938.644706816,25.2802491795733,22.3500465562776
187998.650659788,25.3649025254586,22.4366033215113
188058.656612759,25.3679916689388,22.4420260256833
188118.662565731,25.2593371844089,22.3356186772744
188178.668518702,25.3463113420569,22.4232812779181
188238.674471674,25.3543752483437,22.4312444830399
188298.680424645,25.3140809560594,22.3914177632583
188358.686377617,25.3650936015948,22.4429464396591
188418.692330588,25.3585332836065,22.4323883073165
188478.69828356,25.4015699157133,22.4679901189666
188538.704236531,25.3564669432179,22.4238304410603
188598.710189503,25.3766287938283,22.4457223699284
188658.716142474,25.3829387890513,22.44954506951
188718.722095446,25.3147287721524,22.3754108242912
188778.728048418,25.4595258121621,22.5239628058979
188838.734001389,25.364558818261,22.4360652599713
188898.739954361,25.3712665620301,22.4425035442204
188958.745907332,25.2673555408921,22.3362455936627
189018.751860304,25.3129145470012,22.3820802978555
189078.757813275,25.4426822438721,22.5124582166721
189138.763766247,25.3571344187194,22.4242917874017
189198.769719218,25.2551022318447,22.3172222541066
189258.77567219,25.2787273351915,22.3426043378211
189318.781625161,25.3320219689095,22.3999293756738
189378.787578133,25.3244368043423,22.3965611315097
189438.793531104,25.4252750814928,22.5012074298228
189498.799484076,25.3348744947625,22.4111393770809
189558.805437047,25.4867470474372,22.5620295175987
189618.811390019,25.3983115656735,22.4727963566628
189678.81734299,25.4074765542993,22.4815010437394
189738.823295962,25.2773543827571,22.3544698567845
189798.829248933,25.3263535031786,22.4086769220819
189858.835201905,25.3136918710781,22.3967539793546
189918.841154876,25.3607371329151,22.4439032067669
189978.847107848,25.3032296295649,22.3883282860469
190038.85306082,25.3717340458536,22.4598101669028
190098.859013791,25.3530642789218,22.4398286831914
190158.864966763,25.3394460311553,22.4226077201512
190218.870919734,25.320865058173,22.4057380262319
190278.876872706,25.3434807457936,22.431269402086
190338.882825677,25.3738044119702,22.4581429026934
190398.888778649,25.3368856251685,22.4134786646579
190458.89473162,25.2991329347727,22.3766979411273
190518.900684592,25.3802613105567,22.4603677126338
190578.906637563,25.521444847486,22.6086163388138
190638.912590535,25.279900059832,22.377142914306
190698.918543506,25.3750148282572,22.4717398424088
190758.924496478,25.2972530069363,22.3890049086511
190818.930449449,25.3268468405123,22.4106907349477
190878.936402421,25.301233147103,22.3751803911721
190938.942355392,25.3346820920841,22.4039051052023
190998.948308364,25.4417378120312,22.5086381831308
191058.954261335,25.3390958308666,22.4085582698333
191118.960214307,25.4613284950516,22.5354336457017
191178.966167279,25.4338834344226,22.5105384447435
191238.97212025,25.3179582037001,22.3964582627986
191298.978073222,25.2994094079045,22.3779784949005
191358.984026193,25.3399612029074,22.416963060815
191418.989979165,25.3353105947719,22.4115165576324
191478.995932136,25.3857009719044,22.4610023935129
191539.001885108,25.4249255448511,22.4950292759786
191599.007838079,25.4917003817906,22.5546782763506
191659.013791051,25.3625341537695,22.4282992739758
191719.019744022,25.4816287436312,22.5525310747814
191779.025696994,25.4188403918214,22.4905583183059
191839.031649965,25.3474028107481,22.4192963632783
191899.037602937,25.3854401402156,22.4591609259347
191959.043555908,25.2882050340375,22.3646090545253
192019.04950888,25.3033526224438,22.3798363895854
192079.055461851,25.4162794300903,22.4917533388395
192139.061414823,25.3831307799658,22.459185960995
192199.067367794,25.3625871410858,22.4393980064725
192259.073320766,25.4051515303858,22.4822017835526
192319.079273738,25.4417967320694,22.5181403831957
192379.085226709,25.3968087928283,22.4696592250253
192439.091179681,25.360105598764,22.427895063457
192499.097132652,25.3932625692629,22.461150407137
192559.103085624,25.4959376915533,22.5645046425103
192619.109038595,25.3298821866136,22.4034189981877
192679.114991567,25.4221250862288,22.5043097021725
192739.120944538,25.4400921629251,22.5217406496364
192799.12689751,25.373721849203,22.4509061421998
192859.132850481,25.2845736186098,22.3549984081782
192919.138803453,25.4857522232777,22.5493255836782
192979.144756424,25.3469641205604,22.4132906011703
193039.150709396,25.5249736669612,22.5963728755803
193099.156662367,25.3786747270096,22.4472823731484
193159.162615339,25.3581074680453,22.4201184344186
193219.16856831,25.4668268172791,22.5294806447746
193279.174521282,25.3176882574243,22.3814004457879
193339.180474253,25.4056000913011,22.4742993408183
193399.186427225,25.4331892644454,22.5115317195642
193459.192380196,25.4346913365312,22.5167574802748
193519.198333168,25.4051591956397,22.4899380572592
193579.20428614,25.4662036546707,22.558465279055
193639.210239111,25.430671441264,22.5323338478758
193699.216192083,25.39667098861,22.4995000406139
193759.222145054,25.4551116817885,22.5585301584959
193819.228098026,25.4672589227134,22.5699864351001
193879.234050997,25.401065737703,22.5021387405115
193939.240003969,25.3493490802777,22.4537859174215
193999.24595694,25.3571184886468,22.4684681462517
194059.251909912,25.3893202271366,22.504005178645
194119.257862883,25.3738588708017,22.4912309611977
194179.263815855,25.4127996838522,22.5367879246457
194239.269768826,25.3602160970167,22.4932349262715
194299.275721798,25.2666337172411,22.4037146688735
194359.281674769,25.3316291498518,22.4711589551542
194419.287627741,25.3365165808853,22.4759472184011
194479.293580712,25.4089435301784,22.5474919135422
194539.299533684,25.3534055708844,22.493343249126
194599.305486655,25.288106228574,22.4302253495379
194659.311439627,25.336788112971,22.4785510552868
194719.317392598,25.3609913027231,22.5013335512619
194779.32334557,25.387307016801,22.5283902723753
194839.329298542,25.3234901262042,22.4655885939131
194899.335251513,25.3282763530054,22.4711530769383
194959.341204485,25.3557733768557,22.4993828397729
195019.347157456,25.3902886112028,22.5330904237162
195079.353110428,25.399717236339,22.539555666588
195139.359063399,25.4542762853063,22.5923042996853
195199.365016371,25.3536147015159,22.4906126264904
195259.370969342,25.3257413665346,22.4644956130642
195319.376922314,25.3561197241673,22.4976600183394
195379.382875285,25.3535113470558,22.4954927565196
195439.388828257,25.3037733375819,22.4451777689336
195499.394781228,25.3808902103027,22.5195761789097
195559.4007342,25.3431977890265,22.4766136141292
195619.406687171,25.3297117552663,22.4588286677508
195679.412640143,25.3836641535682,22.5097513422446
195739.418593114,25.3134162683826,22.4404790874507
195799.424546086,25.4012542621272,22.5304160544311
195859.430499057,25.4096159340114,22.5428356080171
195919.436452029,25.4421639475239,22.5819494048813
195979.442405,25.3691488139673,22.5152341742022
196039.448357972,25.36589551467,22.5170867541756
196099.454310944,25.3972555349388,22.545825528717
196159.460263915,25.4208259376521,22.563720557436
196219.466216887,25.4013414711767,22.5461918047824
196279.472169858,25.3363043763314,22.4863506379904
196339.47812283,25.3980373842654,22.5520749646794
196399.484075801,25.3235595953355,22.4815218325395
196459.490028773,25.348311421354,22.5120755991884
196519.495981744,25.4051375956001,22.5743630569569
196579.501934716,25.3757061957421,22.54298022437
196639.507887687,25.368170096841,22.5312675181255
196699.513840659,25.3827118230976,22.5462044385899
196759.51979363,25.3742035901872,22.5392617282373
196819.525746602,25.3669449045521,22.5345439636849
196879.531699573,25.3092226864458,22.4795665900806
196939.537652545,25.3493023144887,22.5198625617215
196999.543605516,25.3653871751627,22.5360319356104
197059.549558488,25.3601244232682,22.5323815435153
197119.555511459,25.357834943398,22.5330383354682
197179.561464431,25.3402795748213,22.5112802671234
197239.567417402,25.3678179801809,22.5307154184066
197299.573370374,25.348466359828,22.5116918251099
197359.579323346,25.3246973485832,22.4891553957776
197419.585276317,25.4124068026134,22.5762514619274
197479.591229289,25.3346599118167,22.496478542937
197539.59718226,25.4164074141257,22.57687241497
197599.603135232,25.3446817465876,22.5039272447678
197659.609088203,25.3193808318999,22.4769080755492
197719.615041175,25.3668377631089,22.5229115919228
197779.620994146,25.308359069109,22.4668503925906
197839.626947118,25.3545376863652,22.5173857539838
197899.632900089,25.3749960709412,22.5366016732437
197959.638853061,25.3222242666239,22.4808679341467
198019.644806032,25.290918676729,22.4511764059136
198079.650759004,25.4028353752338,22.5661207002881
198139.656711975,25.3250420779129,22.4847900897219
198199.662664947,25.3202857491669,22.4729384189343
198259.668617918,25.3792851301053,22.5320672275204
198319.67457089,25.4112896830173,22.5647880720824
198379.680523861,25.3798068740908,22.5354034245739
198439.686476833,25.4160572899783,22.5755172414533
198499.692429805,25.3550928879454,22.5172935626875
198559.698382776,25.3838838902494,22.548194077799
198619.704335748,25.3208688940758,22.4861838174321
198679.710288719,25.4150848574485,22.5810360737811
198739.716241691,25.3001461780501,22.4645765285193
198799.722194662,25.4024070764146,22.5637257818418
198859.728147634,25.2337047623104,22.4001272542849
198919.734100605,25.3072077444211,22.4832387489612
198979.740053577,25.4825526488076,22.6579907244379
199039.746006548,25.4135843401748,22.5869328123567
199099.75195952,25.3676845273227,22.5426039323373
199159.757912491,25.3082479830338,22.4877320832523
199219.763865463,25.3074869882125,22.4922016697385
199279.769818434,25.2551370282672,22.4461123357059
199339.775771406,25.2832997388043,22.4807583476354
199399.781724377,25.2890102053891,22.4916092554417
199459.787677349,25.2004171028281,22.4028937236535
199519.79363032,25.365140033692,22.5664217215275
199579.799583292,25.3355172381451,22.5330344943003
199639.805536264,25.3176471593644,22.5101334508112
199699.811489235,25.3195706919694,22.5127244262941
199759.817442207,25.239585223859,22.4343208159847
199819.823395178,25.421444354652,22.6127883878097
199879.82934815,25.3437921065968,22.5280248213106
199939.835301121,25.3201585564585,22.5030124948015
199999.841254093,25.3516300492792,22.5339170134413
200059.847207064,25.3637380577468,22.5448781074442
200119.853160036,25.2913260460838,22.4709607732061
200179.859113007,25.3980228169693,22.5761529684612
200239.865065979,25.3078517069152,22.4842938433442
200299.87101895,25.3816117461625,22.5551244044121
200359.876971922,25.3701421692509,22.5408494522579
200419.882924893,25.3341332690071,22.5053604512421
200479.888877865,25.3508735219077,22.5232878708553
200539.894830836,25.2508980726791,22.4250396369913
200599.900783808,25.3039586630084,22.4799176995707
200659.906736779,25.3541984144815,22.5299968174194
200719.912689751,25.429911625019,22.6040466271693
200779.918642722,25.3196191117107,22.4864354127044
200839.924595694,25.3989197251714,22.5543999017036
200899.930548666,25.3603915255152,22.5138139269821
200959.936501637,25.3566650979196,22.509546103326
201019.942454609,25.328185411049,22.4837374902749
201079.94840758,25.3458951761429,22.5063403458546
201139.954360552,25.368071989324,22.5297359217054
201199.960313523,25.3682902556551,22.5307072505217
201259.966266495,25.4037989781823,22.5678380867765
201319.972219466,25.3090910925912,22.4750939118081
201379.978172438,25.3129349321064,22.479675821776
201439.984125409,25.3697365770576,22.5369465577803
201499.990078381,25.3634024553589,22.5289442317684
201559.996031352,25.3763808194619,22.5373261768394
201620.001984324,25.439386459932,22.5972866452231
201680.007937295,25.3663370915697,22.5210403099508
201740.013890267,25.3533564896465,22.4998582729561
201800.019843238,25.3180990973402,22.4522523064834
201860.02579621,25.4052983948511,22.5296710650679
201920.031749181,25.4516874729835,22.5692315938638
201980.037702153,25.4827699332725,22.6030141758935
202040.043655125,25.3434603596813,22.4686883279447
202100.049608096,25.4283681948393,22.5542703770386
202160.055561068,25.2815579894609,22.4078707490662
202220.061514039,25.415644655818,22.5452474016561
202280.067467011,25.357399064206,22.4955795582275
202340.073419982,25.4401591633716,22.5901812006692
202400.079372954,25.3245422791247,22.4863999029686
202460.085325925,25.4282232881802,22.5914077379101
202520.091278897,25.3748708620048,22.5385702884359
202580.097231868,25.4410289527784,22.6048701912744
202640.10318484,25.3199241904764,22.4836037308008
202700.109137811,25.3135732584615,22.4756412496403
202760.115090783,25.4637490940615,22.6233568177985
202820.121043754,25.3604417418659,22.5202666322915
202880.126996726,25.3165075677899,22.4767375575019
202940.132949697,25.4581167182626,22.6176752708245
203000.138902669,25.4834196111284,22.6403476721284
203060.14485564,25.3914710220874,22.5448857601649
203120.150808612,25.4564432442357,22.6050503903252
203180.156761583,25.4705751587529,22.6130842702035
203240.162714555,25.4109507245101,22.5482793485168
203300.168667527,25.4055240041058,22.5451435111392
203360.174620498,25.3874813938859,22.5311016960053
203420.18057347,25.4623938960702,22.6064666784505
203480.186526441,25.4184055682049,22.5618089676554
203540.192479413,25.4526416661347,22.5906558534247
203600.198432384,25.4245673327679,22.5518090659486
203660.204385356,25.4204308391483,22.5416774417365
203720.210338327,25.4040863259476,22.5207402896879
203780.216291299,25.4862522226228,22.5972206656782
203840.22224427,25.4115484038622,22.5181299139812
203900.228197242,25.4387482016716,22.5505985454812
203960.234150213,25.4776573756533,22.6008426341239
204020.240103185,25.3176474494295,22.4482149649629
204080.246056156,25.3995362913523,22.5352009253229
204140.252009128,25.4343292874878,22.5675749130479
204200.257962099,25.3328535014533,22.4600860803171
204260.263915071,25.4245221514515,22.5504632536602
204320.269868042,25.447660799066,22.5734392263728
204380.275821014,25.5090640843454,22.6374347882213
204440.281773986,25.4508682472345,22.5837761848641
204500.287726957,25.4477917710199,22.5827030307935
204560.293679929,25.4258028497094,22.5622406751617
204620.2996329,25.4192198699607,22.5578421870511
204680.305585872,25.3502545415606,22.4909834915612
204740.311538843,25.3781095497877,22.5172420551305
204800.317491815,25.4565430479166,22.5921008547362
204860.323444786,25.4289196524366,22.5692845943279
204920.329397758,25.4830508690472,22.6318820413026
204980.335350729,25.4103077147097,22.5570513037144
205040.341303701,25.4199052237054,22.5617574965356
205100.347256672,25.35991402072,22.5049565858745
205160.353209644,25.466926964136,22.6176541895173
205220.359162615,25.4875325908391,22.6386605767798
205280.365115587,25.405136962351,22.5561025035326
205340.371068558,25.4355932544114,22.5884844482175
205400.37702153,25.382482914215,22.5384689096875
205460.382974501,25.383036662659,22.5346002275709
205520.388927473,25.4300891414165,22.5715083762326
205580.394880445,25.3699350069264,22.507700618124
205640.400833416,25.3573861461557,22.4935518636137
205700.406786388,25.4232974854799,22.5651126415464
205760.412739359,25.4502584195725,22.601735359938
205820.418692331,25.3601748525034,22.5119706134272
205880.424645302,25.4450496747774,22.5961316223398
205940.430598274,25.4738073767094,22.6297308004524
206000.436551245,25.4612302937266,22.6254158979228
206060.442504217,25.375735977437,22.5387240448874
206120.448457188,25.533603814545,22.6915881495554
206180.45441016,25.3630753940033,22.5158333068401
206240.460363131,25.439481998206,22.5879969136156
206300.466316103,25.4251035020101,22.5749958461543
206360.472269074,25.410385967932,22.5624354183439
206420.478222046,25.4380131117436,22.5897720198412
206480.484175017,25.4285785723503,22.5790560762505
206540.490127989,25.414410713508,22.5675519637214
206600.49608096,25.3544215662491,22.5118771362264
206660.502033932,25.3999493095392,22.556201744758
206720.507986903,25.5008238494221,22.6520661206642
206780.513939875,25.5165792289087,22.66185036729
206840.519892847,25.517053568505,22.6559250487744
206900.525845818,25.4132995496301,22.5487482194877
206960.53179879,25.4133186847902,22.5470223062323
207020.537751761,25.4697133406915,22.6074290283472
207080.543704733,25.5084756721372,22.6528690553336
207140.549657704,25.4633467388636,22.6035578340788
207200.555610676,25.4229307369581,22.5546369673372
207260.561563647,25.4861162586857,22.6206819960468
207320.567516619,25.4144994439958,22.5556269278926
207380.57346959,25.4372898159123,22.5828811705932
207440.579422562,25.5168660379048,22.6657925244944
207500.585375533,25.4020743582058,22.5522582204186
207560.591328505,25.4341003381779,22.5852459968487
207620.597281476,25.4223620634892,22.5754332136109
207680.603234448,25.4516577388643,22.606911776215
207740.609187419,25.5329405674142,22.6863849521031
207800.615140391,25.4751841901846,22.6242837309068
207860.621093362,25.493685466948,22.6420444012046
207920.627046334,25.4886596838293,22.6367483287242
207980.632999306,25.3949455715989,22.54014412531
208040.638952277,25.5090539281956,22.6481240426625
208100.644905249,25.5072552835138,22.6381653618156
208160.65085822,25.4112965156986,22.5348869365057
208220.656811192,25.4818754163731,22.6062731993425
208280.662764163,25.5514412956914,22.6777272396944
208340.668717135,25.438957028314,22.5697387267127
208400.674670106,25.4186970716856,22.5552116166945
208460.680623078,25.4577229503292,22.59120252437
208520.686576049,25.4526509092818,22.579886383463
208580.692529021,25.457013326175,22.5877441381018
208640.698481992,25.4597398984065,22.5967062162454
208700.704434964,25.4816579732232,22.6152024232434
208760.710387935,25.5339980230994,22.6605599835826
208820.716340907,25.4128505920159,22.5413890105341
208880.722293878,25.4746737499744,22.6067572059608
208940.72824685,25.5169881758914,22.644644989717
209000.734199821,25.4079594900953,22.5258458792774
209060.740152793,25.4390019180518,22.5548901573822
209120.746105764,25.4643545387651,22.5794128015199
209180.752058736,25.591665495728,22.7045742048916
209240.758011708,25.5472960179038,22.6572510339231
209300.763964679,25.5187597792984,22.6257978017059
209360.769917651,25.6712721341834,22.7755419663569
209420.775870622,25.4983624951637,22.6009909144536
209480.781823594,25.5528537147199,22.6540780747681
209540.787776565,25.5300233985324,22.627258454715
209600.793729537,25.5715101948824,22.6646280332366
209660.799682508,25.5034324248585,22.5980057657628
209720.80563548,25.6530551041156,22.7497736648897
209780.811588451,25.517773865769,22.6148134016083
209840.817541423,25.5867091463644,22.6834662103535
209900.823494394,25.4411121017013,22.5427127234001
209960.829447366,25.5756576734138,22.6851663287299
210020.835400337,25.5133843598741,22.6238854885357
210080.841353309,25.4868507532281,22.5977267699164
210140.84730628,25.571139455773,22.679089985909
210200.853259252,25.4466219556355,22.5471943510716
210260.859212223,25.4674479533335,22.5626308587847
210320.865165195,25.5300077202471,22.6202560847383
210380.871118166,25.5511535298437,22.6369930096577
210440.877071138,25.5719819942553,22.6534202722797
210500.88302411,25.6106401539989,22.6844967645247
210560.888977081,25.5559305650761,22.6229169842311
210620.894930053,25.6011311525917,22.6735669658325
210680.900883024,25.5724988666926,22.6541157378206
210740.906835996,25.5788822702253,22.6599176531145
210800.912788967,25.5728370875343,22.6514562023599
210860.918741939,25.5340392080069,22.6138185428033
210920.92469491,25.6517836413317,22.7330661531716
210980.930647882,25.5707694835288,22.6492403348608
211040.936600853,25.5886011651461,22.661304585254
211100.942553825,25.5002050173934,22.5739258780339
211160.948506796,25.6374106801249,22.7125448146464
211220.954459768,25.5367512054502,22.6111746856454
211280.960412739,25.5373503871261,22.609613859627
211340.966365711,25.5785161405131,22.6543246429897
211400.972318682,25.570938291458,22.6537367657269
211460.978271654,25.5860991368301,22.6743382356116
211520.984224625,25.6125178072351,22.7048935661358
211580.990177597,25.6244233454312,22.7179546460557
211640.996130568,25.5436215831322,22.6381918727799
211701.00208354,25.471758283307,22.5662864144266
211761.008036512,25.5955301673213,22.6885525631644
211821.013989483,25.6362732032137,22.7283192117491
211881.019942455,25.6444939467437,22.7361425088448
211941.025895426,25.6443911721212,22.7373886486403
212001.031848398,25.5677591550783,22.6623486915106
212061.037801369,25.6515343084066,22.7456604742236
212121.043754341,25.6278786498896,22.7202934958073
212181.049707312,25.52448160772,22.6201433284601
212241.055660284,25.5515642696812,22.6545948249631
212301.061613255,25.6319322888776,22.7444560410046
212361.067566227,25.5415788485887,22.6651144699102
212421.073519198,25.4670076839445,22.5985283994537
212481.07947217,25.6142406193038,22.7512852589974
212541.085425141,25.5807097630079,22.7124591808586
212601.091378113,25.5915898069971,22.7132503953917
212661.097331084,25.5050978378047,22.6273816478933
212721.103284056,25.6329998273608,22.756409066832
212781.109237028,25.4937659200142,22.61552838149
212841.115189999,25.553727776983,22.6703573948265
212901.121142971,25.4610788969743,22.574520152357
212961.127095942,25.6380128628965,22.7496322503502
213021.133048914,25.5296344577812,22.6476396596269
213081.139001885,25.5948813060187,22.7246760892945
213141.144954857,25.5500220889249,22.6845852320125
213201.150907828,25.5187144520165,22.6561515993474
213261.1568608,25.5862186260067,22.7203286857833
213321.162813771,25.5865850951682,22.7141552031008
213381.168766743,25.5748324911483,22.7037218677727
213441.174719714,25.5498037466732,22.68075858994
213501.180672686,25.5347613451842,22.6640895512621
213561.186625657,25.524161320764,22.6472690719771
213621.192578629,25.5763622108693,22.692423945949
213681.1985316,25.6239922787187,22.7320519574162
213741.204484572,25.5558739504545,22.6579690438672
213801.210437543,25.6635538587871,22.760845401061
213861.216390515,25.5267120266573,22.6206726586692
213921.222343486,25.6421574163235,22.7334251229664
213981.228296458,25.610626184341,22.6982767251865
214041.23424943,25.6023903590388,22.6867699683892
214101.240202401,25.5938477494385,22.6771940686755
214161.246155373,25.6489079300417,22.7321192446077
214221.252108344,25.7526677659271,22.8367038765825
214281.258061316,25.5783376416584,22.6633079800176
214341.264014287,25.6894291048415,22.7778481803517
214401.269967259,25.5979880821347,22.6916164251421
214461.27592023,25.6276609178221,22.7151034382628
214521.281873202,25.6745709315324,22.7501229695752
214581.287826173,25.5627911840721,22.6383966688302
214641.293779145,25.623748343587,22.700112816759
214701.299732116,25.5991278667782,22.6700309255478
214761.305685088,25.6695033000457,22.731028564041
214821.311638059,25.6189185877022,22.6845689530424
214881.317591031,25.6064160157122,22.6791339987002
214941.323544002,25.6280615651704,22.6999580069896
215001.329496974,25.6575932153315,22.7255681270714
215061.335449945,25.6648118826406,22.7290322802111
215121.341402917,25.738342253511,22.799763463285
215181.347355888,25.6627156537957,22.7249874130084
215241.35330886,25.5962016732187,22.6595575481498
215301.359261832,25.6535423766641,22.7183880935316
215361.365214803,25.7334490353325,22.7999532221952
215421.371167775,25.6780072615234,22.7451888749048
215481.377120746,25.6249699201744,22.6925817908911
215541.383073718,25.6945601034212,22.769085799941
215601.389026689,25.5871887054515,22.6758415964543
215661.394979661,25.5573400527757,22.6547773271644
215721.400932632,25.6528909936726,22.7561547243978
215781.406885604,25.5367759313166,22.6407268323992
215841.412838575,25.6246485299086,22.7288643565174
215901.418791547,25.6031116351219,22.70745631999
215961.424744518,25.5463602286315,22.6504502766924
216021.43069749,25.7379294437337,22.8399725905577
216081.436650461,25.7541513356987,22.8536811718711
216141.442603433,25.6496534551395,22.7502447786579
216201.448556404,25.6149318276593,22.7173355976931
216261.454509376,25.5860517413424,22.6963526291747
216321.460462347,25.6251605766744,22.7476234749345
216381.466415319,25.6630698228033,22.7883351171795
216441.47236829,25.5483061650443,22.6751672601026
216501.478321262,25.6746627010257,22.7964646272667
216561.484274234,25.650502877434,22.7630686336967
216621.490227205,25.6496707151076,22.7639686038058
216681.496180177,25.6270546352422,22.7442311686997
216741.502133148,25.5349495247494,22.6520729955115
216801.50808612,25.6407117336061,22.75651651429
216861.514039091,25.6073907851547,22.7235728017746
216921.519992063,25.5703206873681,22.6871071957245
216981.525945034,25.494647725661,22.6111752952147
217041.531898006,25.663921816658,22.7791344457228
217101.537850977,25.7115331567983,22.8244254673446
217161.543803949,25.6437960409707,22.7532492131671
217221.54975692,25.6593847611435,22.7642886625463
217281.555709892,25.6652700745992,22.766555350423
217341.561662863,25.7010783545233,22.8036284320059
217401.567615835,25.6153557232203,22.7194674019715
217461.573568806,25.6279387644737,22.7289732594004
217521.579521778,25.6424875331281,22.7374179805998
217581.585474749,25.7129096804359,22.8102220694925
217641.591427721,25.5816209080594,22.6826043817594
217701.597380693,25.7462987512548,22.8449686211097
217761.603333664,25.650604686172,22.744351665206
217821.609286636,25.7732909036027,22.8743727510149
217881.615239607,25.7022762351384,22.8154331547475
217941.621192579,25.6636127367573,22.7751141180721
218001.62714555,25.6805918938763,22.7868098518876
218061.633098522,25.6699107244014,22.774530998228
218121.639051493,25.7453446211158,22.848856879443
218181.645004465,25.6712294042427,22.7691422378802
218241.650957436,25.6293604911759,22.7204146257218
218301.656910408,25.7364688140128,22.8277227835771
218361.662863379,25.6585707855152,22.7504144164807
218421.668816351,25.7477737816191,22.8391396053574
218481.674769322,25.646240488356,22.7354412394758
218541.680722294,25.7851194406314,22.8681413355157
218601.686675265,25.8013171897731,22.8772279744998
218661.692628237,25.7222353584554,22.7989676399289
218721.698581208,25.6863910451531,22.7643956554256
218781.70453418,25.6265569340619,22.6992897575896
218841.710487152,25.681663225972,22.7422216498454
218901.716440123,25.6879993200593,22.7421909606905
218961.722393095,25.7609866590026,22.811589927657
219021.728346066,25.6893001615839,22.7405342438271
219081.734299038,25.7729141999163,22.8249790496443
219141.740252009,25.8005152696202,22.8519004428807
219201.746204981,25.7918352598977,22.8406147307073
219261.752157952,25.6902484388311,22.7362160505023
219321.758110924,25.6457938452065,22.6896279745703
219381.764063895,25.8291261783142,22.8807142783993
219441.770016867,25.7488955828113,22.8130227076176
219501.775969838,25.7407423312077,22.8029932487467
219561.78192281,25.7039588131605,22.7617377851431
219621.787875781,25.8492617530258,22.9093778615336
219681.793828753,25.7733787056913,22.8371225762495
219741.799781724,25.7691243970186,22.8307085330633
219801.805734696,25.7511257298916,22.8082626592951
219861.811687667,25.722559491664,22.7833147645517
219921.817640639,25.8075332203113,22.8740125612555
219981.82359361,25.700225434342,22.7659753270164
220041.829546582,25.7268258993127,22.7903933454646
220101.835499554,25.751445715927,22.8174707377201
220161.841452525,25.7412422422007,22.8110234560528
220221.847405497,25.6217584871872,22.6928738700917
220281.853358468,25.8214019616185,22.893680132183
220341.85931144,25.7468625790572,22.8210447044756
220401.865264411,25.7668349483221,22.8432272668964
220461.871217383,25.7824575451341,22.8552235620987
220521.877170354,25.825627352261,22.8915822015992
220581.883123326,25.7510480540865,22.8180507722609
220641.889076297,25.7957580797694,22.864556682953
220701.895029269,25.7617043548603,22.8349156142774
220761.90098224,25.7467311831102,22.8256209165759
220821.906935212,25.7860601121165,22.8657864374428
220881.912888183,25.7420618543305,22.8217237801393
220941.918841155,25.7860105599575,22.8652951018127
221001.924794126,25.7317935199413,22.8098582730377
221061.930747098,25.8081951007139,22.8825409397561
221121.936700069,25.7561522079228,22.8245712290256
221181.942653041,25.7173622009026,22.7815471372102
221241.948606013,25.7456153325991,22.8057630438743
221301.954558984,25.7926624149092,22.8458260376766
221361.960511956,25.8147740752186,22.8619479093403
221421.966464927,25.8118398072591,22.8651450774768
221481.972417899,25.7692649968962,22.8329137270046
221541.97837087,25.7710925937728,22.8379536948497
221601.984323842,25.771163479306,22.840084115945
221661.990276813,25.765281701247,22.8353632666671
221721.996229785,25.7986220648242,22.8696135926818
221782.002182756,25.6865855323507,22.7558958256005
221842.008135728,25.676054136791,22.7413360225924
221902.014088699,25.8128017537631,22.8774483624111
221962.020041671,25.8744359048336,22.9389448144446
222022.025994642,25.7742806937786,22.8372999728172
222082.031947614,25.7184066849201,22.778618056846
222142.037900585,25.8145681554049,22.8694491250915
222202.043853557,25.7094604671246,22.759402710653
222262.049806528,25.8983007455002,22.9512732400662
222322.0557595,25.7363279251084,22.7937721534624
222382.061712471,25.7802020224424,22.8366408796843
222442.067665443,25.8463425547979,22.9000812317084
222502.073618415,25.9417542765633,23.0001149795398
222562.079571386,25.7005817015907,22.7660729858635
222622.085524358,25.7965016077365,22.8612473707602
222682.091477329,25.7655001966346,22.8275149970148
222742.097430301,25.7913272830625,22.8534588655531
222802.103383272,25.8759112155974,22.938467082344
222862.109336244,25.791850225847,22.8533985036123
222922.115289215,25.8644386749018,22.9230670335645
222982.121242187,25.8144982190171,22.8676749785842
223042.127195158,25.7933036951755,22.8393719263321
223102.13314813,25.8320835584326,22.8732305870792
223162.139101101,25.8134127093111,22.8517208691096
223222.145054073,25.7624614600481,22.8062088783359
223282.151007044,25.8014995772615,22.8536441890145
223342.156960016,25.8004476676442,22.8512024254915
223402.162912987,25.8221944809239,22.8695246317085
223462.168865959,25.8814088988421,22.9324813036662
223522.17481893,25.9015182829527,22.9583121455212
223582.180771902,25.8215589760429,22.8779044074098
223642.186724874,25.8364915110281,22.8911292183488
223702.192677845,25.8793014388956,22.9374007859153
223762.198630817,25.7208458526028,22.7841228163793
223822.204583788,25.8334451484078,22.8979325593934
223882.21053676,25.9029338765565,22.9684833053764
223942.216489731,25.8558786760925,22.9197412982247
224002.222442703,25.8009615968072,22.861367686623
224062.228395674,25.7090070008515,22.771081264388
224122.234348646,25.7937542492673,22.8581327956139
224182.240301617,25.823115548167,22.8847305292046
224242.246254589,25.8955901724608,22.9518725758613
224302.25220756,25.8963638846477,22.9553256470869
224362.258160532,25.8529803820586,22.9159962565192
224422.264113503,25.8007285822953,22.8581957943864
224482.270066475,25.8227495542359,22.8701982909515
224542.276019446,25.7896513384695,22.8408317125184
224602.281972418,25.7804895494653,22.8376490466542
224662.287925389,25.8695020189382,22.9236106675542
224722.293878361,25.9250475725251,22.9731028590889
224782.299831332,25.8920811747664,22.9465897476669
224842.305784304,25.8173590825097,22.8821193267377
224902.311737276,25.8863701756083,22.9457334730955
224962.317690247,25.8592040714518,22.9085179766771
225022.323643219,25.7733185823724,22.8255700350886
225082.32959619,25.9201928588236,22.9779154470325
225142.335549162,25.8226589423756,22.8832753558609
225202.341502133,25.9257029418649,22.9888571534822
225262.347455105,25.8153037621879,22.882901494456
225322.353408076,25.7836975090423,22.8573014332703
225382.359361048,25.8542194070236,22.9343860081438
225442.365314019,25.8426109773361,22.9281848454863
225502.371266991,25.914324013017,22.998299523647
225562.377219962,25.8239733797627,22.9045306090694
225622.383172934,25.809650930647,22.8910386589679
225682.389125905,25.8561877120644,22.938547879605
225742.395078877,25.8327828023869,22.919285811996
225802.401031848,25.8614890102969,22.9541565321746
225862.40698482,25.9150134028375,23.0067043264439
225922.412937791,25.8798295412336,22.9669551757451
225982.418890763,25.7893133291481,22.8690728249253
226042.424843735,25.7561031803629,22.8289120190089
226102.430796706,25.8920975303474,22.9683960332306
226162.436749678,25.8187379930487,22.9004377111704
226222.442702649,25.8710388461308,22.9536419256437
226282.448655621,25.9439050083893,23.0271109982706
226342.454608592,25.8487841424023,22.9353156737034
226402.460561564,25.7912129817594,22.884373311538
226462.466514535,25.884661794782,22.9831676003753
226522.472467507,25.8406305458081,22.9446439050885
226582.478420478,25.7169097588218,22.8290948583842
226642.48437345,25.9086364350218,23.0280919933402
226702.490326421,25.7839225399807,22.9027611379146
226762.496279393,25.8158896937696,22.9330151265605
226822.502232364,25.7893514309405,22.9083347103955
226882.508185336,25.7366324086626,22.8598137400454
226942.514138307,25.7527222225154,22.8830511768463
227002.520091279,25.8407685136906,22.9794187085088
227062.52604425,25.7744664128679,22.9161136353898
227122.531997222,25.8947496718674,23.0384241562088
227182.537950194,25.7887288978692,22.9344462866279
227242.543903165,25.7545333767758,22.9024499321837
227302.549856137,25.7965291469055,22.949597203937
227362.555809108,25.708847371909,22.8675329066796
227422.56176208,25.7499086361697,22.9057941177605
227482.567715051,25.6686214998912,22.8187780185132
227542.573668023,25.8276591977032,22.976964623397
227602.579620994,25.8003263392734,22.949301168718
227662.585573966,25.7212513765527,22.8682963428333
227722.591526937,25.8115375554823,22.955557417555
227782.597479909,25.7955084203082,22.9368933236642
227842.60343288,25.7958631688858,22.9355078452775
227902.609385852,25.7653364154879,22.9073983997852
227962.615338823,25.8239871703773,22.9697208261898
228022.621291795,25.7882641739655,22.9314445948786
228082.627244766,25.8305685978781,22.9691340728289
228142.633197738,25.7936155158776,22.9346124746027
228202.639150709,25.7449386665616,22.8898063158679
228262.645103681,25.7486400283061,22.8932231877179
228322.651056652,25.7928237754037,22.9355582155692
228382.657009624,25.7842911204873,22.9244726025547
228442.662962596,25.722991988216,22.8595932793231
228502.668915567,25.8300460017735,22.9617598869352
228562.674868539,25.8684460489854,22.9960921361718
228622.68082151,25.8142615760225,22.9474059226623
228682.686774482,25.7925949496438,22.9345231014626
228742.692727453,25.9095694365897,23.0493050591588
228802.698680425,25.8256745919621,22.9600622971861
228862.704633396,25.8777235793277,23.0093539560421
228922.710586368,25.7555849350126,22.8857017265119
228982.716539339,25.8094490378724,22.9412105230642
229042.722492311,25.7579574173095,22.8930784103443
229102.728445282,25.8567991182123,22.9942176248526
229162.734398254,25.8155917055642,22.9554087734357
229222.740351225,25.8597227086126,23.0048826397079
229282.746304197,25.8536062701483,23.0062185484661
229342.752257168,25.8357865291507,22.9944342155708
229402.75821014,25.8064993658277,22.969261222874
229462.764163111,25.7881627588892,22.9468191043874
229522.770116083,25.7869690232109,22.9388865434419
229582.776069054,25.8433314826659,22.9970697668338
229642.782022026,25.7748970325996,22.9318739619282
229702.787974998,25.74417980753,22.9002729513089
229762.793927969,25.819982046322,22.9744897637888
229822.799880941,25.7855201177158,22.9402582952217
229882.805833912,25.8085532753585,22.9637121707491
229942.811786884,25.7574728128349,22.9104081236371
230002.817739855,25.8541698940178,23.0035037449005
230062.823692827,25.799986742591,22.9494871210546
230122.829645798,25.8073870113575,22.9573443790532
230182.83559877,25.8308053984743,22.9811475343528
230242.841551741,25.8384768385818,22.9892657210985
230302.847504713,25.8146340700373,22.9667379241932
230362.853457684,25.7554191389116,22.9102012662324
230422.859410656,25.7918963077386,22.9519922804542
230482.865363627,25.7756339092399,22.9412659736616
230542.871316599,25.855056336163,23.0137149081586
230602.87726957,25.8262395105341,22.9735114443831
230662.883222542,25.7965528247743,22.9474721141208
230722.889175513,25.7478547683843,22.9050288540233
230782.895128485,25.778926610732,22.9305117667355
230842.901081456,25.8987548473188,23.0410032181282
230902.907034428,25.8344171412298,22.9782627679271
230962.9129874,25.8827812040351,23.0294052393263
231022.918940371,25.8237335701277,22.9665897743888
231082.924893343,25.7811558160126,22.9176694402138
231142.930846314,25.8324106535902,22.9693401453683
231202.936799286,25.9127076244872,23.0503480855007
231262.942752257,25.9853770064084,23.1207749971848
231322.948705229,25.6986969842124,22.8302320320429
231382.9546582,25.8743373749454,23.0068967744929
231442.960611172,25.8604668409788,22.9946121245302
231502.966564143,25.8251520996069,22.9540583300895
231562.972517115,25.7686284339609,22.885687761309
231622.978470086,25.8767200742218,22.9855597893991
231682.984423058,25.8785220107685,22.9816460578223
231742.990376029,25.859238941214,22.9616860437821
231802.996329001,25.7884515102726,22.890753389752
231863.002281972,25.8860525961435,22.9877549670147
231923.008234944,25.8903435769003,22.990961292958
231983.014187915,25.9113001345628,23.008186092183
232043.020140887,25.9120811749571,23.0048411173591
232103.026093858,25.9313838355638,23.0292812828479
232163.03204683,25.9223381061087,23.029409884405
232223.037999802,25.9020558572337,23.0119815651044
232283.043952773,25.8996268716472,23.0115123553208
232343.049905745,25.8794821139569,22.9946999484591
232403.055858716,25.8239551102872,22.9421471791094
232463.061811688,25.8151684985463,22.929332949068
232523.067764659,25.8435701744298,22.9510454133992
232583.073717631,25.8849345582848,22.9948656741547
232643.079670602,25.8542099679076,22.9680944839382
232703.085623574,25.8661392586662,22.9791292784821
232763.091576545,25.8588789231853,22.9681747667667
232823.097529517,25.8030963381846,22.9041020872116
232883.103482488,25.9149841224023,23.0060539232222
232943.10943546,25.8608102971845,22.9496800337665
233003.115388431,25.8255470775982,22.9135822126783
233063.121341403,25.8944942868914,22.9823324128261
233123.127294374,25.9161324202377,23.0039241275538
233183.133247346,25.8987136509755,22.9857957042475
233243.139200317,25.9308083453049,23.0164245601723
233303.145153289,25.8220748863072,22.9049575123394
233363.151106261,25.8673221056231,22.9462894282211
233423.157059232,25.7783790206327,22.8526069853936
233483.163012204,25.9473674053794,23.018042854728
233543.168965175,25.8414747211682,22.9131236596983
233603.174918147,25.8243296864606,22.897174150392
233663.180871118,25.8450595927169,22.917193719228
233723.18682409,25.986438586321,23.0569099354904
233783.192777061,25.9306472555509,23.0044589462661
233843.198730033,25.8441184520464,22.9227847619608
233903.204683004,25.9058208359732,22.9829556151374
233963.210635976,25.9771401948656,23.0487148983855
234023.216588947,25.8816046163397,22.9451750761612
234083.222541919,25.9166549400949,22.9731916417155
234143.22849489,25.9826854895909,23.044368358523
234203.234447862,25.9107273249541,22.9801657534399
234263.240400833,25.948462040919,23.0179503833877
234323.246353805,25.9366160583796,23.0052918611884
234383.252306776,25.9407485894094,23.0108999653465
234443.258259748,25.9731519116299,23.0451294605097
234503.26421272,25.9927471140778,23.0624409692273
234563.270165691,25.9395853811672,23.0050740526507
234623.276118663,25.9332269248209,23.0010012418253
234683.282071634,25.91633215243,22.9873184677667
234743.288024606,25.8821978615399,22.9523746062975
234803.293977577,25.8854561876855,22.9521923343135
234863.299930549,25.9820551500838,23.0459075031
234923.30588352,26.034785033081,23.0955319648148
234983.311836492,25.9753789904043,23.0319184934441
235043.317789463,25.9754902984932,23.0289404046667
235103.323742435,25.8924777696867,22.9495773425039
235163.329695406,25.9140397661082,22.9763642182892
235223.335648378,25.892965939686,22.954725442689
235283.341601349,25.9644900031297,23.022573253013
235343.347554321,25.930888021663,22.9824320018729
235403.353507292,25.9379381092124,22.9816529890971
235463.359460264,25.9903905812919,23.0305000817803
235523.365413235,26.0620341845386,23.1006532113105
235583.371366207,25.9050132619165,22.9464127185906
235643.377319178,26.0442673289886,23.0893707396326
235703.38327215,25.993282856771,23.0375360895883
235763.389225122,25.90777186999,22.949881251951
235823.395178093,25.9541315688128,22.9999055180519
235883.401131065,25.9211586233721,22.9730663280789
235943.407084036,25.9136068234988,22.969187511375
236003.413037008,26.0705521672621,23.1287432236537
236063.418989979,26.0274827809712,23.0833279932133
236123.424942951,25.9002363174993,22.9517270532363
236183.430895922,26.0223158930185,23.0770509899098
236243.436848894,25.953974447466,23.0146700487393
236303.442801865,25.9821685044662,23.0472637888062
236363.448754837,25.9679533416478,23.0371636987341
236423.454707808,25.9435219520598,23.0176673910748
236483.46066078,26.0042042303428,23.0824024910828
236543.466613751,25.924575962225,23.0028651788496
236603.472566723,25.9611001156889,23.0378737948049
236663.478519694,25.9723192030934,23.0464809315722
236723.484472666,26.006364061901,23.0782709038465
236783.490425637,26.0449549863132,23.1202272705288
236843.496378609,25.9302143752321,23.0113504524888
236903.502331581,25.9584109156576,23.0435805542098
236963.508284552,25.9659252704009,23.0539951895069
237023.514237524,25.984506515368,23.0736214799224
237083.520190495,25.9203345311233,23.0104440525237
237143.526143467,25.947184976548,23.0398119107899
237203.532096438,26.0186278787858,23.1145878066139
237263.53804941,25.9522633377813,23.0490011964743
237323.544002381,25.8216834181497,22.9185989938011
237383.549955353,25.9208073973601,23.0145907812998
237443.555908324,25.882990128518,22.9723966465296
237503.561861296,25.9950543820392,23.0861733191265
237563.567814267,25.9370502484896,23.0304625532119
237623.573767239,25.9662358405417,23.0588768845529
237683.57972021,25.9366592128459,23.02601709445
237743.585673182,25.9519610223469,23.0379108271011
237803.591626153,25.9896119327024,23.0727676771857
237863.597579125,26.0103774211888,23.0935153492911
237923.603532096,26.0278160811816,23.1115426844782
237983.609485068,26.0180572392735,23.103084768564
238043.61543804,25.9857722121408,23.0722358584975
238103.621391011,25.9182796710617,23.0018486831885
238163.627343983,26.0664745402343,23.1443188642552
238223.633296954,25.970287461718,23.0479721528969
238283.639249926,25.9684147835712,23.0463508033364
238343.645202897,25.9355255008781,23.0085907435693
238403.651155869,26.0622726226955,23.1287784912053
238463.65710884,26.029450163271,23.0976184390803
238523.663061812,25.9554457425523,23.0269077112533
238583.669014783,26.0682697643776,23.1475402039797
238643.674967755,25.9130044111237,23.0011427829817
238703.680920726,26.0403898703847,23.1290852863225
238763.686873698,26.0047896414149,23.0929746058975
238823.692826669,25.9972496218775,23.0831795911376
238883.698779641,26.0506528096374,23.1340715225724
238943.704732612,25.9276918115077,23.0167081149951
239003.710685584,25.968351103569,23.0679268861089
239063.716638555,25.9310093367405,23.0372195710312
239123.722591527,25.9347258699427,23.0452542797587
239183.728544498,25.9600612192395,23.0671296245457
239243.73449747,25.9634474633917,23.0647736945263
239303.740450442,25.9537826185505,23.0589520060512
239363.746403413,25.9117454182692,23.0234920659528
239423.752356385,25.9622787657632,23.0762274579252
239483.758309356,25.9558646594889,23.0713041082078
239543.764262328,26.0604597792666,23.1774252546872
239603.770215299,26.0116240927419,23.1297797437212
239663.776168271,25.9968080715477,23.1135977558346
239723.782121242,26.0267679509869,23.1411674558879
239783.788074214,25.953969445182,23.0712105890907
239843.794027185,26.0513114138178,23.1727276559752
239903.799980157,25.9887819144478,23.1103275370175
239963.805933128,26.0520198555973,23.1727098746983
240023.8118861,25.979433411184,23.0977701735609
240083.817839071,26.0054375765831,23.1205111628913
240143.823792043,25.9477712335075,23.0614303115725
240203.829745014,25.9467810520436,23.0596226944845
240263.835697986,26.0366745685815,23.1488703762924
240323.841650957,26.0334243294082,23.1454405446021
240383.847603929,26.0143108023906,23.1303149942196
240443.8535569,25.947136442858,23.0689248656159
240503.859509872,26.0894991198703,23.2074340583147
240563.865462844,25.9915902495822,23.1015576951193
240623.871415815,26.0296407813494,23.136907164388
240683.877368787,25.9996745351747,23.1053497339877
240743.883321758,25.9336144431717,23.0378452349176
240803.88927473,26.040266622167,23.1433883746086
240863.895227701,26.0468020105456,23.1489920707125
240923.901180673,26.0124593284677,23.1142885725573
240983.907133644,25.995934653513,23.0990085914616
241043.913086616,26.0804726829102,23.185079513296
241103.919039587,25.9400233967596,23.0424585934752
241163.924992559,25.9731037894122,23.0718092006055
241223.93094553,26.0135114673597,23.1138837289714
241283.936898502,25.995408285239,23.0981047392741
241343.942851473,26.0248431124006,23.1244901080261
241403.948804445,26.0032205774879,23.0978078078583
241463.954757416,26.0390716254108,23.1354280032002
241523.960710388,26.0846777987824,23.1835862156215
241583.966663359,25.9737080241187,23.0697994865783
241643.972616331,25.9050392438748,22.9941773067395
241703.978569302,26.0496802799548,23.1328624267368
241763.984522274,26.1372205760203,23.2163127333496
241823.990475246,26.0573995465199,23.1380541859941
241883.996428217,26.008028966997,23.0916945657574
241944.002381189,26.0822286955031,23.1689336165964
242004.00833416,25.9180978697097,23.0082292434548
242064.014287132,26.077219612473,23.1716882063255
242124.020240103,25.8971832039142,22.9952176692729
242184.026193075,26.0512844582486,23.1476147011342
242244.032146046,25.9919037911909,23.0841467540149
242304.038099018,26.0179177945346,23.1082303954981
242364.044051989,25.985667832829,23.0741954581829
242424.050004961,26.0951446970354,23.1784403472325
242484.055957932,26.0949976415676,23.1731674407768
242544.061910904,26.0385140918859,23.118302373332
242604.067863875,26.1027059020352,23.184784561261
242664.073816847,26.0717571484699,23.1533924733208
242724.079769818,26.0269812188853,23.1075508186413
242784.08572279,26.0685019815325,23.1509279020592
242844.091675762,26.0465829236905,23.1315462934016
242904.097628733,26.023434573046,23.1075250989587
242964.103581704,26.0618038101561,23.1431600979083
243024.109534676,26.0490204790513,23.1286345506167
243084.115487648,25.9863995882882,23.0643948315137
243144.121440619,26.122839787432,23.1984914274893
243204.127393591,25.9466042177052,23.0206035670602
243264.133346562,26.0658729970462,23.1462873759054
243324.139299534,26.0421800538375,23.1319549941425
243384.145252505,25.9604989604636,23.0459148869787
243444.151205477,26.123376087938,23.2015660177833
243504.157158448,26.0402384274664,23.1225687580833
243564.16311142,26.0881932160789,23.1766381340301
243624.169064391,26.1114623797966,23.1999322164058
243684.175017363,26.0109833185324,23.0980823028546
243744.180970334,26.1494476563063,23.2343659396597
243804.186923306,26.0845520329224,23.1674169533186
243864.192876277,26.1427558878126,23.2259010346819
243924.198829249,26.0426778048852,23.126283697538
243984.20478222,26.0127049424874,23.0932297817201
244044.210735192,26.0528247875061,23.1267516277458
244104.216688164,26.1280755955031,23.1963196902058
244164.222641135,26.0942545611108,23.1587581254555
244224.228594107,26.2040869691716,23.2697577750017
244284.234547078,25.9596945528526,23.0267555784712
244344.24050005,26.0452648565979,23.1094308884196
244404.246453021,26.1103383945541,23.169648337899
244464.252405993,26.1413531532879,23.2026629869898
244524.258358964,26.1027245770566,23.1667421667234
244584.264311936,26.0075844873473,23.0668367574867
244644.270264907,26.1418515356652,23.1934171281921
244704.276217879,26.132307936006,23.1854658391687
244764.28217085,26.0762988900203,23.1318684674197
244824.288123822,26.0529969525556,23.1101126424905
244884.294076793,26.0606345437364,23.1191946532512
244944.300029765,26.1038646810722,23.1643807599567
245004.305982736,26.1443645926223,23.2074781393567
245064.311935708,26.1211696808364,23.1888469680913
245124.317888679,26.0251927112419,23.0974057698076
245184.323841651,26.0380162372297,23.1085363844843
245244.329794622,26.0133224769185,23.0807625136733
245304.335747594,26.0863988674383,23.1579196509518
245364.341700566,26.0939417774339,23.1725724596313
245424.347653537,26.0734304910682,23.1562393394469
245484.353606509,26.1519946534875,23.237565503315
245544.35955948,26.017287380527,23.1017894148376
245604.365512452,26.0718401013652,23.1531747039658
245664.371465423,26.1089614390251,23.187894430415
245724.377418395,26.0763620830544,23.1538974115084
245784.383371366,26.0711051155668,23.1508159999767
245844.389324338,26.0413091380736,23.1239191699817
245904.395277309,26.0567454602783,23.1369869892196
245964.401230281,26.082377790961,23.1571343288995
246024.407183252,26.1524465176444,23.2242162776998
246084.413136224,26.0767444084545,23.147048929482
246144.419089195,26.1531790974419,23.2243842923124
246204.425042167,26.13932104813,23.2114748355937
246264.430995138,26.1205548872775,23.195058081107
246324.43694811,26.1181157459591,23.1956371571376
246384.442901081,26.1417192111566,23.2173483148386
246444.448854053,26.060248105916,23.1308158950859
246504.454807025,26.0887669987153,23.1553117980987
246564.460759996,26.1176942335217,23.1817130468663
246624.466712968,26.2029064130297,23.2678025534186
246684.472665939,26.1479279818194,23.2138379906477
246744.478618911,26.154572598463,23.2223850607434
246804.484571882,26.1777176395511,23.2480856767796
246864.490524854,26.1264667145625,23.1984082541587
246924.496477825,26.106174215287,23.1794032799803
246984.502430797,26.0932757296707,23.1654146220598
247044.508383768,26.1829243743677,23.2508100342787
247104.51433674,26.0829757584438,23.1435748476413
247164.520289711,26.0911222396403,23.1451889424242
247224.526242683,26.2103692320084,23.2681151035237
247284.532195654,26.091150642463,23.1540016496727
247344.538148626,26.0224768290388,23.0856315690235
247404.544101597,26.1640860896564,23.2259409585666
247464.550054569,26.1628071678493,23.2189430884606
247524.55600754,26.2065584754504,23.2561958114293
247584.561960512,26.1248778733475,23.180377651993
247644.567913484,26.1673962231441,23.2312979085098
247704.573866455,26.0855499552217,23.143894450385
247764.579819427,26.1678543241312,23.2173215932164
247824.585772398,26.1590999404878,23.2107886399106
247884.59172537,26.1328988644615,23.1876910409276
247944.597678341,26.1994603029122,23.2533878043363
248004.603631313,26.1563214679824,23.2080231352281
248064.609584284,26.1561372015238,23.2079076135075
248124.615537256,26.09732546238,23.1494178279728
248184.621490227,26.2156265702449,23.2673277864793
248244.627443199,26.1223884452996,23.1738054912477
248304.63339617,26.0295241937396,23.0858534178312
248364.639349142,26.1541828990946,23.2179029242523
248424.645302113,26.0802597128995,23.1460476847096
248484.651255085,26.0987671791205,23.1658798974106
248544.657208056,26.1762198007416,23.2425514457465
248604.663161028,26.1992856466189,23.2638908000698
248664.669113999,26.1783750896378,23.2433562943165
248724.675066971,26.1476471437457,23.213283675688
248784.681019942,26.1726863475412,23.2407654165719
248844.686972914,26.1541312825181,23.2254350287539
248904.692925886,26.1708706638831,23.2369508789204
248964.698878857,26.0824734330672,23.1404419328827
249024.704831829,26.1562680882775,23.2151936419994
249084.7107848,26.1217313418469,23.1819081843832
249144.716737772,26.1305109423892,23.1859560490689
249204.722690743,26.1851608918448,23.2331662085019
249264.728643715,26.122718898079,23.1761794973118
249324.734596686,26.1739662563245,23.2374757504037
249384.740549658,26.0903868316801,23.1602304143674
249444.746502629,26.1816957311597,23.2564475496242
249504.752455601,26.1160155299081,23.194205131155
249564.758408572,26.1711195489623,23.2516215727386
249624.764361544,26.1222141183771,23.1991549922008
249684.770314515,26.1937432308596,23.2631759840218
249744.776267487,26.1389176351462,23.2045393291345
249804.782220458,26.1196614651512,23.1834492391219
249864.78817343,26.130292877432,23.1959517422119
249924.794126401,26.0882476920505,23.1573027329481
249984.800079373,26.1364904596921,23.2103250272735
250044.806032344,26.1744434472929,23.2547763516455
250104.811985316,26.1029762628297,23.1917835161141
250164.817938288,26.2204627210783,23.3162893695737
250224.823891259,26.0842585005928,23.1792099963526
250284.829844231,26.1234878802961,23.2145843849115
250344.835797202,26.1710958607663,23.2553551114209
250404.841750174,26.1575900429398,23.2324466253323
250464.847703145,26.221654869067,23.2886432064489
250524.853656117,26.0867909474557,23.1470564991187
250584.859609088,26.1755991739446,23.2307314538362
250644.86556206,26.1867109387911,23.2390678674618
250704.871515031,26.1529491791292,23.2079284420888
250764.877468003,26.1603706273369,23.2191000306681
250824.883420974,26.1167075964256,23.1770482399471
250884.889373946,26.1392736970048,23.2010129434639
250944.895326917,26.1657653204837,23.2300663031726
251004.901279889,26.1884409478207,23.255455288401
251064.90723286,26.2702842128583,23.3384272606827
251124.913185832,26.1257767388379,23.1948758898779
251184.919138803,26.2467711904621,23.3142568461472
251244.925091775,26.3055060570119,23.3702351977975
251304.931044747,26.2553638904007,23.3239990764683
251364.936997718,26.244929175569,23.3204546825498
251424.94295069,26.2001593111076,23.2795792433253
251484.948903661,26.1117593561808,23.1946931740998
251544.954856633,26.14305544304,23.231913070244
251604.960809604,26.2376139276485,23.3316427482101
251664.966762576,26.1884584787055,23.2805643571906
251724.972715547,26.1244608548744,23.2134021128057
251784.978668519,26.1587583712617,23.2484462243111
251844.98462149,26.230394026215,23.3212006921433
251904.990574462,26.138665321119,23.2329748391243
251964.996527433,26.1118944264474,23.2104615461288
252025.002480405,26.1565640463886,23.2526105528142
252085.008433376,26.1610455675634,23.2530602268551
252145.014386348,26.2364280473019,23.3321433508174
252205.020339319,26.1992424558799,23.3019975728324
252265.026292291,26.13546581794,23.2428774665352
252325.032245262,26.2418884282525,23.3536560512996
252385.038198234,26.0553189759854,23.1732774765219
252445.044151205,26.1657737496846,23.2887031096195
252505.050104177,26.1694694798201,23.2924850956267
252565.056057149,26.1211543928174,23.2440032145524
252625.06201012,26.1576987915028,23.2834260887558
252685.067963092,26.1234440788702,23.2531530845962
252745.073916063,26.1263625515352,23.2545791233418
252805.079869035,26.1438345504054,23.2695435572646
252865.085822006,26.1565954713536,23.289638588716
252925.091774978,26.1721904739696,23.3203905077585
252985.097727949,26.1430756816378,23.3052281395781
253045.103680921,26.1005514313292,23.2727856699176
253105.109633892,26.1259688665886,23.2967742569083
253165.115586864,26.0440542219873,23.2113705838471
253225.121539835,26.1057426995336,23.2705376504312
253285.127492807,26.0671918270529,23.2296439552435
253345.133445778,26.1104658809194,23.2706833619728
253405.13939875,26.1277550282019,23.2858438361935
253465.145351721,26.2976218530049,23.4538725013361
253525.151304693,26.2291372267308,23.3833230781704
253585.157257664,26.1340632302381,23.2830499205434
253645.163210636,26.0814433567779,23.2255727965834
253705.169163608,26.1353292998497,23.2841063037825
253765.175116579,26.1061329087224,23.261586398623
253825.181069551,26.0944129261706,23.2505081494089
253885.187022522,26.0885042381537,23.2449990037293
253945.192975494,26.1828961569782,23.3384366000162
254005.198928465,26.1083956962393,23.2624075764388
254065.204881437,26.1735080917118,23.3288586373865
254125.210834408,26.046001496494,23.2042049916884
254185.21678738,26.1095206819569,23.2708877970741
254245.222740351,26.093614729895,23.2588940678469
254305.228693323,26.0399345794185,23.2109532104578
254365.234646294,26.0977013559263,23.2734528394076
254425.240599266,26.0975253316639,23.2715701172158
254485.246552237,26.0317692447177,23.2032388740106
254545.252505209,26.0769547495432,23.2517773383207
254605.25845818,26.1459091010217,23.3255887789417
254665.264411152,26.1038103018377,23.2810602233086
254725.270364123,26.0620761460931,23.2357272761276
254785.276317095,26.0669097858684,23.2474012854898
254845.282270066,26.0782728486758,23.2685313876386
254905.288223038,26.1466986736236,23.3363666964251
254965.29417601,26.0304845516263,23.2191311243831
255025.300128981,26.0917956961603,23.2811756673907
255085.306081953,26.2009490409447,23.3914976643257
255145.312034924,25.9976756982996,23.1847062004302
255205.317987896,26.1340971606355,23.3161589258923
255265.323940867,26.1477796958747,23.3298902292076
255325.329893839,26.0084258578495,23.1910963710517
255385.33584681,26.0432263530357,23.2269182727179
255445.341799782,26.0814774305119,23.2660751833361
255505.347752753,26.1640665308251,23.3466861562722
255565.353705725,26.1061438073842,23.2839411861413
255625.359658696,26.0566423120453,23.2266360417439
255685.365611668,26.0745442929759,23.2348046855227
255745.371564639,26.1026562914001,23.2552898442732
255805.377517611,26.1714802677179,23.3192598070561
255865.383470582,25.9947473098619,23.1466964747427
255925.389423554,26.0121681097045,23.1714972030041
255985.395376525,26.018045639248,23.1805776364548
256045.401329497,26.0082927912454,23.1724982424119
256105.407282468,26.1223502740488,23.2863185488964
256165.41323544,26.0879402073047,23.2515759160209
256225.419188412,26.1828075901657,23.3466425722579
256285.425141383,26.2078660467969,23.3724619663107
256345.431094355,26.0790249713446,23.2496172147402
256405.437047326,26.0625509962848,23.2422804327983
256465.443000298,26.1439853608032,23.3271624204954
256525.448953269,26.0779917235484,23.2628450785515
256585.454906241,26.0867169169542,23.2700336701073
256645.460859212,26.0914749910815,23.2707973901281
256705.466812184,26.1280727274269,23.2988824290537
256765.472765155,26.1286299913015,23.288218086706
256825.478718127,26.0747613113682,23.2277885487462
256885.484671098,26.0836761883141,23.2318018283514
256945.49062407,26.1155519708809,23.2595037275733
257005.496577041,26.1235071014385,23.2649024917902
257065.502530013,26.0882751659746,23.23738823598
257125.508482984,26.0707780354478,23.2332966415166
257185.514435956,26.1843076008842,23.3525832912179
257245.520388927,26.0949420168267,23.2662461947212
257305.526341899,26.1283697149055,23.2956654408415
257365.53229487,26.0774273681754,23.2390143435515
257425.538247842,26.1523987619724,23.3150442221838
257485.544200814,26.0431376914015,23.2086091298938
257545.550153785,26.0468341496777,23.2165160172319
257605.556106757,26.116566669686,23.2904754403705
257665.562059728,26.0728464776453,23.2482084487175
257725.5680127,26.0866172281968,23.2626628458262
257785.573965671,26.0725668042296,23.2469556019903
257845.579918643,26.1540712999759,23.3261280823301
257905.585871614,26.000846707796,23.1736977232307
257965.591824586,26.1674927805787,23.3415184761389
258025.597777557,26.0552914209391,23.2244768408713
258085.603730529,26.1837598947799,23.3460830327564
258145.6096835,26.0322825916841,23.1988006698382
258205.615636472,26.087167688814,23.2621355968985
258265.621589443,26.1059844721542,23.2865831563672
258325.627542415,26.0979037606226,23.2831546819912
258385.633495386,26.097311913553,23.2864975107614
258445.639448358,26.0825574470299,23.2741756797692
258505.64540133,26.0050293096399,23.1936135117192
258565.651354301,25.9775994528736,23.1596482614436
258625.657307273,26.1227412765126,23.2980529613857
258685.663260244,26.0464279511864,23.2168073360997
258745.669213216,26.1377429026574,23.3096890782355
258805.675166187,26.0943426164395,23.2685022901233
258865.681119159,26.1816827683207,23.3548196624564
258925.68707213,26.0535686703981,23.2237767778292
258985.693025102,26.1516230685329,23.317286944511
259045.698978073,25.973142349805,23.133395113886
259105.704931045,26.0181977702318,23.1752884125935
259165.710884016,26.1682210665507,23.3225448680874
259225.716836988,26.1430949693877,23.2925919207155
259285.722789959,26.1366852693935,23.2823852712869
259345.728742931,26.1978753636241,23.3441474538977
259405.734695902,26.0690703073359,23.2160552691537
259465.740648874,26.2579421908839,23.4051343287164
259525.746601845,26.1007762714734,23.2480585612445
259585.752554817,26.2246639634838,23.3772411672514
259645.758507789,26.1105064225337,23.270382682362
259705.76446076,26.0774763038975,23.2345344711054
259765.770413732,26.1045225857713,23.2555489673591
259825.776366703,26.1484167378618,23.2958016902185
259885.782319675,26.1285151582922,23.2721522133825
259945.788272646,26.1283218259191,23.2650432461065
260005.794225618,26.1793297912196,23.3074087851788
260065.800178589,26.0620408459213,23.1813787501339
260125.806131561,26.2089824903937,23.3223861228179
260185.812084532,26.1026908250012,23.2205568843344
260245.818037504,26.1539811071783,23.2779674251649
260305.823990475,26.1692606010554,23.2936560004855
260365.829943447,26.1893449692,23.3140035709917
260425.835896418,26.1971107424719,23.3165728376801
260485.84184939,26.1563893681185,23.2685041047156
260545.847802361,26.2358055532786,23.3562424653348
260605.853755333,26.1888819729517,23.3238783944056
260665.859708304,26.0322188026619,23.1743447996879
260725.865661276,26.0810549492235,23.2271704334767
260785.871614247,26.1523009160516,23.2974127621565
260845.877567219,26.2057977527694,23.3477513608033
260905.883520191,26.1588741870603,23.293718272209
260965.889473162,26.1545744334348,23.2789150127662
261025.895426134,26.18729191171,23.301287204149
261085.901379105,26.2100020581444,23.3168712450849
261145.907332077,26.1900706127921,23.2972711628668
261205.913285048,26.1325943809913,23.2403008949944
261265.91923802,26.1326030975959,23.2471622116597
261325.925190991,26.134533742117,23.2583767023012
261385.931143963,26.1134794836124,23.2340673879374
261445.937096934,26.1476586128052,23.2633898944835
261505.943049906,26.1650397593977,23.2843960153398
261565.949002877,26.1423794320153,23.2666983711436
261625.954955849,26.0965667050658,23.2201214182727
261685.96090882,26.2236709487323,23.3458626773119
261745.966861792,26.2300649163049,23.3592424167092
261805.972814763,26.1477408811924,23.2864136276246
261865.978767735,26.1123266048612,23.2510521700029
261925.984720706,26.1612515428423,23.2997114895825
261985.990673678,26.1512729825154,23.2902802409086
262045.996626649,26.154207001805,23.2938300289298
262106.002579621,26.1498428877516,23.290530113331
262166.008532593,26.2224155435666,23.3643505042592
262226.014485564,26.2762789898073,23.4099553373501
262286.020438536,26.1145565922509,23.2342813580406
262346.026391507,26.148682395861,23.2641799492185
262406.032344479,26.2279553480619,23.3415616923574
262466.03829745,26.2284785503676,23.3420518707666
262526.044250422,26.2336730372945,23.3476845720579
262586.050203393,26.2046574611958,23.3199205702931
262646.056156365,26.2259071466027,23.3427968458536
262706.062109336,26.0761042260326,23.1943291274626
262766.068062308,26.2301221723198,23.3494714072561
262826.074015279,26.171075518447,23.2883107572938
262886.079968251,26.2290638406175,23.3418956642288
262946.085921222,26.2955224667916,23.4069432640674
263006.091874194,26.1339513411984,23.2441597282481
263066.097827165,26.2012799222063,23.3079870128461
263126.103780137,26.1816721818351,23.2830307235726
263186.109733108,26.2828077186453,23.3769763803984
263246.11568608,26.2833162450026,23.3714472526496
263306.121639051,26.1875557514355,23.2752017329636
263366.127592023,26.2047382405052,23.292298693102
263426.133544995,26.2905376198585,23.375102458503
263486.139497966,26.180831483831,23.2623335978465
263546.145450938,26.2830632041242,23.3680746506967
263606.151403909,26.2267639685848,23.3178044059057
263666.157356881,26.1553165299448,23.2511054700413
263726.163309852,26.2694649185136,23.3686043137279
263786.169262824,26.1703151695827,23.2651329201847
263846.175215795,26.1774983058415,23.266083116736
263906.181168767,26.2008261264903,23.2902291849689
263966.187121738,26.1791631465588,23.2696293439098
264026.19307471,26.1827173123947,23.2777188490932
264086.199027681,26.2696006014028,23.3714005926845
264146.204980653,26.3006011259173,23.4057861967615
264206.210933624,26.2006757622062,23.3079574152916
264266.216886596,26.1247455041899,23.2295992256956
264326.222839567,26.2155416330959,23.3146499578072
264386.228792539,26.2345414230256,23.3286554723119
264446.23474551,26.2643875022109,23.3543612456385
264506.240698482,26.2161247391662,23.3045494638057
264566.246651453,26.2290108023206,23.316622016753
264626.252604425,26.2050320603052,23.2922154415452
264686.258557397,26.2586037270356,23.3452950044222
264746.264510368,26.206876119815,23.2912122376535
264806.27046334,26.216037274035,23.2963514562146
264866.276416311,26.2546986816563,23.329177725374
264926.282369283,26.2535263658632,23.3236120688717
264986.288322254,26.2354311866204,23.3116591884441
265046.294275226,26.2430134914141,23.3273296055698
265106.300228197,26.2162411609034,23.2954899636475
265166.306181169,26.2411548379418,23.313051856394
265226.31213414,26.2187554377549,23.2941380030832
265286.318087112,26.1997610299997,23.2797386866162
265346.324040083,26.2489563208176,23.3256173139544
265406.329993055,26.2621867232214,23.3315678054524
265466.335946026,26.2908628449792,23.356300039269
265526.341898998,26.2541512471096,23.3162101596896
265586.347851969,26.3071045145255,23.3652134247971
265646.353804941,26.242460919896,23.2968458071334
265706.359757913,26.2397316428866,23.2919011538667
265766.365710884,26.2930118993399,23.3428326433218
265826.371663856,26.3694579685284,23.4120271876813
265886.377616827,26.2442167870675,23.2778407356132
265946.383569799,26.3112816929188,23.3398216370859
266006.38952277,26.3450786465969,23.3712616113719
266066.395475742,26.2873235216702,23.3186662867742
266126.401428713,26.2422342710911,23.2801226947566
266186.407381685,26.3454478589655,23.3815153569939
266246.413334656,26.3166069912832,23.3496448850843
266306.419287628,26.3317618141917,23.3695270421865
266366.425240599,26.2689680279385,23.3127604455464
266426.431193571,26.261055727974,23.3057673271897
266486.437146542,26.2780639813182,23.3231222429784
266546.443099514,26.3519492404237,23.3943032498965
266606.449052485,26.3737666083307,23.4108885174025
266666.455005457,26.3768548857497,23.4107598653096
266726.460958428,26.3370270732306,23.3682692019547
266786.4669114,26.2562486058718,23.2845995743055
266846.472864371,26.3689983059884,23.3957951884223
266906.478817343,26.3445425594774,23.3824512488998
266966.484770315,26.3144860964164,23.3670012150985
267026.490723286,26.3660244139191,23.4185482893909
267086.496676258,26.3378916824115,23.3885301885457
267146.502629229,26.336883007794,23.383372541487
267206.508582201,26.3986536657165,23.4407100779011
267266.514535172,26.3169630304881,23.3586172331313
267326.520488144,26.2706351329896,23.3122470656887
267386.526441115,26.3603382312417,23.3999090941498
267446.532394087,26.2753210392463,23.3117275410867
267506.538347058,26.4066799244029,23.440012394822
267566.54430003,26.3676354254883,23.3992860421717
267626.550253001,26.3544583592694,23.3884130601255
267686.556205973,26.4026391846657,23.440574696605
267746.562158944,26.3119612543642,23.3568535948757
267806.568111916,26.4206937299891,23.4734652493829
267866.574064887,26.2794123817785,23.3357621971524
267926.580017859,26.4327661564914,23.492162001985
267986.58597083,26.3059326596787,23.370510064481
268046.591923802,26.3488747570144,23.4179787884692
268106.597876774,26.2741288442718,23.3435474203696
268166.603829745,26.3043820792875,23.3737360192156
268226.609782717,26.3197225180033,23.3995132452081
268286.615735688,26.2899182484062,23.3838298161503
268346.62168866,26.3033644270172,23.3991493608469
268406.627641631,26.2255994071918,23.3229011398978
268466.633594603,26.3161218993784,23.4161369462698
268526.639547574,26.3192342247874,23.4230844089699
268586.645500546,26.3249721822177,23.4343193879867
268646.651453517,26.2582183452955,23.3723162400575
268706.657406489,26.2715272129436,23.3795940298978
268766.66335946,26.3021758271815,23.4017746414073
268826.669312432,26.2388495508981,23.344806003147
268886.675265403,26.2396135037173,23.3538689239548
268946.681218375,26.2607538962826,23.3720995558251
269006.687171346,26.2625090862264,23.3670918935612
269066.693124318,26.2994554432723,23.3985210755916
269126.699077289,26.2994754908032,23.3952112599289
269186.705030261,26.2680498241245,23.3677219995839
269246.710983232,26.2882175327709,23.3941568030723
269306.716936204,26.2746428144111,23.3847918617992
269366.722889176,26.3196845100419,23.4326831879737
269426.728842147,26.3555351417456,23.4674160931309
269486.734795119,26.3169674161833,23.4270116166334
269546.74074809,26.3518580073674,23.465272169879
269606.746701062,26.2224875473295,23.3409141482224
269666.752654033,26.2618454409291,23.382837046059
269726.758607005,26.190898632411,23.3135959166485
269786.764559976,26.2699244703667,23.3890063403435
269846.770512948,26.3144275079414,23.4283131888046
269906.776465919,26.372179266231,23.4866481862323
269966.782418891,26.3514001685916,23.4665486405518
270026.788371862,26.3343840643022,23.4467742531756
270086.794324834,26.2955877327025,23.4018860313901
270146.800277805,26.3422218060831,23.443666161573
270206.806230777,26.3358900775898,23.4329800446237
270266.812183748,26.3047325769621,23.3991478431154
270326.81813672,26.3131989132612,23.40508574742
270386.824089691,26.2267486892177,23.3126728672011
270446.830042663,26.277126905509,23.3581499940333
270506.835995634,26.2936565064292,23.3762142966037
270566.841948606,26.3261705497138,23.411656609405
270626.847901578,26.4308205229697,23.523246904694
270686.853854549,26.3117642790747,23.4111537014464
270746.859807521,26.2913769419828,23.3890421681439
270806.865760492,26.2991304284968,23.3942434387277
270866.871713464,26.266247148214,23.366424154512
270926.877666435,26.4050234817344,23.5118025721175
270986.883619407,26.373071255679,23.4761335739204
271046.889572378,26.3493332189011,23.4472000610902
271106.89552535,26.3392517122782,23.4421218730277
271166.901478321,26.399758602898,23.5092130880029
271226.907431293,26.3267444904707,23.4319685836253
271286.913384264,26.3341662416868,23.433612575027
271346.919337236,26.305458403979,23.4063330611066
271406.925290207,26.2937951734607,23.3965121894537
271466.931243179,26.4484721789975,23.5513736547566
271526.93719615,26.308572798983,23.4112055792599
271586.943149122,26.3756755620949,23.4745552242139
271646.949102093,26.3255531306552,23.4178469677797
271706.955055065,26.3473520894257,23.4344834747278
271766.961008037,26.4432552343192,23.5272654820452
271826.966961008,26.3558455392673,23.4427850359598
271886.97291398,26.3152105727468,23.4073130224573
271946.978866951,26.3178341243826,23.414237881905
272006.984819923,26.3799304062728,23.4793243546809
272066.990772894,26.3246116294842,23.4191329720134
272126.996725866,26.2869815638417,23.3749100515163
272187.002678837,26.4271912372602,23.5197627019224
272247.008631809,26.3725617656259,23.4719052126586
272307.01458478,26.3397112921226,23.440757350355
272367.020537752,26.2939660302995,23.3964652858674
272427.026490723,26.2886596029053,23.396803140072
272487.032443695,26.2882493755789,23.4023959288474
272547.038396666,26.396694571001,23.5107187008243
272607.044349638,26.2931113378609,23.4060456244554
272667.050302609,26.3300292133976,23.4405290496208
272727.056255581,26.2922566676565,23.4006867964443
272787.062208552,26.3218926118759,23.4319614507913
272847.068161524,26.3380833727274,23.4501506425778
272907.074114495,26.279918204714,23.3914758012824
272967.080067467,26.3605531692399,23.4702754557924
273027.086020439,26.3373137885691,23.4445912363287
273087.09197341,26.2950391728292,23.4005835479059
273147.097926382,26.2968215792254,23.4037864286587
273207.103879353,26.3824510395137,23.4910886534349
273267.109832325,26.3123457243447,23.4214631674047
273327.115785296,26.3811717165017,23.4904594779007
273387.121738268,26.3293722164599,23.4316436421455
273447.127691239,26.3037140181712,23.3967014122626
273507.133644211,26.4257365951823,23.5186655480533
273567.139597182,26.3546931534347,23.4480548397175
273627.145550154,26.4029957142822,23.497026091131
273687.151503125,26.4308855173551,23.5255868513632
273747.157456097,26.4030100088143,23.4964030314746
273807.163409068,26.3451373617232,23.4356922316813
273867.16936204,26.3686762807509,23.4576062848026
273927.175315011,26.4039569161844,23.4921742374354
273987.181267983,26.3513863819322,23.445544276067
274047.187220954,26.3646936428702,23.4663938643823
274107.193173926,26.2848727435205,23.3869937148252
274167.199126897,26.3511098257637,23.4534989083547
274227.205079869,26.428203963871,23.5323202298295
274287.211032841,26.2459763546991,23.3529752171015
274347.216985812,26.3725823954622,23.4823867090601
274407.222938784,26.4236995076398,23.5356297359924
274467.228891755,26.4282250864844,23.5369226247678
274527.234844727,26.3402680631824,23.4429573395409
274587.240797698,26.482090748155,23.5815576969956
274647.24675067,26.3522395895166,23.4501046030686
274707.252703641,26.4025357891587,23.504775937841
274767.258656613,26.4656322324475,23.5753185638116
274827.264609584,26.4687108148915,23.5829482370591
274887.270562556,26.3477807175077,23.4657699701954
274947.276515527,26.4076782029712,23.5293052526574
275007.282468499,26.3587132962903,23.4827493482245
275067.28842147,26.3118737018386,23.434657427548
275127.294374442,26.4017624995308,23.522798200458
275187.300327413,26.259508336701,23.3812586260293
275247.306280385,26.4041558226167,23.5272014338393
275307.312233356,26.3681820224828,23.49837255633
275367.318186328,26.3620899892939,23.5005839644099
275427.3241393,26.2874911657267,23.4236048649384
275487.330092271,26.2984958528846,23.4313656836381
275547.336045243,26.2807545803547,23.4151475381908
275607.341998214,26.2765154287202,23.4128263578573
275667.347951186,26.3630763563498,23.4977781687232
275727.353904157,26.323350218027,23.4558311344999
275787.359857129,26.3589432697527,23.4933083615898
275847.3658101,26.3239926307154,23.4606957107386
275907.371763072,26.3406696932505,23.4776463315489
275967.377716043,26.3375378741363,23.4747035161701
276027.383669015,26.2641587841979,23.4040338937063
276087.389621986,26.374800579026,23.5181905925967
276147.395574958,26.2599376459772,23.4040267290825
276207.401527929,26.2391417086334,23.3837660557649
276267.407480901,26.2543106022074,23.3973690777096
276327.413433872,26.4683439053801,23.6085007018126
276387.419386844,26.2810351401371,23.4200836741479
276447.425339815,26.2825663114998,23.4210680170619
276507.431292787,26.3680498127718,23.5066234742772
276567.437245758,26.3945009579055,23.5331635996854
276627.44319873,26.3806378073878,23.5135570304039
276687.449151702,26.3548179325771,23.4807204536944
276747.455104673,26.3552189024874,23.4830865146646
276807.461057645,26.3684782241605,23.4992137924607
276867.467010616,26.4655244367865,23.59762858177
276927.472963588,26.379374811344,23.5123737124095
276987.478916559,26.3098385885845,23.4411825881684
277047.484869531,26.4119107864534,23.5398844096275
277107.490822502,26.3931655210311,23.5188203717199
277167.496775474,26.3383546845107,23.4627306028596
277227.502728445,26.415922508932,23.5426452857408
277287.508681417,26.2946754085773,23.4242921003183
277347.514634388,26.3168407422497,23.4466860088072
277407.52058736,26.3231651439131,23.4529738464821
277467.526540331,26.4520158062095,23.5814240388117
277527.532493303,26.3576218511085,23.4860303121009
277587.538446274,26.4133223779514,23.5393482008253
277647.544399246,26.4102887509498,23.5330269912199
277707.550352217,26.3505632156632,23.4706947184294
277767.556305189,26.340307208849,23.4582108064452
277827.56225816,26.3775912942973,23.4942278355186
277887.568211132,26.3542812383982,23.46943563768
277947.574164104,26.4408803350617,23.5460623636803
278007.580117075,26.3717045632698,23.4654154304467
278067.586070047,26.400733522293,23.4933810260501
278127.592023018,26.3601497904352,23.4526514895065
278187.59797599,26.4496941835402,23.5487594239897
278247.603928961,26.4108048103292,23.5181528969203
278307.609881933,26.4157599092459,23.521350337551
278367.615834904,26.4082810617929,23.5111547402371
278427.621787876,26.4091171660926,23.5117593922324
278487.627740847,26.4288522590314,23.5316221013875
278547.633693819,26.3165434859188,23.4199051734449
278607.63964679,26.438651500381,23.5429539474509
278667.645599762,26.430871087399,23.5379208751436
278727.651552733,26.3947190122682,23.5046879476871
278787.657505705,26.4378065570832,23.5461425864272
278847.663458676,26.4275213026863,23.5336565950915
278907.669411648,26.3847924017366,23.492549044181
278967.67536462,26.380825547574,23.4905891774257
279027.681317591,26.4225237366127,23.5278744500849
279087.687270563,26.440667576422,23.5402638719254
279147.693223534,26.406179243802,23.508087717517
279207.699176506,26.338537683004,23.4436971820513
279267.705129477,26.3472753505998,23.4535192654329
279327.711082449,26.3275263390372,23.4347613748159
279387.71703542,26.3490873904811,23.4597262118748
279447.722988392,26.3411636256486,23.4553585624394
279507.728941363,26.388646563181,23.5032763835736
279567.734894335,26.4829862708934,23.5979621745423
279627.740847306,26.3171409125462,23.4288605623341
279687.746800278,26.4740425231232,23.5815961677273
279747.752753249,26.4723083540377,23.5877885383347
279807.758706221,26.3185078959145,23.4439611776607
279867.764659192,26.3318291029458,23.4568620370695
279927.770612164,26.3874262128858,23.5117233493556
279987.776565135,26.432418411379,23.5584286741982
280047.782518107,26.4439075730281,23.5719900314164
280107.788471078,26.3104624285219,23.438388479908
280167.79442405,26.3957586554562,23.5225641764397
280227.800377022,26.416256680775,23.5411018286109
280287.806329993,26.4304803582978,23.5524590657746
280347.812282965,26.3334913174162,23.4514924334844
280407.818235936,26.3954275709748,23.5106810222261
280467.824188908,26.3844702454883,23.5030555404278
280527.830141879,26.3896596710844,23.5124892771031
280587.836094851,26.4148753357537,23.5386781292539
280647.842047822,26.4229957467914,23.5475480935681
280707.848000794,26.3661656358875,23.4854171291803
280767.853953765,26.354695250451,23.4670781458384
280827.859906737,26.4056887544897,23.5208141213583
280887.865859708,26.3987570579834,23.5172168494765
280947.87181268,26.3976683914055,23.516670067321
281007.877765651,26.3858402442453,23.5052954953659
281067.883718623,26.4213398202488,23.5434912269517
281127.889671594,26.3390875230322,23.4664756660324
281187.895624566,26.3325377732516,23.4671877362255
281247.901577537,26.3347069911207,23.4757521287242
281307.907530509,26.4035554541333,23.5459320192415
281367.91348348,26.382458689398,23.5259784419202
281427.919436452,26.3963937429306,23.5464756772807
281487.925389424,26.3510226627071,23.508288290337
281547.931342395,26.3853117695159,23.5410336376357
281607.937295367,26.3630397415658,23.5144426969784
281667.943248338,26.3206547728159,23.4633638553092
281727.94920131,26.4823608383523,23.6163249330248
281787.955154281,26.4800589303269,23.6125598994153
281847.961107253,26.4186366319555,23.5500543977638
281907.967060224,26.4666716394942,23.5915053997747
281967.973013196,26.4489075517137,23.5672522582115
282027.978966167,26.415264711955,23.5373225201351
282087.984919139,26.4065283874611,23.5351732120988
282147.99087211,26.4529304254897,23.586440643478
282207.996825082,26.3904925643002,23.5284408593072
282268.002778053,26.3947397343923,23.5372863484033
282328.008731025,26.4135709238433,23.5591628264335
282388.014683996,26.453605967667,23.5945378023284
282448.020636968,26.3568928304971,23.4898082717713
282508.026589939,26.3196310745708,23.4481143748242
282568.032542911,26.3926699919735,23.5188731336002
282628.038495882,26.3491828921279,23.4759282236887
282688.044448854,26.4541027003568,23.5814619837783
282748.050401826,26.4543194909001,23.573043928097
282808.056354797,26.4158720294764,23.5236597629072
282868.062307769,26.3699334022833,23.4805634803479
282928.06826074,26.4061402714965,23.520284543394
282988.074213712,26.4216977456378,23.5316330265195
283048.080166683,26.4263911218722,23.5308553548739
283108.086119655,26.4041688051285,23.5142149037479
283168.092072626,26.465925122873,23.5858181655964
283228.098025598,26.4745491147886,23.6010571247996
283288.103978569,26.4376727051144,23.5702798880845
283348.109931541,26.4423938972987,23.5825367602255
283408.115884512,26.3845320042119,23.5298578170922
283468.121837484,26.4206965782654,23.56550721088
283528.127790455,26.3176476039865,23.4609400916624
283588.133743427,26.4291061745181,23.5694927406419
283648.139696398,26.3472474868554,23.4852239894041
283708.14564937,26.3331905563715,23.4739332708994
283768.151602342,26.3789724158269,23.5231214712129
283828.157555313,26.4564755692698,23.5975613493071
283888.163508284,26.3991603410195,23.534817735135
283948.169461256,26.3940845659469,23.5271367995875
284008.175414228,26.4044364602661,23.5353746346162
284068.181367199,26.291474309309,23.420263734212
284128.187320171,26.4351170659541,23.5615478210815
284188.193273142,26.4095297608014,23.5326928711916
284248.199226114,26.479835354404,23.5988880301381
284308.205179085,26.3583328421052,23.4707803942954
284368.211132057,26.4018258246385,23.5093894626183
284428.217085028,26.474707514779,23.5868813638256
284488.223038,26.4264011896868,23.5469065157479
284548.228990971,26.455273500585,23.583575452045
284608.234943943,26.4086830320013,23.5423294263028
284668.240896914,26.357421680793,23.4833590857762
284728.246849886,26.3978433653144,23.5140959185898
284788.252802857,26.5382560031114,23.6594986982033
284848.258755829,26.3788409167958,23.5081112249757
284908.2647088,26.4076278882495,23.5415199883796
284968.270661772,26.3094625678631,23.4461004031208
285028.276614744,26.369683849072,23.501053418985
285088.282567715,26.4500790318778,23.5748017709103
285148.288520687,26.5335939852739,23.6612586625624
285208.294473658,26.5076013025644,23.6412372625651
285268.30042663,26.4042288510013,23.5453618988582
285328.306379601,26.4033189523038,23.5528382209188
285388.312332573,26.4423138693403,23.5995851493029
285448.318285544,26.3438028607207,23.5060225133403
285508.324238516,26.4180815199361,23.5747973911197
285568.330191487,26.3408635344504,23.4885337411046
285628.336144459,26.4375643979387,23.5815608783964
285688.34209743,26.4015288929848,23.5427419657294
285748.348050402,26.570999506273,23.7083734520028
285808.354003373,26.4844136280503,23.6193361363235
285868.359956345,26.4403553259965,23.5781335114903
285928.365909316,26.350516377407,23.4941504723381
285988.371862288,26.5052394468759,23.6574606170476
286048.37781526,26.488552012235,23.6489806776129
286108.383768231,26.3374361678888,23.5010243462891
286168.389721202,26.3770614333385,23.5422351394063
286228.395674174,26.3720677990689,23.5369416745429
286288.401627146,26.3203103051835,23.4847840801373
286348.407580117,26.396510364052,23.5613975628641
286408.413533089,26.3348512619609,23.500409250301
286468.41948606,26.3211985478679,23.4878032843003
286528.425439032,26.3729763123097,23.541131014183
286588.431392003,26.346914452988,23.5177256856443
286648.437344975,26.4112958847627,23.5843561123258
286708.443297946,26.3659449854493,23.5367536601474
286768.449250918,26.3636764569894,23.5316618338364
286828.455203889,26.3248841754068,23.4933064915045
286888.461156861,26.4419909974076,23.6110898758432
286948.467109832,26.3361085721485,23.5086575416722
287008.473062804,26.3130323024492,23.4894273426752
287068.479015775,26.3758450335422,23.5508816173345
287128.484968747,26.4043521886707,23.5776373768581
287188.490921718,26.3797797654424,23.5542899933126
287248.49687469,26.3577189483039,23.5336966976075
287308.502827662,26.4913159045208,23.6632156973049
287368.508780633,26.3807550555829,23.5475907661955
287428.514733605,26.3305663179478,23.497659967205
287488.520686576,26.3313426138818,23.4987107146468
287548.526639548,26.3750487850075,23.5428836250955
287608.532592519,26.4524742649312,23.6210976507464
287668.538545491,26.3637617755791,23.5347726351675
287728.544498462,26.4491383925838,23.622558415869
287788.550451434,26.4240042564954,23.5963298025025
287848.556404405,26.4299053720743,23.5994797059495
287908.562357377,26.4069118541931,23.5713274581113
287968.568310348,26.4091675244754,23.5692987238963
288028.57426332,26.4929818105854,23.6540506880299
288088.580216291,26.3805455657648,23.5432745555861
288148.586169263,26.4151249792144,23.5796738655765
288208.592122234,26.3719564354805,23.5378421814995
288268.598075206,26.4880726841078,23.6513933667975
288328.604028177,26.3551146088528,23.5152367530163
288388.609981149,26.3895003579406,23.5514536196359
288448.61593412,26.408906331821,23.5730883700788
288508.621887092,26.4045936128074,23.5675143168535
288568.627840064,26.4380883771242,23.5976462506844
288628.633793035,26.3846641741645,23.5371624331192
288688.639746007,26.3923529867464,23.5351671581599
288748.645698978,26.4889500198864,23.6227207847867
288808.65165195,26.4602059545573,23.5873871722922
288868.657604921,26.503339866112,23.629159794617
288928.663557893,26.4632954340531,23.5880863146359
288988.669510864,26.4940709365863,23.6152416106428
289048.675463836,26.4885722858067,23.6052492861229
289108.681416807,26.3336384330514,23.4479827643256
289168.687369779,26.4705911359697,23.5825846239365
289228.69332275,26.5412642019632,23.6466950732301
289288.699275722,26.4489184312345,23.5488374379952
289348.705228693,26.5023306074744,23.6043494971878
289408.711181665,26.4426386029529,23.548909207258
289468.717134636,26.4905371465212,23.6041775718006
289528.723087608,26.4845590280957,23.6043849843294
289588.729040579,26.4243449571831,23.5421563096831
289648.734993551,26.4623229921187,23.577588097551
289708.740946522,26.4224462413879,23.5436347953588
289768.746899494,26.4685389099254,23.5968720953501
289828.752852466,26.5481943109984,23.6755199118544
289888.758805437,26.4940937512968,23.6189863913685
289948.764758409,26.4832105776487,23.6047414322818
290008.77071138,26.4755329704334,23.5946417696964
290068.776664352,26.5474945729416,23.6673830932127
290128.782617323,26.4755409231138,23.5963304330006
290188.788570295,26.3567108924703,23.4749274159289
290248.794523266,26.5098322312085,23.623051184107
290308.800476238,26.4257940140449,23.5355609587938
290368.806429209,26.5075289990946,23.6143356428828
290428.812382181,26.2997826346001,23.4038288696298
290488.818335152,26.4778142614847,23.5804150960884
290548.824288124,26.4152719850718,23.5184102311272
290608.830241095,26.4711633903082,23.5748666365345
290668.836194067,26.4980488954872,23.6047856198912
290728.842147038,26.3000853219756,23.4115803833471
290788.84810001,26.4672679417962,23.581671581711
290848.854052981,26.447691343163,23.5647196555033
290908.860005953,26.4913887378708,23.6117187469969
290968.865958924,26.3615235608489,23.484288654464
291028.871911896,26.4796130611076,23.5968967797026
291088.877864868,26.4606934534701,23.5712663272238
291148.883817839,26.4703664579615,23.5857892623505
291208.889770811,26.4247511934882,23.5459212662679
291268.895723782,26.5104631726017,23.6296607588593
291328.901676754,26.538777028504,23.6550725876648
291388.907629725,26.5068977063749,23.6232473538944
291448.913582697,26.4978314709423,23.6146423051971
291508.919535668,26.5171382780658,23.639582064792
291568.92548864,26.5159313165388,23.6449895850047
291628.931441611,26.5264551629079,23.6556923906313
291688.937394583,26.3849334333617,23.514183706903
291748.943347554,26.4996908311701,23.633745231846
291808.949300526,26.4128628980872,23.5551890313906
291868.955253497,26.5259628535628,23.6748770667274
291928.961206469,26.4112382794982,23.5658669880394
291988.96715944,26.3625894262831,23.5217334865212
292048.973112412,26.4339259107831,23.5958036853147
292108.979065383,26.4123234081972,23.5744482648919
292168.985018355,26.4447184485624,23.606701381293
292228.990971327,26.4032371640204,23.563607963483
292288.996924298,26.3886816439382,23.5475141852968
292349.00287727,26.5052190716947,23.6674513509433
292409.008830241,26.4471333828453,23.6133395509409
292469.014783213,26.4497173806795,23.6155624043193
292529.020736184,26.4114730496036,23.5758476498184
292589.026689156,26.4016214074298,23.5627976253545
292649.032642127,26.4876291991599,23.6462086129721
292709.038595099,26.4224141314443,23.58545450555
292769.04454807,26.3888978419006,23.5571799361645
292829.050501042,26.4916907439589,23.658581596696
292889.056454013,26.4745474421916,23.6396507173896
292949.062406985,26.3738060185345,23.5419639927225
293009.068359956,26.4006828182426,23.572407155585
293069.074312928,26.4269425484658,23.5977310896432
293129.080265899,26.497525601685,23.6661691183322
293189.086218871,26.4646077361134,23.6319223723933
293249.092171842,26.3926164384002,23.5581353270536
293309.098124814,26.3925559603865,23.5517883259255
293369.104077786,26.4801307101416,23.6311420310978
293429.110030757,26.4591996863765,23.6043432997496
293489.115983729,26.4738802791101,23.6158821390174
293549.1219367,26.5408282524204,23.6835117565206
293609.127889672,26.463437225768,23.6068068755793
293669.133842643,26.6036096468132,23.7465653017196
293729.139795615,26.4581619612447,23.599432543404
293789.145748586,26.4625088453217,23.6004061897564
293849.151701558,26.4238809890436,23.5575857342495
293909.157654529,26.3725320125726,23.5029317397082
293969.163607501,26.518296406617,23.6468823484994
294029.169560472,26.4621956534238,23.5980851786
294089.175513444,26.4029602962086,23.5474458779458
294149.181466415,26.5604855412305,23.7030866833571
294209.187419387,26.4403756790711,23.5798511023083
294269.193372358,26.4883529222298,23.626912699658
294329.19932533,26.4956988418286,23.633314264739
294389.205278301,26.4618376002279,23.594869135677
294449.211231273,26.4945118723703,23.6209808306281
294509.217184244,26.6271710355802,23.7481234835002
294569.223137216,26.5211808789481,23.6388979312516
294629.229090188,26.4748021223946,23.5949878686087
294689.235043159,26.4347389610915,23.5581392762878
294749.240996131,26.5106891967746,23.6350789259052
294809.246949102,26.4426956712649,23.5676843366927
294869.252902074,26.5077012699161,23.6282085902488
294929.258855045,26.526684764222,23.6417970187114
294989.264808017,26.4095296532941,23.5296426120225
295049.270760988,26.5258051289979,23.6548658367453
295109.27671396,26.4859998116129,23.6225854232512
295169.282666931,26.4995905937312,23.6422694183962
295229.288619903,26.4162885820881,23.5619542259608
295289.294572874,26.4818860768847,23.6296421348528
295349.300525846,26.4538899670975,23.6036449977107
295409.306478817,26.4178444909863,23.5688342988813
295469.312431789,26.4379496398559,23.5887150077991
295529.31838476,26.4565806954611,23.6064352645384
295589.324337732,26.4952397079102,23.6412388071881
295649.330290703,26.4391088865423,23.5814304414533
295709.336243675,26.5486267323437,23.6956568383605
295769.342196646,26.456842002764,23.6093755892154
295829.348149618,26.4556103924134,23.6081330094703
295889.35410259,26.5375191366525,23.6899310566978
295949.360055561,26.4635065195007,23.6212976956936
296009.366008533,26.4605162333474,23.6246007463642
296069.371961504,26.4455392364171,23.6093060405496
296129.377914476,26.2762808443981,23.4386017803909
296189.383867447,26.4383800274366,23.5923613441925
296249.389820419,26.4377964688757,23.5834217742953
296309.39577339,26.6130165746777,23.7595024366735
296369.401726362,26.4212246838969,23.5690984679001
296429.407679333,26.4429930813923,23.5955018353441
296489.413632305,26.4761648308893,23.6360629643826
296549.419585276,26.3235888290487,23.4915359888457
296609.425538248,26.4680778272906,23.6415921753779
296669.431491219,26.4718824780411,23.6446099184004
296729.437444191,26.4384041198869,23.6092648480041
296789.443397162,26.4550668326773,23.6242474966927
296849.449350134,26.4771382353564,23.6447736695796
296909.455303105,26.4854438696498,23.65230498079
296969.461256077,26.4002551232153,23.5662580448693
297029.467209049,26.5323656372361,23.6959033252536
297089.47316202,26.4987804435695,23.6583572831179
297149.479114992,26.5309664831656,23.6841797587913
297209.485067963,26.4011424394224,23.5484067668765
297269.491020935,26.4385657455482,23.5841544774509
297329.496973906,26.5388610978385,23.6830062330024
297389.502926878,26.5345575474147,23.6731369757177
297449.508879849,26.6485636497031,23.7820991904812
297509.514832821,26.3836401554849,23.5170264500307
297569.520785792,26.5554549419528,23.6890998874135
297629.526738764,26.5486069065174,23.6841576196375
297689.532691735,26.5298364042196,23.6687160873148
297749.538644707,26.5140420417148,23.6572745346133
297809.544597678,26.4540969185582,23.6006299998112
297869.55055065,26.4414454902984,23.5872943654828
297929.556503621,26.5098643288661,23.6535834100218
297989.562456593,26.4721362024826,23.610346923372
298049.568409564,26.4644217090161,23.5977056539159
298109.574362536,26.6077712115662,23.7411957536204
298169.580315507,26.5986039161436,23.7322282093961
298229.586268479,26.5017925233479,23.6278094937159
298289.592221451,26.4863035862381,23.6030388788111
298349.598174422,26.5888323068605,23.7052213769314
298409.604127394,26.4793886064996,23.5955647945537
298469.610080365,26.5500980988655,23.6593352459075
298529.616033337,26.5226183913527,23.6230673472425
298589.621986308,26.5673856912529,23.6655279178257
298649.62793928,26.5887882097755,23.6861830853396
298709.633892251,26.5305195490156,23.6313471276629
298769.639845223,26.5578022511668,23.662508704164
298829.645798194,26.5473049180052,23.6522632069034
298889.651751166,26.5447844650363,23.6499142182989
298949.657704137,26.5487096041511,23.6590761219441
299009.663657109,26.5967874676694,23.7131722905174
299069.66961008,26.6346257081587,23.7488573212064
299129.675563052,26.5115650676353,23.6221646545844
299189.681516023,26.6255597900359,23.7348131868523
299249.687468995,26.4978230815439,23.6058358122465
299309.693421966,26.5959543592945,23.7005228134494
299369.699374938,26.5288826496784,23.6308031435638
299429.705327909,26.4688288185862,23.580862262596
299489.711280881,26.5026193417877,23.6262916974927
299549.717233853,26.5649046894676,23.6867666561436
299609.723186824,26.5588597228694,23.6785763777391
299669.729139796,26.605969980842,23.7262758802989
299729.735092767,26.5009928218675,23.6219428250587
299789.741045739,26.5132122999691,23.6323055289862
299849.74699871,26.5664995350355,23.6833544597051
299909.752951682,26.5156191629001,23.6361700772824
299969.758904653,26.6049431856859,23.7309305235421
300029.764857625,26.5482741174666,23.6767942261846
300089.770810596,26.5706085038968,23.7017272665274
300149.776763568,26.5141970155712,23.653610503327
300209.782716539,26.4106577265949,23.5576061597677
300269.788669511,26.4382113135515,23.5831386420076
300329.794622482,26.5288021327736,23.6713353756695
300389.800575454,26.5256223183584,23.6714691837788
300449.806528425,26.5596474623981,23.7092444789256
300509.812481397,26.5445313053537,23.6945140058363
300569.818434369,26.5025734160601,23.6526079688786
300629.82438734,26.5568864267746,23.7013219720023
300689.830340312,26.5135977529848,23.651561869277
300749.836293283,26.571196671598,23.7091645225866
300809.842246255,26.5180386845529,23.6564548928195
300869.848199226,26.5048034619859,23.6476186488628
300929.854152198,26.5406702284342,23.6884376647775
300989.860105169,26.4748084295171,23.6203755541866
301049.866058141,26.4555272675137,23.5984574032839
301109.872011112,26.5772884740862,23.7217709569167
301169.877964084,26.4949239115379,23.6420605149141
301229.883917055,26.5406225561103,23.6922724033832
301289.889870027,26.4911864330648,23.6474715348782
301349.895822998,26.511358720876,23.6699761383728
301409.90177597,26.5086309989355,23.6686610423482
301469.907728941,26.5185287468222,23.6770603515833
301529.913681913,26.5518838119836,23.7081408071213
301589.919634884,26.5731117228506,23.7292265399235
301649.925587856,26.4672729796299,23.6234154438859
301709.931540827,26.4624468527408,23.6184462389051
301769.937493799,26.5369780667406,23.6925520819693
301829.943446771,26.6055555760424,23.7585306259563
301889.949399742,26.4887158480554,23.6394109765868
301949.955352714,26.5092163242235,23.6631204447645
302009.961305685,26.5260551887069,23.6854021102353
302069.967258657,26.4980668783019,23.6614405423661
302129.973211628,26.5329799285242,23.7011198170158
302189.9791646,26.4697599885192,23.6461801049187
302249.985117571,26.4331806651738,23.6239159586348
302309.991070543,26.4949858671861,23.7120820691502
302369.997023514,26.3572239998599,23.6331650399939
302430.002976486,25.0614341859633,23.6512655268136
302490.008929457,23.6060973814558,23.6613136263692
302550.014882429,23.4738926295913,23.5541022224515
302610.0208354,23.565285619721,23.6448208967818
302670.026788372,23.3334397477409,23.4066828606867
302730.032741343,23.4015497720321,23.4680405061312
302790.038694315,23.4591252958263,23.5250703906823
302850.044647286,23.4424760299437,23.5078421484993
302910.050600258,23.4233661085802,23.4817880200827
302970.056553229,23.4067564048666,23.4587143848889
303030.062506201,23.4127366732459,23.4690922621402
303090.068459173,23.3467829161197,23.4108511479837
303150.074412144,23.3796058025764,23.4432167052692
303210.080365116,23.2742578493902,23.3369376323451
303270.086318087,23.2912302074664,23.3581109509986
303330.092271059,23.2711363739186,23.3427367903748
303390.09822403,23.2383598329024,23.3111321924241
303450.104177002,23.2349193037844,23.3068129236105
303510.110129973,23.2654475481169,23.3337051896071
303570.116082945,23.2590952202815,23.3234891565398
303630.122035916,23.2790458887531,23.34171546802
303690.127988888,23.1534072853341,23.2164339935612
303750.133941859,23.1924264255426,23.2617502198799
303810.139894831,23.1652245277433,23.2394782469984
303870.145847802,23.1750734670027,23.2444905501686
303930.151800774,23.0433783824184,23.107318772415
303990.157753745,23.2052283882918,23.2708587414313
304050.163706717,23.1182617969856,23.1854661293657
304110.169659688,23.1581628532627,23.2186067854787
304170.17561266,23.2134584812874,23.2667388284241
304230.181565631,23.1753718887737,23.2294964971692
304290.187518603,23.1200025808207,23.1794600268604
304350.193471575,23.0653172751923,23.1278420514773
304410.199424546,23.1379590309848,23.2038353184989
304470.205377518,23.0726737721742,23.143547446214
304530.211330489,23.1052875400791,23.1808231552229
304590.217283461,23.054879219277,23.1325519278449
304650.223236432,23.0652975254813,23.1429297292069
304710.229189404,23.0695544415446,23.1435184221105
304770.235142375,22.9721395986077,23.0417074754845
304830.241095347,22.9649973536079,23.0336251146545
304890.247048318,22.9544292334352,23.0245955178839
304950.25300129,22.8936250753048,22.9682866807264
305010.258954261,22.8082709989238,22.8892669305228
305070.264907233,22.8598969695395,22.9472151748849
305130.270860204,22.7459053941873,22.8389226096535
305190.276813176,22.754565302394,22.8515738843077
305250.282766147,22.681953030525,22.779945957257
305310.288719119,22.7821005628017,22.8746070747456
305370.294672091,22.6789690088529,22.7650175446882
305430.300625062,22.6222898701906,22.7078676186594
305490.306578034,22.5790380553198,22.6658353813516
305550.312531005,22.517476405759,22.6036621538303
305610.318483977,22.541487539726,22.6260759436666
305670.324436948,22.3953810729838,22.477557773796
305730.33038992,22.4515088496922,22.5293102647207
305790.336342891,22.5097524075019,22.5786281929144
305850.342295863,22.4193832884234,22.4796553131314
305910.348248834,22.330011048184,22.3886074760788
305970.354201806,22.3116513703918,22.3690625810268
306030.360154777,22.2637366079175,22.3135255571
306090.366107749,22.2453909659669,22.2882741387574
306150.37206072,22.2606271639977,22.3052756203975
306210.378013692,22.1875990462049,22.2352383162413
306270.383966663,22.1450673142758,22.1887688568579
306330.389919635,22.1948267772434,22.2341010840152
306390.395872606,22.2433274613144,22.2820107700907
306450.401825578,22.1388329145,22.1788394008095
306510.407778549,22.0735152023952,22.1164389772994
306570.413731521,22.1438940088937,22.1898594114128
306630.419684493,22.0308668130515,22.076800976056
306690.425637464,22.0572727290055,22.1041817266063
306750.431590436,21.9826718052208,22.0390008065872
306810.437543407,21.903534925822,21.9689220517997
306870.443496379,21.9015357444754,21.9660277075281
306930.44944935,21.9016402484096,21.9630499299949
306990.455402322,21.9532608433545,22.0124697966343
307050.461355293,21.9354624287068,21.9939567066874
307110.467308265,21.8990055756876,21.961673473962
307170.473261236,21.8224427721236,21.8917101926023
307230.479214208,21.8635875096772,21.9419027762709
307290.485167179,21.8101788176926,21.8928776936954
307350.491120151,21.7553026975697,21.829677859515
307410.497073122,21.727008008502,21.7919735726532
307470.503026094,21.7185703678356,21.7817161615871
307530.508979065,21.7612643671248,21.824505465638
307590.514932037,21.7071569818323,21.7655384908011
307650.520885008,21.6165314719202,21.6704966345063
307710.52683798,21.6119069689053,21.6679338524706
307770.532790951,21.7542807447978,21.8146982976519
307830.538743923,21.691410737369,21.7536069668336
307890.544696895,21.5656686459961,21.6296465516919
307950.550649866,21.6788492179428,21.7463848759374
308010.556602838,21.6679915698032,21.7394026969925
308070.562555809,21.5519582404551,21.6264393261911
308130.568508781,21.4827246377065,21.5594896334839
308190.574461752,21.5122863608308,21.5898957351476
308250.580414724,21.5149925772815,21.5928983657395
308310.586367695,21.3885016790888,21.466498685565
308370.592320667,21.5170885799176,21.5960325933379
308430.598273638,21.4183719633481,21.5014122569405
308490.60422661,21.4727878301226,21.5612014238466
308550.610179581,21.3795785519964,21.4746690182354
308610.616132553,21.4024785791709,21.500694696673
308670.622085524,21.3502731468033,21.4420140901738
308730.628038496,21.3652264815158,21.4496344105884
308790.633991467,21.3274067621961,21.4109640102163
308850.639944439,21.3197544886833,21.4043657877548
308910.64589741,21.2425124456594,21.3247581202329
308970.651850382,21.3045897782598,21.3854035145389
309030.657803354,21.3366628641026,21.4237921423943
309090.663756325,21.2207689969126,21.3140151477257
309150.669709297,21.2654087575518,21.355358066916
309210.675662268,21.1674924037905,21.2532920304188
309270.68161524,21.2429106364728,21.3300318766222
309330.687568211,21.1468269824029,21.2371511801059
309390.693521183,21.1369085175447,21.2304526630593
309450.699474154,21.1498589745414,21.2443409845147
309510.705427126,21.1519687634637,21.2409222589922
309570.711380097,21.1151606606788,21.1983317329206
309630.717333069,21.1286636068795,21.2124137204482
309690.72328604,21.0121649046171,21.0988042689145
309750.729239012,21.049895051223,21.1373508791636
309810.735191983,20.9925369465776,21.0808291064515
309870.741144955,20.92015123767,21.0105463851552
309930.747097926,20.9786872316862,21.0711987841748
309990.753050898,20.9837305129259,21.076698579675
310050.759003869,20.9104867350528,21.0042569676189
310110.764956841,20.9306781545373,21.0289810305375
310170.770909812,20.9053660792822,21.0075464171766
310230.776862784,20.9607030936514,21.0610568903803
310290.782815756,20.8060513934442,20.9039849862497
310350.788768727,20.8557604081395,20.955157881422
310410.794721699,20.8265817281274,20.9281916902133
310470.80067467,20.9197066820303,21.0210987006264
310530.806627642,20.7994420708019,20.9008068354517
310590.812580613,20.7952340057689,20.8998052910287
310650.818533585,20.8225554729577,20.9304648539311
310710.824486556,20.7977247905079,20.9064320029012
310770.830439528,20.7347335923331,20.8423043548325
310830.836392499,20.8311363420902,20.9344394603508
310890.842345471,20.7092398409959,20.8082161637032
310950.848298442,20.7871603781597,20.8868611882762
311010.854251414,20.6328016656517,20.7323039796766
311070.860204385,20.6716212167617,20.7635473940694
311130.866157357,20.6620824406603,20.7467234338301
311190.872110328,20.6212927941646,20.7111988930235
311250.8780633,20.6147172023372,20.71246067439
311310.884016271,20.6656710636986,20.7605060558481
311370.889969243,20.6351823026765,20.7256068509813
311430.895922214,20.477566407658,20.5657347062972
311490.901875186,20.5597862180883,20.6464296171083
311550.907828158,20.5373897403965,20.6225983532339
311610.913781129,20.7000964925438,20.7847232799272
311670.919734101,20.5663044949476,20.653272825969
311730.925687072,20.5326413072702,20.6212375906572
311790.931640044,20.5499211850088,20.6348393960363
311850.937593015,20.495074953485,20.5762288376021
311910.943545987,20.5331402992573,20.6162929373702
311970.949498958,20.4055663022187,20.4918315425235
312030.95545193,20.4982351393943,20.5830772823337
312090.961404901,20.5247790840797,20.6085516821887
312150.967357873,20.4453930743087,20.5370303921679
312210.973310844,20.398805183041,20.494314941254
312270.979263816,20.4061592620331,20.4916062987461
312330.985216787,20.4279127634984,20.5029666706977
312390.991169759,20.2752236527949,20.3464473339739
312450.99712273,20.3645532132877,20.435610372839
312511.003075702,20.3857924385755,20.4552253051743
312571.009028673,20.4072118353776,20.4760444723898
312631.014981645,20.3566409022557,20.4279579591225
312691.020934617,20.2809934446518,20.3557396751157
312751.026887588,20.2779753797395,20.3549664475144
312811.03284056,20.2936165346771,20.3717849729458
312871.038793531,20.2459797960443,20.3242252332862
312931.044746503,20.3082634963675,20.3842246074362
312991.050699474,20.2753792691144,20.3447587777945
313051.056652446,20.2710705615448,20.3337056337825
313111.062605417,20.2227301988905,20.2826386239077
313171.068558389,20.2871109740151,20.3463023855104
313231.07451136,20.241083244775,20.2996732180659
313291.080464332,20.2016151704389,20.2600534016571
313351.086417303,20.261993477657,20.3206648687538
313411.092370275,20.2180755759324,20.2765293516508
313471.098323246,20.1093648360534,20.1662022513289
313531.104276218,20.1748218769876,20.2290183907162
313591.110229189,20.14362151396,20.1958960064737
313651.116182161,20.2051467514693,20.2513585322601
313711.122135132,20.1661335425845,20.1996969177216
313771.128088104,20.1630524062981,20.1840045782597
313831.134041076,20.1673654331681,20.1862410202403
313891.139994047,20.1493482638532,20.1720486436368
313951.145947019,20.0410361869082,20.0606451001141
314011.15189999,20.1496960040128,20.1665944083102
314071.157852962,20.0875717589325,20.1088843149443
314131.163805933,20.0478673134464,20.0743732056473
314191.169758905,20.1155668464496,20.1411503772757
314251.175711876,20.0344175141059,20.0574721911827
314311.181664848,20.0454162969718,20.065141162582
314371.187617819,20.0867815396923,20.1039118900664
314431.193570791,20.0039064966615,20.0236733461198
314491.199523762,20.0237594408397,20.0469439484062
314551.205476734,20.0314631499451,20.0543826646043
314611.211429705,19.9788374777837,19.999223928677
314671.217382677,20.069639390398,20.0840507778033
314731.223335648,20.0472148557229,20.0561238604943
314791.22928862,19.9452125263968,19.9582763620673
314851.235241591,19.9749238953954,19.9949646058326
314911.241194563,19.8344877190129,19.8540615879683
314971.247147534,19.8482795904354,19.8670326190477
315031.253100506,19.90266483326,19.9245463212133
315091.259053478,19.9109626889895,19.9382428341044
315151.265006449,19.9746690832369,20.0100395177311
315211.270959421,19.8860806334667,19.9285546638917
315271.276912392,19.8378027703156,19.8813515749692
315331.282865364,19.8055090454698,19.8495374868882
315391.288818335,19.8664702718597,19.9156798814249
315451.294771307,19.7958043293308,19.8495383707222
315511.300724278,19.7622301467235,19.8150123619781
315571.30667725,19.8387892757919,19.8894129043303
315631.312630221,19.6977571929922,19.7463534246217
315691.318583193,19.7182088826097,19.7659513430037
315751.324536164,19.614159670817,19.6672380160903
315811.330489136,19.7709730923863,19.8291048142228
315871.336442107,19.7618959379345,19.817804563998
315931.342395079,19.6651901651902,19.7178424862987
315991.34834805,19.6584149569453,19.7097797530348
316051.354301022,19.733838946785,19.7840562489003
316111.360253993,19.7151621998283,19.7625352179087
316171.366206965,19.634255356472,19.679608863761
316231.372159936,19.6886526058354,19.7373790266338
316291.378112908,19.663869289092,19.7182693130158
316351.38406588,19.6585282383412,19.7169801145353
316411.390018851,19.6676026795746,19.7299075694586
316471.395971823,19.6299399664909,19.6973177716126
316531.401924794,19.6759356643196,19.7459476529052
316591.407877766,19.4716090699324,19.5380307740377
316651.413830737,19.5128597397675,19.5756873879798
316711.419783709,19.464357780656,19.5321517419501
316771.42573668,19.5667279485289,19.6399898150805
316831.431689652,19.4932357391245,19.5641946424284
316891.437642623,19.6050120544879,19.6717293773928
316951.443595595,19.5864105821883,19.6474878291661
317011.449548566,19.5334764154107,19.5893688731152
317071.455501538,19.5744600207998,19.6306522657652
317131.461454509,19.5263891080162,19.5853005052234
317191.467407481,19.4699814499116,19.5291382170001
317251.473360452,19.5096380037315,19.5694097551002
317311.479313424,19.4014112676575,19.4675939789492
317371.485266395,19.5151158131764,19.5824844736482
317431.491219367,19.4732743744252,19.5309060943785
317491.497172338,19.2455309958515,19.2934777923535
317551.50312531,19.3872486231565,19.4316769290224
317611.509078282,19.46073003708,19.5050273022472
317671.515031253,19.4072182100844,19.447791911175
317731.520984225,19.4268233172997,19.4629626502119
317791.526937196,19.400511809882,19.4312057924301
317851.532890168,19.4563231415381,19.4826096275902
317911.538843139,19.4926657247902,19.5263628532227
317971.544796111,19.3357785954352,19.3816956670616
318031.550749082,19.337044606984,19.3879024694539
318091.556702054,19.2343233250492,19.2882976073256
318151.562655025,19.1971561397652,19.2530734400386
318211.568607997,19.3386038562103,19.3963765490225
318271.574560968,19.3365679485705,19.3979362740881
318331.58051394,19.3356458561695,19.4010364277351
318391.586466911,19.2751123016311,19.3436762297703
318451.592419883,19.3446253382559,19.416643364535
318511.598372854,19.2996974801207,19.3780705644853
318571.604325826,19.1847328418019,19.2672079837362
318631.610278798,19.215960346556,19.2956745814944
318691.616231769,19.2319403628692,19.3081864605197
318751.62218474,19.1394969732161,19.2152097133234
318811.628137712,19.1999004948312,19.275849560673
318871.634090684,19.2461920551719,19.3209494271535
318931.640043655,19.2455628769199,19.3198785466762
318991.645996627,19.1760099035175,19.2536796241006
319051.651949598,19.1144498920717,19.1972587387871
319111.65790257,19.1067648207436,19.1961005869892
319171.663855541,19.1979862320101,19.2905979896902
319231.669808513,19.1687747564008,19.2570262574008
319291.675761484,19.142261118782,19.2258159814301
319351.681714456,19.0599070005051,19.1430505256255
319411.687667427,19.0907329350277,19.176292254295
319471.693620399,19.1682473584457,19.2587018040619
319531.69957337,19.1438440616023,19.2396603068312
319591.705526342,19.1650996734878,19.2641710569574
319651.711479313,19.035594417036,19.1358255638877
319711.717432285,19.1005807755419,19.1991999366046
319771.723385256,19.0972818656815,19.19267077966
319831.729338228,18.9957591753819,19.0861882219597
319891.7352912,19.0614904114167,19.1470620064913
319951.741244171,19.0378812245907,19.1213313759914
320011.747197143,19.0143360203832,19.0969182551449
320071.753150114,19.048060831385,19.1294240613461
320131.759103086,19.0379067396272,19.1181666306108
320191.765056057,19.0010629179543,19.0808328780935
320251.771009029,18.9481648604652,19.026410497427
320311.776962,19.0378884052309,19.1116035868742
320371.782914972,18.9579601415175,19.0273737059051
320431.788867943,18.968635511515,19.0409234147585
320491.794820915,18.9516082396872,19.0252034380235
320551.800773886,18.9900319011561,19.0564946933872
320611.806726858,19.0283125299234,19.0876157700926
320671.812679829,18.911893737254,18.968721574415
320731.818632801,18.909045002209,18.9666205174367
320791.824585772,18.9406644911222,18.9989892820599
320851.830538744,18.8842597225151,18.9430867551049
320911.836491716,18.9075652709641,18.9643725888912
320971.842444687,18.9676062082544,19.0229179705425
321031.848397658,18.8525383503339,18.9118259167565
321091.85435063,19.0412599143988,19.1065679716779
321151.860303602,18.8195875330425,18.8899749307749
321211.866256573,18.9691332650251,19.0417933574237
321271.872209545,18.8135409254532,18.8833268348743
321331.878162516,18.8533048515471,18.9190180322068
321391.884115488,18.8134106646882,18.8748202580929
321451.890068459,18.90088773169,18.9583707087222
321511.896021431,18.8352265154207,18.8906906864482
321571.901974402,18.8275190376193,18.8826756541897
321631.907927374,18.7900298497664,18.8474068767198
321691.913880345,18.7268793514478,18.7876281682291
321751.919833317,18.7787305383836,18.8433084089196
321811.925786288,18.8589720621598,18.9245281915359
321871.93173926,18.8294227721098,18.8902412497471
321931.937692231,18.8086505105419,18.8643941414905
321991.943645203,18.758748060365,18.8117035535101
322051.949598174,18.8504832108764,18.9021663196913
322111.955551146,18.8342298569587,18.886380899887
322171.961504118,18.8249532855953,18.8780604478587
322231.967457089,18.8385881254993,18.892525669641
322291.973410061,18.7117835855849,18.763726486399
322351.979363032,18.717090056779,18.7625298929682
322411.985316004,18.7219707009261,18.7609203940453
322471.991268975,18.7259092839185,18.7611331146496
322531.997221947,18.8596502242232,18.8942230421604
322592.003174918,18.6701494711769,18.7122646239341
322652.00912789,18.767192253288,18.8173472716371
322712.015080861,18.833081618719,18.8820677372049
322772.021033833,18.6957120156314,18.7424865668493
322832.026986804,18.6463052477145,18.6921698890766
322892.032939776,18.596797920528,18.6426829753659
322952.038892747,18.711895347887,18.7602483690656
323012.044845719,18.6893946326225,18.7401524369586
323072.05079869,18.6914094656377,18.7433249374632
323132.056751662,18.7084245220836,18.7577510652753
323192.062704633,18.6123732640639,18.6534518882365
323252.068657605,18.7247040687157,18.7574902664706
323312.074610576,18.6526755928186,18.6932404434388
323372.080563548,18.6474544822034,18.7034199282438
323432.08651652,18.6581433105639,18.7210829925642
323492.092469491,18.523505744984,18.5888249598256
323552.098422463,18.5978635949024,18.6600499253894
323612.104375434,18.709392717387,18.7672390411758
323672.110328406,18.5912473385387,18.644588102912
323732.116281377,18.6051265730421,18.653606194297
323792.122234349,18.5302579503403,18.5733354973926
323852.12818732,18.6065050707036,18.6444614390064
323912.134140292,18.5904498298364,18.6255819873989
323972.140093263,18.5073628333487,18.5412626410808
324032.146046235,18.4633581755178,18.4973873697391
324092.151999206,18.605937052002,18.6391300866634
324152.157952178,18.5601411891626,18.5888620052151
324212.163905149,18.5333866514813,18.5578135174075
324272.169858121,18.5667140790814,18.5943633166887
324332.175811092,18.4712965660251,18.5039711519323
324392.181764064,18.5764173042996,18.6081549450397
324452.187717035,18.5803383348734,18.6102239657122
324512.193670007,18.5442376145338,18.5723052959899
324572.199622978,18.4220684179782,18.4491988925937
324632.20557595,18.5139973343634,18.5444583688047
324692.211528922,18.4755835638058,18.5109575172344
324752.217481893,18.5187423673404,18.5595101150029
324812.223434865,18.433007691198,18.4742430155715
324872.229387836,18.5317742568835,18.5629290225459
324932.235340808,18.3852039093445,18.4062853984023
324992.241293779,18.6031869943513,18.6201221761556
325052.247246751,18.4692799629234,18.4839005210448
325112.253199722,18.3842287174948,18.3962958102757
325172.259152694,18.4235056448969,18.4335580107034
325232.265105665,18.4487418701627,18.4578262120692
325292.271058637,18.4096795485832,18.4177182632077
325352.277011608,18.4561362686102,18.4613868461616
325412.28296458,18.4124481524229,18.4153804802506
325472.288917551,18.4973549917141,18.5038344324045
325532.294870523,18.4290006485001,18.4386275705066
325592.300823494,18.4295118028741,18.4359486561681
325652.306776466,18.3795608638548,18.3823444564913
325712.312729437,18.4266459947543,18.4268218519098
325772.318682409,18.3808356636711,18.3798103180639
325832.32463538,18.3503720495363,18.3561338481625
325892.330588352,18.4571401844438,18.4667233762579
325952.336541324,18.4344855511332,18.4376664135869
326012.342494295,18.334831992426,18.3316646700286
326072.348447267,18.4018573014147,18.3968408609423
326132.354400238,18.421372229452,18.4177324808124
326192.36035321,18.3048742428407,18.3017215735446
326252.366306181,18.3678056241177,18.3657382313117
326312.372259153,18.3655018715432,18.3650520116138
326372.378212124,18.4074105679796,18.4098144912391
326432.384165096,18.3268035032011,18.3361502898929
326492.390118067,18.3485196443443,18.363968717406
326552.396071039,18.3870000143908,18.4024615017871
326612.40202401,18.3610714022947,18.3765694760134
326672.407976982,18.2585891220792,18.2818369727019
326732.413929953,18.1695737228852,18.19919672305
326792.419882925,18.3148212009388,18.3418180608698
326852.425835896,18.2475624679562,18.2718658703827
326912.431788868,18.1897692317056,18.2192272707794
326972.43774184,18.2445113703425,18.2806442308673
327032.443694811,18.195448993039,18.2323455589249
327092.449647783,18.2774344206289,18.3139808207474
327152.455600754,18.3051144629329,18.3411294091466
327212.461553726,18.235387306477,18.2713261678838
327272.467506697,18.1694688691468,18.209702029356
327332.473459669,18.1258741451706,18.1671061868394
327392.47941264,18.2585485702391,18.292805327423
327452.485365612,18.1214162444105,18.1487666622477
327512.491318583,18.2125275837115,18.2367933359702
327572.497271555,18.2103245642259,18.2315937388684
327632.503224526,18.1864628802819,18.2016248715678
327692.509177498,18.189847928679,18.1989409056263
327752.515130469,18.211102762481,18.216943597032
327812.521083441,18.2529317299185,18.2580132016695
327872.527036412,18.220706311397,18.229627083403
327932.532989384,18.1481718281828,18.1601773164991
327992.538942355,18.2196105837603,18.2283100077596
328052.544895327,18.2049808864818,18.2102962527211
328112.550848298,18.2104575180556,18.2174341829129
328172.55680127,18.1538480471338,18.1621581024989
328232.562754242,18.2199500181524,18.2249715195131
328292.568707213,18.1979064499186,18.1984894807837
328352.574660185,18.2747475904162,18.2658869641783
328412.580613156,18.1439956395137,18.1257093782059
328472.586566128,18.178759087295,18.1586934595816
328532.592519099,18.1551167166744,18.1334908432428
328592.598472071,18.230308715701,18.2037462919562
328652.604425042,18.0524170577555,18.0209014474798
328712.610378014,18.1755764855156,18.1439631862723
328772.616330985,18.1093021988483,18.0810275438136
328832.622283957,18.0968278241276,18.0729283969352
328892.628236928,18.271273652667,18.2480884642637
328952.6341899,18.1048497723189,18.075709608149
329012.640142871,18.1505240157551,18.1154384096157
329072.646095843,18.1010471001049,18.0653172951182
329132.652048814,18.2367732804314,18.204165332221
329192.658001786,18.0375283615048,18.008775243193
329252.663954757,18.0094495367436,17.9840924233667
329312.669907729,18.163109863181,18.137613363953
329372.6758607,18.1970089142422,18.1715293397073
329432.681813672,18.0295249597434,18.009980880723
329492.687766644,18.082954015504,18.0674129103736
329552.693719615,18.0740721749411,18.0550311270985
329612.699672587,18.0767013232435,18.0541732550517
329672.705625558,18.0541710414058,18.0356566531747
329732.71157853,18.0473297676785,18.034875586769
329792.717531501,18.0763623380076,18.0646503784242
329852.723484473,18.0532955721201,18.041238671789
329912.729437444,17.9958617019988,17.9835692774632
329972.735390416,18.025747439166,18.0122730672993
330032.741343387,17.9722372475635,17.956595647179
330092.747296359,18.0261878144959,18.0069194387366
330152.75324933,17.9618545878865,17.9370385144368
330212.759202302,17.9672443891106,17.9366127732235
330272.765155273,18.0845823490826,18.0481374328218
330332.771108245,18.0314845235274,17.9896088326419
330392.777061216,17.9411349528874,17.8995968674504
330452.783014188,18.0183561271206,17.980281939603
330512.788967159,18.0700232397457,18.0328821969065
330572.794920131,17.917883896386,17.8817337251515
330632.800873103,18.0719504892449,18.0383699983742
330692.806826074,18.0295002474822,17.9976510750461
330752.812779046,17.9418429406471,17.9087053363294
330812.818732017,17.9544862258996,17.9201039759986
330872.824684989,17.9992094746371,17.9667992896711
330932.83063796,17.9557180019655,17.9260448112661
330992.836590932,17.9252216248239,17.8965846777917
331052.842543903,17.9823827881862,17.9542847085056
331112.848496875,17.9925432464376,17.964628018264
331172.854449846,17.951075897934,17.9233658489543
331232.860402818,17.9456147871886,17.9192473698744
331292.866355789,17.9616626740543,17.935695476942
331352.872308761,17.9503422522366,17.9220671058719
331412.878261732,17.9983082476676,17.9678197606609
331472.884214704,17.9119701996228,17.8825269578496
331532.890167675,17.9365419843258,17.9100165110941
331592.896120647,17.8210430961859,17.7975081651404
331652.902073618,17.9039010973048,17.8840670493397
331712.90802659,17.8880170218708,17.8743072782346
331772.913979561,17.8973294812114,17.8871049307585
331832.919932533,17.9246253523793,17.9127135628416
331892.925885505,17.9129487078783,17.897628754465
331952.931838476,17.8718214723841,17.8469231215114
332012.937791448,17.9786881240737,17.9443186224555
332072.943744419,17.8785691040357,17.8432042601128
332132.949697391,17.9015211716606,17.868720742679
332192.955650362,17.8702192685979,17.8434029806902
332252.961603334,17.8507694870569,17.8315512993244
332312.967556305,17.8016825891968,17.789615299011
332372.973509277,17.8444782921394,17.8355438562447
332432.979462248,17.9083966071052,17.8965134
332492.98541522,17.8219263170215,17.8067629461817
332552.991368191,17.8114343484242,17.7939329943678
332612.997321163,17.759238028504,17.7398379807248
332673.003274134,17.8215499145988,17.8002807523904
332733.009227106,17.8828800677339,17.8605388553499
332793.015180077,17.864899028311,17.8447908421751
332853.021133049,17.8664717703857,17.8495091132543
332913.02708602,17.7664878811032,17.7509385970895
332973.033038992,17.7905647326014,17.7753062208674
333033.038991963,17.781280767469,17.7646376827751
333093.044944935,17.7739249832739,17.7558437423246
333153.050897907,17.6808915817421,17.6631560598334
333213.056850878,17.7933480696057,17.7759368320287
333273.06280385,17.6978475819245,17.6788429358009
333333.068756821,17.8149657894953,17.7947542539294
333393.074709793,17.8323428920435,17.816638193165
333453.080662764,17.7620086053926,17.7498346925233
333513.086615736,17.756713514628,17.7417805558986
333573.092568707,17.7756054618759,17.7577535166865
333633.098521679,17.8070203697937,17.7881948283222
333693.10447465,17.7463136337307,17.727852437905
333753.110427622,17.7136033985193,17.6975962282046
333813.116380593,17.8241801587649,17.8096442316138
333873.122333565,17.8139660551587,17.7978554704568
333933.128286536,17.8283373381704,17.8090883450603
333993.134239508,17.7348218957312,17.710022447331
334053.140192479,17.7275073970273,17.6971762745945
334113.146145451,17.7002092004459,17.6750510032847
334173.152098422,17.7612725219177,17.7453930868133
334233.158051394,17.6626023116482,17.6496763295927
334293.164004366,17.6504848604579,17.6391602430008
334353.169957337,17.7063263574389,17.6971799958311
334413.175910309,17.7342942064996,17.7243452388504
334473.18186328,17.6221974147504,17.6057725434337
334533.187816252,17.6665257681554,17.6436962479993
334593.193769223,17.648702613055,17.6275332461585
334653.199722195,17.6821533973474,17.6659230572992
334713.205675166,17.6762490843118,17.6622306060321
334773.211628138,17.5417976897461,17.5287849484229
334833.217581109,17.6668266359192,17.6531079665075
334893.223534081,17.7122589616433,17.6973031349764
334953.229487052,17.6339257111116,17.617749945997
335013.235440024,17.5651871894286,17.5477181127805
335073.241392995,17.59901298395,17.5799853097584
335133.247345967,17.6756220779167,17.6555966422737
335193.253298938,17.5994686938978,17.5816051025374
335253.25925191,17.6916931013708,17.6761630766747
335313.265204881,17.6587730197272,17.6424620717135
335373.271157853,17.6961354553471,17.6790729152798
335433.277110824,17.5948020410042,17.5793143741333
335493.283063796,17.6484580891943,17.6358984046373
335553.289016768,17.5390107329978,17.5323760985216
335613.294969739,17.6623389438231,17.6577810508818
335673.300922711,17.6529674281865,17.6416746661762
335733.306875682,17.617406905983,17.5990115467207
335793.312828654,17.6189273202807,17.5954626410587
335853.318781625,17.5904065770407,17.5624286716
335913.324734597,17.6119369508351,17.5809993048825
335973.330687568,17.633513219406,17.6011114823955
336033.33664054,17.6026370879049,17.5725000555248
336093.342593511,17.6067588362244,17.58105625771
336153.348546483,17.5292322438277,17.5071637736937
336213.354499454,17.5289420181149,17.5099561488976
336273.360452426,17.6325642383335,17.6152725230562
336333.366405397,17.5960027438157,17.5799360131231
336393.372358369,17.5538922101265,17.5387428634245
336453.37831134,17.4318822273602,17.4181867039394
336513.384264312,17.5120883467361,17.5030160334145
336573.390217283,17.4751698004126,17.4698220221162
336633.396170255,17.6349026107499,17.6286926887285
336693.402123226,17.5093020311363,17.5025239960991
336753.408076198,17.5540319006168,17.554954774414
336813.41402917,17.3596492146111,17.3691107652486
336873.419982141,17.4598848874808,17.4719741982809
336933.425935113,17.5299963317822,17.5417042087919
336993.431888084,17.4099664698683,17.4183401086284
337053.437841056,17.4566531852816,17.4617760665744
337113.443794027,17.4543570550415,17.4637972702039
337173.449746999,17.5189042461264,17.5330745756165
337233.45569997,17.4580820462042,17.4698619754752
337293.461652942,17.4400476170975,17.4493654761142
337353.467605913,17.396122074686,17.4067597450163
337413.473558885,17.3936387989716,17.4059422067842
337473.479511856,17.4058462332711,17.4174333557202
337533.485464828,17.4739716957656,17.4831332953119
337593.491417799,17.4823152851952,17.4874500101644
337653.497370771,17.4695112857728,17.4706499297193
337713.503323742,17.4608111466781,17.46038572233
337773.509276714,17.4776337384145,17.4783036210032
337833.515229685,17.4221498253888,17.4309353422801
337893.521182657,17.4420828849609,17.4558329825728
337953.527135629,17.494196904589,17.4997837173882
338013.5330886,17.376751032482,17.3743944773671
338073.539041572,17.4403699682497,17.4374767809696
338133.544994543,17.4829254819542,17.4827646713445
338193.550947515,17.5785697048654,17.5856412675678
338253.556900486,17.4305028541173,17.4417641262692
338313.562853458,17.4415466518443,17.4493405970245
338373.568806429,17.4082749926214,17.4126246601896
338433.574759401,17.3372408367231,17.3435930523874
338493.580712372,17.4053376904252,17.4129390666029
338553.586665344,17.3380980769861,17.3383448672172
338613.592618315,17.3684564912144,17.3614952988875
338673.598571287,17.3598537600696,17.3565861754699
338733.604524258,17.3996714816863,17.4035569431926
338793.61047723,17.4155334396969,17.4233795306284
338853.616430201,17.3760226041353,17.3839750191358
338913.622383173,17.3889018419621,17.3904489290733
338973.628336144,17.3290432382634,17.3231373307215
339033.634289116,17.3795464048951,17.3671350560762
339093.640242087,17.3764299786229,17.3587205045954
339153.646195059,17.3230287671465,17.3078402134001
339213.652148031,17.3283536278047,17.3198685260051
339273.658101002,17.3845069216899,17.3811927798705
339333.664053974,17.3032346186121,17.3047241642499
339393.670006945,17.4093657606962,17.4149972898574
339453.675959917,17.3241849274634,17.3322632517694
339513.681912888,17.296344284797,17.3039400162364
339573.68786586,17.3243654063811,17.3315162836032
339633.693818831,17.3162660497119,17.3278198107319
339693.699771803,17.3388829930563,17.3521384844296
339753.705724774,17.3096601835846,17.3187486051962
339813.711677746,17.2877625605291,17.2927543395848
339873.717630717,17.3158218237795,17.3144709159784
339933.723583689,17.3183533774452,17.3108084374778
339993.72953666,17.2712930114894,17.2630806388782
340053.735489632,17.2246140093308,17.2188525625937
340113.741442603,17.2845858707816,17.2837433265669
340173.747395575,17.2479341690522,17.2535784107234
340233.753348547,17.3067001017473,17.3201854742592
340293.759301518,17.3432731546629,17.3602758401505
340353.76525449,17.2407105236104,17.254530933609
340413.771207461,17.1881886990583,17.1988591453357
340473.777160433,17.2208466996464,17.2323347669643
340533.783113404,17.180631673138,17.1948806357644
340593.789066376,17.2467904798372,17.2639321488611
340653.795019347,17.3376399948441,17.3547342320306
340713.800972319,17.2299094300352,17.2425905444565
340773.80692529,17.1491008531434,17.1574231637341
340833.812878262,17.1820461441531,17.1922834774357
340893.818831233,17.171401424017,17.1832732556771
340953.824784205,17.326947728104,17.3331328212162
341013.830737176,17.2148418381638,17.2154682216393
341073.836690148,17.2138422644577,17.216340952937
341133.842643119,17.2143124247499,17.218421549342
341193.848596091,17.233030937342,17.228045100425
341253.854549062,17.1990697316638,17.1832455076376
341313.860502034,17.1678196008912,17.1444005200017
341373.866455005,17.2140509047512,17.1851956425914
341433.872407977,17.3058737966967,17.2735815771454
341493.878360949,17.2318024536822,17.1961019464665
341553.88431392,17.1892719039843,17.1540571534109
341613.890266892,17.1747800194213,17.1403773446798
341673.896219863,17.1423009289057,17.1050507423504
341733.902172835,17.142786176531,17.1027404699747
341793.908125806,17.1900021334721,17.1536803196389
341853.914078778,17.1911768338228,17.1607772878188
341913.920031749,17.155869859519,17.1283580054961
341973.925984721,17.0585867599766,17.0307621638994
342033.931937692,17.2278348889761,17.1895647353521
342093.937890664,17.1369511974649,17.0886739108993
342153.943843635,17.2396556124617,17.1954529022751
342213.949796607,17.1478366602104,17.1077594595229
342273.955749578,17.0167652567586,16.9739319735363
342333.96170255,17.2991681929354,17.2531142295189
342393.967655521,17.1677482792256,17.1144348580613
342453.973608493,17.2388414958708,17.1772649646185
342513.979561464,17.1367039389059,17.0694654425374
342573.985514436,17.0890590381326,17.0174215241708
342633.991467407,17.1233406297362,17.0549766008465
342693.997420379,17.1917958834417,17.1268883135077
342754.003373351,17.205451828487,17.1377913014516
342814.009326322,17.0727952973102,17.0024143541609
342874.015279294,17.1222792327633,17.0564063599429
342934.021232265,17.201992003944,17.1414507776182
342994.027185237,17.1940998380235,17.1325225145598
343054.033138208,17.0761847526811,17.0134263055525
343114.03909118,17.1299268137374,17.0695971835537
343174.045044151,17.2226138011016,17.1629399252214
343234.050997123,17.1722239060919,17.1066461278506
343294.056950094,17.177763405328,17.1065140939333
343354.062903066,17.1659605588107,17.0925345162762
343414.068856037,17.2073474030278,17.1317196246017
343474.074809009,17.068914066067,16.9897887706795
343534.08076198,17.2347776303285,17.1521947020061
343594.086714952,17.1216160464641,17.0403645561044
343654.092667923,17.1987197153329,17.120629630505
343714.098620895,17.209774867789,17.1319369393611
343774.104573866,17.1655057730721,17.0879169976867
343834.110526838,17.113354924215,17.0386288496078
343894.11647981,17.1445106725208,17.070494612631
343954.122432781,17.1288985528915,17.0515868074838
344014.128385753,17.141760233223,17.0611930158113
344074.134338724,17.0485926195134,16.9716415110434
344134.140291696,17.1386391448023,17.0666567206593
344194.146244667,17.0548093972641,16.9827200397151
344254.152197639,17.1865966155363,17.113244354344
344314.15815061,17.0998791028765,17.0243368879364
344374.164103582,17.1532369312764,17.0756222135859
344434.170056553,17.1863302098005,17.1089061680753
344494.176009525,17.1688177177233,17.0939916345182
344554.181962496,17.0936996322893,17.0287267994321
344614.187915468,17.0888391266704,17.0315735607456
344674.193868439,17.0763552072906,17.0178425035031
344734.199821411,17.0612728504544,17.001566682374
344794.205774382,17.1411411452004,17.0869277606571
344854.211727354,17.01487671228,16.9687023197061
344914.217680325,17.0379212673114,16.9986410203019
344974.223633297,16.9807191018506,16.9437664429745
345034.229586268,17.0414983507874,17.0011778025904
345094.23553924,17.0446371489949,17.0009969322031
345154.241492212,16.9633079519936,16.9235155638871
345214.247445183,17.0161559822921,16.9823588405033
345274.253398155,17.0087961208607,16.9758716921108
345334.259351126,17.0073049162696,16.9750954137763
345394.265304098,17.0747558084223,17.0467303349554
345454.271257069,16.9646808095659,16.9382512972453
345514.277210041,16.9918576018525,16.962222412954
345574.283163012,17.07491870869,17.0420969619143
345634.289115984,17.0736846135696,17.0455785117432
345694.295068955,17.0341313227897,17.0131292027432
345754.301021927,16.9514757778781,16.9323490341965
345814.306974898,16.9798489614156,16.9612215335228
345874.31292787,16.9778909750847,16.9585925346522
345934.318880841,16.89813802292,16.8780728575911
345994.324833813,16.9096830920731,16.8902520606917
346054.330786784,16.9277796898131,16.9081108138725
346114.336739756,16.9007026456356,16.8787303783947
346174.342692727,17.1063918668639,17.0821976936781
346234.348645699,16.9146987719087,16.8973520137854
346294.354598671,16.9072107981245,16.9004084962278
346354.360551642,16.9277726131366,16.9268794613246
346414.366504614,16.8905121596104,16.8939971213139
346474.372457585,16.8892411264245,16.8968732604122
346534.378410557,16.8651920132131,16.8734137111534
346594.384363528,16.8781633823738,16.8807971332749
346654.3903165,16.9664123957467,16.9636702551055
346714.396269471,16.9167766501041,16.9159599022695
346774.402222443,16.9132074969805,16.9168362435772
346834.408175414,16.7966609346021,16.8036614233541
346894.414128386,16.8906947705533,16.8980244608784
346954.420081357,16.8495264122781,16.8523239489095
347014.426034329,16.9187181005407,16.9171011247932
347074.4319873,16.8080659443521,16.8060183317667
347134.437940272,16.7916533260719,16.7919569746863
347194.443893243,16.9493537860317,16.95826316031
347254.449846215,16.9330856018984,16.9469982005945
347314.455799186,16.8940672558389,16.9043423721201
347374.461752158,16.8176948720838,16.8243903737031
347434.467705129,16.8822548169473,16.8863530261483
347494.473658101,16.8827436278705,16.8850617954321
347554.479611073,16.8754341234412,16.8773104646891
347614.485564044,16.8487814797895,16.8517718872064
347674.491517016,16.8407477830113,16.8492747082536
347734.497469987,16.8800370244445,16.8911753210306
347794.503422959,16.8853975151758,16.8925386367378
347854.50937593,16.9159296295201,16.9191157703875
347914.515328902,16.8568723283255,16.8658625262897
347974.521281873,16.7696273387243,16.7860054299662
348034.527234845,16.8161587974173,16.8325990484049
348094.533187816,16.7935772763016,16.8088343119198
348154.539140788,16.7488206753146,16.7620854516016
348214.545093759,16.7423419934469,16.7537411729707
348274.551046731,16.8583720611158,16.8694206064767
348334.556999702,16.8923294392977,16.9041481894502
348394.562952674,16.7597382966477,16.7736753128365
348454.568905645,16.7943168939097,16.8107889255098
348514.574858617,16.6993156263219,16.7177656819742
348574.580811588,16.7971949903985,16.8169674062326
348634.58676456,16.7727247966236,16.7933498058884
348694.592717531,16.7671437293636,16.7869520569792
348754.598670503,16.8063158032686,16.8234055807085
348814.604623475,16.7836171218216,16.7977272052092
348874.610576446,16.8349873173659,16.8459954097651
348934.616529418,16.7234235279303,16.7314242385221
348994.622482389,16.8064954801363,16.8123698700228
349054.628435361,16.8187399817357,16.8232329117974
349114.634388332,16.7413842734269,16.7452924803693
349174.640341304,16.6950119413589,16.6988321808985
349234.646294275,16.8338998074618,16.8375110544982
349294.652247247,16.7014145929917,16.7051117026836
349354.658200218,16.8616238559166,16.8671720952358
349414.66415319,16.7190512467933,16.7243712027452
349474.670106161,16.7512933155634,16.7522164627079
349534.676059133,16.8886094562055,16.8852750546833
349594.682012104,16.8063404281861,16.8001196791584
349654.687965076,16.7389095730659,16.730355328543
349714.693918047,16.7968989675757,16.7930315792498
349774.699871019,16.7315770394007,16.7311644941333
349834.70582399,16.7438151808408,16.7396609026978
349894.711776962,16.7143620675716,16.7065104665206
349954.717729934,16.7703452803845,16.7669790619446
350014.723682905,16.6081204353016,16.6113673222873
350074.729635877,16.6503981558712,16.6542770611998
350134.735588848,16.6842429851533,16.6887989196948
350194.74154182,16.6616678778846,16.6702562813204
350254.747494791,16.6517876128845,16.6656388755093
350314.753447763,16.6814210108136,16.7005488320799
350374.759400734,16.6074809380153,16.6307404668735
350434.765353706,16.6306309033206,16.6561117917303
350494.771306677,16.6689675540758,16.6948089999346
350554.777259649,16.6512093444106,16.6751958986957
350614.78321262,16.6762597851334,16.6985817616288
350674.789165592,16.715388866228,16.7395652648131
350734.795118563,16.6595114468634,16.6883294580969
350794.801071535,16.6809126757631,16.7184506875168
350854.807024506,16.634130933893,16.6796826237427
350914.812977478,16.5127531163362,16.5618562906195
350974.818930449,16.5912088395829,16.6412585985309
351034.824883421,16.6788042921598,16.7276063616173
351094.830836392,16.5754432837623,16.6221069372606
351154.836789364,16.6021781731911,16.6462318384865
351214.842742336,16.5475119405648,16.5885781625086
351274.848695307,16.6228688130118,16.6586576200536
351334.854648279,16.6126961602492,16.6434377015161
351394.86060125,16.513627077237,16.5472357481715
351454.866554222,16.6064126036453,16.6435024006832
351514.872507193,16.6161791450116,16.6514860892805
351574.878460165,16.6252529274411,16.6587251921687
351634.884413136,16.6259391420991,16.6596230444192
351694.890366108,16.5610845027555,16.5952719604872
351754.896319079,16.6221739726581,16.6554372447659
351814.902272051,16.5469997047084,16.5795925757271
351874.908225022,16.5802487960159,16.6141864795947
351934.914177994,16.5731993212916,16.6093127389125
351994.920130965,16.5854794070255,16.6242646268827
352054.926083937,16.4794998720843,16.5194631434308
352114.932036908,16.5866493303384,16.6250321379393
352174.93798988,16.5925785821915,16.6292794101185
352234.943942852,16.5385439513642,16.5746784322635
352294.949895823,16.5198989659382,16.5560487102513
352354.955848794,16.6109838969502,16.6474630794295
352414.961801766,16.5614046492128,16.5986261655619
352474.967754738,16.56740364602,16.6061722433317
352534.973707709,16.4931861169211,16.5330895192847
352594.979660681,16.5479015998266,16.5882210978968
352654.985613652,16.5382216557412,16.5771040760197
352714.991566624,16.5567541696331,16.5923559052752
352774.997519595,16.5561589268069,16.5885019315637
352835.003472567,16.5188412217765,16.5490096515322
352895.009425538,16.4740840939035,16.501972896629
352955.01537851,16.4964853734626,16.5208803096711
353015.021331481,16.5430809030218,16.5640137800665
353075.027284453,16.5319968931891,16.5518093569211
353135.033237424,16.4404042353929,16.4602672831795
353195.039190396,16.4988715290684,16.5188625807539
353255.045143367,16.5054219544745,16.5240756454189
353315.051096339,16.5867189365726,16.5977667025362
353375.05704931,16.4822989020136,16.4862414576257
353435.063002282,16.4438487101355,16.4491260783039
353495.068955254,16.5225143952545,16.5322035945376
353555.074908225,16.4596200203118,16.4758552123233
353615.080861197,16.5252388808039,16.5440678698175
353675.086814168,16.5177754197617,16.533135404678
353735.09276714,16.4778595858892,16.4898253609171
353795.098720111,16.4895045849197,16.4993575285641
353855.104673083,16.4571420029531,16.4662531046402
353915.110626054,16.4705561025089,16.484732833053
353975.116579026,16.3987166548251,16.4210150010303
354035.122531997,16.534694231725,16.5648534883464
354095.128484969,16.4221034492595,16.457372215869
354155.13443794,16.4733582221602,16.5097770506345
354215.140390912,16.5696777563025,16.6047361972906
354275.146343883,16.4577049201907,16.4881067068787
354335.152296855,16.4109198143692,16.4368775875878
354395.158249826,16.4536185661615,16.482704347258
354455.164202798,16.4055964348011,16.4371072716187
354515.170155769,16.4288689043257,16.4565150410646
354575.176108741,16.4471183985131,16.4710106488807
354635.182061712,16.4259704422198,16.4503827561118
354695.188014684,16.3607835112168,16.3874248398756
354755.193967656,16.4128266478598,16.4399786917552
354815.199920627,16.4741816859421,16.5020191793749
354875.205873599,16.4538509048092,16.4847060424018
354935.21182657,16.4201054186213,16.4515561663722
354995.217779542,16.4119864059075,16.4380737606063
355055.223732513,16.4098765568072,16.4290110237576
355115.229685485,16.3615130570563,16.3725144677993
355175.235638456,16.4102157812311,16.4152812519
355235.241591428,16.4927244182338,16.4957711321083
355295.247544399,16.4257537398891,16.4276833132632
355355.253497371,16.4924613610705,16.498279666283
355415.259450342,16.3902915374683,16.3984545472292
355475.265403314,16.430365032215,16.4308065750534
355535.271356285,16.4715772517733,16.4649474933839
355595.277309257,16.3951185076896,16.3872212306075
355655.283262228,16.3967996000451,16.388489903053
355715.2892152,16.3691959731531,16.3608786095741
355775.295168171,16.3978227275772,16.3884263732252
355835.301121143,16.4442978359529,16.4273944621705
355895.307074115,16.4780710192262,16.4542726745684
355955.313027086,16.3534654175316,16.334922300342
356015.318980058,16.4062461130824,16.3920036337
356075.324933029,16.4047926629876,16.3824833148964
356135.330886001,16.4345439223465,16.4048640512345
356195.336838972,16.4490815645012,16.4214773402568
356255.342791944,16.3927526874418,16.3666616536123
356315.348744915,16.3754186012988,16.3425843019072
356375.354697887,16.384931943435,16.3458760216118
356435.360650858,16.3737091376903,16.3370041975404
356495.36660383,16.4026032647762,16.3702023180021
356555.372556801,16.3718102962641,16.3407410272336
356615.378509773,16.3389341833117,16.309708310449
356675.384462744,16.3806413338724,16.3591387070001
356735.390415716,16.2490401769238,16.2316223984404
356795.396368687,16.375729818355,16.3554633578612
356855.402321659,16.3963779016546,16.3731179159131
356915.40827463,16.4171490055198,16.3883510274955
356975.414227602,16.3918634443613,16.3580831854514
357035.420180573,16.3912173878423,16.3611780921554
357095.426133545,16.3383499047186,16.3135036678137
357155.432086517,16.3515291911172,16.3270709832886
357215.438039488,16.3776534965019,16.353625854451
357275.44399246,16.2748760946104,16.2536515469934
357335.449945431,16.3774778592028,16.3602892340805
357395.455898403,16.3262475174998,16.3136293766469
357455.461851374,16.3518747291489,16.3445406345439
357515.467804346,16.3502406223183,16.3495659027158
357575.473757317,16.2811552189236,16.2861416685318
357635.479710289,16.2137670635615,16.2224108213374
357695.48566326,16.2885034128083,16.2983629832613
357755.491616232,16.3723672744755,16.3807080389852
357815.497569203,16.3705213277056,16.3775502107193
357875.503522175,16.3277165872248,16.3390995913083
357935.509475146,16.2937603457099,16.3107992542731
357995.515428118,16.3505518336366,16.3695573019239
358055.521381089,16.3017773559628,16.3227118128003
358115.527334061,16.2367527343725,16.262531786882
358175.533287032,16.1538384334185,16.1821771330209
358235.539240004,16.2118932937263,16.2385585576822
358295.545192975,16.2452801272459,16.2703720702492
358355.551145947,16.2501516091104,16.2783800264925
358415.557098919,16.2072625161496,16.2373307101134
358475.56305189,16.3544041591573,16.3809204921646
358535.569004862,16.3177835546942,16.3405227311048
358595.574957833,16.2838815417432,16.3035741358807
358655.580910805,16.3176203419033,16.3346870813663
358715.586863776,16.2860523755629,16.31048859894
358775.592816748,16.227895879472,16.2583927691154
358835.598769719,16.2307246949742,16.2579045718304
358895.604722691,16.2838713864117,16.3078859941872
358955.610675662,16.1787282776397,16.2031619884521
359015.616628634,16.1859280789863,16.2112363464542
359075.622581605,16.2272956538671,16.2511802834012
359135.628534577,16.2343938709735,16.2570895070725
359195.634487548,16.1738384125339,16.2042113986002
359255.64044052,16.3425057086433,16.3784307112879
359315.646393491,16.2307346606451,16.2566652808875
359375.652346463,16.3724484695052,16.3894379465919
359435.658299434,16.2488459052813,16.270023097635
359495.664252406,16.1970908807671,16.2221668867169
359555.670205378,16.1454645106586,16.1689470596149
359615.676158349,16.1372797753186,16.1585826334888
359675.682111321,16.2166328431524,16.2274977855669
359735.688064292,16.3162318893047,16.3177671042962
359795.694017264,16.2417754362218,16.2472865323987
359855.699970235,16.3100075295402,16.3185673762153
359915.705923207,16.2474716156133,16.2511826860441
359975.711876178,16.2319721463611,16.2311587195804
360035.71782915,16.3104350679636,16.3082981709239
360095.723782121,16.1956168269822,16.1919976008478
360155.729735093,16.29455533258,16.2827077253045
360215.735688064,16.2419562183618,16.2226884804474
360275.741641036,16.2820797004541,16.2616867769771
360335.747594007,16.253134976506,16.2321906269098
360395.753546979,16.1801755002123,16.1578501102139
360455.75949995,16.2062090248372,16.1829823367441
360515.765452922,16.2605053181752,16.2442167512815
360575.771405893,16.3390148187034,16.3273801900726
360635.777358865,16.2548758192134,16.237917774371
360695.783311836,16.2360388917687,16.2141766023952
360755.789264808,16.2757958515102,16.254078929532
360815.79521778,16.2067934158084,16.1852560799559
360875.801170751,16.2823832552657,16.2587124562565
360935.807123723,16.1851628437419,16.1594461528451
360995.813076694,16.1431336477958,16.1211072411409
361055.819029666,16.1153812014663,16.0958395929203
361115.824982637,16.129065657839,16.105754916195
361175.830935609,16.1935072426171,16.1666239490124
361235.83688858,16.1965503997827,16.1737041556282
361295.842841552,16.1767729629321,16.1596986783432
361355.848794523,16.1554831108325,16.1403989358327
361415.854747495,16.1538949488299,16.1390159351075
361475.860700466,16.2227085445775,16.2066162009467
361535.866653438,16.1832718766595,16.1652286850711
361595.872606409,16.1698315306173,16.1482489130814
361655.878559381,16.1588387746104,16.1333873705467
361715.884512352,16.0866511923517,16.0578412248588
361775.890465324,16.2129702844399,16.1813596255109
361835.896418296,16.1347842884692,16.105520009975
361895.902371267,16.2614526418014,16.2376607016794
361955.908324238,16.1793321204451,16.1623444601027
362015.91427721,16.1944710836777,16.1826887788456
362075.920230182,16.2168276590012,16.2059289315208
362135.926183153,16.1408402468901,16.1308296523593
362195.932136125,16.1903597510934,16.1845379851127
362255.938089096,16.04208194368,16.0398225094406
362315.944042068,16.1146211536805,16.1132786569745
362375.949995039,16.0683316191445,16.0665972623678
362435.955948011,16.1550575516068,16.1520139786146
362495.961900982,16.1898311154723,16.1849594130916
362555.967853954,16.0121917653547,15.9979405842381
362615.973806925,16.2030827114803,16.1805918675934
362675.979759897,16.1069836865972,16.082875756488
362735.985712868,16.1407074680319,16.1152485292003
362795.99166584,16.1398094640977,16.112948207001
362855.997618811,16.1539113585259,16.1260409469332
362916.003571783,16.1729417422723,16.1509973678377
362976.009524754,16.2510559286359,16.233355377769
363036.015477726,16.195256005492,16.1670337732535
363096.021430698,16.1282758521893,16.0902718097167
363156.027383669,16.1665862895828,16.125939746537
363216.033336641,16.0897554892836,16.0470203921969
363276.039289612,16.1274126479028,16.0905775113887
363336.045242584,16.1360200561915,16.1038926880384
363396.051195555,16.0933108378869,16.0507094958864
363456.057148527,16.1717416342901,16.1185282026396
363516.063101498,16.1952956818899,16.138174917626
363576.06905447,16.1056512663277,16.0457963576096
363636.075007441,16.1315905123012,16.0696421803274
363696.080960413,16.2352420778266,16.171382809181
363756.086913384,16.1205372721692,16.0601906381841
363816.092866356,16.1701799962625,16.1161683880873
363876.098819327,16.0813523482695,16.0340945933964
363936.104772299,16.1182524093466,16.0737240729483
363996.11072527,16.0289744381819,15.9808957178512
364056.116678242,16.1944953110163,16.1431307288461
364116.122631213,16.1346800462078,16.0843059686205
364176.128584185,16.1064050131103,16.0565662830889
364236.134537156,16.2373874631237,16.1842357661606
364296.140490128,16.2137523191833,16.1562188203852
364356.1464431,16.0758394647642,16.0130844119943
364416.152396071,16.0984494512315,16.0299656194313
364476.158349043,16.0935101149713,16.0184880072062
364536.164302014,16.1068563223488,16.0274523271832
364596.170254986,16.141569548524,16.0652840104078
364656.176207957,16.1400461405481,16.0691114161718
364716.182160929,16.1479233753588,16.0801497568247
364776.1881139,16.1567464444928,16.0924976699139
364836.194066872,16.1074007628224,16.0495164604647
364896.200019843,16.090287743316,16.0366582574756
364956.205972815,16.067339640311,16.0140344069877
365016.211925786,16.0444713831377,15.9903594907745
365076.217878758,16.2445053136185,16.1889740427323
365136.223831729,16.10587346629,16.0486088421593
365196.229784701,16.0178808272659,15.9546233442266
365256.235737672,16.066432581888,15.9978825814876
365316.241690644,16.0315353199885,15.9639308943598
365376.247643615,16.0443455484213,15.9794321594107
365436.253596587,16.1533285065161,16.0923304506873
365496.259549559,16.0675290013011,16.0080174708015
365556.26550253,16.0995611711443,16.0355628488989
365616.271455502,16.0225995657136,15.9523181988362
365676.277408473,16.0434137951647,15.9657146931631
365736.283361445,16.0280321393268,15.9443732283038
365796.289314416,16.0391846007196,15.9523690135515
365856.295267388,16.0481966564153,15.9590230443811
365916.301220359,16.0972528853598,16.0061409712317
365976.307173331,16.0356050305993,15.942863866483
366036.313126302,16.1309666732804,16.0378566905137
366096.319079274,16.0661969697305,15.9742588608403
366156.325032245,16.2058119873657,16.1316551594962
366216.330985217,16.087092751294,16.0288652672739
366276.336938188,16.0075546977552,15.9501476415406
366336.34289116,16.0693250225328,16.0130046690275
366396.348844131,16.0557235178222,16.0141796272837
366456.354797103,16.0859038186967,16.0546388583768
366516.360750074,16.0434656998794,16.0092986724306
366576.366703046,16.0142601013929,15.9774121020432
366636.372656017,16.0553855572543,16.022606207101
366696.378608989,15.9756801213557,15.9464837248453
366756.384561961,16.0910938737716,16.0605392937555
366816.390514932,16.0164577780458,15.9846350709197
366876.396467904,16.0421859830407,16.0153951878833
366936.402420875,16.0530450796781,16.0322597882631
366996.408373847,15.9845578703427,15.9662095036927
367056.414326818,16.0741310445935,16.055791696532
367116.42027979,15.9948972327416,15.9737490130018
367176.426232761,16.026632668054,16.0015067560465
367236.432185733,15.9392439602742,15.9023417463921
367296.438138704,16.0180732981559,15.9720961350285
367356.444091676,16.0773242655361,16.0325767620691
367416.450044647,15.9914819364432,15.9474544025467
367476.455997619,16.0870615761234,16.0410851367023
367536.46195059,16.0280704965879,15.9801699507714
367596.467903562,15.9230907879672,15.8833644278516
367656.473856533,16.0029676650566,15.9723556622753
367716.479809505,16.0211839922407,15.9921879104702
367776.485762476,16.0486045261878,16.0205141498234
367836.491715448,16.0156527216617,15.98853196592
367896.497668419,16.0336338858865,16.0080941042318
367956.503621391,15.947793104622,15.9279326759178
368016.509574363,16.0123588674137,15.9953389447807
368076.515527334,15.9915766095362,15.9725804364773
368136.521480306,15.9009721033657,15.8798536146949
368196.527433277,15.9755983197334,15.9483464505653
368256.533386249,15.9679953970869,15.9355369267779
368316.53933922,16.0363695423402,16.0042898300178
368376.545292192,16.0381624012085,16.0060847761065
368436.551245163,16.0303457057899,15.9940403658395
368496.557198135,15.9299224075978,15.8898021987958
368556.563151106,16.03507601656,15.9960707695045
368616.569104078,15.9541505825858,15.9183757470107
368676.575057049,15.9729224146031,15.9432441962093
368736.581010021,15.9858159779317,15.9589817373426
368796.586962992,16.0024315222429,15.9732760518332
368856.592915964,16.0415560539574,16.0096370518176
368916.598868935,15.9334242655676,15.8947007833164
368976.604821907,15.8756049284202,15.8312979907444
369036.610774878,15.9475201643009,15.9096774681606
369096.61672785,15.9290118529847,15.9002362660453
369156.622680821,15.9006772017085,15.8764729323363
369216.628633793,15.9280888751618,15.9072660044765
369276.634586765,15.8669277779854,15.8496425780501
369336.640539736,15.9479202202131,15.9312022284186
369396.646492708,15.7753434713311,15.7562422047167
369456.652445679,15.931973533164,15.9102962312401
369516.658398651,15.9635185494785,15.9358963389921
369576.664351622,15.8829797171195,15.8503207777218
369636.670304594,15.8789414419089,15.8505942069152
369696.676257565,15.8702445581458,15.8450561812602
369756.682210537,15.919599354256,15.8892957221033
369816.688163508,15.8495379423561,15.8146933604784
369876.69411648,15.9477004519968,15.9181202141323
369936.700069451,15.9564004407653,15.9307927211102
369996.706022423,15.9677825247947,15.939471546858
370056.711975394,15.9546515966473,15.9235357466862
370116.717928366,15.8386468065564,15.8051109965074
370176.723881337,15.9393777058872,15.9036921086874
370236.729834309,15.9501671762136,15.9158598738811
370296.73578728,15.9167657923576,15.8860632255964
370356.741740252,16.062201745988,16.035701473597
370416.747693223,15.9988475028906,15.9769729343049
370476.753646195,15.9861028754072,15.9680748441295
370536.759599167,15.8267715498137,15.8132776776351
370596.765552138,15.9936657064027,15.9878001491563
370656.77150511,15.8363600204467,15.8371475777205
370716.777458081,15.8489944311414,15.8524811433942
370776.783411053,15.8602574157771,15.8667096971914
370836.789364024,15.8634388657799,15.878668867755
370896.795316996,15.7506896300486,15.7702921124385
370956.801269967,15.8051872596677,15.8211280218154
371016.807222939,15.7664058557851,15.7790062132692
371076.81317591,15.8211643244966,15.8388354043387
371136.819128882,15.7969150730433,15.818338524324
371196.825081853,15.8522676085982,15.8679732948653
371256.831034825,15.8567016355962,15.8673822414301
371316.836987796,15.8682813192269,15.8809727373248
371376.842940768,15.7944341927431,15.8104848104373
371436.848893739,15.8232994209247,15.8413152113751
371496.854846711,15.9055756522792,15.9234997177174
371556.860799683,15.8266974417832,15.8426069938938
371616.866752654,15.7954573197666,15.8093824292433
371676.872705626,15.8163408253572,15.8368826792287
371736.878658597,15.7756752408515,15.8053892588349
371796.884611569,15.8415068017028,15.8755862480024
371856.89056454,15.8130690108621,15.8508929560937
371916.896517512,15.6892680692793,15.7321646715917
371976.902470483,15.6975531698874,15.7427674449128
372036.908423455,15.8184712285019,15.8624990162819
372096.914376426,15.7611827612294,15.803712898386
372156.920329398,15.6859209709225,15.7269090039724
372216.926282369,15.7171760544921,15.756856930301
372276.932235341,15.7748916053413,15.8152616347038
372336.938188312,15.8173467796426,15.8574207298294
372396.944141284,15.8123531683403,15.848294218966
372456.950094255,15.8306769619822,15.8626223664866
372516.956047227,15.6585233200216,15.6880680815744
372576.962000198,15.7874301306851,15.8145310372224
372636.96795317,15.6606502512101,15.6828606950357
372696.973906141,15.701614785316,15.7196253971616
372756.979859113,15.7908469702312,15.8077770024943
372816.985812085,15.8001339304348,15.8170077771822
372876.991765056,15.7778760694285,15.7977976994376
372936.997718028,15.7806801711829,15.801800453598
372997.003670999,15.7523921185653,15.7686029324321
373057.009623971,15.7767636812792,15.788609868284
373117.015576942,15.7618498968791,15.7785823409665
373177.021529914,15.8030440979138,15.8232791092969
373237.027482885,15.754346138574,15.7715633652114
373297.033435857,15.7395216076445,15.7529238934751
373357.039388828,15.7244530410141,15.7296333493808
373417.0453418,15.8013839777063,15.8001203489129
373477.051294771,15.8021696133678,15.8007065719455
373537.057247743,15.7681246179987,15.768106429874
373597.063200714,15.8188790942656,15.8222443113448
373657.069153686,15.7716518967491,15.7786120515883
373717.075106657,15.7589524132282,15.7676821675647
373777.081059629,15.6928914552037,15.7034276064551
373837.087012601,15.6858603777604,15.7004745912115
373897.092965572,15.6859292437208,15.7019978099159
373957.098918543,15.712716982492,15.7266710096726
374017.104871515,15.6357196147283,15.6476130925419
374077.110824487,15.7471442237062,15.7587443306507
374137.116777458,15.7681061925464,15.778817587301
374197.12273043,15.7258033630692,15.733774687849
374257.128683401,15.7289315277509,15.733841904665
374317.134636373,15.8019726236155,15.8029316636614
374377.140589344,15.6638006929749,15.6614277545288
374437.146542316,15.7193300897627,15.7201728932956
374497.152495287,15.7924783192399,15.8002740486133
374557.158448259,15.658000600245,15.6765140120154
374617.16440123,15.6751618402073,15.6999214999446
374677.170354202,15.645979623779,15.6694899150491
374737.176307173,15.7234883727797,15.7458131705356
374797.182260145,15.6871276645029,15.710807595617
374857.188213116,15.7588164433768,15.7850885933439
374917.194166088,15.6554992967416,15.6845906638436
374977.200119059,15.6879474741858,15.7204241736709
375037.206072031,15.5539488925563,15.5921343638148
375097.212025003,15.6526682825611,15.6928610319787
375157.217977974,15.6520880330597,15.6883093856394
375217.223930946,15.6300865803761,15.6627447584916
375277.229883917,15.7153442622853,15.75259710974
375337.235836889,15.6788133635526,15.7193222334689
375397.24178986,15.6301798344275,15.6649071320191
375457.247742832,15.6418237224499,15.6715587060622
375517.253695803,15.702399337903,15.7415636142796
375577.259648775,15.6221185698062,15.6704446556588
375637.265601746,15.6801649694519,15.7286397721407
375697.271554718,15.6299165669278,15.6781629285498
375757.277507689,15.6631503751094,15.7127811295387
375817.283460661,15.545911625287,15.5953425886241
375877.289413632,15.6284126365709,15.6744651797903
375937.295366604,15.6239807631471,15.6664881866067
375997.301319575,15.6957526396512,15.7356945879747
376057.307272547,15.5924466151888,15.6296377731856
376117.313225518,15.6375771199329,15.6666533905866
376177.31917849,15.6181564052918,15.6407719948049
376237.325131461,15.6733424708843,15.6966175744693
376297.331084433,15.5992463395572,15.6247969884894
376357.337037405,15.673313073264,15.7026892237737
376417.342990376,15.6281989093001,15.6588080918138
376477.348943348,15.6401042598926,15.6604000020679
376537.354896319,15.7036690592986,15.7153871389365
376597.360849291,15.6168159178321,15.6303678135523
376657.366802262,15.6779008327411,15.6954412010674
376717.372755234,15.6902008302471,15.7120410816671
376777.378708205,15.5906071470553,15.6162936103121
376837.384661177,15.560739653642,15.5884854804056
376897.390614148,15.5374357348123,15.5671236442776
376957.39656712,15.6016266355512,15.6341845711229
377017.402520091,15.6258974513491,15.6610646655803
377077.408473063,15.7176973809762,15.7548162948326
377137.414426034,15.5611414584036,15.5992559160145
377197.420379006,15.6026578963717,15.6402553848548
377257.426331977,15.6522424306748,15.689854293556
377317.432284949,15.6088173199747,15.6539893154159
377377.43823792,15.5267751363952,15.5771951086676
377437.444190892,15.5692850140258,15.6185303384404
377497.450143863,15.6515089613007,15.6987932298455
377557.456096835,15.5677646567432,15.6126264584267
377617.462049807,15.5839845423456,15.6263346959511
377677.468002778,15.6043331441906,15.6379151702447
377737.47395575,15.5256708634779,15.5519496399516
377797.479908721,15.4529206894085,15.4813361054965
377857.485861693,15.5251392048527,15.558206815189
377917.491814664,15.519364595535,15.558415986116
377977.497767636,15.5521364931455,15.5945002451617
378037.503720607,15.5920584210204,15.6335244943412
378097.509673579,15.5325371392988,15.5728392230174
378157.51562655,15.572617399652,15.6118936392756
378217.521579522,15.5132857702821,15.5522191728489
378277.527532493,15.4862656504981,15.5312678665762
378337.533485465,15.4510076733315,15.4994568901773
378397.539438436,15.5367288602293,15.5796512480125
378457.545391408,15.5197318092628,15.5578865836912
378517.551344379,15.5453411237705,15.5830424353302
378577.557297351,15.5217390450915,15.5586527082366
378637.563250322,15.53015895053,15.5611517163657
378697.569203294,15.5536314052128,15.5795608940194
378757.575156265,15.6100642965062,15.6343424148939
378817.581109237,15.575521830691,15.5985991983025
378877.587062209,15.5829419333355,15.6114732183505
378937.59301518,15.4572372693797,15.4918894053187
378997.598968152,15.5282002886593,15.5645620851423
379057.604921123,15.4517159287994,15.4885547227596
379117.610874095,15.5298452057752,15.5661124957454
379177.616827066,15.5720936963361,15.6079808332633
379237.622780038,15.5176967551042,15.555837370866
379297.628733009,15.5509043795602,15.5896233465271
379357.634685981,15.4716782342127,15.5053118011097
379417.640638952,15.5521958591879,15.5795207364585
379477.646591924,15.4433928852843,15.4648950594544
379537.652544895,15.5205246386925,15.5377405658992
379597.658497867,15.5712255282678,15.5860329206813
379657.664450838,15.6086749693154,15.6210457991212
379717.67040381,15.5863248421644,15.5948721550805
379777.676356781,15.5342471043841,15.5396956285573
379837.682309753,15.4761953588474,15.4869187971536
379897.688262724,15.3935172923038,15.4079317633692
379957.694215696,15.4644561262207,15.4744139816967
380017.700168667,15.5848435817614,15.5909364772178
380077.706121639,15.5671200685325,15.5780213204496
380137.712074611,15.4908861957356,15.5051107424374
380197.718027582,15.47855974676,15.4869763704902
380257.723980554,15.540694618458,15.5441921454994
380317.729933525,15.5275670422381,15.5368727216023
380377.735886497,15.5372376523779,15.5534360412541
380437.741839468,15.4807755958805,15.4996507677832
380497.74779244,15.4557489892815,15.4745576293238
380557.753745411,15.5109711600878,15.5246309266591
380617.759698383,15.4458474230197,15.455097802908
380677.765651354,15.6087853447938,15.6166927978203
380737.771604326,15.4982872950909,15.5051022896171
380797.777557297,15.5287284921481,15.5342020225325
380857.783510269,15.5290422557517,15.5334439932729
380917.78946324,15.4175144158576,15.4226978147982
380977.795416212,15.5013180946406,15.5087428296566
381037.801369183,15.4320913716337,15.4450845060551
381097.807322155,15.5255233307737,15.5409538944251
381157.813275127,15.432759124504,15.4426550387038
381217.819228098,15.4774153896995,15.4801145033604
381277.825181069,15.5182466400793,15.5133831934217
381337.831134041,15.4828921045722,15.4733592398583
381397.837087013,15.4200580242797,15.414869327812
381457.843039984,15.5126315654588,15.5130894958475
381517.848992956,15.4199887633664,15.4226149258635
381577.854945927,15.4118243798284,15.4159793309332
381637.860898899,15.3437348487197,15.3499054129291
381697.86685187,15.4041002379896,15.4103158579968
381757.872804842,15.4393822862363,15.4398835484828
381817.878757813,15.4270332359022,15.4227695882087
381877.884710785,15.4585479231494,15.4551653641467
381937.890663756,15.5744270841516,15.5732022737319
381997.896616728,15.4918622679171,15.4925395889427
382057.902569699,15.4072968128812,15.4098302997733
382117.908522671,15.462319750233,15.4664627080411
382177.914475642,15.4867706502382,15.4921092785515
382237.920428614,15.4424023854077,15.4480900742794
382297.926381585,15.4965684682105,15.5030646198328
382357.932334557,15.4203496614365,15.4316475274973
382417.938287529,15.4080654621692,15.4216290840137
382477.9442405,15.4233439173542,15.4330750558981
382537.950193472,15.4769126401689,15.4833480723294
382597.956146443,15.4009367565862,15.413322456774
382657.962099415,15.4443445677139,15.4649254961765
382717.968052386,15.4003035982499,15.4262079452582
382777.974005358,15.478043522416,15.5066728803156
382837.979958329,15.4145382277118,15.4428481324263
382897.985911301,15.4096446409166,15.4379844905342
382957.991864272,15.4415783796099,15.4768976150602
383017.997817244,15.3955561023407,15.434949507404
383078.003770215,15.379769095933,15.4165887160309
383138.009723187,15.3851716554309,15.4196565354807
383198.015676158,15.4216566887984,15.4651972017303
383258.02162913,15.399156057089,15.4528844009649
383318.027582101,15.3912060645426,15.4478604906167
383378.033535073,15.32332530861,15.3820056045061
383438.039488045,15.2426415398928,15.3043827551636
383498.045441016,15.3200521195963,15.3822831575146
383558.051393987,15.3928182408104,15.4464194568796
383618.057346959,15.311266276587,15.3561923578795
383678.063299931,15.3396025726864,15.38032154649
383738.069252902,15.2985389323764,15.3366656078343
383798.075205874,15.4091474517567,15.4515237230062
383858.081158845,15.4160277842966,15.4612481592182
383918.087111817,15.2706969414098,15.310736566708
383978.093064788,15.4980471884766,15.5334971265238
384038.09901776,15.4231125600099,15.4566910679391
384098.104970731,15.3450452964816,15.376684396427
384158.110923703,15.3046122994906,15.3287306703795
384218.116876674,15.3302021092762,15.3483439675414
384278.122829646,15.428651742586,15.4478613100806
384338.128782617,15.3256031813285,15.3465214740334
384398.134735589,15.3498100034955,15.3714762288233
384458.14068856,15.3214455537432,15.3425304617067
384518.146641532,15.3328203654126,15.3514657583135
384578.152594503,15.4524958214159,15.468889394697
384638.158547475,15.3764666908727,15.3934952260888
384698.164500447,15.2749252868069,15.2935909095093
384758.170453418,15.2789567875884,15.298558775812
384818.17640639,15.2967581719527,15.3175711169578
384878.182359361,15.3136065441722,15.3365939866983
384938.188312333,15.3697351368536,15.394653731866
384998.194265304,15.3126278880088,15.339124418005
385058.200218276,15.4102841862214,15.4364910537222
385118.206171247,15.4317077218751,15.4547649358577
385178.212124219,15.3528514741391,15.3712525756011
385238.21807719,15.3022915536019,15.3077726765796
385298.224030162,15.2314719371738,15.227760357836
385358.229983133,15.3438696548497,15.3413642250704
385418.235936105,15.3973727862788,15.3963376158958
385478.241889076,15.3425720316163,15.3413654190287
385538.247842048,15.4041237938435,15.4017574260066
385598.253795019,15.3763678734886,15.3696843880157
385658.259747991,15.3484590038015,15.33743232265
385718.265700962,15.322091646227,15.3083602607477
385778.271653934,15.3697889091967,15.3539816696203
385838.277606905,15.3577713803151,15.3430942053918
385898.283559877,15.3760158608774,15.3629183184686
385958.289512849,15.3537347311134,15.340267310654
386018.29546582,15.3318563916629,15.3182887846105
386078.301418792,15.2697199131206,15.2581057645801
386138.307371763,15.2925869394135,15.2841309675157
386198.313324735,15.3337981513173,15.3309512967136
386258.319277706,15.2788294573393,15.278195195124
386318.325230678,15.3229980098521,15.320353008672
386378.331183649,15.2579089210541,15.2533668937573
386438.337136621,15.3209449211042,15.3167151153863
386498.343089592,15.3710584970909,15.3676768483787
386558.349042564,15.3282134405729,15.3244752773399
386618.354995535,15.4210022476989,15.4172951714306
386678.360948507,15.3943610171048,15.3930449638308
386738.366901478,15.325419207014,15.328024097934
386798.37285445,15.299998055248,15.3076749370676
386858.378807421,15.2192490671815,15.2333303398136
386918.384760393,15.22598286746,15.2507239567934
386978.390713364,15.2677595466836,15.2973347010631
387038.396666336,15.1692735302335,15.1904653595488
387098.402619307,15.3573530222256,15.3718587353777
387158.408572279,15.2351067197924,15.2509504284138
387218.414525251,15.2856111006432,15.3049710273416
387278.420478222,15.2471086311872,15.2722351973588
387338.426431194,15.3567542678937,15.3883933970469
387398.432384165,15.3005941830868,15.3394805455578
387458.438337137,15.2742239226436,15.3158198628414
387518.444290108,15.302473208917,15.3424491521011
387578.45024308,15.2838877268581,15.3222390838063
387638.456196051,15.2182008038616,15.2523737921013
387698.462149023,15.1787257258906,15.2094507007002
387758.468101994,15.3406145106898,15.3798014466391
387818.474054966,15.2846313470921,15.3323889036567
387878.480007937,15.2590480057123,15.3080813869261
387938.485960909,15.2173324334958,15.267686729127
387998.49191388,15.1690124767021,15.2246202984915
388058.497866852,15.2508187988878,15.3087318677045
388118.503819823,15.2265141471943,15.2825831025148
388178.509772795,15.2396926654516,15.2937259522196
388238.515725766,15.1793822499459,15.2305708550663
388298.521678738,15.1603761212769,15.2092350116052
388358.527631709,15.1818160239455,15.2340423772486
388418.533584681,15.1920177900956,15.2489866303952
388478.539537653,15.2083022586575,15.2681530322922
388538.545490624,15.1423486490629,15.2035957305164
388598.551443596,15.1844182895776,15.2457691811717
388658.557396567,15.1328250325693,15.1931996234839
388718.563349539,15.2880657375432,15.3449643808858
388778.56930251,15.2326768391955,15.2849807531709
388838.575255482,15.1776684210273,15.2240990945973
388898.581208453,15.3140387302787,15.3565709231969
388958.587161425,15.2439549403241,15.2868177541111
389018.593114396,15.3000934498563,15.343597754753
389078.599067368,15.2204270070289,15.263678440696
389138.605020339,15.1711976517964,15.2133310391403
389198.610973311,15.1331978679851,15.1671691906354
389258.616926282,15.2345671173175,15.2597712147104
389318.622879254,15.1952888337531,15.2155336560286
389378.628832225,15.2218519219195,15.2386421923956
389438.634785197,15.1726837719498,15.1871816675249
389498.640738168,15.1731594464059,15.1854413001323
389558.64669114,15.2604610005365,15.2700839255511
389618.652644111,15.1806131429048,15.1880640828283
389678.658597083,15.1615877563553,15.1684524205689
389738.664550055,15.3483479829246,15.3553953334531
389798.670503026,15.2166361201489,15.2244149264479
389858.676455998,15.16778985866,15.1771335181456
389918.682408969,15.2405190243304,15.2527947534772
389978.688361941,15.173881637043,15.1899996004349
390038.694314912,15.1569664330371,15.1792881202745
390098.700267884,15.2632777206994,15.2878463449847
390158.706220855,15.2271090519022,15.2434393373833
390218.712173827,15.2021543289241,15.2119495924411
390278.718126798,15.1627360992,15.1803269940501
390338.72407977,15.1590301616434,15.1880487588238
390398.730032741,15.1531500753918,15.1930953747487
390458.735985713,15.2433147483268,15.2874039774334
390518.741938684,15.2167665475211,15.2546505892622
390578.747891656,15.219146686439,15.2519510215891
390638.753844627,15.1599158244785,15.1912472717719
390698.759797599,15.2637096565607,15.2938011290159
390758.76575057,15.195798758256,15.2244803606629
390818.771703542,15.2012602123772,15.2289159180179
390878.777656513,15.2409930131616,15.273362842937
390938.783609485,15.1276824779761,15.1627257690194
390998.789562457,15.1697292305891,15.2004835205603
391058.795515428,15.1343869559921,15.1615490229638
391118.8014684,15.1508565099941,15.178837846189
391178.807421371,15.2439730550689,15.2721441927366
391238.813374343,15.0748746421564,15.1013106921014
391298.819327314,15.0576564850863,15.0824178604323
391358.825280286,15.1795885183309,15.2048829436526
391418.831233257,15.1248707054551,15.1513213640388
391478.837186229,15.1209819008654,15.1474795467118
391538.8431392,15.200433050127,15.2272375245378
391598.849092172,15.2401787684104,15.2692307553788
391658.855045143,15.2400993406527,15.26973365933
391718.860998115,15.2882423434497,15.3153655552588
391778.866951086,15.1485080969447,15.1721803851768
391838.872904058,15.2760209322832,15.2936504145674
391898.878857029,15.2565148266221,15.2681355639558
391958.884810001,15.1982052269421,15.2052443950746
392018.890762973,15.1237908179325,15.1281960031194
392078.896715944,15.1240067939952,15.1312861525267
392138.902668916,15.1679892044122,15.1814199141035
392198.908621887,15.1649842937129,15.1914007892268
392258.914574859,15.1029373845063,15.1372299060016
392318.92052783,15.2450813973918,15.2787662565924
392378.926480802,15.2098450948379,15.2432250677622
392438.932433773,15.1761602167134,15.2180943487395
392498.938386745,15.1701128959012,15.2173425502965
392558.944339716,15.071881947071,15.11557313849
392618.950292688,15.1019895078653,15.1427336082348
392678.956245659,15.0484845489034,15.095568397433
392738.962198631,15.1202831786767,15.1715566391602
392798.968151602,15.1095022420316,15.1531419973378
392858.974104574,15.1237306147315,15.1608620141703
392918.980057545,15.1359834619705,15.1709431577402
392978.986010517,15.1885295816207,15.2217611368376
393038.991963488,15.1207683028002,15.15542838851
393098.99791646,15.009528333875,15.0448087000552
393159.003869432,15.0941508160924,15.1276668914196
393219.009822403,15.081670139685,15.1132031502493
393279.015775375,15.1701010662668,15.1921074952341
393339.021728346,15.1439268675932,15.1587012969918
393399.027681318,15.1038736685362,15.1235695068983
393459.033634289,15.1080741294548,15.1346390011325
393519.039587261,15.0993750341289,15.1301420626453
393579.045540232,15.0746555510723,15.1094709969779
393639.051493204,15.0658518584902,15.1065428836274
393699.057446175,15.0612324922086,15.1039379051628
393759.063399147,15.0080573069598,15.0485153501577
393819.069352118,15.0442729480216,15.08270971092
393879.07530509,15.0562475078531,15.0971230904051
393939.081258061,15.035821219125,15.078046870689
393999.087211033,15.1480524841394,15.1861016961383
394059.093164004,15.1117471787055,15.1460997444244
394119.099116976,15.1139277519955,15.1465409971373
394179.105069947,15.0332535605853,15.0640831538995
394239.111022919,15.1169382709811,15.144476123024
394299.11697589,15.0610350375639,15.0848761747788
394359.122928862,15.0803427652759,15.1006893620021
394419.128881834,15.029713843136,15.0477447760663
394479.134834805,15.1170294794697,15.142765748491
394539.140787777,15.0725391375822,15.1058352005566
394599.146740748,15.029148657676,15.0634929620044
394659.15269372,15.0512750372766,15.0865809516653
394719.158646691,15.0341128593372,15.072729793409
394779.164599663,15.1413402650152,15.1816521423554
394839.170552634,15.0191494993991,15.0588140534874
394899.176505606,15.0472281333179,15.0855338801991
394959.182458577,15.0091251374673,15.0378835895313
395019.188411549,15.112111802701,15.1335572230071
395079.19436452,15.1552763100125,15.1811833460343
395139.200317492,15.0324291078501,15.0630958051738
395199.206270463,15.1693573215725,15.2009204710444
395259.212223435,15.0026115505296,15.034602472095
395319.218176406,15.0778806203196,15.1100665422064
395379.224129378,15.0078613062046,15.0409082425416
395439.230082349,15.0343642719873,15.0731305760489
395499.236035321,14.9818704451432,15.0233529131903
395559.241988292,14.9413273035536,14.9753489107892
395619.247941264,15.100954927231,15.1291668162194
395679.253894236,15.0298568740647,15.0582179969187
395739.259847207,15.1042866481203,15.1328109938266
395799.265800179,15.0424532884215,15.0701309256391
395859.27175315,15.0379832768236,15.0643545221065
395919.277706122,15.0788821206274,15.0964088447202
395979.283659093,15.0892574259931,15.0956736469518
396039.289612065,15.157990772758,15.1545058677182
396099.295565036,15.1335162483729,15.124864495035
396159.301518008,14.9634837266284,14.9604640781093
396219.307470979,15.0516612794956,15.0563766932266
396279.313423951,15.1101281896334,15.1214817817872
396339.319376922,15.0700978817855,15.0836932853105
396399.325329894,15.0289083447545,15.0391127306161
396459.331282865,15.0421325887238,15.0495176139425
396519.337235837,15.1210570559614,15.1270983537202
396579.343188808,14.9936536149052,14.9984103853094
396639.34914178,15.0000392048334,15.0093718791726
396699.355094751,15.0733813318232,15.0883002450851
396759.361047723,15.0340532883461,15.0515440782668
396819.367000695,15.0335236066998,15.0525278756992
396879.372953666,15.0039989061692,15.0240520911666
396939.378906638,15.0353531871421,15.0549660201763
396999.384859609,14.9785180949072,14.9946286093516
397059.390812581,15.0608065047977,15.074011691957
397119.396765552,14.981785970449,14.994244601272
397179.402718524,15.200587109237,15.2127652233404
397239.408671495,14.9900585954902,15.0024233127507
397299.414624467,14.9863144838994,14.9990109790509
397359.420577438,15.1295768750998,15.1422922341337
397419.42653041,15.0668652851149,15.0798960534465
397479.432483381,15.0761520028221,15.091209427798
397539.438436353,15.0176121505045,15.0331218055285
397599.444389324,15.122708417263,15.1351071542797
397659.450342296,15.0401939275201,15.0488480510269
397719.456295267,15.0302519107153,15.0351510620382
397779.462248239,14.9724655030245,14.9749693282675
397839.46820121,14.9596078146133,14.969476836696
397899.474154182,15.0520896547387,15.072765426895
397959.480107153,14.9394499647974,14.9714676510289
398019.486060125,14.8721058679158,14.9087174771477
398079.492013097,15.0023249488463,15.0300142734088
398139.497966068,14.9487162017569,14.9697431547568
398199.50391904,14.972164634452,15.0035931116712
398259.509872011,14.968466733729,15.0118309860455
398319.515824983,14.9847167275075,15.0347748320202
398379.521777954,14.9550683539684,15.0069650018633
398439.527730926,15.0664376340655,15.1158804232777
398499.533683897,14.9709847936875,15.0183223474437
398559.539636869,14.9743815044477,15.0228498642605
398619.54558984,14.9554337556902,15.0042543939548
398679.551542812,14.9222523120804,14.9618866465651
398739.557495783,15.0471417893574,15.079854737085
398799.563448755,14.9535106575841,14.9863320563755
398859.569401726,14.9412907006724,14.9737897797933
398919.575354698,15.0329180866029,15.0608502330573
398979.581307669,14.9412763323469,14.9655914035866
399039.587260641,15.0043507456684,15.0277562075276
399099.593213612,15.0198990971306,15.0422895408726
399159.599166584,15.001509446782,15.0210247499861
399219.605119555,15.0143135229835,15.0303878913023
399279.611072527,14.9463079661334,14.9596241420288
399339.617025499,15.0454794334775,15.0556179112522
399399.62297847,14.9796750478905,14.984519547959
399459.628931442,14.9675441496123,14.9677513901517
399519.634884413,15.0590439342118,15.0561930446519
399579.640837385,14.9415673112398,14.9369414700422
399639.646790356,15.0706208180522,15.0722609267359
399699.652743328,14.9274200369186,14.9331486187254
399759.658696299,14.9736737637694,14.9767066861275
399819.664649271,14.9150583979103,14.9158467900482
399879.670602242,15.0546041521964,15.0572686127402
399939.676555214,14.979497191169,14.9847632534428
399999.682508185,14.8813295039338,14.8881651562772
400059.688461157,15.0023143122942,15.0094318349338
400119.694414128,14.8996502345951,14.9057664336971
400179.7003671,14.9428052612534,14.9480661829478
400239.706320071,14.9488263721562,14.9563349140834
400299.712273043,14.9058902518174,14.9147401505064
400359.718226014,14.9460866078878,14.9539886403475
400419.724178986,14.9694511156951,14.9760741654776
400479.730131958,14.9601700062731,14.9631851166631
400539.736084929,14.8824880905264,14.8825846375252
400599.742037901,14.9974286040847,14.9993474093823
400659.747990872,15.0168883780549,15.0196489984309
400719.753943844,14.9937864709508,14.991624212654
400779.759896815,14.858074753111,14.851629955637
400839.765849787,15.0589497987115,15.0507836960566
400899.771802758,14.931578114644,14.9217604801709
400959.77775573,14.9930099733701,14.9814399520396
401019.783708701,14.9935249434753,14.9798823079615
401079.789661673,14.9717776173661,14.952828358509
401139.795614644,14.9760175170124,14.9532668056947
401199.801567616,14.9812468573414,14.9577943147037
401259.807520587,14.8931978618033,14.8691612432772
401319.813473559,14.915455382936,14.8905681710964
401379.81942653,14.9720300120473,14.9465208856855
401439.825379502,14.9514004056468,14.9296323057901
401499.831332473,14.8736517087303,14.8579545511839
401559.837285445,14.9717017038852,14.9646229398806
401619.843238416,15.0713373739536,15.0682294153568
401679.849191388,14.9591111466389,14.9549279902361
401739.85514436,14.9500081290773,14.9449428153739
401799.861097331,14.9253460524623,14.927481295558
401859.867050303,14.9151091986462,14.9260945899556
401919.873003274,14.9409913123435,14.957583737029
401979.878956246,14.9927413005459,15.0126467412993
402039.884909217,14.9184061556453,14.9391091256509
402099.890862189,14.9028326149589,14.924544871109
402159.89681516,14.9448317370734,14.9698343400267
402219.902768132,14.9290008847679,14.9574482541446
402279.908721103,14.8043102894181,14.8351779126992
402339.914674075,14.7994463882391,14.8324132741779
402399.920627046,14.8962079415435,14.9316057599737
402459.926580018,14.9128541161616,14.949035661713
402519.932532989,14.8109916286694,14.8464203842402
402579.938485961,14.8235850239602,14.8578487446691
402639.944438932,14.9585737662457,14.9854271167572
402699.950391904,14.8355537422599,14.856875939518
402759.956344876,14.8988301988509,14.9209264171603
402819.962297847,14.8586855934452,14.8834309196764
402879.968250818,14.988425849989,15.0217853608722
402939.97420379,14.750843254247,14.7924972123721
402999.980156762,14.9396640232456,14.9850237716876
403059.986109733,14.800487336988,14.8492130233157
403119.992062705,14.8311347738599,14.8839165541395
403179.998015676,14.7890497386893,14.8463120656805
403240.003968648,14.7758373279509,14.8398638280635
403300.009921619,14.7436263159555,14.8101792908326
403360.015874591,14.8028583733401,14.8632675835852
403420.021827562,14.7649762154671,14.820745299384
403480.027780534,14.8334333286539,14.8916514339004
403540.033733505,14.8572285702463,14.9195479543981
403600.039686477,14.8067357330255,14.8726759842904
403660.045639448,14.8968402063844,14.9669999537021
403720.05159242,14.8040340872624,14.8809220441095
403780.057545391,14.7499194608498,14.8297999919826
403840.063498363,14.817485951792,14.8962417373802
403900.069451334,14.7635630511687,14.841334885851
403960.075404306,14.7594500637669,14.839358584366
404020.081357278,14.8442812969896,14.9249788737009
404080.087310249,14.8510448635566,14.9270675062357
404140.093263221,14.9597787394105,15.0321504897724
404200.099216192,14.726813516832,14.8026783263379
404260.105169164,14.7740273083918,14.8517614220271
404320.111122135,14.7948478292035,14.8638917767878
404380.117075107,14.7203935772985,14.7829184681711
404440.123028078,14.8625246502126,14.9236965123375
404500.12898105,14.8712489627459,14.9312831862444
404560.134934021,14.7929600048571,14.8600606710416
404620.140886993,14.7861356870044,14.8605361640555
404680.146839964,14.7549152771904,14.8322588630888
404740.152792936,14.8258367588639,14.9032197437718
404800.158745907,14.8202721325295,14.8935712983876
404860.164698879,14.6868428266452,14.7547972118397
404920.17065185,14.7567094970873,14.8179061251176
404980.176604822,14.7988533254889,14.8558854316089
405040.182557793,14.8013502448049,14.8605640499642
405100.188510765,14.8772214593421,14.9373482490958
405160.194463736,14.7376485276974,14.7890396706982
405220.200416708,14.7529361807955,14.797809869355
405280.20636968,14.8166542154048,14.8635127820663
405340.212322651,14.7005581569944,14.7499715914823
405400.218275623,14.7532524922991,14.8032616152132
405460.224228594,14.7458605618537,14.796582560328
405520.230181566,14.7680104849323,14.8212128738098
405580.236134537,14.7826180565649,14.8361993905293
405640.242087509,14.7903791056253,14.8409267075503
405700.24804048,14.7668873346663,14.8149330625718
405760.253993452,14.678883884619,14.7337007607528
405820.259946423,14.73698607336,14.7959518440984
405880.265899395,14.7921146058735,14.8492439181029
405940.271852366,14.8337483289011,14.8891511536385
406000.277805338,14.7671982615899,14.8275681117341
406060.283758309,14.766197023358,14.8315960030666
406120.289711281,14.8128561376925,14.8792694686657
406180.295664252,14.7085539930182,14.7749565579345
406240.301617224,14.6849743837326,14.7509334368898
406300.307570195,14.7949774735649,14.859649010063
406360.313523167,14.8212975874691,14.8837889845488
406420.319476139,14.7876569707456,14.8481774013203
406480.32542911,14.7454607545694,14.8084226332228
406540.331382082,14.7847158175829,14.848808189193
406600.337335053,14.7244632542983,14.7855092676981
406660.343288025,14.7609749715273,14.8194181408676
406720.349240996,14.8316828203926,14.8902808101507
406780.355193968,14.8522593831005,14.9127234735147
406840.361146939,14.8074355709732,14.8752569481722
406900.367099911,14.7161754271435,14.787756393575
406960.373052882,14.8089235753688,14.8790002668699
407020.379005854,14.7159079715031,14.7847536209901
407080.384958825,14.6463334261225,14.7252826498545
407140.390911797,14.7628986926612,14.8487770668693
407200.396864768,14.6549808537253,14.7398388744821
407260.40281774,14.6331801502627,14.7165372018285
407320.408770711,14.6037197982305,14.6842909034004
407380.414723683,14.6754629375042,14.7528979780269
407440.420676654,14.7372790356455,14.8116036370996
407500.426629626,14.7511810200999,14.8232743739562
407560.432582597,14.7364674662294,14.8076793337616
407620.438535569,14.6378730241035,14.7079618197916
407680.444488541,14.6862242387916,14.7503681934028
407740.450441512,14.7529291583033,14.8127419427741
407800.456394484,14.7363196312296,14.8077129300396
407860.462347455,14.6632023472526,14.743383787944
407920.468300427,14.7108849394523,14.79063746138
407980.474253398,14.6726886044043,14.7522386413985
408040.48020637,14.6908512397836,14.7736522604351
408100.486159341,14.722200333992,14.8081849103865
408160.492112313,14.6706002784686,14.7583346008892
408220.498065284,14.6877978566079,14.7752391341142
408280.504018256,14.611008775377,14.6932232704637
408340.509971227,14.5915050282265,14.6675842519821
408400.515924199,14.6827166425071,14.7533350574104
408460.52187717,14.7635030499218,14.8309943558287
408520.527830142,14.756370730428,14.8279820941333
408580.533783113,14.6764880464483,14.7503550451553
408640.539736085,14.6479148082469,14.7154227275231
408700.545689056,14.703209191182,14.7659256933379
408760.551642028,14.7331472824965,14.796175468474
408820.557594999,14.6494241074155,14.7121589956865
408880.563547971,14.7152854229904,14.7745343577168
408940.569500943,14.7013922031637,14.7578762719496
409000.575453914,14.6461164946656,14.7067968469058
409060.581406886,14.7438496883088,14.8068790106357
409120.587359857,14.7147120482983,14.774059988357
409180.593312829,14.6401751091375,14.6955572109534
409240.5992658,14.6552817038295,14.7074988210815
409300.605218772,14.7530574898866,14.8031500302229
409360.611171743,14.7052045426528,14.7573734960835
409420.617124715,14.750936850174,14.8064429255597
409480.623077686,14.6986781531016,14.7576920741427
409540.629030658,14.6184888626933,14.678219444817
409600.634983629,14.6645250137004,14.7197063000403
409660.640936601,14.807801042097,14.8594119765681
409720.646889572,14.674353618947,14.7247926840274
409780.652842544,14.7122124990283,14.7618382650685
409840.658795515,14.6564153422338,14.7064758227475
409900.664748487,14.6939076680986,14.7451409137164
409960.670701458,14.6853415715961,14.7381187370947
410020.67665443,14.7382429551248,14.793077517925
410080.682607402,14.6533107901807,14.7118936464056
410140.688560373,14.6525834638378,14.712080805503
410200.694513345,14.6919396938832,14.7441854545746
410260.700466316,14.6897879676025,14.736798666254
410320.706419288,14.6891557050295,14.743348313339
410380.712372259,14.7177418993263,14.7762808182801
410440.718325231,14.6299437904026,14.6836213703067
410500.724278202,14.6443848353279,14.6929681523552
410560.730231174,14.6066847765029,14.6516919331921
410620.736184145,14.727171416663,14.7699798450728
410680.742137117,14.6614122506206,14.7049342308738
410740.748090088,14.7447783746865,14.7894562592564
410800.75404306,14.7436472020553,14.7884882655816
410860.759996031,14.6784640894294,14.7236547756576
410920.765949003,14.6863191516529,14.7326443788957
410980.771901974,14.6840635614415,14.7317539165994
411040.777854946,14.6901757958967,14.7398479644739
411100.783807917,14.6615368089678,14.7113917764342
411160.789760889,14.6771608240198,14.7247546600662
411220.79571386,14.6566508596974,14.701896072046
411280.801666832,14.6278784576846,14.6711520086588
411340.807619804,14.6500328856565,14.6917861777708
411400.813572775,14.6535022781921,14.6943388526519
411460.819525747,14.6045012937686,14.6448004577886
411520.825478718,14.6960331792828,14.738105415853
411580.83143169,14.6358097038677,14.6783605013037
411640.837384661,14.6393137029227,14.6721338397955
411700.843337633,14.6670596243775,14.6929883233383
411760.849290604,14.5697374225715,14.5959909221577
411820.855243576,14.5538919137328,14.5800095125587
411880.861196547,14.6576881211662,14.6826140650194
411940.867149519,14.6444035228092,14.6683235629324
412000.87310249,14.6454250916521,14.6787054362619
412060.879055462,14.6755136597002,14.7197794607935
412120.885008433,14.7300977162704,14.779995065705
412180.890961405,14.6502847467639,14.7058675454345
412240.896914376,14.6952873143655,14.7583470230632
412300.902867348,14.6269311958422,14.6973683278537
412360.908820319,14.612213478355,14.6903182743527
412420.914773291,14.6352921681879,14.7173641371499
412480.920726262,14.5696191763231,14.652253226043
412540.926679234,14.4662304020215,14.5479728381738
412600.932632206,14.6598814506913,14.7344362501308
412660.938585177,14.6271808854893,14.6965676105183
412720.944538149,14.6047226903407,14.6772346548999
412780.95049112,14.6672243006376,14.7413647177221
412840.956444092,14.5491722243157,14.6203681298842
412900.962397063,14.5230481459585,14.591891327637
412960.968350035,14.5700875897376,14.6409323048348
413020.974303006,14.5565764164114,14.6287372265783
413080.980255978,14.590728878469,14.6619360207675
413140.986208949,14.5972227174372,14.6674953005175
413200.992161921,14.6036132923529,14.6733837366126
413260.998114892,14.6074503828741,14.6766576116556
413321.004067864,14.5201280548452,14.588597324843
413381.010020835,14.6003298516497,14.6677209420378
413441.015973807,14.5862965913354,14.6505048747768
413501.021926778,14.5272285933996,14.5890740477088
413561.02787975,14.6066364524716,14.676090741966
413621.033832722,14.561354937804,14.6356160723703
413681.039785693,14.5663757464962,14.6394397327264
413741.045738665,14.5934685555669,14.6653866529663
413801.051691636,14.6163130614429,14.6875842151342
413861.057644608,14.5705099420516,14.6407866782689
413921.063597579,14.4647356231453,14.5273897733899
413981.069550551,14.6215235720217,14.6786471399181
414041.075503522,14.6096877130476,14.6656189835573
414101.081456494,14.5668296809918,14.6216073710814
414161.087409465,14.6660405986278,14.7199715799422
414221.093362437,14.565345548545,14.6187118724951
414281.099315408,14.5738334594039,14.6273054900734
414341.10526838,14.6029608527967,14.6575373324874
414401.111221351,14.6594946018173,14.7196127770811
414461.117174323,14.6221451152451,14.6860914424099
414521.123127294,14.5958032438708,14.6601128924534
414581.129080266,14.6703528978344,14.7338491422297
414641.135033237,14.5099760201953,14.571600756604
414701.140986209,14.5038838820943,14.5638201865191
414761.146939181,14.5267826019344,14.5862746769441
414821.152892152,14.4355851211728,14.4941588149836
414881.158845124,14.5200581231444,14.5683893592069
414941.164798095,14.5942365700557,14.6355239336892
415001.170751067,14.6348865283867,14.6862145831182
415061.176704038,14.5502322578585,14.6098493415894
415121.18265701,14.5778870196585,14.637946902314
415181.188609981,14.5975630094522,14.6586053456929
415241.194562953,14.5135448692352,14.5819414083883
415301.200515924,14.5693381212399,14.6437860394935
415361.206468896,14.4617547828462,14.5381618301785
415421.212421867,14.5863377654944,14.6630461423133
415481.218374839,14.5814599378713,14.6573275693284
415541.22432781,14.4257342774703,14.5007597072842
415601.230280782,14.5604000126458,14.6351936701095
415661.236233753,14.5952927791588,14.6691164475081
415721.242186725,14.5210021661449,14.5873548874568
415781.248139696,14.5420370701463,14.603074518021
415841.254092668,14.5411150300249,14.6056797661118
415901.260045639,14.4602986000531,14.5287623326919
415961.265998611,14.5261628717649,14.5958426729083
416021.271951583,14.4621932349702,14.532951249824
416081.277904554,14.53740740991,14.6103104983797
416141.283857526,14.5129863666361,14.5861141170292
416201.289810497,14.4496414401422,14.5203750969644
416261.295763469,14.4856502717693,14.5543763512774
416321.30171644,14.4931123459959,14.560706372047
416381.307669412,14.537814386137,14.6045576768148
416441.313622383,14.5714830742509,14.6407784981485
416501.319575355,14.4839343807659,14.5544848819101
416561.325528326,14.5242599995935,14.593620685783
416621.331481298,14.4488469497044,14.5171957748253
416681.337434269,14.4498778134105,14.5237268456452
416741.343387241,14.5585371621238,14.6354331703607
416801.349340212,14.3831999102619,14.4538198077449
416861.355293184,14.4530797819889,14.5193056954357
416921.361246155,14.4847355927007,14.55735649545
416981.367199127,14.5097011648293,14.5860857316825
417041.373152098,14.4113345282356,14.4859227018306
417101.37910507,14.4929971454795,14.5662367337663
417161.385058041,14.4835517383685,14.569034400343
417221.391011013,14.5021325633828,14.595161787282
417281.396963985,14.4979426024005,14.5874676953585
417341.402916956,14.4822078680331,14.5672420072693
417401.408869928,14.5289410463704,14.6083859633318
417461.414822899,14.5187173898438,14.5949536362908
417521.420775871,14.4279355228603,14.5107789282892
417581.426728842,14.5040917008446,14.5907850957902
417641.432681814,14.4319213203027,14.5163707144126
417701.438634785,14.5805759951065,14.6616866965566
417761.444587757,14.5528765705019,14.6218769383791
417821.450540728,14.4293569595203,14.4905767676791
417881.4564937,14.543280030396,14.6065118210652
417941.462446671,14.5629516799021,14.6301933303482
418001.468399643,14.4946296145564,14.5684266995771
418061.474352614,14.5169289667778,14.596142703236
418121.480305586,14.4408649870296,14.5233409033322
418181.486258557,14.5500326983025,14.6328467780237
418241.492211529,14.4360253949344,14.5161161894254
418301.4981645,14.4759997033509,14.5522978743215
418361.504117472,14.4278170756317,14.4974359441632
418421.510070443,14.4136909254386,14.477456576743
418481.516023415,14.3638643327198,14.4243781680882
418541.521976387,14.4519636369077,14.5093400433776
418601.527929358,14.5389312668671,14.592097216415
418661.53388233,14.5288318093522,14.5794702838667
418721.539835301,14.4529103291101,14.5055270221603
418781.545788273,14.5145051812347,14.5679582879976
418841.551741244,14.4551804409344,14.5045995228865
418901.557694216,14.3913573339561,14.4337869956048
418961.563647187,14.5626141996656,14.5844725470783
419021.569600159,14.5175752441734,14.5253852988295
419081.57555313,14.4749271815207,14.4795648288093
419141.581506102,14.5324063577608,14.5355388267775
419201.587459073,14.4633773130125,14.4690018831806
419261.593412045,14.4656107428905,14.4738415568101
419321.599365016,14.5164123467507,14.5256349958881
419381.605317988,14.5059433618317,14.5151071952882
419441.611270959,14.4711530317405,14.4794696162734
419501.617223931,14.4907044156966,14.4983645593058
419561.623176902,14.4997617386741,14.5112282936299
419621.629129874,14.4213498755437,14.4346522499276
419681.635082845,14.4885607181752,14.493500649842
419741.641035817,14.5512315821471,14.5504721040878
419801.646988789,14.5505340060882,14.5537628674212
419861.65294176,14.4324719152701,14.4411352295045
419921.658894732,14.5127168351261,14.5266970815781
419981.664847703,14.4686172711947,14.4842512040564
420041.670800675,14.575494601388,14.5874423551206
420101.676753646,14.5034840967335,14.511063000005
420161.682706618,14.4672213040631,14.470926267549
420221.688659589,14.4505106675987,14.4512174413338
420281.694612561,14.600548157127,14.5994542919845
420341.700565532,14.4057019417477,14.4023979841268
420401.706518504,14.5279627160805,14.5177376120347
420461.712471475,14.5956606117838,14.5813333580768
420521.718424447,14.5163099793006,14.5122162699298
420581.724377418,14.4906510629086,14.4933972955123
420641.73033039,14.5761131441141,14.5783933088363
420701.736283361,14.4812492281892,14.4829963974765
420761.742236333,14.4145417289884,14.4158361648999
420821.748189304,14.553662396473,14.5549102048094
420881.754142276,14.4197997104924,14.4251739283986
420941.760095248,14.4754187642942,14.4855227252213
421001.766048219,14.4349052639396,14.4487500699421
421061.772001191,14.4452302684127,14.4600489223143
421121.777954162,14.4728025846794,14.4818033258945
421181.783907134,14.5238162153739,14.5262770787994
421241.789860105,14.4608478701026,14.4582303118599
421301.795813077,14.467538567915,14.4627157604
421361.801766048,14.5288696856468,14.5317674871545
421421.80771902,14.4855618536425,14.4955721588769
421481.813671991,14.4938053039113,14.5056655048692
421541.819624963,14.4388517429626,14.4527153790993
421601.825577934,14.377341015358,14.395082781386
421661.831530906,14.4860969818269,14.5078968863064
421721.837483877,14.5074773701107,14.5337131668886
421781.843436849,14.3891597284953,14.4169168588404
421841.84938982,14.3986290781368,14.4254011955107
421901.855342792,14.435086989193,14.4604278580294
421961.861295763,14.4563104443619,14.4749062597604
422021.867248735,14.4332201636309,14.4459918351015
422081.873201707,14.3437425818936,14.3539568414037
422141.879154678,14.5347821859619,14.5438142203523
422201.88510765,14.4491086593756,14.4583425047417
422261.891060621,14.3419377042282,14.3517976697723
422321.897013593,14.4615884533308,14.4728325600993
422381.902966564,14.4813151568905,14.4929093437605
422441.908919536,14.4386952686152,14.4471752763618
422501.914872507,14.4189593790562,14.4241645892739
422561.920825479,14.536523731985,14.5399066169286
422621.92677845,14.5091644134083,14.5105149936218
422681.932731422,14.4981484081882,14.4963499420877
422741.938684393,14.4555989732657,14.450245267341
422801.944637365,14.516420080395,14.5066448518873
422861.950590336,14.3534352431131,14.341440449939
422921.956543308,14.4189701827107,14.4091133448508
422981.962496279,14.470497515429,14.4643142686886
423041.968449251,14.5033851573578,14.5024553760037
423101.974402222,14.4395879165122,14.4437255631862
423161.980355194,14.4361174779348,14.444896787562
423221.986308165,14.4647157643517,14.4749043419073
423281.992261137,14.3816168723622,14.3891131310531
423341.998214109,14.407364061898,14.4130172250469
423402.00416708,14.4689906202434,14.4801774552449
423462.010120052,14.4246998044935,14.439932271385
423522.016073023,14.4539730664625,14.4690673338326
423582.022025995,14.4340137910072,14.4490840047416
423642.027978966,14.528524165551,14.5447579093718
423702.033931938,14.4577183408773,14.4758650782192
423762.039884909,14.3997992079293,14.4212713475663
423822.045837881,14.4878950192541,14.5117312610407
423882.051790852,14.4348082510494,14.4596100672259
423942.057743824,14.4318067074824,14.4563429520951
424002.063696795,14.4860390577274,14.5092540099258
424062.069649767,14.4438346072556,14.4658938289289
424122.075602738,14.4064777535597,14.4280357450712
424182.08155571,14.4332704232803,14.454184116931
424242.087508681,14.4760720151337,14.4956141238295
424302.093461653,14.4403353069886,14.4580797665913
424362.099414625,14.4197881037827,14.4342303293136
424422.105367596,14.444721500758,14.4571134039618
424482.111320567,14.4103837887507,14.4266161142386
424542.117273539,14.451345288962,14.471396467986
424602.123226511,14.4382454276818,14.4595288864689
424662.129179482,14.3967728525986,14.4189474649966
424722.135132454,14.4206470227901,14.4439925997333
424782.141085425,14.3654080880667,14.3888728588203
424842.147038397,14.4034633963768,14.4261988023332
424902.152991368,14.4451217389153,14.4673150669333
424962.15894434,14.5065318241569,14.5332501153379
425022.164897311,14.4702871989797,14.4995334463952
425082.170850283,14.3618591501887,14.3901683696827
425142.176803254,14.4503363271368,14.477945380993
425202.182756226,14.3713084593098,14.4056195648955
425262.188709197,14.3757688103457,14.4139489634623
425322.194662169,14.4044439106882,14.4373156877863
425382.20061514,14.43229995964,14.4569548214445
425442.206568112,14.4276828816119,14.438025649677
425502.212521083,14.429915669372,14.4325638465379
425562.218474055,14.4040633046058,14.4059215818578
425622.224427027,14.5158451917073,14.5171026692425
425682.230379998,14.3123733748138,14.3158286839914
425742.23633297,14.4376255277962,14.4452835810992
425802.242285941,14.4220481913877,14.4385925541093
425862.248238913,14.4634569803441,14.4839620737477
425922.254191884,14.4402304436175,14.4550821817565
425982.260144856,14.3189100011812,14.3287749858159
426042.266097827,14.4320080351282,14.4395969260313
426102.272050799,14.4037350495481,14.4100591403835
426162.27800377,14.4050849627277,14.4112134488807
426222.283956742,14.3644594231445,14.3708844147823
426282.289909713,14.4227535444977,14.4309501918721
426342.295862685,14.44376724763,14.452342872626
426402.301815656,14.4180195956821,14.4204838820939
426462.307768628,14.393194146862,14.3916112474097
426522.313721599,14.472614007439,14.4745880667635
426582.319674571,14.4428140802832,14.4466999228358
426642.325627542,14.4338792214954,14.4365497919617
426702.331580514,14.3831293963107,14.3841013623099
426762.337533485,14.4333501375218,14.4275876083693
426822.343486457,14.4343018033729,14.4220062375609
426882.349439429,14.4813916364439,14.4649853083086
426942.3553924,14.4558693223553,14.4376705544948
427002.361345372,14.5032263883591,14.4909611897586
427062.367298343,14.4931068389365,14.4841044663496
427122.373251315,14.4595592578208,14.4431645232059
427182.379204286,14.4130013192282,14.3918187354852
427242.385157258,14.4412160003184,14.425281707396
427302.391110229,14.3177690554077,14.3077125009502
427362.397063201,14.3881113335736,14.380747115493
427422.403016172,14.4308828277503,14.4271819061707
427482.408969144,14.4239549761434,14.4300907784885
427542.414922115,14.3705108357425,14.3810352538108
427602.420875087,14.4414907600127,14.4459287843121
427662.426828058,14.3488864332842,14.3475400443924
427722.43278103,14.3740488874623,14.3695009224269
427782.438734001,14.4549637552987,14.4488748306232
427842.444686973,14.4369017863633,14.433251092008
427902.450639944,14.4373517255705,14.4375655182907
427962.456592916,14.4326471199063,14.4382059687856
428022.462545887,14.3808009396873,14.3883258499902
428082.468498859,14.4107015332942,14.4148874129457
428142.474451831,14.4185667345144,14.4195515603818
428202.480404802,14.4064771984088,14.4055636891559
428262.486357774,14.4171785128386,14.4150348632049
428322.492310745,14.4681177082911,14.4651449540085
428382.498263717,14.3442857895126,14.3407021824906
428442.504216688,14.3800175553977,14.3796701590744
428502.51016966,14.393999982878,14.3957466470275
428562.516122631,14.3448988675192,14.3463260958694
428622.522075603,14.3789937731951,14.3798095569244
428682.528028574,14.3402999291585,14.3390680982893
428742.533981546,14.3964707004025,14.393824392049
428802.539934517,14.3489485348024,14.3499717229301
428862.545887489,14.3639617672609,14.3690546475984
428922.55184046,14.449660870443,14.4566978520582
428982.557793432,14.4387845611629,14.4477960470821
429042.563746403,14.3594430796001,14.3709415047719
429102.569699375,14.3949233065561,14.4093168540557
429162.575652346,14.3876279069809,14.4065258072983
429222.581605318,14.4495850216212,14.470078498232
429282.587558289,14.3778460930537,14.3970414257857
429342.593511261,14.2883385409943,14.3059012774704
429402.599464233,14.3888093930576,14.4038844654986
429462.605417204,14.3832325761686,14.3968402653246
429522.611370176,14.3494825468799,14.3668192931374
429582.617323147,14.3026186308563,14.3219453728371
429642.623276119,14.3847650179453,14.4007846676275
429702.62922909,14.4094815440115,14.4201604847273
429762.635182062,14.3497655870632,14.3489849867135
429822.641135033,14.2981711866509,14.2911484650583
429882.647088005,14.3724312477332,14.3648167421937
429942.653040976,14.4177264386536,14.4093408222239
430002.658993948,14.3738509100232,14.3590796141484
430062.664946919,14.4793566531378,14.459106019602
430122.670899891,14.41856532619,14.396061512434
430182.676852862,14.4000389712564,14.3766571786399
430242.682805834,14.3526319470058,14.3374132298285
430302.688758805,14.3489027360008,14.3409227844497
430362.694711777,14.3667034233694,14.3605099722944
430422.700664748,14.3555147894463,14.3513800959378
430482.70661772,14.4988368394828,14.4993670277753
430542.712570692,14.3760392170479,14.3803180133216
430602.718523663,14.3737178316373,14.3802400489794
430662.724476635,14.2778756352208,14.2846554115338
430722.730429606,14.3498772201782,14.3550122195015
430782.736382578,14.2749284617696,14.2788383504887
430842.742335549,14.3598051559582,14.3669372309922
430902.748288521,14.4698223982029,14.4797268585048
430962.754241492,14.3230656813885,14.3331383990905
431022.760194464,14.3988319674917,14.4094685726121
431082.766147435,14.3530040663731,14.367059794279
431142.772100407,14.3771530466145,14.3959729984322
431202.778053378,14.2866777106146,14.3114190967901
431262.78400635,14.308094391695,14.3382918598446
431322.789959321,14.3063849464268,14.3407455243719
431382.795912293,14.3283198282551,14.3660085448802
431442.801865264,14.3348462450357,14.3747548811494
431502.807818236,14.3846443232731,14.4274661715959
431562.813771207,14.2567046034748,14.3058455345207
431622.819724179,14.1851374540273,14.2384469687858
431682.825677151,14.2534153362448,14.3077294960605
431742.831630122,14.2380250794282,14.2925684864162
431802.837583094,14.2914037284096,14.345927511818
431862.843536065,14.2426113524903,14.2962627567878
431922.849489037,14.297726427874,14.3437951755089
431982.855442008,14.3584559595424,14.399517279654
432042.86139498,14.1572040539893,14.1976221939783
432102.867347951,14.3298675553569,14.3699217044339
432162.873300923,14.3222980593139,14.3629673319587
432222.879253894,14.3142396244559,14.3565408553472
432282.885206866,14.384103391702,14.430501694374
432342.891159837,14.2392992114673,14.2906949057118
432402.897112809,14.2816820097627,14.3393889437631
432462.90306578,14.2807814039043,14.3405275416531
432522.909018752,14.2139301625832,14.2680118298046
432582.914971723,14.2805186840604,14.3308155526616
432642.920924695,14.2831730138078,14.3334814332013
432702.926877666,14.3513985271206,14.4013759520539
432762.932830638,14.2466946858027,14.2953009090589
432822.938783609,14.2380838616711,14.2850005690075
432882.944736581,14.2886817372376,14.3332751676648
432942.950689553,14.2370342552811,14.2801046731952
433002.956642524,14.2491040286266,14.2938852330272
433062.962595496,14.263755672898,14.3108242994045
433122.968548467,14.3085615946765,14.3574797219453
433182.974501439,14.2511816784008,14.300797539171
433242.98045441,14.3155354938855,14.3646120114529
433302.986407382,14.2434256918019,14.2924028424475
433362.992360353,14.2035142769223,14.259059446195
433422.998313325,14.2369800505396,14.2957903212955
433483.004266296,14.2673088816368,14.3244523297336
433543.010219268,14.2705371718388,14.3262184472412
433603.016172239,14.2755720774964,14.3309843402665
433663.022125211,14.2836219638799,14.3380908031734
433723.028078182,14.3236149273859,14.3649435985561
433783.034031154,14.3299325173592,14.359054514003
433843.039984125,14.2324868752184,14.2552448196005
433903.045937097,14.2758240086599,14.2957198683542
433963.051890068,14.2927791226838,14.3117969503182
434023.05784304,14.3372976631347,14.3556667120021
434083.063796011,14.240175912176,14.2599629018542
434143.069748983,14.3362143358351,14.3563020746957
434203.075701955,14.2477922664136,14.2663086736143
434263.081654926,14.3567522806397,14.373886261492
434323.087607898,14.3450749453763,14.3615355105522
434383.093560869,14.3061354165456,14.321722617057
434443.099513841,14.3704392384017,14.3832586043901
434503.105466812,14.3942859663055,14.4028808854322
434563.111419784,14.3315564032845,14.3308923248751
434623.117372755,14.3679266841143,14.3621196559594
434683.123325727,14.4005922546797,14.3983288966676
434743.129278698,14.3490014212988,14.3517064114055
434803.13523167,14.217170134606,14.22548017897
434863.141184641,14.2580280021211,14.2681175787397
434923.147137613,14.2645833223207,14.2733576247608
434983.153090584,14.2760429416721,14.2836839895984
435043.159043556,14.3803396541983,14.389145097217
435103.164996527,14.3387682397455,14.3477671850552
435163.170949499,14.4304965104707,14.433164998529
435223.176902471,14.317360503102,14.3119224837452
435283.182855442,14.2956507129687,14.2810971361395
435343.188808414,14.2205459697848,14.2016724851896
435403.194761385,14.3652372987216,14.3483723787052
435463.200714357,14.2957534528874,14.2816182353862
435523.206667328,14.3651154249591,14.3528430049309
435583.2126203,14.3209215434438,14.311345138317
435643.218573271,14.3783604566837,14.3753044847615
435703.224526243,14.2290724177174,14.2285926939496
435763.230479214,14.3232977872248,14.3194248416784
435823.236432186,14.2456371774624,14.2381508787623
435883.242385157,14.2747569291442,14.2648827691006
435943.248338129,14.302179846536,14.2896032814721
436003.2542911,14.3955389119409,14.3783145545083
436063.260244072,14.355021727545,14.3354481358747
436123.266197043,14.2220454959597,14.2085177766756
436183.272150015,14.2551934108205,14.245918230398
436243.278102986,14.3652872688128,14.3559510748879
436303.284055958,14.3179999108711,14.3093373447184
436363.290008929,14.293076441496,14.2972017148896
436423.295961901,14.1721984906918,14.1856676333755
436483.301914873,14.2070260860339,14.2225062381827
436543.307867844,14.2853513980569,14.3007984471914
436603.313820816,14.253473490871,14.2650313609986
436663.319773787,14.2859379239557,14.2949184450424
436723.325726759,14.4090699182343,14.4184419077411
436783.33167973,14.2432965542787,14.2543300470449
436843.337632702,14.3003776696224,14.3200033774362
436903.343585673,14.2594952446879,14.2834241069243
436963.349538645,14.2016941030737,14.2235530213396
437023.355491616,14.2588680906352,14.2781279253705
437083.361444588,14.2768611223302,14.29293334431
437143.367397559,14.2578234414704,14.2722524171935
437203.373350531,14.3237944467954,14.3419279257765
437263.379303502,14.2768033854019,14.2986407847357
437323.385256474,14.2454937003661,14.2692920586487
437383.391209445,14.16323618787,14.1872077307222
437443.397162417,14.2140309275925,14.2342887577075
437503.403115388,14.1241653543199,14.1419755636435
437563.40906836,14.2083538861893,14.2262996849342
437623.415021331,14.3340554691687,14.3515167661936
437683.420974303,14.215117726852,14.2211461105332
437743.426927275,14.2244493753844,14.2234918721504
437803.432880246,14.2806953081803,14.2817258864369
437863.438833218,14.3019757395921,14.3061565068369
437923.444786189,14.3122668242139,14.3202559641565
437983.450739161,14.2092402060219,14.2214015672507
438043.456692132,14.2881267212164,14.3039749663859
438103.462645104,14.2675600540695,14.2892123157887
438163.468598075,14.2440980070326,14.2822351188912
438223.474551047,14.2411462170231,14.2870443501528
438283.480504018,14.2228831654744,14.2670750500642
438343.48645699,14.1134771448592,14.156471162032
438403.492409961,14.1630277801495,14.2104020334884
438463.498362933,14.255722660075,14.3052345304299
438523.504315904,14.2468789755633,14.2915461677567
438583.510268876,14.216437939984,14.2565526804033
438643.516221847,14.3236558834009,14.3615535480067
438703.522174819,14.240039046041,14.2753581985682
438763.52812779,14.2491128699229,14.2793898395035
438823.534080762,14.2295081080304,14.2563208307271
438883.540033733,14.2252343057855,14.2505038200765
438943.545986705,14.2371142986653,14.2614272669334
439003.551939677,14.2735195868966,14.2997740692583
439063.557892648,14.2075444472306,14.2345646187009
439123.56384562,14.3458638894919,14.3713430482107
439183.569798591,14.2146046837456,14.2389781263362
439243.575751563,14.2231901130992,14.2521201772713
439303.581704534,14.0456227053161,14.0767754642303
439363.587657506,14.173892022712,14.201049252397
439423.593610477,14.2787017998556,14.3032672904464
439483.599563449,14.3079432904856,14.3362710695006
439543.60551642,14.1367067395058,14.1665748683399
439603.611469392,14.2020809842351,14.2205143843443
439663.617422363,14.2336590577923,14.2431047261579
439723.623375335,14.3593520648865,14.3664599833827
439783.629328306,14.2374966726728,14.2415274842828
439843.635281278,14.2391448234708,14.233270931583
439903.641234249,14.2189076128249,14.203928448159
439963.647187221,14.2318464837494,14.2107507461817
440023.653140192,14.2775481298951,14.2540830485508
440083.659093164,14.2801788784567,14.2629637838272
440143.665046136,14.1752978136903,14.1654675065474
440203.670999107,14.1972459877687,14.1929134620829
440263.676952079,14.1877806609322,14.1872311746237
440323.68290505,14.2914197152824,14.2928284996064
440383.688858022,14.188569513552,14.1915719463989
440443.694810993,14.2314238423423,14.2365481121303
440503.700763965,14.2160446306839,14.221474915039
440563.706716936,14.2507281383617,14.255030350031
440623.712669908,14.1646559474925,14.1682088831118
440683.718622879,14.3448565707556,14.3564584665867
440743.724575851,14.182944466403,14.2009560428956
440803.730528822,14.1945461542996,14.2136476359292
440863.736481794,14.2486281623148,14.2685750053126
440923.742434765,14.2000756278711,14.2210764290094
440983.748387737,14.1955748401139,14.2181700302563
441043.754340708,14.1805869372229,14.2060717575936
441103.76029368,14.2305671783523,14.2598399903772
441163.766246651,14.151590623355,14.1867666876437
441223.772199623,14.1385198001255,14.1765901382775
441283.778152594,14.1395146809046,14.1776033290455
441343.784105566,14.2463831891811,14.2835909095462
441403.790058538,14.2386453408323,14.2708394348263
441463.796011509,14.1745305064733,14.2023482997616
441523.801964481,14.1040294306942,14.1298656020898
441583.807917452,14.1956500959815,14.2195372763177
441643.813870424,14.2207583004831,14.2422474028427
441703.819823395,14.1626916459762,14.1818429724315
441763.825776367,14.1872037615168,14.2039572870082
441823.831729338,14.2576812163582,14.2732050414527
441883.83768231,14.2189950009567,14.2380667593076
441943.843635281,14.1657030678127,14.1864872143288
442003.849588253,14.1565064506998,14.1739749925114
442063.855541224,14.2189530100145,14.2344758189694
442123.861494196,14.2527224976677,14.2751219597085
442183.867447167,14.1599461659649,14.1858038463808
442243.873400139,14.1397933676881,14.15576186998
442303.87935311,14.1526070918088,14.1629109849202
442363.885306082,14.2363447372881,14.2563522627511
442423.891259053,14.1445862585294,14.1699808669748
442483.897212025,14.205306123448,14.2290965443423
442543.903164996,14.2371335315296,14.2586767865032
442603.909117968,14.1176442368009,14.135253462896
442663.91507094,14.2058517101412,14.2216247639039
442723.921023911,14.222401834878,14.2482386183835
442783.926976883,14.2575773030801,14.2888321124643
442843.932929854,14.1669416744248,14.1933583619297
442903.938882826,14.0918456863111,14.1151574062042
442963.944835797,14.2441103238856,14.2684466073441
443023.950788769,14.2126422910246,14.2396921758299
443083.95674174,14.1063884349767,14.1426587577986
443143.962694712,14.0924733718628,14.1328868044752
443203.968647683,14.1747152437297,14.2126871815429
443263.974600655,14.2151907487468,14.2514629880815
443323.980553626,14.1196866596163,14.158693621903
443383.986506598,14.2180681454828,14.257814238574
443443.992459569,14.153360854583,14.1791000110445
443503.998412541,14.1644202622068,14.181714909
443564.004365512,14.2369427375771,14.2558391620146
443624.010318484,14.1929666256427,14.2123262913682
443684.016271456,14.136918908741,14.1529266931326
443744.022224427,14.2070868234488,14.2210121347435
443804.028177398,14.0750412338369,14.0949624569876
443864.03413037,14.2501671571609,14.27297544537
443924.040083342,14.1067654897327,14.1226458162614
443984.046036313,14.07853036038,14.0902837495817
444044.051989285,14.2331135697711,14.2513227236101
444104.057942256,14.1601102925079,14.1815699152367
444164.063895228,14.1439594101907,14.1609533639624
444224.069848199,14.1150070893122,14.1291945705505
444284.075801171,14.0862203031268,14.1045286694766
444344.081754142,14.1882304548698,14.2121069457162
444404.087707114,14.2156763813275,14.2457487776173
444464.093660085,14.1204850094058,14.1525560856423
444524.099613057,14.0529857781652,14.0839694656388
444584.105566028,14.1728132263763,14.2024602992666
444644.111519,14.1684742355088,14.1930047349903
444704.117471971,14.2004602142085,14.2221280228499
444764.123424943,14.1092054713256,14.1406283546978
444824.129377914,14.1810632787801,14.2176751992124
444884.135330886,14.2496860900803,14.2833631833204
444944.141283858,13.9963211743532,14.0283385119169
445004.147236829,14.1854421310111,14.2285227584264
445064.153189801,14.1187968949665,14.1694141247733
445124.159142772,14.1060976204282,14.1569807517243
445184.165095744,14.0895521775959,14.1408471116968
445244.171048715,14.0648150300941,14.1176003261741
445304.177001687,14.1287215266298,14.1848538648294
445364.182954658,14.1207263156757,14.1890101071351
445424.18890763,14.0624174781814,14.1367367354678
445484.194860601,14.1621928440014,14.2358718671027
445544.200813573,14.0618859254706,14.1342897504921
445604.206766544,14.0268511804773,14.091034076324
445664.212719516,14.0982979323643,14.1578379525803
445724.218672487,14.1108958862236,14.183764227789
445784.224625459,14.0626372778822,14.1452388333146
445844.23057843,14.1044968477357,14.1881487946985
445904.236531402,14.0848945097137,14.1698574719495
445964.242484373,13.9841182692707,14.0733869990353
446024.248437345,14.0083482034371,14.0987664663038
446084.254390316,14.0081201282955,14.0909708653009
446144.260343288,14.0283309219335,14.1014040861436
446204.26629626,14.2045783141877,14.2660142658528
446264.272249231,14.036776497432,14.0929830759762
446324.278202203,14.1339067163388,14.1940104351795
446384.284155174,14.1211682758066,14.1830008324288
446444.290108146,14.0740853990254,14.1318481311162
446504.296061117,14.1092126355358,14.1640422527197
446564.302014089,14.0634229888769,14.1172111334627
446624.30796706,14.0470201532482,14.0996890294027
446684.313920032,14.0669802210107,14.1178255453378
446744.319873003,14.0475833508942,14.0958609549584
446804.325825975,14.0545126224057,14.0977272915101
446864.331778946,14.1352659682489,14.1733574745897
446924.337731918,14.0407780255539,14.0752639539935
446984.343684889,14.0821471170794,14.1119343997111
447044.349637861,14.0966237451691,14.1166401639397
447104.355590832,14.0177676184551,14.0301440053401
447164.361543804,14.1860110806203,14.1948854460729
447224.367496775,14.0687141162642,14.0738020004307
447284.373449747,14.1691092968868,14.1683531349891
447344.379402719,14.0881198623839,14.0822335762924
447404.38535569,14.0311945998011,14.0211063135307
447464.391308662,14.2108331240365,14.1987958505935
447524.397261633,14.1104481039364,14.0992754397407
447584.403214605,14.1242920615408,14.1140063038728
447644.409167576,14.1141772411048,14.1040333141641
447704.415120548,14.0896153194281,14.0793995243079
447764.421073519,14.1301602499227,14.1196028678899
447824.427026491,14.0572329568016,14.0467263925889
447884.432979462,14.0273275133305,14.0196186880014
447944.438932434,14.1362983457703,14.1293010690908
448004.444885405,14.2062528690981,14.1926717076624
448064.450838377,14.1280171481392,14.1103042812343
448124.456791348,14.1665020472552,14.1489092289072
448184.46274432,14.09444054041,14.0775476601859
448244.468697291,14.2020056415621,14.1868862000631
448304.474650263,14.149734489715,14.1346599561669
448364.480603234,14.164482228293,14.1422858865615
448424.486556206,14.1769743980579,14.15038029214
448484.492509177,14.0505891644805,14.0238534353968
448544.498462149,14.1159285275246,14.0893375852317
448604.504415121,14.1567212380114,14.1302318893457
448664.510368092,14.2049394923114,14.1794237874992
448724.516321064,14.1038345874723,14.0851233363735
448784.522274035,14.1001150826435,14.087359854562
448844.528227007,14.0182636749175,14.0087622430646
448904.534179978,14.143180159372,14.1341893792421
448964.54013295,14.0702698471603,14.0582600946184
449024.546085921,14.1680325895245,14.1540849394878
449084.552038893,13.9881200354976,13.9751250763465
449144.557991864,14.0981679087274,14.0872953190172
449204.563944836,14.0079156305885,14.0020089899004
449264.569897807,14.0534582171774,14.0501691760267
449324.575850779,14.0769356583179,14.07373988119
449384.58180375,14.1217840159485,14.118210796427
449444.587756722,14.1361719241981,14.1307928974936
449504.593709693,14.1052614774774,14.0969890391003
449564.599662665,14.0361317573717,14.0216350508449
449624.605615636,14.1296605292835,14.1088670887011
449684.611568608,14.1258163901074,14.1003408498996
449744.61752158,14.1108048663414,14.0807917625745
449804.623474551,14.1442870217627,14.1085414334446
449864.629427523,14.2822883891476,14.244229376738
449924.635380494,14.1256796931076,14.0881685905769
449984.641333466,14.0290203238937,13.9928132935429
450044.647286437,14.1198126471011,14.0890159548724
450104.653239409,14.1755964499349,14.1500442697464
450164.65919238,14.1960945464175,14.1732339591505
450224.665145352,14.1590690797712,14.1402117899633
450284.671098323,14.150067350139,14.1426352028849
450344.677051295,14.0676666626458,14.0654466210083
450404.683004266,14.1475941090073,14.1430884767506
450464.688957238,14.1048467068314,14.0973638089859
450524.694910209,14.0799843092092,14.0687885309771
450584.700863181,14.0677680487829,14.0550074814556
450644.706816152,14.0989115440336,14.089681218072
450704.712769124,14.0506056878462,14.0430557146175
450764.718722095,14.0553297822633,14.043475634357
450824.724675067,14.0729600021488,14.0585465012941
450884.730628038,14.0674431109591,14.0531382027838
450944.73658101,14.1129615998487,14.0993883053319
451004.742533982,14.0503969014069,14.0424073927273
451064.748486953,14.1307701815593,14.1283262186471
451124.754439925,14.1304967072886,14.1309570555644
451184.760392896,14.1346153095806,14.1386035431557
451244.766345868,14.0381212481168,14.0491032976162
451304.772298839,14.1430486557395,14.1565385291392
451364.778251811,14.0577347476817,14.0649153079492
451424.784204782,14.0514211186141,14.053216385027
451484.790157754,14.0375583350825,14.0367395988079
451544.796110725,14.1246068093561,14.1226530410584
451604.802063697,14.1468174285076,14.1455423388854
451664.808016668,14.023564833313,14.024505621568
451724.81396964,14.0393946042121,14.0515881373242
451784.819922611,14.0370831579768,14.0597198737308
451844.825875583,14.0450074130329,14.0736537792452
451904.831828554,14.0309447410101,14.0629965172305
451964.837781526,14.0275086102078,14.0606955396895
452024.843734497,14.1343854066591,14.1695153149424
452084.849687469,14.0301850560295,14.0724503285562
452144.85564044,14.0302702819557,14.0750861716686
452204.861593412,14.0347884800646,14.0674206850861
452264.867546384,14.0847370867289,14.1106464726239
452324.873499355,14.0174534741164,14.0516595104104
452384.879452327,14.051565807954,14.0899584093907
452444.885405298,14.0240880653942,14.057390869964
452504.89135827,13.9849320306762,14.0128092714974
452564.897311241,14.0117809766494,14.0352862456973
452624.903264213,13.9689559654634,13.9907869889093
452684.909217184,13.9328118119867,13.9611045322796
452744.915170156,14.0422293365085,14.0738051495578
452804.921123127,14.0523176003096,14.0825011181207
452864.927076099,14.0297151186239,14.0580818056986
452924.93302907,14.079102728994,14.1047071880153
452984.938982042,14.0629985175802,14.0872918117663
453044.944935013,14.0649287823015,14.095729679384
453104.950887985,13.9349897821573,13.9689591229566
453164.956840956,13.9455638792497,13.9757564070933
453224.962793928,14.11864144336,14.1468453595542
453284.9687469,13.9980377556895,14.0361241215116
453344.974699871,14.074211813085,14.1172889326804
453404.980652842,13.9767116639901,14.0157227058935
453464.986605814,13.9841522555148,14.0205799058599
453524.992558786,14.0247924026427,14.0619216903103
453584.998511757,14.0659641896249,14.1044725465414
453645.004464729,14.0457112815263,14.0859084628341
453705.0104177,13.923688740974,13.966394088586
453765.016370672,14.0805730972596,14.1276967655311
453825.022323643,13.9391712789434,13.9901695360455
453885.028276615,13.9410629617812,13.9947539372338
453945.034229586,13.9867006125325,14.0418269662471
454005.040182558,13.9884285608359,14.0438379198294
454065.046135529,13.9919278491706,14.047619118823
454125.052088501,13.9339490010041,13.9902986889119
454185.058041472,14.0597402579351,14.1167892784776
454245.063994444,13.996246679488,14.0542976591642
454305.069947415,13.9062308845631,13.963498507251
454365.075900387,13.9915078328994,14.0356277450917
454425.081853358,13.9492429101219,13.9856481416847
454485.08780633,13.9823120617797,14.0178151105833
454545.093759302,14.0325682293095,14.0672943223784
454605.099712273,13.9751714460678,14.0121706477615
454665.105665245,14.0483763629759,14.0860815522089
454725.111618216,13.9619722106885,13.9955930570419
454785.117571188,14.0134790244084,14.0420751440039
454845.123524159,13.9570082940166,13.9798776694137
454905.129477131,13.9956585075185,14.0157081184883
454965.135430102,14.0351622683296,14.0547051947328
455025.141383074,14.0438032921717,14.063259421564
455085.147336045,13.9318244666644,13.9535900626216
455145.153289017,14.0123031672506,14.0361328719798
455205.159241988,14.0469289071249,14.0711941607945
455265.16519496,14.0329588105122,14.0589971624345
455325.171147931,14.0844524104856,14.123847754361
455385.177100903,13.9510310858609,13.9993729560128
455445.183053874,14.0189411927505,14.0684064316238
455505.189006846,13.9580898141999,14.009596956776
455565.194959817,13.9402676467658,14.0004030397328
455625.200912789,13.9161403755211,13.9796427053982
455685.20686576,14.0380763856241,14.097789147131
455745.212818732,13.9824367888384,14.0382650911538
455805.218771704,13.9243765312727,13.9770474602618
455865.224724675,13.9719530307373,14.022938400195
455925.230677647,13.9964952535838,14.0497171731132
455985.236630618,14.0432938568501,14.0994047732134
456045.24258359,13.8529503426225,13.9112496286913
456105.248536561,14.0035057123369,14.0638794019074
456165.254489533,13.913200766333,13.9761217966622
456225.260442504,13.941268302281,14.00416353502
456285.266395476,13.9152930564057,13.9701619480499
456345.272348447,13.9901422885998,14.0397162894872
456405.278301419,13.9395814008432,13.9877216077269
456465.28425439,13.9770883559361,14.024344975436
456525.290207362,13.9934484866465,14.0457591186793
456585.296160333,13.986103383812,14.0448663337803
456645.302113305,13.9748375619495,14.0403731803728
456705.308066276,13.8712416297155,13.9386145742828
456765.314019248,13.9445792637048,14.0080109300275
456825.319972219,14.0275311927936,14.0887852872449
456885.325925191,13.9336714065832,14.0038466822342
456945.331878163,14.0020024671334,14.0765365308727
457005.337831134,13.9374347685787,14.0088968498509
457065.343784106,14.0399582347995,14.1064508749942
457125.349737077,13.8920995423152,13.9459338580599
457185.355690049,13.927003703971,13.9746511867764
457245.36164302,13.9275171301032,13.9823338380983
457305.367595992,13.9013585491175,13.962029577997
457365.373548963,13.9107193835041,13.9734812830007
457425.379501935,13.8081648217817,13.8707354601871
457485.385454906,13.9390622929267,13.9970145284094
457545.391407878,13.970221152314,14.0252400737804
457605.397360849,13.9327560658068,13.9869599141564
457665.403313821,13.9765825707772,14.0303023643904
457725.409266792,13.922120047595,13.9810493736685
457785.415219764,13.8656495121392,13.9283252005449
457845.421172735,13.9895213393735,14.0524168940218
457905.427125707,13.8848587972894,13.9482859035736
457965.433078678,13.9811306368314,14.0469384312773
458025.43903165,13.9971686870936,14.0649365848434
458085.444984621,13.8607137945146,13.9290397706349
458145.450937593,13.9709931375811,14.0408025276011
458205.456890565,13.8922125106184,13.9683668523244
458265.462843536,13.8307514515328,13.9128452196017
458325.468796508,13.9056423320415,13.991053976825
458385.474749479,13.9067802252649,13.9957712384727
458445.480702451,13.9031882977415,13.9978190225799
458505.486655422,13.8304764112095,13.9274679526063
458565.492608394,13.8134236425484,13.9101033107409
458625.498561365,13.9353452485185,14.0307123831913
458685.504514337,13.9508962388272,14.0386968360649
458745.510467308,13.9308854962695,14.012990954103
458805.51642028,13.8307288642457,13.9104702968432
458865.522373251,13.8713843759655,13.9498816967979
458925.528326223,13.8770602892567,13.9601869728505
458985.534279194,13.9375514915865,14.0236703600761
459045.540232166,13.823330662048,13.9092144338946
459105.546185137,13.9326313890372,14.0181075994918
459165.552138109,13.9024167296077,13.9877169591851
459225.55809108,13.9130829014609,13.9975541818376
459285.564044052,13.78113576855,13.8636956370261
459345.569997024,13.8963928509255,13.976672586738
459405.575949995,13.8651933966299,13.942751021076
459465.581902967,13.8243483057678,13.8991709934096
459525.587855938,13.8278166003259,13.9003221636346
459585.59380891,13.8308955773656,13.9002825419934
459645.599761881,13.815919562121,13.8782058777799
459705.605714853,13.9144373452355,13.9682965789463
459765.611667824,13.9479339001326,13.991875140731
459825.617620796,13.9403582829486,13.9785456827019
459885.623573767,13.9254357137131,13.96126711329
459945.629526739,13.821636162206,13.8565832204073
460005.63547971,13.9703755861932,14.0129814525688
460065.641432682,13.8149512756091,13.8647428019659
460125.647385653,13.834468732878,13.8875201068622
460185.653338625,13.8753325598101,13.9309350975367
460245.659291596,13.8092609565656,13.8676990796162
460305.665244568,13.793719170368,13.8524648518166
460365.671197539,13.8715873373943,13.9285256814037
460425.677150511,13.8598241054987,13.9155018013448
460485.683103482,13.8716030647034,13.9306546509461
460545.689056454,13.8566493219202,13.9168923680092
460605.695009426,13.8839340374408,13.9407082183963
460665.700962397,13.8732384042745,13.92763269659
460725.706915369,13.8980658818969,13.9513512758534
460785.71286834,13.786250982379,13.8382634276289
460845.718821312,13.8686103519427,13.9159075448027
460905.724774283,13.8152140988257,13.8597442736
460965.730727255,13.8555346686354,13.9045182853758
461025.736680226,13.8457895049607,13.8965622739946
461085.742633198,13.8828908914136,13.9305271164573
461145.748586169,13.864097071487,13.9096104354322
461205.754539141,13.8672086217705,13.9128568239683
461265.760492112,13.9479523803596,13.9935436183357
461325.766445084,13.8584325714187,13.9034311771913
461385.772398055,13.9058459774658,13.9499166057917
461445.778351027,13.8198091415492,13.8618082920484
461505.784303998,13.8664647530955,13.906544958822
461565.79025697,13.9383360660008,13.9771363913653
461625.796209941,13.8961554047702,13.9333668066844
461685.802162913,13.8769733995793,13.9098689476505
461745.808115885,13.9067750383486,13.9372168824881
461805.814068856,13.8141495431166,13.8462246388144
461865.820021828,13.778337434241,13.8137033869036
461925.825974799,13.8630076048986,13.9057948046731
461985.831927771,13.9123879882449,13.9579264388929
462045.837880742,13.9910039680735,14.0342905200144
462105.843833714,13.8662438990741,13.9081426529639
462165.849786685,13.8416781476853,13.886666013204
462225.855739657,13.8850203721789,13.932066528894
462285.861692628,13.9178494693737,13.9649994848081
462345.8676456,13.8900153167984,13.9365965470435
462405.873598571,13.7974502435519,13.8421820641607
462465.879551543,13.8305101221202,13.8745425638005
462525.885504514,13.7880828734489,13.8444022647086
462585.891457486,13.782650509117,13.8458224374317
462645.897410457,13.8915226531298,13.9544997618602
462705.903363429,13.8017354280873,13.8636140265645
462765.9093164,13.7551534301833,13.8075108562893
462825.915269372,13.8813790108578,13.928412853199
462885.921222343,13.8563543470213,13.9044282900477
462945.927175315,13.8660864215034,13.9143381581268
463005.933128287,13.8419002180766,13.8886503463301
463065.939081258,13.8418547337923,13.8875539116408
463125.94503423,13.8884657477101,13.9357467102469
463185.950987201,13.7855797619137,13.8352157516398
463245.956940173,13.9811991262515,14.0332110309128
463305.962893144,13.8529966024752,13.908175382193
463365.968846116,13.8220139782031,13.8822635674395
463425.974799087,13.8443075149038,13.9083961370009
463485.980752059,13.8429281607053,13.9086791609117
463545.98670503,13.8743583086249,13.9422885898095
463605.992658002,13.8706275029077,13.9427572104461
463665.998610973,13.8468823308138,13.923424546846
463726.004563945,13.864978137275,13.9464939439907
463786.010516916,13.7610304489653,13.8433758633203
463846.016469888,13.8167407182641,13.8887143630545
463906.022422859,13.9073096731602,13.9734803033089
463966.028375831,13.8146019771433,13.8820903358451
464026.034328802,13.804581682582,13.8754483786761
464086.040281774,13.7772741633207,13.8596160938546
464146.046234745,13.7747100125979,13.8616937938769
464206.052187717,13.781784097892,13.8625505573433
464266.058140689,13.8512256564144,13.9264538011035
464326.06409366,13.7723257377528,13.8446606468729
464386.070046632,13.8264161772358,13.8961532486702
464446.075999603,13.7462334298441,13.8136485384795
464506.081952575,13.7929655732979,13.8567849105582
464566.087905546,13.8287134781348,13.881119394386
464626.093858518,13.8216074259622,13.8684914299616
464686.099811489,13.8431073530286,13.8948432728903
464746.105764461,13.7443067504767,13.7987577740579
464806.111717432,13.866699854222,13.9209063317441
464866.117670404,13.8822731418041,13.9357767039768
464926.123623375,13.7427805912737,13.7943665108743
464986.129576347,13.785936407016,13.8348819851871
465046.135529318,13.8967779837092,13.9418024842255
465106.14148229,13.7832977944094,13.8237860384341
465166.147435261,13.8276702098324,13.8632847661289
465226.153388233,13.8498845993283,13.8799644176106
465286.159341205,13.9109409205401,13.9333294879988
465346.165294176,13.8097371099503,13.8287652469614
465406.171247147,13.8259888078477,13.8456629177848
465466.177200119,13.8282829738131,13.8472408492587
465526.183153091,13.7950112398245,13.7977684318999
465586.189106062,13.8294233882938,13.8195496096132
465646.195059034,13.8941162255185,13.879096624911
465706.201012005,13.8297382164527,13.8132114921543
465766.206964977,13.8277466111796,13.817347324307
465826.212917948,13.8242409454631,13.8192449786568
465886.21887092,13.8995969649151,13.8968594996561
465946.224823891,13.9003127577866,13.8992497989155
466006.230776863,13.8969415834879,13.8976452430459
466066.236729834,13.8344145310171,13.8352255765204
466126.242682806,13.8277201581671,13.8266169640081
466186.248635777,13.8481976766095,13.8440407210177
466246.254588749,13.9091853174153,13.8975530683162
466306.26054172,13.8614380249565,13.8460586976185
466366.266494692,13.8189691533621,13.8038519494144
466426.272447663,13.7888297397985,13.7731772209526
466486.278400635,13.879767864841,13.8560066836313
466546.284353607,13.8885048730877,13.860361580792
466606.290306578,13.8923674360024,13.8669016268513
466666.29625955,13.9075671901023,13.8862543014161
466726.302212521,13.7309789684449,13.7162397259784
466786.308165493,13.8480987371279,13.8356564970631
466846.314118464,13.7841401424284,13.7700220773674
466906.320071436,13.8686982422756,13.8540066515465
466966.326024407,13.8333843849875,13.8290145285587
467026.331977379,13.9202030193031,13.9208129316174
467086.33793035,13.8255609266265,13.8220007344201
467146.343883322,13.8628092428664,13.8547907933883
467206.349836293,13.9095616035418,13.8980666132919
467266.355789265,13.7826556878387,13.7684571122939
467326.361742236,13.8777888841405,13.8613553172742
467386.367695208,13.8201470940845,13.8029400916017
467446.373648179,13.857163053262,13.8427565688865
467506.379601151,13.9105862160421,13.8971165421169
467566.385554122,13.9235236537851,13.9010882465927
467626.391507094,13.8409605886307,13.8139191659314
467686.397460065,13.9057077416153,13.8810875820759
467746.403413037,13.9031743755447,13.8795997617797
467806.409366009,13.7986019912739,13.7710213908718
467866.41531898,13.9218618534719,13.892482258942
467926.421271952,13.9021035930166,13.8789125956245
467986.427224923,13.8869724398032,13.8706006766125
468046.433177895,13.8156152472326,13.8051905102764
468106.439130866,13.8551396347446,13.8460943565925
468166.445083838,13.8988507533421,13.8756558089888
468226.451036809,13.8062594606346,13.7713801955366
468286.456989781,13.9117019239624,13.8713546069578
468346.462942752,13.9201018861681,13.8784927423894
468406.468895724,13.8738983929745,13.8385890722635
468466.474848695,13.8933689464205,13.861138037881
468526.480801667,13.9465313303521,13.9101194492106
468586.486754638,13.9129738669961,13.8746580501257
468646.49270761,13.8901928994969,13.8576701892198
468706.498660581,13.7357926369841,13.7098629688126
468766.504613553,13.8998443141979,13.8800337687463
468826.510566524,13.8200055451447,13.8021736322535
468886.516519496,13.8717019070398,13.8504679262381
468946.522472468,13.8139353849689,13.7911642977097
469006.528425439,13.763319149731,13.7458828871044
469066.534378411,13.8961482094534,13.8838726977033
469126.540331382,13.7948962213643,13.7854627070955
469186.546284354,13.943468314659,13.9366448342064
469246.552237325,13.8592640039958,13.8553900849756
469306.558190297,13.9096179488738,13.9074131314302
469366.564143268,13.7838608297728,13.7823465425579
469426.57009624,13.8821654037208,13.8806961054842
469486.576049211,13.8639052775461,13.8621917943535
469546.582002183,13.8312875657933,13.8296356447257
469606.587955154,13.8141495525944,13.8180147813799
469666.593908126,13.7951916495142,13.8034754131013
469726.599861097,13.8162743593911,13.8263913123977
469786.605814069,13.8305233902712,13.840536359454
469846.61176704,13.8802052970579,13.8809012424721
469906.617720012,13.8191648612659,13.8112469435977
469966.623672983,13.8306242337676,13.8186418375989
470026.629625955,13.8457465073395,13.8282095824312
470086.635578926,13.8326220302225,13.8026713054805
470146.641531898,13.8869160411924,13.8498439834913
470206.64748487,13.7769266987587,13.7381280440389
470266.653437841,13.8747062164302,13.834708412689
470326.659390813,13.8250101008104,13.7837879375698
470386.665343784,13.8831872040505,13.841762045958
470446.671296756,13.8667268883807,13.8288865347617
470506.677249727,13.8437378350061,13.8075177698559
470566.683202699,13.8628252165655,13.8227013081913
470626.68915567,13.8475031993224,13.8043117000541
470686.695108642,13.8348458431233,13.7903530625837
470746.701061613,13.8288260903517,13.783999998091
470806.707014585,13.8983873233886,13.8547828797802
470866.712967556,13.8569444175367,13.8160597442093
470926.718920528,13.8577370681576,13.8264022425098
470986.724873499,13.8759141552969,13.8489414606432
471046.730826471,13.9107509413361,13.8835662430331
471106.736779442,13.9531134127772,13.9261484252342
471166.742732414,13.8834930451447,13.8638202105066
471226.748685385,13.8557259320428,13.8395623592256
471286.754638357,13.7708303552145,13.753120352767
471346.760591328,13.8892015249098,13.8694367617432
471406.7665443,13.8473827073348,13.8251676623091
471466.772497272,13.852163840539,13.8270740294221
471526.778450243,13.8014816939585,13.7731794300662
471586.784403215,13.8353805698909,13.8023825687223
471646.790356186,13.8188652591954,13.7757719851697
471706.796309158,13.889278749717,13.8418578699268
471766.802262129,13.8800704647389,13.8350680076088
471826.808215101,13.8234717934218,13.7822325634051
471886.814168072,13.851668164496,13.8167823386813
471946.820121044,13.8047906310249,13.7721476374831
472006.826074015,13.850795172719,13.8149726252384
472066.832026987,13.8451080261374,13.8067778612912
472126.837979958,13.8570700405547,13.817778959447
472186.84393293,13.8776021585321,13.837236031134
472246.849885901,13.8589177305617,13.8168384743895
472306.855838873,13.9401712321511,13.8964064261268
472366.861791844,13.8009422035155,13.7558135698775
472426.867744816,13.8427931803529,13.7959189661749
472486.873697787,13.8360959249412,13.7858357600969
472546.879650759,13.8473140515968,13.7957074197583
472606.885603731,13.8790814261679,13.8291522749538
472666.891556702,13.8148956648289,13.7657677353209
472726.897509674,13.8536256385083,13.8032424032327
472786.903462645,13.8838752235178,13.8314373533052
472846.909415617,13.8841017928726,13.8277755284894
472906.915368588,13.8893283712389,13.8316439864467
472966.92132156,13.8033878886948,13.7507774156853
473026.927274531,13.8078190932014,13.7591218788014
473086.933227503,13.8186202086341,13.7715139728396
473146.939180474,13.7445750790137,13.6978428017792
473206.945133446,13.9152618195772,13.8672764105898
473266.951086417,13.8509412301539,13.8004480159826
473326.957039389,13.9288537286442,13.8709154669139
473386.96299236,13.8137379743261,13.7529127276171
473446.968945332,13.9082283465006,13.8557041467
473506.974898303,13.9869111586443,13.9380295094728
473566.980851275,13.9199072431507,13.8612618586079
473626.986804246,13.8471824379276,13.7838208459694
473686.992757218,13.862459656081,13.8038553372057
473746.998710189,13.8645128424049,13.8100395750216
473807.004663161,13.8615158745348,13.8093054075616
473867.010616133,13.9512763946498,13.8996467367574
473927.016569104,13.9458541403595,13.8935234122133
473987.022522076,13.8785449617138,13.8247567811431
474047.028475047,13.8786813661654,13.8182153521679
474107.034428019,13.9342904473495,13.8678775972476
474167.04038099,13.9345533344717,13.8642635556218
474227.046333962,13.8780899518917,13.8065850953185
474287.052286933,13.9098859030714,13.8386070269639
474347.058239905,13.9171554804111,13.8465714160169
474407.064192876,13.893780531046,13.8280822579844
474467.070145848,13.9250677500741,13.8613831190623
474527.076098819,13.9547458518708,13.8847779174224
474587.082051791,13.9370779257067,13.8640563823708
474647.088004762,13.8703710443102,13.7996467947515
474707.093957734,13.9078208762642,13.8396204071801
474767.099910705,13.9368964106049,13.8704042505266
474827.105863677,13.8683085231412,13.804248671618
474887.111816649,13.8461125491768,13.7869753855741
474947.11776962,13.8386500210524,13.7834164243227
475007.123722591,13.8206454335467,13.7674131552358
475067.129675563,13.8217462695386,13.770779395049
475127.135628535,13.8327667467394,13.7856112550356
475187.141581506,13.9010104672034,13.8550397564772
475247.147534478,13.8488181094401,13.7987153924643
475307.153487449,13.9300422847159,13.8780155553831
475367.159440421,13.8376405631713,13.7888782372449
475427.165393392,13.8320441513936,13.7846560306066
475487.171346364,13.8542869351343,13.8027653152004
475547.177299335,13.8448016015478,13.791383000975
475607.183252307,13.8842435838666,13.8348828643021
475667.189205278,13.8811678960741,13.836547803787
475727.19515825,13.9051393922269,13.8652535726925
475787.201111221,13.8695910557144,13.8307676952194
475847.207064193,13.9079137521764,13.8584581620167
475907.213017164,13.9395131674017,13.8835706676319
475967.218970136,13.9145835420955,13.8577003627371
476027.224923107,13.9302257364736,13.8724851731644
476087.230876079,13.9105476453684,13.8515310967162
476147.236829051,13.8450881166749,13.7859948637263
476207.242782022,13.8856919699685,13.832920692513
476267.248734994,13.8499545813858,13.8006637942345
476327.254687965,14.0080568225293,13.9589011180999
476387.260640937,13.8054132980182,13.7567725091082
476447.266593908,13.8455611219508,13.8012350612028
476507.27254688,13.8823576842548,13.8413024022691
476567.278499851,13.8396285571329,13.7995653112801
476627.284452823,13.831315466718,13.7927914175788
476687.290405794,13.9110942419754,13.8767397868668
476747.296358766,13.796335582482,13.765269489076
476807.302311737,13.8587467307722,13.829691930834
476867.308264709,13.8543233933862,13.8256881614697
476927.31421768,13.8600059541563,13.8304049704667
476987.320170652,13.8671921774092,13.8368779283265
477047.326123623,13.8449988112903,13.8143733044612
477107.332076595,13.8117588942615,13.7806056331737
477167.338029566,13.8479524050406,13.8138251672679
477227.343982538,13.8268932873685,13.7913621093924
477287.34993551,13.8035991402467,13.7711593544811
477347.355888481,13.771652695533,13.7438961453975
477407.361841453,13.9394388700763,13.9182343378678
477467.367794424,13.7779579034226,13.7638315146346
477527.373747396,13.8879777848384,13.8807103416276
477587.379700367,13.8803699212709,13.8807852828655
477647.385653339,13.8402623325291,13.8515124852685
477707.39160631,13.8063025586956,13.8211542339458
477767.397559282,13.767539846877,13.7808841218799
477827.403512253,13.8576201927927,13.8705008330327
477887.409465225,13.7556546395841,13.7774917207913
477947.415418196,13.7968325086649,13.8226764830736
478007.421371168,13.8014015532085,13.8239684245668
478067.427324139,13.708425288294,13.7274961355575
478127.433277111,13.8459491457323,13.8618585386724
478187.439230082,13.8844074775998,13.8995273027059
478247.445183054,13.8045859115915,13.8302122824293
478307.451136025,13.7895293602234,13.8195835166233
478367.457088997,13.8413438199971,13.8630191396718
478427.463041968,13.9369058790545,13.9541633223368
478487.46899494,13.8487795186902,13.8660864514312
478547.474947912,13.7904073893579,13.8082471904153
478607.480900883,13.8221055174826,13.8419888793622
478667.486853855,13.9119780362924,13.9321651850656
478727.492806826,13.8630090172013,13.8782958740314
478787.498759798,13.8018492289321,13.8130952552984
478847.504712769,13.8153375116676,13.8243765992439
478907.510665741,13.8079304393006,13.8161238800633
478967.516618712,13.808055794213,13.8185863797137
479027.522571684,13.8137451055337,13.824532675221
479087.528524655,13.8720642468041,13.8697176600715
479147.534477627,13.835832107723,13.8190185121407
479207.540430598,13.8928896652191,13.8626742483724
479267.54638357,13.8760076032307,13.8414364379
479327.552336541,13.7250605199274,13.6977340544125
479387.558289513,13.7850719318907,13.7610582451003
479447.564242484,13.8591651885674,13.8344490915957
479507.570195456,13.7447465610523,13.7189637000203
479567.576148427,13.800109852017,13.7703654456343
479627.582101399,13.7783111948979,13.7440337396922
479687.58805437,13.8075370008016,13.768445107946
479747.594007342,13.8948502451229,13.8537343800119
479807.599960314,13.8532435499878,13.8120436847735
479867.605913285,13.8778581071206,13.8374503949597
479927.611866257,13.8216409519116,13.7892051067445
479987.617819228,13.8947481886253,13.865498750134
480047.6237722,13.8286745373723,13.7953013509424
480107.629725171,13.8170508703825,13.7819033536851
480167.635678143,13.8695797018786,13.8436978335065
480227.641631114,13.8287021253201,13.8068984966372
480287.647584086,13.7787907466239,13.7552588037276
480347.653537057,13.8586770114624,13.8342434569116
480407.659490029,13.8503205301218,13.8316918962163
480467.665443,13.7522038114963,13.7380713597962
480527.671395972,13.832060798727,13.8189705174583
480587.677348943,13.7732285818731,13.7619758584923
480647.683301915,13.8705328271247,13.8648671033363
480707.689254886,13.6626772078452,13.6583699445755
480767.695207858,13.735435590768,13.7233763727046
480827.701160829,13.8425647957378,13.8247791322347
480887.707113801,13.7978467226662,13.7779036721219
480947.713066772,13.8213401530094,13.7993312762143
481007.719019744,13.8377262312126,13.8135423473069
481067.724972716,13.8340441953396,13.8066614437285
481127.730925687,13.8717156206666,13.8366642520622
481187.736878659,13.8469551354429,13.8062318252444
481247.74283163,13.7933008702442,13.7498284305375
481307.748784602,13.8444698791461,13.7989602079769
481367.754737573,13.853101389673,13.8057542102292
481427.760690545,13.7578969947447,13.7102783995847
481487.766643516,13.8023593781656,13.7627989950137
481547.772596488,13.764343093104,13.7284677734737
481607.778549459,13.8012044306186,13.7636869879635
481667.784502431,13.7924147918161,13.7540336457207
481727.790455402,13.8019886756054,13.7647634177443
481787.796408374,13.8365643343773,13.8002142592299
481847.802361345,13.8476920455353,13.8116095476368
481907.808314317,13.8001491414945,13.7636335714183
481967.814267288,13.772596596358,13.7301796049245
482027.82022026,13.8190996992699,13.7740059108451
482087.826173231,13.8012933958462,13.7612099363668
482147.832126203,13.8208182355107,13.7863484443701
482207.838079174,13.9127669723263,13.8836183932377
482267.844032146,13.8897618080764,13.8622374952105
482327.849985118,13.773755101393,13.745747778541
482387.855938089,13.7520162321084,13.7241159870328
482447.861891061,13.817125998512,13.7982557230409
482507.867844032,13.8192702629209,13.8104142409147
482567.873797004,13.7321268356875,13.7325491282774
482627.879749975,13.7258716573167,13.7291495207075
482687.885702947,13.7589576838522,13.7616684454052
482747.891655918,13.7697187282795,13.7721965951693
482807.89760889,13.7501340475889,13.7571519624521
482867.903561861,13.7617551593412,13.7721917355015
482927.909514833,13.7913414198971,13.8027091538963
482987.915467804,13.7770047940519,13.7891109705975
483047.921420776,13.7648061306775,13.7774838264753
483107.927373747,13.7178790894338,13.7322504444668
483167.933326719,13.6248708803718,13.6468339128489
483227.93927969,13.7427183592835,13.7736076177007
483287.945232662,13.7484978538696,13.7897335473756
483347.951185634,13.7172666734285,13.7616487748633
483407.957138605,13.6209847571698,13.6638630059734
483467.963091576,13.6845826381134,13.7250119209094
483527.969044548,13.6973895197131,13.7295413232638
483587.97499752,13.759562971554,13.7882060654757
483647.980950491,13.75661948347,13.793755265413
483707.986903463,13.6420144241356,13.6835692774587
483767.992856434,13.7219510022522,13.7633687010755
483827.998809406,13.7461515126274,13.7872496792523
483888.004762377,13.7157133329796,13.7564995074707
483948.010715349,13.841999653583,13.8819648324034
484008.01666832,13.76210287888,13.7969518931506
484068.022621292,13.7123297167904,13.7448808030186
484128.028574263,13.774512586097,13.8151481004313
484188.034527235,13.679469974497,13.7292669031562
484248.040480206,13.596978581992,13.6553533461311
484308.046433178,13.7717536036056,13.8334238080758
484368.052386149,13.6398374236597,13.7015940545974
484428.058339121,13.6671792764739,13.7282763380163
484488.064292092,13.6900647902527,13.7496835552323
484548.070245064,13.7409480255214,13.7995921024126
484608.076198036,13.7565084244152,13.8177166859565
484668.082151007,13.7088737088414,13.7742818384066
484728.088103979,13.7221603368751,13.7948292169696
484788.09405695,13.6631865012079,13.7379839826166
484848.100009922,13.620613978773,13.6933668701307
484908.105962893,13.70736105927,13.7787051574898
484968.111915865,13.6498779155372,13.722447407951
485028.117868836,13.8091889636974,13.8835758237132
485088.123821808,13.7270754400198,13.8033784542853
485148.129774779,13.6723812112153,13.7504432143018
485208.135727751,13.6679500657195,13.7472442275486
485268.141680722,13.6898098150501,13.7710212236028
485328.147633694,13.6305804045634,13.7154645619076
485388.153586665,13.5452305941619,13.6344201160269
485448.159539637,13.7337373730097,13.8287417638624
485508.165492608,13.6969308245512,13.7931012363345
485568.17144558,13.6330440286415,13.7273856175873
485628.177398551,13.6539702773064,13.7473669014828
485688.183351523,13.5385274249584,13.6412201473885
485748.189304494,13.6416663980902,13.7510400981455
485808.195257466,13.5226094856446,13.6340351396925
485868.201210438,13.6208882616397,13.7306136825418
485928.207163409,13.5843074902844,13.6741670727695
485988.213116381,13.6172809740226,13.6973533359419
486048.219069352,13.6564634069225,13.7411177903863
486108.225022324,13.6713969429768,13.7574233181673
486168.230975295,13.5853651348367,13.6679742804684
486228.236928267,13.646648741032,13.7272949772671
486288.242881238,13.6306071889589,13.7164168265316
486348.24883421,13.5584360080336,13.6504316724114
486408.254787181,13.5860270427217,13.6832202692712
486468.260740153,13.6820165136988,13.7844328699266
486528.266693124,13.5531715748435,13.6611453320502
486588.272646096,13.6107873548798,13.7229307404814
486648.278599067,13.5793724133413,13.694743855918
486708.284552039,13.6142604845722,13.72988007696
486768.29050501,13.6101915019783,13.7244961621073
486828.296457982,13.5936269556743,13.7067125319072
486888.302410954,13.6145312778674,13.7267525843075
486948.308363925,13.6082559517712,13.7202661293022
487008.314316896,13.5791048223842,13.6938202178239
487068.320269868,13.5862329151701,13.7009046217659
487128.32622284,13.5242894747812,13.6321902820136
487188.332175811,13.5977570483582,13.7018120435208
487248.338128783,13.5302151331524,13.6347949436665
487308.344081754,13.563805280293,13.667501276167
487368.350034726,13.6509380838528,13.7474916926458
487428.355987697,13.613493761061,13.7059557727974
487488.361940669,13.6667376222724,13.7584475566835
487548.36789364,13.4949575704873,13.586466918731
487608.373846612,13.5181472843822,13.6112896184297
487668.379799583,13.5019497386003,13.5978600886776
487728.385752555,13.5272945682635,13.6283699364338
487788.391705526,13.6227867266293,13.7245022803324
487848.397658498,13.6038989659177,13.6984623289271
487908.403611469,13.6721550855187,13.762632929751
487968.409564441,13.5348790743327,13.6248961095968
488028.415517412,13.5598389325502,13.6505065578082
488088.421470384,13.5069528795259,13.6034203922227
488148.427423356,13.5686998256075,13.6664157069017
488208.433376327,13.5943826366468,13.6838002596661
488268.439329299,13.5421058206571,13.6275613299928
488328.44528227,13.624655003617,13.7187170968687
488388.451235242,13.4786674809432,13.5757942326355
488448.457188213,13.5584603425554,13.6498794690434
488508.463141185,13.5562436496994,13.6429756341675
488568.469094156,13.4840596401324,13.5679235738188
488628.475047128,13.583742640958,13.6662528740751
488688.481000099,13.5193547443762,13.6062571071857
488748.486953071,13.5315992825999,13.6197098768873
488808.492906042,13.5218571631685,13.6063216449284
488868.498859014,13.6448772465166,13.727027808868
488928.504811985,13.5800026109266,13.662825139574
488988.510764957,13.5997311255874,13.6843144830622
489048.516717928,13.5967409963963,13.6853658808378
489108.5226709,13.5935006921283,13.6827189390587
489168.528623871,13.5292941541776,13.6140711695962
489228.534576843,13.6689837187793,13.746804482224
489288.540529814,13.5291091829416,13.5920676784795
489348.546482786,13.6107999594236,13.6674666604687
489408.552435758,13.541255748481,13.6038989131269
489468.558388729,13.6248146491512,13.6924037546678
489528.564341701,13.619976566844,13.6891812081787
489588.570294672,13.5672983865315,13.6387507915971
489648.576247644,13.6396758828938,13.7157282799395
489708.582200615,13.5296531198953,13.6086164435225
489768.588153587,13.4950466610867,13.5753065345599
489828.594106558,13.5537615484031,13.633497178069
489888.60005953,13.4655410478863,13.5431216767889
489948.606012501,13.5842161324364,13.6581969805678
490008.611965473,13.5728165548277,13.6349374695212
490068.617918444,13.5375406605016,13.5942322647236
490128.623871416,13.5840649966891,13.6453007987798
490188.629824387,13.5690666374651,13.6348637651957
490248.635777359,13.6414424516744,13.7100358225178
490308.64173033,13.6051391799448,13.6761180546072
490368.647683302,13.4865364455223,13.5593183018336
490428.653636273,13.5839870835609,13.6599249197393
490488.659589245,13.5199788199243,13.6039889976096
490548.665542216,13.6225540013744,13.7089667515405
490608.671495188,13.5424324770554,13.6264516963784
490668.67744816,13.4686144148461,13.5516135426388
490728.683401131,13.5418705246177,13.6333416700376
490788.689354103,13.4234737913224,13.5178197090212
490848.695307074,13.5393798162717,13.6253137605656
490908.701260046,13.4967351864695,13.5785720575036
490968.707213017,13.4624807283429,13.5496191331473
491028.713165989,13.5164030064076,13.6092190624278
491088.71911896,13.5315864540035,13.6287814298572
491148.725071932,13.4481313277756,13.5479401660769
491208.731024903,13.514638343474,13.6159035963253
491268.736977875,13.5528072671397,13.6537075993209
491328.742930846,13.5143711807485,13.6137563193638
491388.748883818,13.5167536827257,13.6139982807181
491448.754836789,13.455644178057,13.5472885655159
491508.760789761,13.4161423907932,13.5051181390662
491568.766742732,13.5048669095244,13.5969940000757
491628.772695704,13.4814053285606,13.5739639870248
491688.778648675,13.4708138821251,13.5549448161154
491748.784601647,13.5181126457308,13.5983357071034
491808.790554618,13.456201621635,13.542262381391
491868.79650759,13.3537145416107,13.4418147820424
491928.802460562,13.4785262578807,13.5619451595972
491988.808413533,13.4574579096232,13.5347043932487
492048.814366505,13.4510715564567,13.5196434705801
492108.820319476,13.483249183271,13.5484409052763
492168.826272448,13.5368224649671,13.6053020400789
492228.832225419,13.4048518658643,13.4744091087796
492288.838178391,13.519566730292,13.5875536505608
492348.844131362,13.5307851201083,13.5957977152292
492408.850084334,13.5574813421346,13.6104152568207
492468.856037305,13.536362069086,13.5822316784782
492528.861990277,13.5491824742245,13.5930446189718
492588.867943248,13.5080436210078,13.5511318777988
492648.87389622,13.553682590402,13.5997565051698
492708.879849191,13.5808889026823,13.6315665316298
492768.885802163,13.5586732789514,13.6160662591048
492828.891755135,13.5122391919292,13.5759965011888
492888.897708106,13.4853009735807,13.555251191704
492948.903661077,13.5051704465925,13.5759593884504
493008.909614049,13.576556795648,13.6389446617024
493068.91556702,13.5044316736822,13.5621545234046
493128.921519992,13.5270900100706,13.5836779462731
493188.927472964,13.5996060311511,13.6557244456667
493248.933425935,13.6124566074521,13.674222150237
493308.939378907,13.5347756267028,13.5983160853372
493368.945331878,13.4969285796235,13.5551524351142
493428.95128485,13.5195446084151,13.5751581085328
493488.957237821,13.5295399736184,13.589967246114
493548.963190793,13.5250714668649,13.5907534880106
493608.969143764,13.4648815775119,13.5353199067679
493668.975096736,13.5984321263722,13.6694518193401
493728.981049707,13.4771276587117,13.5430994652059
493788.987002679,13.5382757238376,13.6022035562237
493848.99295565,13.4479539874666,13.5219149953786
493908.998908622,13.4773476635554,13.5552994605539
493969.004861593,13.5222943736533,13.5974226433073
494029.010814565,13.5500922094313,13.6217815305277
494089.016767537,13.4061250017516,13.4736086645527
494149.022720508,13.4181012208832,13.4826075994462
494209.02867348,13.5212102745541,13.5841058413471
494269.034626451,13.5200688770403,13.5808998405869
494329.040579422,13.4644849687499,13.5211450161037
494389.046532394,13.5753833198454,13.6289477146487
494449.052485366,13.4782538200278,13.5302689990158
494509.058438337,13.4304201947774,13.4804383338078
494569.064391309,13.6105490070953,13.6567708280053
494629.07034428,13.532435553174,13.5731263900278
494689.076297252,13.4450339190684,13.4754302238265
494749.082250223,13.5847532041857,13.6096447493944
494809.088203195,13.5284938743363,13.5516842117757
494869.094156166,13.4907445015077,13.5133780034876
494929.100109138,13.4647379107043,13.4890159378812
494989.106062109,13.4583960568695,13.4848899900407
495049.112015081,13.5896539327911,13.6186909343977
495109.117968052,13.4537526662475,13.4849720763326
495169.123921024,13.5551234309893,13.5877096180867
495229.129873995,13.5780193198229,13.6130389930903
495289.135826967,13.493719665584,13.5350557710528
495349.141779939,13.4652194399576,13.5118912106402
495409.14773291,13.5149638489142,13.5655605689496
495469.153685882,13.4546557102255,13.5056106894291
495529.159638853,13.4657980035481,13.510652894845
495589.165591825,13.5338264564701,13.5753432765506
495649.171544796,13.4364673524473,13.477283825062
495709.177497768,13.4802905246716,13.5201723373833
495769.183450739,13.5039378171845,13.5412794868331
495829.189403711,13.4111447356975,13.4472378285675
495889.195356682,13.4243480136209,13.4630893747334
495949.201309654,13.5390907896616,13.58270709185
496009.207262625,13.4185494335751,13.4728003915433
496069.213215597,13.3969387125727,13.4544756378762
496129.219168568,13.5149358015483,13.5665986492739
496189.22512154,13.4269550767407,13.4763828566392
496249.231074511,13.4194261641276,13.4790404387934
496309.237027483,13.4356653692106,13.4991955180175
496369.242980454,13.4919194780651,13.5501708207066
496429.248933426,13.4625145671334,13.5183884582515
496489.254886398,13.4332629922117,13.4940291128112
496549.260839369,13.4413566387894,13.5035170973265
496609.266792341,13.3632737572718,13.4173505365106
496669.272745312,13.5028464880627,13.549107037254
496729.278698284,13.4792616916482,13.5205532112043
496789.284651255,13.5279106027441,13.563036178194
496849.290604227,13.5687411443391,13.5940939417768
496909.296557198,13.4326584484446,13.4500984093226
496969.30251017,13.5789126581058,13.5916344216917
497029.308463141,13.4954441797337,13.5016065487366
497089.314416113,13.4679485072458,13.4607173738385
497149.320369084,13.5644184281718,13.5505411915639
497209.326322056,13.5161350239742,13.5009308771952
497269.332275027,13.5288217479748,13.5126266805471
497329.338227999,13.5132636678172,13.496268737139
497389.34418097,13.5096541704768,13.490729342615
497449.350133942,13.4814921479496,13.453980064466
497509.356086913,13.5645696008068,13.5335648117956
497569.362039885,13.6309644597392,13.60265061187
497629.367992856,13.5738385300409,13.5487465519436
497689.373945828,13.5992429026993,13.5777253217957
497749.3798988,13.4825365597814,13.4619077397638
497809.385851771,13.5002412461895,13.4765735863886
497869.391804743,13.5868089594182,13.5617650061799
497929.397757714,13.5191675600042,13.4956497360211
497989.403710686,13.6310441869744,13.6104226759487
498049.409663657,13.4742081036536,13.4602501777038
498109.415616629,13.4782679924771,13.4741628810746
498169.4215696,13.5458925579066,13.5589030878942
498229.427522572,13.5610521194798,13.5824011024702
498289.433475543,13.5299946919095,13.5531314390058
498349.439428515,13.4643005624374,13.4872534769972
498409.445381486,13.5246514005147,13.5445139880099
498469.451334458,13.4329212935538,13.4473019241056
498529.457287429,13.5768997104188,13.5773063019333
498589.463240401,13.5028919210138,13.4950437905696
498649.469193372,13.4844260614178,13.4743733192039
498709.475146344,13.5673313312249,13.5544854256998
498769.481099315,13.5652783087047,13.5474385663107
498829.487052287,13.4882823241233,13.4643335199364
498889.493005258,13.5211243322994,13.4884427987495
498949.49895823,13.5895698187496,13.5542033830448
499009.504911202,13.6094958934017,13.5798239147983
499069.510864173,13.4853094684917,13.4579341611453
499129.516817145,13.5847734329974,13.5539895102003
499189.522770116,13.5534562897142,13.5199827585826
499249.528723088,13.5215219966855,13.4869741327089
499309.534676059,13.6574649008875,13.6215416456118
499369.540629031,13.5604932871748,13.5219833937745
499429.546582002,13.5865083168827,13.5473058225659
499489.552534974,13.6723501862157,13.6357087673179
499549.558487945,13.6665258229919,13.6336280520084
499609.564440917,13.5510985629998,13.5239069017864
499669.570393888,13.4935188454685,13.4713095247634
499729.57634686,13.5762759046288,13.5580379047161
499789.582299831,13.5018943938415,13.4856914764663
499849.588252803,13.5194649267754,13.5042326016079
499909.594205774,13.4570943669163,13.4421275839454
499969.600158746,13.5292430095256,13.5133769685972
500029.606111717,13.5234682004142,13.5077638641174
500089.612064689,13.5264438612659,13.5178333907874
500149.618017661,13.5436957766985,13.5382759356515
500209.623970632,13.457865595605,13.4522321413702
500269.629923604,13.4462768970509,13.43964317679
500329.635876575,13.5104809734065,13.4963558246125
500389.641829547,13.5419999324493,13.5226039087616
500449.647782518,13.6247025794345,13.6033756825856
500509.65373549,13.5402685520973,13.517452238929
500569.659688461,13.4967372989638,13.4727096871557
500629.665641433,13.5767900873069,13.5512007229835
500689.671594404,13.5869694976093,13.5586634077874
500749.677547376,13.5699997101993,13.5410295577244
500809.683500347,13.6310743887039,13.6059653872265
500869.689453319,13.6114609154671,13.5879364226789
500929.69540629,13.661218572326,13.6357674128253
500989.701359262,13.5267315721328,13.4981509536951
501049.707312233,13.5967438765656,13.5624195064915
501109.713265205,13.6061685364068,13.5674402044179
501169.719218176,13.5806623206108,13.539312931312
501229.725171148,13.4685800340593,13.4257161680383
501289.731124119,13.5870671750404,13.5435274326899
501349.737077091,13.5065239948634,13.4619255944232
501409.743030063,13.5593928494851,13.512414146668
501469.748983034,13.4789775386956,13.4284723474108
501529.754936006,13.5470767799698,13.4903366585719
501589.760888977,13.7278365561661,13.6679687904801
501649.766841949,13.5762662382831,13.5159515167798
501709.77279492,13.6507723807606,13.5888605927297
501769.778747892,13.6700230948321,13.5990521314152
501829.784700863,13.6459972174928,13.5720880844324
501889.790653835,13.6662403602873,13.6021985007774
501949.796606806,13.540331381696,13.4815957673568
502009.802559778,13.5679150608367,13.5100896535895
502069.808512749,13.6174221679621,13.5597786896511
502129.814465721,13.6568941728805,13.5975951327018
502189.820418692,13.5973926042796,13.5345304624341
502249.826371664,13.6265748083559,13.5531789311873
502309.832324635,13.6553692872178,13.5781507466271
502369.838277607,13.5851569685641,13.5116278575882
502429.844230578,13.6097864134863,13.5374431391983
502489.85018355,13.5938169501319,13.5149757953478
502549.856136521,13.6085830145083,13.5271915949469
502609.862089493,13.5631321177706,13.4857368190513
502669.868042465,13.555622445563,13.4828191925254
502729.873995436,13.6596566790875,13.5918559547631
502789.879948408,13.6018599725162,13.5354105217856
502849.885901379,13.6474599709168,13.5766610071867
502909.891854351,13.5901910071603,13.5152562045692
502969.897807322,13.625626301961,13.5479550272306
503029.903760294,13.6143377796956,13.5344724259183
503089.909713265,13.5690910271553,13.4876039410454
503149.915666237,13.6294832873772,13.54606411046
503209.921619208,13.7033703215139,13.6173273099644
503269.92757218,13.5876058930693,13.4983692079647
503329.933525151,13.6265244400261,13.5330696165012
503389.939478123,13.5924887359859,13.495676560634
503449.945431094,13.6791763997682,13.5800022754497
503509.951384066,13.6591460256246,13.5585584940632
503569.957337037,13.6375628047189,13.5364360230337
503629.963290009,13.6363548625708,13.5338403869259
503689.96924298,13.6140867730593,13.5063152840195
503749.975195952,13.6246183057652,13.5152035828705
503809.981148923,13.6696794483853,13.5623583160984
503869.987101895,13.5657788022483,13.4595297878986
503929.993054867,13.648751395955,13.5414893373252
503989.999007838,13.6358110870632,13.5284613439683
504050.00496081,13.5930322473003,13.4874495892006
504110.010913781,13.5746720359745,13.4711737270542
504170.016866753,13.7212315265865,13.6198525691537
504230.022819724,13.6973042184495,13.5987591397828
504290.028772696,13.5995225710644,13.5058913216785
504350.034725667,13.7425939060538,13.6505376849052
504410.040678639,13.6145941719992,13.5162903688947
504470.04663161,13.6396951433444,13.5342927907565
504530.052584582,13.6663527046134,13.5541497890323
504590.058537553,13.5369880396073,13.4208104513802
504650.064490525,13.6168455930003,13.4986783010963
504710.070443496,13.6051767313646,13.4871056781406
504770.076396468,13.7045276249552,13.5898030887613
504830.082349439,13.6202492971693,13.5100935853694
504890.088302411,13.7410255949179,13.6377588842601
504950.094255383,13.6929369690283,13.5918296088977
505010.100208354,13.6564295073659,13.5488041289479
505070.106161325,13.6333573988943,13.5232637398117
505130.112114297,13.7062853845772,13.5983578918642
505190.118067269,13.5927578956418,13.4871550581235
505250.12402024,13.7149248627513,13.6116139056919
505310.129973212,13.7043684133122,13.6018337689549
505370.135926183,13.6356474360596,13.5299903040242
505430.141879155,13.6782252186822,13.5694646172183
505490.147832126,13.5728955906456,13.4620368293864
505550.153785098,13.6409933963151,13.5282280233099
505610.159738069,13.6589255053815,13.5440255611265
505670.165691041,13.6228924741087,13.5077181772005
505730.171644012,13.6401440526276,13.5255922778328
505790.177596984,13.7250545919741,13.6114950318176
505850.183549955,13.6728443991477,13.5647170079207
505910.189502927,13.653875636229,13.5504887646707
505970.195455898,13.729830149776,13.6291097266453
506030.20140887,13.7094666281684,13.6121390531006
506090.207361841,13.5531147590412,13.4617098379464
506150.213314813,13.747594966745,13.6580475441499
506210.219267785,13.7364441995847,13.6405455731212
506270.225220756,13.6463961053018,13.544853031735
506330.231173728,13.6168983664831,13.5115809439405
506390.237126699,13.6742651418119,13.5691239000369
506450.243079671,13.6306901178585,13.537290132654
506510.249032642,13.6685821430547,13.5803763173788
506570.254985614,13.5761926324544,13.4866299524562
506630.260938585,13.6858551367833,13.5947160635611
506690.266891557,13.6226076296229,13.5302255211152
506750.272844528,13.7078043550052,13.6130976997754
506810.2787975,13.6790622600996,13.5783007316701
506870.284750471,13.6154171773479,13.5130252219261
506930.290703443,13.5702519085277,13.4727365070809
506990.296656414,13.7376849654436,13.642395493439
507050.302609386,13.7309696964919,13.6347443832349
507110.308562357,13.6410506379336,13.5443605390825
507170.314515329,13.6019450800374,13.5054334289816
507230.3204683,13.6667644177199,13.5700061012969
507290.326421272,13.6716706376305,13.5710049588271
507350.332374243,13.6443627882325,13.5390576706119
507410.338327215,13.6801653066857,13.5704115915303
507470.344280187,13.6331102316802,13.5178290852398
507530.350233158,13.6747576368475,13.5511498176968
507590.35618613,13.6811647738628,13.5544086360679
507650.362139101,13.6908450463399,13.5640227169512
507710.368092073,13.7075392713894,13.5815647509952
507770.374045044,13.6555942051823,13.5354077451137
507830.379998016,13.7676325132365,13.649911507552
507890.385950987,13.6713725248515,13.5508839542173
507950.391903959,13.6593302525858,13.5377127467816
508010.39785693,13.7180731229983,13.5967308667088
508070.403809902,13.6650007008563,13.5442070845006
508130.409762873,13.6823633879233,13.5641043117663
508190.415715845,13.5298028213999,13.4127221639701
508250.421668816,13.6779476973853,13.5597440953055
508310.427621788,13.736716171788,13.6169508753842
508370.433574759,13.8080699504633,13.6861560467298
508430.439527731,13.6581816259225,13.535801293899
508490.445480702,13.6747894371431,13.5535451002121
508550.451433674,13.7044396951764,13.5845059064836
508610.457386645,13.6314786617323,13.512999474869
508670.463339617,13.7120515924999,13.5944611808027
508730.469292589,13.6409314771367,13.5237838635875
508790.47524556,13.6849046092038,13.5695383059478
508850.481198532,13.5408851269155,13.4413035208953
508910.487151503,13.6420383343686,13.5516651282623
508970.493104475,13.6948415930004,13.6065837802335
509030.499057446,13.6443157189351,13.5576024262531
509090.505010418,13.7106074712617,13.6250874907084
509150.510963389,13.6144013413775,13.5307846039625
509210.516916361,13.670718686079,13.5913250677313
509270.522869332,13.6918551992556,13.6156887893043
509330.528822304,13.6393312582722,13.5647183346
509390.534775275,13.596766124995,13.5252327660651
509450.540728247,13.6530841883956,13.5911263055819
509510.546681218,13.5984131543861,13.5394021565745
509570.55263419,13.6528560569469,13.5852713637891
509630.558587161,13.6309444405453,13.5596357610947
509690.564540133,13.6303439471559,13.5590836698521
509750.570493104,13.6325302703791,13.5616145108875
509810.576446076,13.5584765779879,13.4915717515664
509870.582399048,13.6635411215092,13.6018478419193
509930.588352019,13.663388635938,13.6077072459698
509990.594304991,13.6433392624653,13.594459807407
510050.600257962,13.5882738621594,13.5481502785735
510110.606210934,13.5784456395925,13.5407984005694
510170.612163905,13.674158953254,13.6319809156479
510230.618116877,13.6384909255957,13.5944185334058
510290.624069848,13.5740036712291,13.5303588020395
510350.63002282,13.5196168519372,13.4760447300346
510410.635975791,13.6718227491531,13.6267480331693
510470.641928763,13.5853095014724,13.5402191150114
510530.647881734,13.6428933416876,13.6056528419406
510590.653834706,13.5324628316109,13.5026224201903
510650.659787677,13.6666827655702,13.6414741985245
510710.665740649,13.6043926628326,13.5848040865662
510770.67169362,13.6174608298562,13.6061382699484
510830.677646592,13.5517685410178,13.5463568884076
510890.683599563,13.5853813177972,13.5836204063277
510950.689552535,13.5921357602837,13.5920102551942
511010.695505506,13.5386496681379,13.5388839441611
511070.701458478,13.6609687741595,13.6621762010705
511130.70741145,13.5889978085665,13.5938304563793
511190.713364421,13.5788056601332,13.5844778523014
511250.719317393,13.5340944055353,13.5362389769574
511310.725270364,13.612199969964,13.6111827680058
511370.731223336,13.6320822173138,13.6287434410846
511430.737176307,13.634412942346,13.6301370270947
511490.743129279,13.6052230537381,13.6014929023357
511550.74908225,13.5641293732501,13.5620879052376
511610.755035222,13.5367901756931,13.5408251591745
511670.760988193,13.5904729612102,13.5981969854361
511730.766941165,13.6068063828177,13.6157890877294
511790.772894136,13.5787333794901,13.5872500052723
511850.778847108,13.5032025721253,13.5079749178032
511910.784800079,13.5507202497908,13.5529834926773
511970.790753051,13.4865644073429,13.4876253995865
512030.796706022,13.5133438327393,13.5142479325943
512090.802658994,13.5097550324387,13.5172164673997
512150.808611966,13.5482530928344,13.5580157890497
512210.814564937,13.5967811673038,13.6054104683707
512270.820517908,13.5748887906281,13.5823177110243
512330.82647088,13.5470467485193,13.5532217331133
512390.832423852,13.4916916766563,13.4979853983485
512450.838376823,13.5408541858476,13.558264375529
512510.844329795,13.5288435311519,13.5495125984684
512570.850282766,13.5771242818432,13.5849828620184
512630.856235738,13.4928278634539,13.4889245161597
512690.862188709,13.6356069428432,13.6228145698565
512750.868141681,13.5594201991789,13.5436336245085
512810.874094652,13.5038885305205,13.4879885967274
512870.880047624,13.6737316338394,13.6562182875298
512930.886000595,13.4597371302133,13.428473536409
512990.891953567,13.625728529638,13.5887973089289
513050.897906538,13.5336608673357,13.5015570645215
513110.90385951,13.6265638535722,13.5959693330367
513170.909812481,13.6167238151355,13.583669935173
513230.915765453,13.6106550978568,13.5733139688411
513290.921718424,13.630182742587,13.5816426367275
513350.927671396,13.6116094927407,13.5537230263634
513410.933624368,13.5524161368239,13.4877919126413
513470.939577339,13.6240853807612,13.5572315730811
513530.945530311,13.5483205267058,13.4812870207796
513590.951483282,13.5880526319305,13.5205210199311
513650.957436254,13.5605656689503,13.4914418039156
513710.963389225,13.6488309832997,13.5788264203764
513770.969342197,13.5679932599782,13.4993645323235
513830.975295168,13.6685336549583,13.6026451131185
513890.98124814,13.5965960367719,13.5368026550402
513950.987201111,13.5615935599405,13.506257437125
514010.993154083,13.6575658311026,13.6048085684045
514070.999107054,13.6666878449566,13.6144705401954
514131.005060026,13.6660942361414,13.613414449379
514191.011012997,13.5753337384684,13.5226798178241
514251.016965969,13.5773378675142,13.5276110124172
514311.02291894,13.6338427063775,13.5848001585289
514371.028871912,13.5698750612323,13.5193980088558
514431.034824883,13.6231796364918,13.5719710728255
514491.040777855,13.5773094003075,13.5281665130533
514551.046730826,13.5746982174625,13.525749918995
514611.052683798,13.6157394909643,13.5627150462798
514671.05863677,13.5286663032726,13.4737524923641
514731.064589741,13.5006348606166,13.4472189281295
514791.070542713,13.6141648083569,13.5636672880691
514851.076495684,13.6528640201124,13.6086384965324
514911.082448656,13.5772717959337,13.5408891702411
514971.088401627,13.5872597939868,13.5616432711711
515031.094354599,13.644595834324,13.6220747435992
515091.10030757,13.5886034674994,13.5653363521132
515151.106260542,13.4710834469259,13.4464218680099
515211.112213513,13.5547443882241,13.5221807161954
515271.118166485,13.5894649379678,13.5537555537519
515331.124119456,13.5144156765684,13.4818827160328
515391.130072428,13.5517091803693,13.5199887638617
515451.136025399,13.5438525743034,13.5080318752604
515511.141978371,13.5022917708809,13.4650979867527
515571.147931342,13.5773124860883,13.5449475043026
515631.153884314,13.5038020908624,13.4731351229279
515691.159837285,13.5384817632416,13.5054529383036
515751.165790257,13.5700078473494,13.5359179673442
515811.171743229,13.556640375736,13.5225431570949
515871.1776962,13.6467480734717,13.6134177877546
515931.183649172,13.54210264525,13.515921825299
515991.189602143,13.6202444693888,13.5972719218091
516051.195555115,13.4894559096471,13.466619755267
516111.201508086,13.6148671976076,13.591873018873
516171.207461058,13.5443096907417,13.5208730549434
516231.213414029,13.4725947298413,13.4488952171908
516291.219367001,13.5058016595755,13.4823211335423
516351.225319972,13.5472442349505,13.5230824911369
516411.231272944,13.5724082216381,13.5408550649167
516471.237225915,13.4474160900176,13.4127448744858
516531.243178887,13.5211012003288,13.4868189018903
516591.249131858,13.5457283612248,13.5119318408627
516651.25508483,13.4775232548142,13.4441529866627
516711.261037801,13.5292234665222,13.4971397001302
516771.266990773,13.4425353165392,13.4160874460054
516831.272943744,13.5601008520755,13.5394117968844
516891.278896716,13.4973572258168,13.4812991456585
516951.284849687,13.5112839926865,13.5007027981096
517011.290802659,13.4862622121883,13.483659363703
517071.296755631,13.5232476523514,13.5218798512012
517131.302708602,13.5620752730943,13.5491365972668
517191.308661574,13.4910320276148,13.4689431136027
517251.314614545,13.4626090610345,13.435595752771
517311.320567517,13.5000908965487,13.469737015642
517371.326520488,13.606926070494,13.5740441758344
517431.33247346,13.5251726991615,13.4909120699729
517491.338426431,13.5835717188717,13.5484536330034
517551.344379403,13.5317947970738,13.4963748340484
517611.350332374,13.5478767268669,13.5145950752664
517671.356285346,13.5323075275928,13.4994751866442
517731.362238317,13.5819023904644,13.5467157506506
517791.368191289,13.5794092362611,13.5416213236064
517851.37414426,13.5269819668948,13.4864552467305
517911.380097232,13.4927960916348,13.4517341989477
517971.386050203,13.5592837047478,13.5243515101425
518031.392003175,13.6490692087387,13.6158917658573
518091.397956146,13.567626717107,13.5288968968514
518151.403909118,13.5306144165382,13.4894557409408
518211.409862089,13.5683567320372,13.5280157319935
518271.415815061,13.5572076443083,13.5167466992579
518331.421768033,13.6177236149577,13.5747177063545
518391.427721004,13.4512832498553,13.4070950178593
518451.433673976,13.5313268754607,13.4883907611723
518511.439626947,13.5860742657652,13.5458607847047
518571.445579919,13.5595696811828,13.5264775418662
518631.45153289,13.5553876264031,13.5245443819152
518691.457485862,13.4822924306798,13.4508246161783
518751.463438833,13.5619385553538,13.5292521996757
518811.469391805,13.6062255078382,13.5669633628709
518871.475344776,13.6440416871671,13.6023555969705
518931.481297748,13.5307686604547,13.4938795254876
518991.487250719,13.5450417772889,13.5093124375094
519051.493203691,13.5010016621408,13.4591533607131
519111.499156662,13.5641233836959,13.5196285089139
519171.505109634,13.5251098012667,13.4816945301479
519231.511062605,13.5608893978972,13.5196368365878
519291.517015577,13.5554572105803,13.5191695995558
519351.522968548,13.5854202534553,13.556293391745
519411.52892152,13.5398150773335,13.5217380831443
519471.534874492,13.5465304320107,13.539608978408
519531.540827463,13.5323550093996,13.5362133360489
519591.546780435,13.5095578084642,13.5212377883669
519651.552733406,13.4436610407045,13.4601491010506
519711.558686378,13.3894372204956,13.4114606403975
519771.564639349,13.4970367985054,13.5273408321715
519831.570592321,13.4690380212223,13.5012618058588
519891.576545292,13.4794841953489,13.5086575937871
519951.582498264,13.5024520101663,13.5264330182055
520011.588451235,13.4288086072101,13.4403615435702
520071.594404207,13.4838819117367,13.4910317374605
520131.600357178,13.4989510779636,13.5114786216463
520191.60631015,13.5079812788716,13.5258378826708
520251.612263121,13.4560575116386,13.4784360851781
520311.618216093,13.4988057382523,13.5219499872796
520371.624169064,13.4996720070177,13.5209534807822
520431.630122036,13.4744649066152,13.4953435842857
520491.636075007,13.4259153894235,13.453319531144
520551.642027979,13.4722702222294,13.5019258109757
520611.64798095,13.4472131956615,13.475448882428
520671.653933922,13.4529890683738,13.4782047289068
520731.659886894,13.5175668438537,13.5305288595137
520791.665839865,13.3169743335631,13.3228970393533
520851.671792837,13.4574400256469,13.4609642423111
520911.677745808,13.5015872464085,13.5045192214039
520971.68369878,13.4134669593832,13.4189398969519
521031.689651751,13.5750807001862,13.5829870542878
521091.695604723,13.4028377840661,13.4123149488248
521151.701557694,13.4917292712617,13.5030989564841
521211.707510666,13.4209850462709,13.4352521859928
521271.713463637,13.4840409116921,13.498496793471
521331.719416609,13.4487599228385,13.4584340629883
521391.72536958,13.4810614160957,13.4859609695244
521451.731322552,13.5125042009589,13.5131522923447
521511.737275523,13.4907914162612,13.4907653292153
521571.743228495,13.5070972545701,13.5165070884916
521631.749181466,13.4543627982428,13.4689562593961
521691.755134438,13.4011916716487,13.4166431867104
521751.76108741,13.3513860640396,13.3670713714375
521811.767040381,13.5383390844779,13.5540550366247
521871.772993352,13.4609727150459,13.4757715118535
521931.778946324,13.364030917621,13.3747732438738
521991.784899296,13.5961252325575,13.6047897129049
522051.790852267,13.4741273703084,13.4828953666642
522111.796805239,13.4473816971627,13.4573576190014
522171.80275821,13.4467608740859,13.4622852681322
522231.808711182,13.4004791456158,13.4198780066889
522291.814664153,13.5555175851588,13.5764501078835
522351.820617125,13.4348226033722,13.4568586011575
522411.826570096,13.4338397149926,13.4567577664527
522471.832523068,13.3507261878554,13.3743256830495
522531.838476039,13.4015503132769,13.4258859857586
522591.844429011,13.4647805215141,13.4882879402929
522651.850381982,13.523897206571,13.5425797818156
522711.856334954,13.4365174520768,13.449621933619
522771.862287925,13.5178858626982,13.5245895597061
522831.868240897,13.4917968626897,13.4972585869977
522891.874193868,13.3395929696271,13.3578115488495
522951.88014684,13.4963027833527,13.5191451394774
523011.886099812,13.4209857353088,13.4429005714428
523071.892052783,13.4254899174836,13.4461615048742
523131.898005755,13.4331273840677,13.4496274166972
523191.903958726,13.4405219219076,13.4549335243928
523251.909911698,13.3941701664839,13.4084274866043
523311.915864669,13.5398305403102,13.5534466841958
523371.921817641,13.4090722623755,13.4206592760905
523431.927770612,13.4752361578465,13.4862963795061
523491.933723584,13.4373647084139,13.4552064174746
523551.939676555,13.4388604625261,13.4599195263809
523611.945629527,13.3898558378124,13.4108190536982
523671.951582498,13.4671451581337,13.4882985806723
523731.95753547,13.401977071901,13.4241523331699
523791.963488441,13.4146742774825,13.439037632641
523851.969441413,13.485934061443,13.5157125100481
523911.975394384,13.4484390768947,13.4793083739705
523971.981347356,13.3456874300724,13.3730854883425
524031.987300327,13.3934756763041,13.419643949425
524091.993253299,13.3943009502115,13.4268772747886
524151.99920627,13.4489499209719,13.4877639629293
524212.005159242,13.4533576116841,13.4964311889722
524272.011112214,13.4186663958793,13.4670539389221
524332.017065185,13.3988434095178,13.4555148416947
524392.023018157,13.3385228996534,13.3970059664905
524452.028971128,13.4056368142299,13.4616911495806
524512.0349241,13.4069171473941,13.4614994821795
524572.040877071,13.2899962996045,13.3441600348975
524632.046830043,13.3215306601929,13.3748415840048
524692.052783014,13.3694516772129,13.4203734323049
524752.058735986,13.3319152589977,13.3815791817478
524812.064688957,13.341888897736,13.3931564247177
524872.070641929,13.3217681936426,13.3742535827031
524932.0765949,13.2840391339971,13.336733961603
524992.082547872,13.3523513811158,13.4059271241251
525052.088500843,13.3755552373427,13.4320365084402
525112.094453815,13.3955894745097,13.4559686471125
525172.100406786,13.371203979974,13.43690972074
525232.106359758,13.4266910847949,13.4968717501721
525292.112312729,13.4006058579516,13.4746481380448
525352.118265701,13.3254160583374,13.3986097767217
525412.124218673,13.3189437193,13.3790818282111
525472.130171644,13.4367838246614,13.4925800173848
525532.136124616,13.3065389733534,13.3748641655146
525592.142077587,13.3850901599319,13.4574873997668
525652.148030558,13.3237299585732,13.3920984306891
525712.15398353,13.4140696125926,13.480346157493
525772.159936502,13.3307784495363,13.3972979540529
525832.165889473,13.3497165758052,13.4177778240141
525892.171842445,13.3344007671897,13.4089975657146
525952.177795416,13.3487485608738,13.4313746277533
526012.183748388,13.3154978956956,13.4084203819831
526072.189701359,13.3516229766194,13.4465078664519
526132.195654331,13.2802178122612,13.3698732271414
526192.201607302,13.3528503140261,13.4399962298241
526252.207560274,13.2690976678753,13.358316516835
526312.213513245,13.3548809162614,13.4482988892479
526372.219466217,13.3420716164088,13.4448351244984
526432.225419189,13.3220200427327,13.4272426276615
526492.23137216,13.2962081932623,13.4002270308834
526552.237325132,13.293351482817,13.3958364888513
526612.243278103,13.2952031956311,13.3936880323902
526672.249231074,13.3325888948674,13.429337016289
526732.255184046,13.3069653265839,13.4083744321463
526792.261137018,13.207641498011,13.3108730279236
526852.267089989,13.2854230297477,13.3880831158284
526912.273042961,13.2149789865115,13.3164959414177
526972.278995932,13.2514242382034,13.3513870667381
527032.284948904,13.3331817752099,13.4311343301273
527092.290901875,13.2648848446776,13.3587612873514
527152.296854847,13.2663041926248,13.3580613704455
527212.302807818,13.2191933509563,13.3111562312881
527272.30876079,13.2853100954578,13.3765535780915
527332.314713761,13.273913574267,13.3632761977409
527392.320666733,13.2130252960307,13.3012150945759
527452.326619704,13.2071147712135,13.2969868073622
527512.332572676,13.3213479289226,13.4108379674903
527572.338525647,13.3125544722613,13.3977699449555
527632.344478619,13.2764156175473,13.3600098114462
527692.35043159,13.3881839658025,13.4780751114404
527752.356384562,13.283686516038,13.3747248049845
527812.362337534,13.2415272685267,13.324530828692
527872.368290505,13.3232733718539,13.3979541001404
527932.374243477,13.3082319730292,13.3752301823868
527992.380196448,13.2944306605063,13.3568107342875
528052.38614942,13.3581900619262,13.4177592124185
528112.392102391,13.2657518205185,13.3239599906834
528172.398055363,13.2820632689018,13.3401119479564
528232.404008334,13.2987562416177,13.3560627210283
528292.409961306,13.2943450996878,13.3502340749788
528352.415914277,13.2979947706128,13.3519417222196
528412.421867249,13.2304241761634,13.2801279602983
528472.42782022,13.3338655326533,13.3809445831071
528532.433773192,13.284095822286,13.3298651606987
528592.439726163,13.3292891363321,13.3733296426694
528652.445679135,13.2886009233166,13.32894986761
528712.451632106,13.1971843298329,13.2360415813939
528772.457585078,13.3328985941328,13.3764142309629
528832.463538049,13.2649634876863,13.3124850161823
528892.469491021,13.3131077780183,13.3627564401266
528952.475443993,13.1938150713782,13.2458395876073
529012.481396964,13.3884747260456,13.4439231925776
529072.487349936,13.3295260297011,13.3844717651042
529132.493302907,13.3476167248719,13.3943634350462
529192.499255879,13.2908258359322,13.3332032333851
529252.50520885,13.344988913786,13.3858780983571
529312.511161822,13.2599381044188,13.2998897436033
529372.517114793,13.2790508412295,13.3199770017089
529432.523067765,13.3728069528159,13.415436562925
529492.529020736,13.3453627162186,13.3907057065064
529552.534973708,13.2337579039054,13.2810299557458
529612.540926679,13.294272153419,13.3428000326294
529672.546879651,13.2905402372876,13.3380823635166
529732.552832622,13.3022166124067,13.3422864542742
529792.558785594,13.3127521229621,13.3468785218376
529852.564738565,13.2339502297744,13.2647844788943
529912.570691537,13.3073863803946,13.3344593924586
529972.576644508,13.2328206191693,13.254588014695
530032.58259748,13.4005764493678,13.4204855045608
530092.588550451,13.2821941538179,13.3037369671743
530152.594503423,13.3925774009003,13.4149614217013
530212.600456394,13.4153005086708,13.4376789477785
530272.606409366,13.3179257985421,13.3394117815806
530332.612362338,13.3608099276843,13.3775291293757
530392.618315309,13.2836521004154,13.2984646195815
530452.624268281,13.3442197767355,13.3616117314444
530512.630221252,13.3760318901905,13.3972114770594
530572.636174224,13.4084281797285,13.4351460227732
530632.642127195,13.2930875187644,13.3246964282887
530692.648080167,13.2499835593351,13.2859822572947
530752.654033138,13.3097965774819,13.3458522816826
530812.65998611,13.2933809006557,13.3218325070184
530872.665939081,13.385287742175,13.4105687761114
530932.671892053,13.2700372552189,13.2953788776731
530992.677845024,13.2936039374426,13.3183842751535
531052.683797996,13.2580598885879,13.2793502375239
531112.689750967,13.3074360885148,13.3268015545196
531172.695703939,13.3608263888465,13.3795670493393
531232.70165691,13.3399976704308,13.3569627003603
531292.707609882,13.327143442376,13.3330463272103
531352.713562853,13.3203516443377,13.3185972818183
531412.719515825,13.4393544710561,13.4340387427944
531472.725468797,13.3000039407963,13.2924586183668
531532.731421768,13.3619866093829,13.3527747014775
531592.73737474,13.3134434139432,13.3036568112446
531652.743327711,13.3311251913194,13.3213065225958
531712.749280683,13.3440536708301,13.3340681891182
531772.755233654,13.3737637569158,13.3635244840962
531832.761186626,13.3458910761327,13.3360496825467
531892.767139597,13.3753590940148,13.3713596036614
531952.773092569,13.3891088935201,13.3869254242966
532012.77904554,13.3842067036359,13.3791361579809
532072.784998512,13.3568313896925,13.3486655405733
532132.790951483,13.3001671284025,13.2889697570032
532192.796904455,13.3096027601538,13.2966212202972
532252.802857426,13.3132112894188,13.2992599148253
532312.808810398,13.2943267430587,13.2797857070998
532372.814763369,13.3828944443967,13.3679236480449
532432.820716341,13.3321122744998,13.317265704685
532492.826669312,13.2835805817359,13.2721907798132
532552.832622284,13.3521209580487,13.3416724065489
532612.838575255,13.4498731316072,13.43707101447
532672.844528227,13.2720585643396,13.2582880007196
532732.850481199,13.2581706561901,13.245098346984
532792.85643417,13.2882944132115,13.2762154660764
532852.862387142,13.3622394621737,13.3516086536924
532912.868340113,13.3799407196393,13.3694176728503
532972.874293085,13.358339353003,13.3456621388685
533032.880246056,13.3222084160903,13.30726112036
533092.886199028,13.4612544555967,13.4443051232835
533152.892151999,13.3254320851523,13.306321676085
533212.898104971,13.3397458584201,13.3182741376734
533272.904057942,13.2253217639243,13.2008366412602
533332.910010914,13.3480709232676,13.3190199963708
533392.915963885,13.3871849549838,13.3568104871635
533452.921916857,13.3239184685789,13.294799096908
533512.927869828,13.2567818612876,13.2279412970565
533572.9338228,13.3208680392935,13.290537429878
533632.939775771,13.4004072931775,13.3696697284399
533692.945728743,13.3719154782168,13.3434089585882
533752.951681714,13.2954348301202,13.2697369349094
533812.957634686,13.4065053977408,13.3841531926965
533872.963587658,13.3486098420333,13.3288454082315
533932.969540629,13.3066098176082,13.2883560292959
533992.975493601,13.2553126918649,13.2406022188884
534052.981446572,13.2892134958063,13.285762406041
534112.987399544,13.384695580662,13.3849712878782
534172.993352515,13.3068973712509,13.3062733102546
534232.999305487,13.2825356655189,13.2814031610963
534293.005258458,13.3881757480747,13.3868428924315
534353.01121143,13.3404349800068,13.3393391011613
534413.017164401,13.3529959058491,13.3552521159239
534473.023117373,13.2873613959341,13.2904205071168
534533.029070344,13.2513871607359,13.250271097219
534593.035023316,13.2245128579112,13.2200252860302
534653.040976287,13.3206670817065,13.3144364386035
534713.046929259,13.3228234053285,13.313767337817
534773.05288223,13.3416618510357,13.3266141870288
534833.058835202,13.3852364036159,13.3650735042341
534893.064788173,13.3300330074078,13.3056835687614
534953.070741145,13.2351949384622,13.2098225701039
535013.076694116,13.3174819949,13.2928241753806
535073.082647088,13.3503392208963,13.3256107709477
535133.08860006,13.3833811950809,13.3545902718027
535193.094553031,13.2695371809759,13.2345072808077
535253.100506003,13.2629475322736,13.2172734942751
535313.106458974,13.3376357801272,13.2890148591925
535373.112411946,13.4135111126822,13.36833181236
535433.118364917,13.4095328047319,13.3654777744668
535493.124317889,13.3895915226371,13.3427066868447
535553.13027086,13.4124064766846,13.3616937077857
535613.136223832,13.3147570654133,13.259101168849
535673.142176803,13.3242795291601,13.2617809562168
535733.148129775,13.4480599984883,13.3745369770237
535793.154082746,13.4455733360024,13.3692053128287
535853.160035718,13.3578111047443,13.2850845752217
535913.165988689,13.3783913243615,13.3069211845823
535973.171941661,13.3719024411512,13.2984071032639
536033.177894632,13.3721188170573,13.2979619365849
536093.183847604,13.4171427561492,13.3432516186207
536153.189800575,13.2709229422481,13.1982619203278
536213.195753547,13.2723349266552,13.208559089208
536273.201706518,13.3442703474517,13.2839828235328
536333.20765949,13.3766001017839,13.3163574573648
536393.213612462,13.3450225933069,13.2851307957331
536453.219565433,13.3259955486172,13.2681538365184
536513.225518405,13.3477608500952,13.2903572355292
536573.231471376,13.3241227800177,13.2643196324035
536633.237424348,13.3255321135759,13.2652258904878
536693.243377319,13.3867265033405,13.330225070974
536753.249330291,13.4090351322281,13.3537383794357
536813.255283262,13.3550628829004,13.2982422536841
536873.261236234,13.3642612866521,13.3069028345423
536933.267189205,13.3708305626331,13.3145484246579
536993.273142177,13.3537514544396,13.3000929174361
537053.279095148,13.3300796320997,13.2845652962103
537113.28504812,13.2994786796548,13.2563567155214
537173.291001091,13.3394614532391,13.2920679285257
537233.296954063,13.4297209407715,13.3778881653497
537293.302907034,13.3121794461259,13.2560920708109
537353.308860006,13.3666635542068,13.3095619210475
537413.314812978,13.4030503725972,13.3469830229302
537473.320765949,13.387263212396,13.3310816795737
537533.32671892,13.3952857234314,13.3330523734702
537593.332671892,13.3845306867225,13.3153709466862
537653.338624864,13.413296161285,13.3364165447407
537713.344577835,13.4404715059138,13.361979919881
537773.350530807,13.4140736048537,13.3390276933568
537833.356483778,13.4110123758585,13.3373584272285
537893.36243675,13.3449786909994,13.270507435442
537953.368389721,13.3914291559936,13.317267220164
538013.374342693,13.4767533374915,13.4062585726689
538073.380295664,13.4354105695333,13.3661102303576
538133.386248636,13.4265733381267,13.3540326726583
538193.392201607,13.3876097695465,13.314554177934
538253.398154579,13.4021308509585,13.3333852052832
538313.40410755,13.354953553723,13.2869720586994
538373.410060522,13.4024467097323,13.3254046404672
538433.416013493,13.4511316911944,13.3713385443372
538493.421966465,13.3709430750912,13.2947045940709
538553.427919436,13.4196367500251,13.3448396647826
538613.433872408,13.3381683520392,13.2623081083148
538673.43982538,13.4247898484229,13.3470866196423
538733.445778351,13.3784192353288,13.2973786911733
538793.451731323,13.3317026272147,13.2455351446909
538853.457684294,13.4157616696452,13.3204725518052
538913.463637266,13.4639264681348,13.3666450999327
538973.469590237,13.3635040758403,13.2715419952259
539033.475543209,13.430877387946,13.3407968451609
539093.48149618,13.447309364739,13.3548852740716
539153.487449152,13.3607763538149,13.268690101943
539213.493402123,13.3488734234603,13.2665249339693
539273.499355095,13.3801014685395,13.3006614444933
539333.505308066,13.502524653774,13.4162923809161
539393.511261038,13.4601757212808,13.3730425239241
539453.517214009,13.4470636086021,13.3738133851454
539513.523166981,13.4280639512531,13.3599337511624
539573.529119952,13.4644630533158,13.3955307734015
539633.535072924,13.4530974452655,13.3821562573942
539693.541025895,13.4552550442595,13.3778910024558
539753.546978867,13.4425133668261,13.3631631927366
539813.552931838,13.4328085706461,13.3549987378751
539873.55888481,13.3444316761456,13.2692729257347
539933.564837782,13.3261059199214,13.2570658135387
539993.570790753,13.433296300629,13.3702370791407
540053.576743725,13.3938045791968,13.336238586221
540113.582696696,13.4032372499824,13.3484151536476
540173.588649668,13.4199516397839,13.3660657344626
540233.594602639,13.3280794652301,13.2759650739741
540293.600555611,13.3961477470319,13.3485202031075
540353.606508582,13.3168474884389,13.2727504657324
540413.612461554,13.3539843063854,13.3124391548997
540473.618414525,13.3942168357711,13.3526906897815
540533.624367497,13.4583999024134,13.4110927508575
540593.630320468,13.4226310687759,13.3709620323062
540653.63627344,13.3646070218854,13.3103731482918
540713.642226411,13.4247376019487,13.3707668567441
540773.648179383,13.4278801585892,13.3808480597509
540833.654132354,13.3298079118843,13.2852070822726
540893.660085326,13.3248502324616,13.2781330277529
540953.666038297,13.4176475693397,13.3674510233482
541013.671991269,13.4195228465576,13.3628828813939
541073.677944241,13.3699676650141,13.305199937179
541133.683897212,13.3323446898789,13.2569137376708
541193.689850184,13.3759716351105,13.2928147565488
541253.695803155,13.3806266679147,13.2928030922995
541313.701756127,13.3760693407176,13.2834987708499
541373.707709098,13.3564240356933,13.258220542994
541433.71366207,13.4224324765596,13.3217094917107
541493.719615041,13.377292455163,13.2759799310822
541553.725568013,13.4125144081369,13.3104971202456
541613.731520984,13.404175319479,13.3011416907292
541673.737473956,13.3684630274535,13.264190470715
541733.743426927,13.5076496670055,13.4016593146516
541793.749379899,13.4507296373784,13.3449622331719
541853.75533287,13.431767076256,13.330434248873
541913.761285842,13.3827936957821,13.2831533011432
541973.767238813,13.3804634572375,13.2803004388022
542033.773191785,13.5089541986846,13.409767596075
542093.779144756,13.4094645279083,13.3205962573597
542153.785097728,13.2909799282905,13.2080263907049
542213.791050699,13.3216543611679,13.2407557555908
542273.797003671,13.4636310598561,13.3829160254321
542333.802956642,13.4927818189999,13.4100102053856
542393.808909614,13.4583092674707,13.3750801761629
542453.814862586,13.4816531175698,13.4016257612971
542513.820815557,13.389653124893,13.3137249838553
542573.826768529,13.3755525476392,13.3046328131315
542633.8327215,13.4609295397699,13.3952403496824
542693.838674472,13.4223785341361,13.3623189663656
542753.844627443,13.4389962616068,13.3821421116732
542813.850580415,13.376662886712,13.321533006314
542873.856533386,13.4220208959388,13.3668925889964
542933.862486358,13.4325058530661,13.3754551686758
542993.868439329,13.2721976391276,13.2160667365243
543053.874392301,13.3503346812322,13.308596399608
543113.880345272,13.4047545999457,13.3677490095315
543173.886298244,13.4565020358489,13.4166309807407
543233.892251215,13.3641926717645,13.3236723402795
543293.898204187,13.3319955971771,13.2969079704545
543353.904157158,13.2847580080546,13.2553880158147
543413.91011013,13.3492937165866,13.3254581736763
543473.916063101,13.3766569825119,13.3549454586619
543533.922016073,13.3194525744398,13.298232616388
543593.927969045,13.3173161104286,13.2959422572988
543653.933922016,13.3860651447465,13.3632937104157
543713.939874988,13.3461495992741,13.3233180626485
543773.945827959,13.2858966269816,13.2680972360493
543833.951780931,13.3990033401236,13.3874952705276
543893.957733902,13.3370535084752,13.3335325209488
543953.963686874,13.4101466655856,13.4082909291026
544013.969639845,13.209555803159,13.2013431370569
544073.975592817,13.359115321041,13.3448798104327
544133.981545788,13.3035599630327,13.2842603388145
544193.98749876,13.257763326505,13.2371866111237
544253.993451731,13.331215774684,13.3107786315915
544313.999404703,13.368181032008,13.348903083749
544374.005357674,13.3176637215677,13.30729113138
544434.011310646,13.357218154479,13.3529024561123
544494.017263617,13.3497345314994,13.3484750416725
544554.023216589,13.3501350311749,13.3492161302738
544614.029169561,13.3815637914768,13.3787394406284
544674.035122532,13.2440249884173,13.2405681000071
544734.041075503,13.3092897479648,13.307956671297
544794.047028475,13.3174441599012,13.3200601415586
544854.052981447,13.2618497668291,13.2729985005535
544914.058934418,13.4001438940186,13.4133100476705
544974.06488739,13.3044574276389,13.3140278757925
545034.070840361,13.3033720452139,13.3128301274844
545094.076793333,13.3864378756369,13.4077972825563
545154.082746304,13.3102965011898,13.3354789922991
545214.088699276,13.3877737706468,13.4119211357995
545274.094652247,13.3408813580565,13.3639341327232
545334.100605219,13.2182128747492,13.2401600775026
545394.10655819,13.3383667908732,13.3575476232551
545454.112511162,13.2382947899571,13.2452247500206
545514.118464133,13.2833324205174,13.2857514243947
545574.124417105,13.4116618608201,13.4153599870668
545634.130370076,13.383220413026,13.3891818964202
545694.136323048,13.3527886824335,13.3630816388149
545754.142276019,13.320548389475,13.3309384125562
545814.148228991,13.350141712855,13.3538796719878
545874.154181962,13.329622355011,13.3305543704582
545934.160134934,13.3455553472667,13.3461984911721
545994.166087906,13.3456553843903,13.347547418278
546054.172040877,13.4036782802894,13.4154065402859
546114.177993849,13.3397443218841,13.3536441166979
546174.18394682,13.2998720710887,13.3064285622436
546234.189899792,13.3123177215605,13.3141269480301
546294.195852763,13.4201171649671,13.4195515951237
546354.201805735,13.3343761485491,13.3334133290772
546414.207758706,13.2808243676161,13.284720147554
546474.213711678,13.2345506722924,13.2396012880443
546534.219664649,13.3243281234172,13.3278830515082
546594.225617621,13.2894034987633,13.2925014043052
546654.231570592,13.2525827142624,13.2595912917618
546714.237523564,13.2970556530477,13.3049036075207
546774.243476535,13.2193413562987,13.2258099170864
546834.249429507,13.3118727639269,13.3164288172844
546894.255382478,13.3511088978402,13.3522192843325
546954.26133545,13.2258064835844,13.2257245982122
547014.267288422,13.2456347269,13.2487524579906
547074.273241393,13.2849664268336,13.2909080667745
547134.279194365,13.3119326681687,13.3196643951285
547194.285147336,13.2983878767536,13.307763803604
547254.291100307,13.272043317878,13.2828546845029
547314.297053279,13.3385798688908,13.3519856637884
547374.303006251,13.2444766313955,13.263274601296
547434.308959222,13.2529507876874,13.2723716417328
547494.314912194,13.265610002134,13.280900393124
547554.320865165,13.3114892459724,13.3251251817696
547614.326818137,13.2726160938345,13.2888983544016
547674.332771108,13.3443339283819,13.3637767647807
547734.33872408,13.3233731470173,13.3460734455443
547794.344677051,13.2522580486218,13.2791389998884
547854.350630023,13.288611514055,13.3214204293213
547914.356582994,13.2589091407208,13.2944687863384
547974.362535966,13.2430205937679,13.2790907979065
548034.368488937,13.2346764036625,13.2715232505318
548094.374441909,13.1643178535659,13.2027099629857
548154.38039488,13.2446575141581,13.2817992990577
548214.386347852,13.2392316858239,13.2668621125901
548274.392300823,13.2723003645804,13.2964951907251
548334.398253795,13.1976228606259,13.2245094955197
548394.404206767,13.2821307619401,13.3099692335066
548454.410159738,13.180455661603,13.2079616360732
548514.41611271,13.2397655869239,13.265936953167
548574.422065681,13.3439589285285,13.3636861695464
548634.428018653,13.3799890254405,13.3990549427609
548694.433971624,13.2194583648771,13.254146383592
548754.439924596,13.295318306995,13.3342404628174
548814.445877567,13.2500410988396,13.2800492490955
548874.451830539,13.3221558313484,13.3418596113196
548934.45778351,13.3445966089428,13.352368838467
548994.463736482,13.2564713273674,13.2599020259042
549054.469689453,13.2234391023497,13.2260223969753
549114.475642425,13.2644307672989,13.2651964654649
549174.481595396,13.3478567519287,13.3425319654568
549234.487548368,13.2272803083206,13.2199180319662
549294.493501339,13.3339278666523,13.3292923941524
549354.499454311,13.2692580435304,13.2681871336441
549414.505407283,13.3083322384821,13.3119290864968
549474.511360254,13.293286428455,13.298955086728
549534.517313226,13.2588812115064,13.264806683555
549594.523266197,13.2194996929668,13.2263542757929
549654.529219169,13.2491567682454,13.2588563987189
549714.53517214,13.3129123333247,13.3224098513977
549774.541125112,13.3597697006681,13.3626148340133
549834.547078083,13.3943027014505,13.3897928431476
549894.553031055,13.2517728491906,13.2392561497507
549954.558984026,13.2596782255252,13.2454873838111
550014.564936998,13.2717540192316,13.2652937425764
550074.570889969,13.2310653088894,13.2310841912382
550134.576842941,13.2253436675721,13.2299962520993
550194.582795912,13.2450642854202,13.2501459800564
550254.588748884,13.2877838358899,13.2906439002001
550314.594701855,13.2070343919614,13.2071789796685
550374.600654827,13.2572021111043,13.253892137453
550434.606607798,13.3894200485072,13.3829570317773
550494.61256077,13.2934213135104,13.2840190678381
550554.618513741,13.2130020768903,13.2033061164817
550614.624466713,13.2694840875727,13.2665568523337
550674.630419684,13.3045772366932,13.3032200677067
550734.636372656,13.2427236778985,13.2378018315365
550794.642325628,13.2681134160023,13.2612143770992
550854.648278599,13.2540422606794,13.2462588111558
550914.654231571,13.2592818549702,13.2511841484546
550974.660184542,13.3014083124993,13.2960166567872
551034.666137514,13.2209900822319,13.2186856984824
551094.672090485,13.2670040620205,13.2676804649845
551154.678043457,13.2488097523983,13.2540988960049
551214.683996428,13.2064561908854,13.2199755227102
551274.6899494,13.2422495016234,13.2577114655752
551334.695902371,13.2333920674655,13.2481077185065
551394.701855343,13.253330319191,13.2665441749805
551454.707808314,13.1439302471203,13.1498285150765
551514.713761286,13.2095566804018,13.2105599220891
551574.719714257,13.2418168412314,13.240222107586
551634.725667229,13.193951525348,13.1919478236108
551694.7316202,13.2812849495152,13.2825985432752
551754.737573172,13.2615666004494,13.2636774087179
551814.743526143,13.1824264108033,13.183381482907
551874.749479115,13.2656033823679,13.2667088961693
551934.755432087,13.2334559259265,13.2407513506618
551994.761385058,13.2665384870267,13.2765488869913
552054.76733803,13.2353993619635,13.2454830747256
552114.773291001,13.1794939880502,13.1916021650096
552174.779243973,13.1931484384805,13.2175494247652
552234.785196944,13.2097084205096,13.2401831812968
552294.791149916,13.1177395263605,13.1497264703136
552354.797102887,13.2435358436405,13.2755612725271
552414.803055859,13.2233111272476,13.2548968896711
552474.80900883,13.0817040381333,13.1130130848885
552534.814961802,13.1533465161626,13.1848714179158
552594.820914773,13.2617659318307,13.2926745455319
552654.826867745,13.2315863630591,13.2594517313361
552714.832820716,13.1382406927063,13.164773137158
552774.838773688,13.16963453437,13.1962623011021
552834.844726659,13.172388767851,13.2004267012901
552894.850679631,13.1341824035179,13.1692939286741
552954.856632602,13.1898902010224,13.2265050076064
553014.862585574,13.2314295746143,13.2639451866205
553074.868538545,13.2092720563664,13.2405557939392
553134.874491517,13.1749795180109,13.2114188973115
553194.880444488,13.2664855017169,13.3108591485662
553254.88639746,13.1930705463649,13.2506972249127
553314.892350432,13.2114110751717,13.2718283690134
553374.898303403,13.1611220003362,13.2166401092129
553434.904256375,13.2298010968139,13.2841367921186
553494.910209346,13.1896460777484,13.2519232616715
553554.916162318,13.1713067577382,13.2398136291036
553614.922115289,13.1455757144525,13.2180875599567
553674.928068261,13.1426876066011,13.214718105364
553734.934021232,13.2103203079063,13.2753986560966
553794.939974204,13.1766975579925,13.239426406872
553854.945927175,13.1778493802161,13.2447949173611
553914.951880147,13.0592860507671,13.1299307197093
553974.957833118,13.1183046109562,13.1917822567258
554034.96378609,13.1614636757869,13.2346611308345
554094.969739062,13.1463129169205,13.2150084271079
554154.975692033,13.1900878841314,13.2518187262394
554214.981645004,13.1499943621229,13.1990644411377
554274.987597976,13.1110341228736,13.1559202224039
554334.993550947,13.1730615667266,13.2181687073699
554394.999503919,13.1683791615218,13.2148116819363
554455.005456891,13.1554771772082,13.2069688030858
554515.011409862,13.2086031696219,13.260893878071
554575.017362834,13.1871028485777,13.2364696483428
554635.023315805,13.2234115731784,13.271785340659
554695.029268777,13.13911556713,13.1915680443647
554755.035221748,13.1777918067475,13.2341667058581
554815.04117472,13.1646388129287,13.2241934234204
554875.047127691,13.1433391514232,13.2047216705946
554935.053080663,13.1022249754261,13.1642717564285
554995.059033634,13.0981855960674,13.1617954985155
555055.064986606,13.1172157420292,13.184597636213
555115.070939577,13.1219957032388,13.1890245980362
555175.076892549,13.1777018912811,13.2371793471435
555235.08284552,13.2645382747763,13.3183613122575
555295.088798492,13.1595076723867,13.2096862631852
555355.094751464,13.1512582908215,13.2002292752286
555415.100704435,13.1555860430357,13.2058852921179
555475.106657407,13.1696205189757,13.2195412749135
555535.112610378,13.0836293367586,13.1308544381759
555595.118563349,13.1388371648018,13.1848103884127
555655.124516321,13.2217145910295,13.2688464825127
555715.130469293,13.0382144639505,13.0843639647202
555775.136422264,13.1317276869595,13.1710809839849
555835.142375236,13.0941505586625,13.1319313677679
555895.148328207,13.1168283477804,13.1638469837854
555955.154281179,13.0975691664972,13.1466642406169
556015.16023415,13.1071920982948,13.1520578989822
556075.166187122,13.1577956656736,13.2006892205129
556135.172140093,13.1475316063763,13.1903496691348
556195.178093065,13.1416728842782,13.1845173467157
556255.184046036,13.1300748516708,13.173035579014
556315.189999008,13.1354141735239,13.1771529672962
556375.195951979,13.1567404015168,13.1926142836589
556435.201904951,13.2193429351885,13.250905525988
556495.207857922,13.0911208270472,13.1199597617537
556555.213810894,13.17661454347,13.2058632134948
556615.219763866,13.2177161961469,13.2583619499131
556675.225716837,13.1581125977744,13.2020036083391
556735.231669809,13.2772926224171,13.3197472665541
556795.23762278,13.1801788464617,13.2210274850259
556855.243575752,13.1521991362029,13.1911274609794
556915.249528723,13.1488132849283,13.187682881113
556975.255481695,13.1182648349118,13.1641797041618
557035.261434666,13.1288867389708,13.1759720476764
557095.267387638,13.1417011900908,13.1818932374491
557155.273340609,13.2022242423796,13.2363072276368
557215.279293581,13.2404356447276,13.2695705632944
557275.285246552,13.1225291416819,13.1502703709254
557335.291199524,13.1680401993605,13.1981534859852
557395.297152495,13.1229529206756,13.1576557704625
557455.303105467,13.173702889094,13.2181940794154
557515.309058438,13.1051082488924,13.1518019861503
557575.31501141,13.1238838898095,13.168522360631
557635.320964381,13.0694864049616,13.1135635657324
557695.326917353,13.1137764358741,13.1617672923094
557755.332870324,13.1858966839334,13.2344348304025
557815.338823296,13.1207272046099,13.1655657513767
557875.344776268,13.1609855106348,13.2011987641317
557935.350729239,13.1176738604366,13.1517630447183
557995.356682211,13.0698714884065,13.1019052252099
558055.362635182,13.1259550146654,13.1578574303058
558115.368588154,13.1841294929801,13.2149582153506
558175.374541125,13.1368645533517,13.1621297618627
558235.380494097,13.1363023998798,13.1598404941828
558295.386447068,13.2251839505439,13.2517919916267
558355.39240004,13.1831392224568,13.2099877204461
558415.398353011,13.1870705673863,13.2095567820598
558475.404305983,13.1584849995656,13.1775039083364
558535.410258954,13.1973542789659,13.2139453370905
558595.416211926,13.0674533514615,13.083127927939
558655.422164897,13.1453498294586,13.1605890739131
558715.428117869,13.0677713513549,13.0833219951936
558775.43407084,13.1055743536416,13.1271317762766
558835.440023812,13.1592600399486,13.1862556727584
558895.445976783,13.099542687399,13.1310138838703
558955.451929755,13.1087947123374,13.1405555584332
559015.457882726,13.1908705465687,13.2192060209675
559075.463835698,13.0695137453243,13.0965807403736
559135.46978867,13.1705229109025,13.198776079386
559195.475741641,13.0926581959722,13.1209385005498
559255.481694613,13.1585836919472,13.186103287851
559315.487647584,13.1118359311595,13.13798789151
559375.493600556,13.1152447664142,13.1368750371885
559435.499553527,13.1450738593794,13.1632919783407
559495.505506499,13.0482817964679,13.0645823211522
559555.51145947,13.1931558376817,13.2059896339666
559615.517412442,13.1651144376117,13.1699993727497
559675.523365413,13.2285091180185,13.2316512646628
559735.529318385,13.2928485279142,13.3030221656013
559795.535271356,13.1613155155718,13.1766008273627
559855.541224328,13.1369718791767,13.1552695847925
559915.547177299,13.1155174898199,13.1341496531185
559975.553130271,13.1557350610496,13.1738950625473
560035.559083242,13.0888978892825,13.1064623298248
560095.565036214,13.1098079758675,13.1260646858814
560155.570989185,13.106045090036,13.1217492681588
560215.576942157,13.08437869892,13.1010109088576
560275.582895128,13.2110589557106,13.2270403162423
560335.5888481,13.094056281141,13.1040252072919
560395.594801072,13.1255787796313,13.1310681453533
560455.600754043,13.1720137835056,13.1746491329112
560515.606707015,13.078166967187,13.0805595827548
560575.612659986,13.1194973806093,13.1268743885355
560635.618612958,13.1570469474483,13.1684147541853
560695.624565929,13.0893528672767,13.1034763756715
560755.630518901,13.1242270839492,13.1385261158449
560815.636471872,13.087919547847,13.1001839906911
560875.642424844,13.1712955461332,13.1809549314194
560935.648377815,13.1275072375624,13.1335923190201
560995.654330787,13.2315913866934,13.2370138891996
561055.660283758,13.1194592183921,13.1289211058709
561115.66623673,13.1748796059006,13.1869313323202
561175.672189701,13.1865512228898,13.1995293318102
561235.678142673,13.2055731082268,13.2201870035966
561295.684095644,13.1917176641836,13.2096201605827
561355.690048616,13.1829337610533,13.2014447290837
561415.696001587,12.9288645596785,12.9466783764249
561475.701954559,13.1104412741799,13.1282042513283
561535.70790753,13.1945493641773,13.2150938091064
561595.713860502,13.0162433284277,13.0370780578798
561655.719813474,13.1728063272229,13.189841006411
561715.725766445,13.1175419506961,13.1304704009611
561775.731719417,13.162225686209,13.1707983722485
561835.737672388,13.0647303257703,13.0716937299626
561895.74362536,13.1516589630267,13.1581888239002
561955.749578331,13.114532994672,13.1205056373664
562015.755531303,13.0942268587235,13.0993164182226
562075.761484274,13.0662206378994,13.0699031859183
562135.767437246,13.1120870859577,13.1130006836233
562195.773390217,13.1686430323752,13.1680611840819
562255.779343189,13.194289694549,13.1930136328754
562315.78529616,13.1524912775744,13.1520606533664
562375.791249132,13.1302443015498,13.1378921404516
562435.797202103,13.1116613377356,13.1203808898707
562495.803155075,13.2538453044234,13.2519274407593
562555.809108046,13.1294508506396,13.1244463390297
562615.815061018,13.0975225166425,13.0962876646734
562675.82101399,13.141527108053,13.1404603200183
562735.826966961,13.132851376638,13.1247648583288
562795.832919932,13.1238578875436,13.1134482011342
562855.838872904,13.3079752950049,13.2984125576827
562915.844825876,13.1460346027178,13.1379841178436
562975.850778847,13.17487935036,13.1699256526659
563035.856731819,13.1739333291292,13.172313727685
563095.86268479,13.1208887860132,13.1226804838747
563155.868637762,13.103748280966,13.109325601522
563215.874590733,13.1667548541526,13.176957468094
563275.880543705,13.1576433881517,13.1687394432543
563335.886496676,13.1453997692229,13.1559073078567
563395.892449648,13.1019300072691,13.1126458935496
563455.898402619,13.0802411060203,13.0952366854998
563515.904355591,13.0738929649776,13.0902170569214
563575.910308562,13.0340688004151,13.05010354965
563635.916261534,13.1403890625022,13.1573038608762
563695.922214505,13.0391294544609,13.0634226954293
563755.928167477,13.0818952919624,13.1065022352323
563815.934120448,13.0434442646286,13.054581893985
563875.94007342,13.153112797721,13.159945754249
563935.946026392,13.0999471059154,13.1092042734252
563995.951979363,13.1388509114982,13.1509207888467
564055.957932335,13.0571808411537,13.072515576374
564115.963885306,13.0899742653732,13.1058228963755
564175.969838278,13.082105772606,13.0968155953108
564235.975791249,13.0418744175339,13.0544536069749
564295.981744221,13.0691818254179,13.0764896791472
564355.987697192,13.1083989239461,13.1144318708567
564415.993650164,13.15118482149,13.1610492187635
564475.999603135,13.1631958121475,13.1766130547047
564536.005556107,13.1213430828589,13.1377712527488
564596.011509078,13.0870467873063,13.1042929830291
564656.01746205,12.9803682545237,12.9975049904156
564716.023415021,13.0458004456302,13.0632866547876
564776.029367993,13.067301135193,13.0868242571205
564836.035320964,13.1180607123798,13.1380582304078
564896.041273936,13.10469024966,13.1244128696104
564956.047226907,13.0239166951456,13.04228639614
565016.053179879,13.1893823559815,13.1997617058201
565076.05913285,13.0966960570327,13.1048888600162
565136.065085822,13.1003346535879,13.1126161825446
565196.071038794,13.0985636253433,13.1136195754637
565256.076991765,13.0966445794292,13.1128723089404
565316.082944736,13.0245167612447,13.0425890181189
565376.088897708,13.0689744355092,13.090323905566
565436.09485068,13.1547827790921,13.1790061415118
565496.100803651,13.1602624245636,13.186979399087
565556.106756623,13.1466329030403,13.1741928885121
565616.112709594,13.1134420184947,13.1410801874566
565676.118662566,13.1030730134778,13.1290086319085
565736.124615537,13.0059209004697,13.0216013626203
565796.130568509,13.0892393411889,13.1018302629655
565856.13652148,13.1437819937923,13.1592323125989
565916.142474452,12.9913648548443,13.0065718304747
565976.148427423,13.2653986608401,13.2737049417331
566036.154380395,13.1479828326565,13.1544143605191
566096.160333366,13.0656752522773,13.0758506879369
566156.166286338,13.0839043958963,13.0944796365692
566216.17223931,13.1508436702138,13.1561502357542
566276.178192281,13.1060014842027,13.1056416432343
566336.184145252,13.0979017613283,13.0915079947311
566396.190098224,13.179228264974,13.1711488887281
566456.196051196,13.1080761130632,13.0999187835721
566516.202004167,13.0725845891935,13.0637225404628
566576.207957139,13.0961217845493,13.0834570189698
566636.21391011,13.0602758434826,13.0462571253467
566696.219863082,13.0624363026163,13.0485681571765
566756.225816053,13.195592077917,13.1831015520022
566816.231769025,13.1467319957328,13.141489352677
566876.237721996,13.1909424319341,13.1896811193603
566936.243674968,13.1640534003039,13.1641311561861
566996.249627939,13.082876802366,13.083810104875
567056.255580911,13.1071095777714,13.1086382386101
567116.261533882,13.1438222052881,13.1457007872876
567176.267486854,13.1165701292468,13.1185666878269
567236.273439825,13.1927676127116,13.1954229789906
567296.279392797,13.1419604158805,13.1471244701019
567356.285345768,13.15306602968,13.1622781775391
567416.29129874,13.2037489227204,13.2201106043603
567476.297251711,13.0909490352912,13.1132498844488
567536.303204683,13.0119557719751,13.0391834886357
567596.309157655,13.0731391758529,13.1006753226817
567656.315110626,12.9879312738992,13.0119807029825
567716.321063598,13.1235168602561,13.1474543138284
567776.327016569,13.1029370377272,13.1363904818588
567836.332969541,13.0963738957855,13.1352421419352
567896.338922512,13.050559570981,13.0915502868302
567956.344875484,13.1077385468173,13.1481365469855
568016.350828455,13.0989148317025,13.1347097519064
568076.356781427,13.1686372480327,13.2024507278741
568136.362734398,13.1230448249987,13.1563074162612
568196.36868737,13.1878994311687,13.2200244128452
568256.374640341,13.1099497918404,13.138032472258
568316.380593313,13.053589780415,13.0804593855314
568376.386546284,13.1096590373842,13.1382690872889
568436.392499256,13.084751719645,13.1134355639483
568496.398452227,12.9826237928453,13.0090496923656
568556.404405199,13.0993703052452,13.1242341187829
568616.41035817,13.1544644534199,13.1785374361833
568676.416311142,13.1192459664867,13.1411717946803
568736.422264114,13.0830594644525,13.0973971378127
568796.428217085,13.03831981886,13.05026901145
568856.434170056,13.0467687385947,13.0588717565567
568916.440123028,13.0973703069132,13.1092029233325
568976.446076,13.1505627600659,13.1602724626988
569036.452028971,13.0293482651036,13.0356095366632
569096.457981943,13.0262591063008,13.026132832949
569156.463934914,13.0985634764947,13.0990208816601
569216.469887886,13.068801720377,13.0857444893236
569276.475840857,13.0782945788282,13.101426757462
569336.481793829,13.0939298201661,13.117610384444
569396.4877468,13.0744365843101,13.0968448983281
569456.493699772,13.0621416981263,13.0760578708478
569516.499652743,13.1075106731035,13.1155465941393
569576.505605715,13.0801169831186,13.0846921384657
569636.511558686,13.1043593776172,13.109188593985
569696.517511658,13.1326945104676,13.1453844740244
569756.523464629,13.0979704405887,13.1116430661416
569816.529417601,13.0609601719717,13.0652241437373
569876.535370572,13.0774433860818,13.0765340971412
569936.541323544,13.0185177734969,13.0156261889863
569996.547276516,13.1062550275987,13.1019876102542
570056.553229487,13.0917811160648,13.0865141136348
570116.559182459,13.134818079035,13.1278512841771
570176.56513543,13.0753182777447,13.0648245165878
570236.571088402,13.0950146249611,13.0832583003574
570296.577041373,13.0449711575455,13.0329491343446
570356.582994345,13.1193081565103,13.1076249923912
570416.588947316,13.1509257378052,13.1425754156337
570476.594900288,13.0585936381495,13.0498576563399
570536.600853259,13.1948058458923,13.1780066673018
570596.606806231,13.0923645856881,13.0729237436845
570656.612759202,13.0039910662761,12.9855208402672
570716.618712174,13.191946150136,13.174748399919
570776.624665145,13.1895770077353,13.1739896509054
570836.630618117,13.1166584691071,13.1047192729545
570896.636571088,13.1399282402635,13.1368741122423
570956.64252406,13.1281056694481,13.1271064300169
571016.648477032,13.1345563214487,13.1316259999877
571076.654430003,13.0513979190792,13.046663980618
571136.660382974,13.0042968986651,12.9981314780219
571196.666335946,13.1089909857855,13.0999118484956
571256.672288918,13.0668332464282,13.0494690267347
571316.678241889,13.1367011263333,13.1117636884873
571376.684194861,13.1086852038088,13.0773900225606
571436.690147832,13.1868686958382,13.150384650217
571496.696100804,13.1319199971582,13.0908571293285
571556.702053775,13.1167472435525,13.0752090820615
571616.708006747,13.0815321562533,13.0446933547502
571676.713959718,13.112600147448,13.0814254219497
571736.71991269,13.1599310224258,13.135680176932
571796.725865661,13.0680970946617,13.0447951670619
571856.731818633,13.1474397813137,13.1190551564421
571916.737771604,13.1785804737103,13.1502635640801
571976.743724576,13.089089798104,13.0720603869129
572036.749677547,13.0248506415617,13.0109836388216
572096.755630519,13.06065362433,13.0448064544726
572156.761583491,13.0713308096171,13.0548620137235
572216.767536462,13.1845332261773,13.1688435421406
572276.773489433,13.120277674246,13.106557456786
572336.779442405,13.0241426574916,13.0161898823228
572396.785395377,13.0078775858312,13.0033389323946
572456.791348348,13.1394489969447,13.1362802335917
572516.79730132,13.0770514250641,13.0759234511234
572576.803254291,13.0930365806657,13.0953216783102
572636.809207263,13.1222134683249,13.1251964689705
572696.815160234,13.0128313864766,13.0150845730965
572756.821113206,13.0079627247666,13.0089046641808
572816.827066177,13.0766389963338,13.0740151912122
572876.833019149,13.1311434174998,13.123657262685
572936.83897212,13.046040437453,13.031457053389
572996.844925092,13.190097997633,13.1714275181537
573056.850878063,13.227490945122,13.2068969451418
573116.856831035,13.0116438895727,12.9892434533201
573176.862784006,13.1634054063173,13.1390411486895
573236.868736978,12.9742021886406,12.9497521941398
573296.874689949,13.1164324840147,13.0950539658503
573356.880642921,13.1723969686696,13.1547062465664
573416.886595892,13.2217760943473,13.208537720884
573476.892548864,13.060807381997,13.0476857742709
573536.898501836,13.1038166592709,13.0841160412948
573596.904454807,13.1724942314646,13.1515676637623
573656.910407778,13.0483218094675,13.0335569458055
573716.91636075,13.0373000024388,13.0275337787499
573776.922313722,13.0916524688458,13.0855453429433
573836.928266693,13.1342036902286,13.1285546969006
573896.934219665,12.979258525257,12.970793849196
573956.940172636,13.1101135715253,13.0972409779697
574016.946125608,13.0290095653555,13.0085553907239
574076.952078579,13.1739988277953,13.1490821691319
574136.958031551,13.092458403769,13.0654822676236
574196.963984522,13.1045571494067,13.0752792819858
574256.969937494,13.1754270992753,13.1432279946162
574316.975890465,13.1404745619283,13.1089320737578
574376.981843437,13.1796426217382,13.156927646661
574436.987796408,12.9931578469149,12.9727775294468
574496.99374938,13.1366050047604,13.1139905259884
574556.999702351,13.10160197605,13.07824693049
574617.005655323,13.1210409445727,13.0980136404369
574677.011608295,13.0666583376245,13.0451247445267
574737.017561266,13.0716000589555,13.0560067543702
574797.023514237,13.1542059901077,13.1390871413546
574857.029467209,13.0541700283419,13.0313288902573
574917.035420181,13.0287634651986,13.0035378337028
574977.041373152,13.1425503440069,13.1179993071641
575037.047326124,13.0680599616987,13.0430702746403
575097.053279095,13.1598240592953,13.1311959635271
575157.059232067,13.1742722480014,13.1456635695394
575217.065185038,13.0907086299082,13.0703435639841
575277.07113801,13.0819719423389,13.0649590571013
575337.077090981,13.0618769450231,13.0452303075712
575397.083043953,12.988022317638,12.9721797016593
575457.088996924,13.0726975853269,13.0586371937015
575517.094949896,13.0895636575558,13.0775588229121
575577.100902867,13.0422797600907,13.0326345959273
575637.106855839,13.1177090319508,13.1101737786952
575697.11280881,13.100349147884,13.0945296223526
575757.118761782,13.0695204268227,13.066762554352
575817.124714753,13.0489495657914,13.0522464775608
575877.130667725,13.0194538528432,13.0276173043698
575937.136620697,13.0665247619534,13.0785658549076
575997.142573668,13.0738647281395,13.0859659600474
576057.14852664,12.9937857693327,13.0019306729099
576117.154479611,13.1231652836815,13.130098925568
576177.160432582,13.0723635078696,13.0802438103325
576237.166385554,13.0289398910809,13.0355370307269
576297.172338526,13.1043457592415,13.1004095997564
576357.178291497,13.1528619752541,13.1430584327762
576417.184244469,13.1217789982632,13.1094882226058
576477.19019744,13.0717317490288,13.0593454415902
576537.196150412,13.1200817690448,13.1106429632773
576597.202103383,13.0731081496913,13.0657690557878
576657.208056355,13.0981351267213,13.0918712344634
576717.214009326,13.0943777995895,13.0896624332003
576777.219962298,13.0016289004756,12.9993436809557
576837.225915269,13.0025078178023,13.0024274377771
576897.231868241,13.061830363949,13.0636727472563
576957.237821212,12.9884609741343,12.9918985120748
577017.243774184,13.0070310224273,13.0119123496182
577077.249727156,13.0343695005941,13.0390334747438
577137.255680127,13.1183317990465,13.1203525070723
577197.261633099,13.0648735513963,13.0664216845734
577257.26758607,13.1206230664245,13.1258982892422
577317.273539042,13.1205906662836,13.1304651072425
577377.279492013,13.0396877960436,13.0552100966548
577437.285444985,13.0138655160366,13.0344276299837
577497.291397956,13.0047839732538,13.0300332198232
577557.297350928,13.0189334562965,13.0435974942084
577617.303303899,13.1019039667918,13.1174954774531
577677.309256871,13.0434879355339,13.0567094831872
577737.315209842,13.141202966866,13.158121680251
577797.321162814,12.9968400337251,13.0145517532608
577857.327115785,13.0462832722643,13.0630669453721
577917.333068757,12.9747378463865,12.9904998390504
577977.339021728,13.0074694640349,13.0221296551819
578037.3449747,13.1150801427113,13.127253595712
578097.350927671,13.0991378033148,13.1042406579316
578157.356880643,13.0289543174363,13.0320694978291
578217.362833614,13.1020363419996,13.1072707842383
578277.368786586,13.0877661754272,13.0963540844841
578337.374739558,13.0069386176989,13.021153911699
578397.380692529,13.0141681309595,13.0286475678795
578457.386645501,13.0324909604677,13.0395995758066
578517.392598472,13.1631557541781,13.1624918186432
578577.398551444,13.1287302179206,13.1199084653665
578637.404504415,13.1489810721864,13.1383747809214
578697.410457387,13.1099985710966,13.1023201920706
578757.416410358,13.0723497889931,13.0700023857767
578817.42236333,13.0855439155393,13.0940281143462
578877.428316301,13.0471083841121,13.0620085170305
578937.434269273,12.9897524921178,13.0080349401162
578997.440222244,13.0403134623055,13.0588112120071
579057.446175216,12.9544757585084,12.971923349059
579117.452128187,13.0239577327003,13.0389933714317
579177.458081159,13.0036170474111,13.0111252822425
579237.46403413,13.0565355056512,13.0628951002534
579297.469987102,13.065628077521,13.0807876658193
579357.475940073,13.0632305733097,13.0842890718651
579417.481893045,13.0454672414736,13.0698286990056
579477.487846016,12.9807332560376,13.0051250614922
579537.493798988,13.0281900152288,13.0505663946342
579597.49975196,13.0339555037637,13.0549611475938
579657.505704931,12.9597784894066,12.9799754937759
579717.511657903,12.9357691296577,12.9548620033051
579777.517610874,13.0308593894916,13.0480403934235
579837.523563846,13.0896522428635,13.1044775228611
579897.529516817,13.1163586825999,13.1280973898426
579957.535469789,12.9613362977183,12.9728703063146
580017.54142276,13.1475059002074,13.1652064065645
580077.547375732,12.9864585109829,13.0093559335308
580137.553328703,12.9697981629384,12.9964891270443
580197.559281675,13.0728800177065,13.1019417270748
580257.565234646,13.084735937851,13.1153876008547
580317.571187618,12.9856800644508,13.0158668504914
580377.577140589,13.0296207674866,13.0568050507426
580437.583093561,13.0082955118491,13.0329660784491
580497.589046532,13.0588587640431,13.0815486419551
580557.594999504,12.8980325211165,12.9209827482949
580617.600952475,13.0965361965273,13.1264109604431
580677.606905447,12.9962817952459,13.0309680262196
580737.612858418,12.9811489466486,13.0183746052898
580797.61881139,12.992418706392,13.0317466587304
580857.624764362,13.0502891473971,13.0916156960818
580917.630717333,13.0040732324329,13.0443634018612
580977.636670305,12.9687200073117,13.0017058362085
581037.642623276,13.1344487308034,13.1652779154273
581097.648576248,13.0069690642202,13.0394825830042
581157.654529219,12.9800853033179,13.0119253084447
581217.660482191,13.0836133780159,13.1088378714923
581277.666435162,13.0669345932042,13.0875408164511
581337.672388134,13.0858558547729,13.1040355250335
581397.678341105,13.0408801094589,13.0544069825248
581457.684294077,13.0173690264216,13.0208277526938
581517.690247048,13.0202355568916,13.0203699084046
581577.69620002,13.0484573930067,13.0480910145746
581637.702152991,13.0070699615226,13.0053539963472
581697.708105963,13.0985082301765,13.092376282795
581757.714058934,12.9949729904493,12.9883234869509
581817.720011906,13.1473124922189,13.1465990542347
581877.725964877,13.0004572117373,13.0022363853182
581937.731917849,13.0465984069444,13.0488156455229
581997.737870821,13.083897759042,13.0854917556341
582057.743823792,13.0473989800387,13.045563925137
582117.749776764,13.1076654161387,13.1008954068015
582177.755729735,13.0970592810136,13.0825640417967
582237.761682707,13.0583747358968,13.0417087382987
582297.767635678,13.11765674776,13.1008359014815
582357.77358865,12.9652003224923,12.9475817050108
582417.779541621,13.087432828598,13.0650706839091
582477.785494593,13.1132512502893,13.0840425637946
582537.791447564,13.0855419585338,13.0455489404285
582597.797400536,12.9979643172808,12.956777410891
582657.803353507,13.1834455941054,13.1531578350963
582717.809306479,13.0860780481558,13.0623190597522
582777.81525945,13.1048187967425,13.0841175730874
582837.821212422,13.12501896194,13.1049606699537
582897.827165393,13.1032740837286,13.0831132381022
582957.833118365,13.0750351852103,13.0536615705716
583017.839071336,12.9631465054486,12.9359351794491
583077.845024308,12.9567025250988,12.9286332673654
583137.850977279,13.0314692203348,13.0098485488941
583197.856930251,12.9971497266763,12.9765389199017
583257.862883223,13.0602888185802,13.0347296310876
583317.868836194,13.0981064770761,13.0685927920519
583377.874789166,13.1087625608383,13.0763126801661
583437.880742137,13.0751014449147,13.0422213182049
583497.886695109,13.0850019450081,13.0546318868308
583557.89264808,13.0088263914002,12.9805967717751
583617.898601052,13.0713067485436,13.0445886818352
583677.904554023,13.0093680915806,12.9845500668293
583737.910506995,13.0806692551084,13.0583296194625
583797.916459966,13.0708840847671,13.0512860512349
583857.922412938,12.9750764124416,12.9585008966235
583917.928365909,13.0202286291581,13.0073697020629
583977.934318881,13.0530295457107,13.0450334724311
584037.940271852,13.029729431507,13.0222318893656
584097.946224824,13.0244272720458,13.0136887296699
584157.952177795,13.0088137489443,12.9980283634735
584217.958130767,13.0830960961026,13.0784290462941
584277.964083739,13.0474796321259,13.0432886835203
584337.97003671,13.0288942931214,13.0166795294497
584397.975989681,13.082192080506,13.0684222992048
584457.981942653,13.0479585945223,13.0397186607541
584517.987895625,13.0823478994391,13.0776203669803
584577.993848596,13.1042146846069,13.1010506415356
584637.999801568,13.0806287343332,13.0801902456727
584698.005754539,13.1215405060343,13.126145668137
584758.011707511,12.97066795831,12.9757174266587
584818.017660482,13.0011374958791,12.9994569471258
584878.023613454,13.0209113582812,13.0094210072012
584938.029566425,13.088982739471,13.0625458491503
584998.035519397,13.0046898801074,12.9748021501427
585058.041472368,13.118511221668,13.0899787602652
585118.04742534,13.0813056623732,13.0550585716437
585178.053378311,13.0593133133979,13.0377245612227
585238.059331283,12.9849410913732,12.9639287769722
585298.065284254,12.9506896421908,12.9254344941502
585358.071237226,12.9965127107072,12.9707600558393
585418.077190197,13.0876667840059,13.0661807908139
585478.083143169,13.0764007526554,13.0558902583675
585538.089096141,13.0676894258007,13.0453747848101
585598.095049112,12.9899170686314,12.9672975167947
585658.101002084,13.0318411353196,13.010586081915
585718.106955055,13.1211862350317,13.0997576717101
585778.112908027,13.0247903556343,12.9999548058688
585838.118860998,13.0251730892112,12.9996005497109
585898.12481397,13.1183422776439,13.0948184602985
585958.130766941,13.0998024074491,13.0789498317052
586018.136719913,13.0110738734499,12.9937899466484
586078.142672884,13.0671124407253,13.0523155245814
586138.148625856,13.0588371517333,13.0454383766075
586198.154578827,13.0368754209842,13.0271572520632
586258.160531799,13.0045338248753,13.0044561158983
586318.16648477,13.0980034323817,13.1010724438185
586378.172437742,13.0585792813448,13.0619176037134
586438.178390713,13.0878701967543,13.0903250098928
586498.184343685,13.0135535627041,13.0118687018558
586558.190296656,12.9824639570129,12.979837819178
586618.196249628,13.0368201449233,13.0368104491433
586678.202202599,13.0126674425379,13.0127113987511
586738.208155571,13.0631027833783,13.0599806893457
586798.214108543,13.0986585825622,13.0963647549242
586858.220061514,12.9609781054108,12.9702196960166
586918.226014486,13.0728669350487,13.0846682364491
586978.231967457,13.1267118761644,13.1351295090332
587038.237920429,13.0037006101215,13.0125952759334
587098.2438734,12.9496195737683,12.968531382069
587158.249826372,12.989650125361,13.0108907335468
587218.255779343,12.9921347803335,13.0112126831826
587278.261732315,13.0590386458872,13.0768712502454
587338.267685286,12.9511518800847,12.9683699300311
587398.273638258,12.9411299957952,12.957712475246
587458.279591229,12.8968805887751,12.9127604201355
587518.285544201,12.9461999913526,12.9628821538006
587578.291497172,12.9683741352371,12.9918684529304
587638.297450144,12.975929657221,13.0008449242361
587698.303403115,12.9207891711777,12.9434667711085
587758.309356087,12.9898784085482,13.0128998608256
587818.315309058,13.0433663526649,13.0732874180269
587878.32126203,13.0241313216548,13.0554537232011
587938.327215001,13.0147436173539,13.0435684159277
587998.333167973,12.9208312658608,12.9484699422844
588058.339120945,12.948393445516,12.9755410950605
588118.345073916,12.9878198529997,13.0153075146711
588178.351026888,12.9191691705042,12.9516304404874
588238.356979859,13.0244532294723,13.06363660175
588298.362932831,12.8839565257152,12.9325464372875
588358.368885802,12.9609368434628,13.0101797324871
588418.374838774,12.8987069834675,12.9392051428067
588478.380791745,13.0214409301395,13.0554939493998
588538.386744717,12.9915967337501,13.0212907312406
588598.392697688,13.1189365621764,13.1485629212998
588658.39865066,13.0051857320472,13.0409061348441
588718.404603631,12.9337139126042,12.9702068490411
588778.410556603,12.9488457231413,12.9810314811446
588838.416509574,12.9406790491158,12.9717427060417
588898.422462546,13.0076912162385,13.0410352800423
588958.428415517,12.9917997477312,13.0244883195993
589018.434368489,13.0437200793467,13.070226658311
589078.44032146,13.00301767559,13.0291696101773
589138.446274432,13.0010874952936,13.0383764110424
589198.452227404,12.9195830677218,12.9641418625484
589258.458180375,12.9625965791987,13.0110761209443
589318.464133347,12.9270510179965,12.9765138976429
589378.470086318,12.9884481775168,13.0377280713463
589438.47603929,12.9379012814112,12.9872774001581
589498.481992261,12.9399003360059,12.989896032496
589558.487945233,12.999895556298,13.0511756738126
589618.493898204,12.9525644998956,13.0063686054904
589678.499851176,12.9419970784253,12.9979270424906
589738.505804147,12.9297472197375,12.9875012689785
589798.511757119,12.900658618149,12.9576031006737
589858.51771009,13.0001850145148,13.05290136117
589918.523663062,12.9365640432142,12.9888273293842
589978.529616033,12.9035250945243,12.9626347595956
590038.535569005,12.9346882218845,12.9944762308443
590098.541521976,12.9311411373247,12.9859793182182
590158.547474948,12.8983510442905,12.9527531415355
590218.55342792,12.98367700674,13.0463144999273
590278.559380891,13.0374583737451,13.1002001596724
590338.565333862,12.8872769823957,12.9394103853702
590398.571286834,12.9878714896268,13.0376050381737
590458.577239805,13.0531344572182,13.1088573595156
590518.583192777,12.9503779867113,13.0060161754182
590578.589145749,12.9496514770672,12.9971842240037
590638.59509872,12.8919836286916,12.9381513033736
590698.601051692,12.9482772793122,13.00219445005
590758.607004663,12.956711302979,13.0119446316303
590818.612957635,12.9646737660543,13.0171340622003
590878.618910606,12.8957875073722,12.9472880406461
590938.624863578,12.9429740226649,12.9959954950109
590998.630816549,12.9684934543494,13.0219665637344
591058.636769521,12.8256037380603,12.8787219378469
591118.642722492,12.945136217213,12.9991084142041
591178.648675464,12.8719843572458,12.9312560013316
591238.654628435,12.8699531226894,12.932016987935
591298.660581407,12.8893407954512,12.9524635322397
591358.666534378,12.9445065323078,13.0066895560353
591418.67248735,12.9516405251538,13.0093225908914
591478.678440321,12.9250071776143,12.9774884312498
591538.684393293,12.8013304878987,12.8476667792823
591598.690346265,12.8993048938538,12.9442543018237
591658.696299236,12.9777223264513,13.025153670747
591718.702252208,12.8704319613912,12.9174184809072
591778.708205179,12.9689982453088,13.0113550728667
591838.714158151,12.9060633076782,12.9462174613751
591898.720111122,12.9228664461679,12.9621187527342
591958.726064094,12.8731100714267,12.9109470849759
592018.732017065,12.8996512908179,12.9346900002803
592078.737970037,12.921053524754,12.9548930021058
592138.743923008,12.9575008909918,12.9907614404872
592198.74987598,12.8818234233345,12.9138078013509
592258.755828951,12.992370855088,13.0186940934671
592318.761781923,12.9765340276781,12.9955996739009
592378.767734894,12.949213686437,12.9585722137223
592438.773687866,12.9299518655961,12.9373351939736
592498.779640837,12.9895613213357,13.000815028954
592558.785593809,12.9500661982842,12.9636292384081
592618.79154678,12.9239043087199,12.9382433713637
592678.797499752,12.9998238335813,13.0166533732086
592738.803452724,12.8717013250923,12.8949419264039
592798.809405695,12.8034820773835,12.8278332924807
592858.815358666,12.9623294234173,12.9857346572802
592918.821311638,12.864947938225,12.8879275080369
592978.82726461,12.8754281650243,12.8999590434044
593038.833217581,12.963149303981,12.989949610727
593098.839170553,12.826122644095,12.8562882265452
593158.845123524,13.0539483184008,13.0843961788558
593218.851076496,12.9207787848512,12.9504440706157
593278.857029467,12.9493445126263,12.9786723264409
593338.862982439,12.9316829025239,12.9623720491423
593398.86893541,12.9939801880216,13.0249209235824
593458.874888382,12.8768311202495,12.907412814827
593518.880841353,12.85258950929,12.8816396316997
593578.886794325,12.9021632451217,12.9249543937453
593638.892747296,12.9890172293458,13.0098476062917
593698.898700268,12.9285842565777,12.9497893527039
593758.904653239,12.9452354543914,12.9659602599569
593818.910606211,12.9932012225394,13.0120600702254
593878.916559182,12.9425830247654,12.9617747317095
593938.922512154,12.9597138233745,12.9863416479611
593998.928465126,13.0094390762873,13.0420050570546
594058.934418097,12.9022980942065,12.9392178081055
594118.940371069,12.8438337585349,12.8819448587039
594178.94632404,12.8408818921339,12.8789135898915
594238.952277012,12.9055132315841,12.9449217391991
594298.958229983,12.9738511680304,13.019212979384
594358.964182955,12.9549485088892,13.000852843574
594418.970135926,12.9225888833676,12.9640412837654
594478.976088898,12.8857384086138,12.9257701507904
594538.982041869,12.7874686727218,12.8281152964434
594598.987994841,12.8824906296555,12.9270811209991
594658.993947812,12.9069311988682,12.9673218583453
594718.999900784,12.8589683373856,12.9205068694782
594779.005853755,12.8823855381091,12.9261687410445
594839.011806727,12.8329667856377,12.8675885044097
594899.017759698,12.9887893915738,13.0200322098913
594959.02371267,12.9299515804282,12.9581291219222
595019.029665641,12.8529000402087,12.8782749588253
595079.035618613,12.9797448453381,12.9992379906333
595139.041571585,12.9038800541153,12.9103728906038
595199.047524556,12.9341242459209,12.9380584978598
595259.053477528,12.8468452167869,12.8549810541904
595319.059430499,12.9653101053756,12.973256144549
595379.065383471,12.8629685367098,12.8636312930101
595439.071336442,12.9736239775235,12.9729008534327
595499.077289414,12.8681002887553,12.8714070032503
595559.083242385,13.0251404387669,13.0299641545825
595619.089195357,12.8728567133803,12.8778814181759
595679.095148328,12.9409771249566,12.9447107493552
595739.1011013,12.9524944224457,12.9490927993554
595799.107054271,12.9405697126048,12.9334841321878
595859.113007243,13.0152787683842,13.0066238437318
595919.118960214,12.9935586623999,12.9858625327385
595979.124913186,12.9002431643486,12.9001072846597
596039.130866157,12.8834310986779,12.8852892601629
596099.136819129,12.8968560489884,12.8984686022905
596159.1427721,12.9713651663058,12.9717735621859
596219.148725072,12.9609689396278,12.956012983274
596279.154678043,12.8731623698812,12.8668329162273
596339.160631015,12.9208992166646,12.9166107567458
596399.166583986,12.9625448606848,12.960975674022
596459.172536958,12.9740145089439,12.9761824800597
596519.17848993,12.8610180305299,12.8655737390985
596579.184442901,13.0203603496409,13.0262107236096
596639.190395873,12.9176773123094,12.9252245602772
596699.196348844,12.927432196027,12.9373183621499
596759.202301816,13.0353246282635,13.0445074576806
596819.208254787,12.9800264796132,12.9837678680861
596879.214207759,12.9778428688646,12.9799585508429
596939.22016073,12.8727887966622,12.8753323646108
596999.226113702,12.9522383121525,12.9536688481742
597059.232066673,12.9471185654565,12.9413817469013
597119.238019645,12.9313463424948,12.919140488576
597179.243972616,13.0031199875496,12.9855513869458
597239.249925588,12.9081581563425,12.8843760840039
597299.255878559,13.0400454973348,13.0087016548913
597359.261831531,13.0314355232879,13.0000302155421
597419.267784502,12.9955536619886,12.9741710770862
597479.273737474,12.9897422045945,12.9752230058629
597539.279690446,12.9277884271976,12.9172577788666
597599.285643417,12.9692951141132,12.9613081458282
597659.291596389,12.9484305784481,12.9422840290147
597719.29754936,12.821147960603,12.8150541893956
597779.303502332,12.9226470012638,12.9145583972551
597839.309455303,12.9389878752509,12.9254605712069
597899.315408275,12.8723614368342,12.8428049713677
597959.321361246,12.966582971071,12.9286471623515
598019.327314218,12.96649320968,12.9255317548476
598079.333267189,12.9360819939917,12.8897998185847
598139.339220161,13.0545845340824,12.9989901539645
598199.345173132,13.0606429650911,13.0026375569449
598259.351126104,12.9703194019506,12.9123407421769
598319.357079075,12.9708649035609,12.9133073648819
598379.363032047,12.9650397252553,12.9086470660189
598439.368985018,12.9565088479021,12.9013699061614
598499.37493799,13.0070228455149,12.9532582958444
598559.380890961,13.1537113745092,13.1003368824476
598619.386843933,13.0063327340472,12.9526348950625
598679.392796904,13.0015597718882,12.9484147793812
598739.398749876,13.0459163617491,12.9963259008739
598799.404702847,12.9789577584234,12.9329146592179
598859.410655819,12.9751493982281,12.932673006397
598919.416608791,13.0793195280489,13.0374000270298
598979.422561762,13.0255816150709,12.9823646185788
599039.428514734,12.9407323681101,12.899238114266
599099.434467705,12.9598269773579,12.9295601952316
599159.440420677,13.0071592187839,12.9796622905166
599219.446373648,12.9371447849344,12.9079831046495
599279.45232662,12.9743533847276,12.9422883490083
599339.458279591,12.9079953454653,12.8701927247495
599399.464232563,13.0807554355426,13.042825253933
599459.470185534,12.9678212648424,12.9368951861715
599519.476138506,12.9309300444189,12.9008474677253
599579.482091477,13.0016938106989,12.9658364521966
599639.488044449,12.8755859407416,12.8387374776126
599699.49399742,12.9637583739826,12.9301179878396
599759.499950392,12.9897740937162,12.9579415380584
599819.505903363,13.0154556603798,12.9844109024517
599879.511856335,12.9577645711919,12.9275962472932
599939.517809306,12.9438570009792,12.9146765132459
599999.523762278,12.9452541671846,12.918793212995
600059.52971525,12.9181940257349,12.8992481497238
600119.535668221,12.987503469248,12.9700360114196
600179.541621193,12.9457793173534,12.9258864277567
600239.547574164,12.9486841797808,12.9283972645589
600299.553527136,12.9660870612208,12.9470271908224
600359.559480107,12.9266890033875,12.9085029083727
600419.565433079,12.9569555878035,12.9393042450193
600479.57138605,13.0247578509396,13.0079388913145
600539.577339022,12.9291531805912,12.9137767600144
600599.583291993,12.9152829714451,12.9017082433815
600659.589244965,12.9144135734851,12.9031564929832
600719.595197936,12.9696561480063,12.9589903120221
600779.601150908,13.011130704274,13.0001433828093
600839.607103879,13.0316690254316,13.0191278194358
600899.613056851,12.9104443722688,12.8924104110452
600959.619009822,13.0508525629944,13.0312314854997
601019.624962794,13.1001492986138,13.0805935730868
601079.630915765,13.0465287416009,13.0260901220379
601139.636868737,12.9124467019544,12.88737381587
601199.642821708,12.9873034125632,12.9587077654498
601259.64877468,13.04295002745,13.0118194260403
601319.654727652,12.9389562789957,12.9100449068747
601379.660680623,13.0022751189872,12.9878572071483
601439.666633595,12.9696994617032,12.9586116499576
601499.672586566,12.8816716629433,12.8664750553658
601559.678539538,12.94940469303,12.9287475183095
601619.684492509,12.9955769456503,12.9675062441481
601679.690445481,12.9180979779479,12.8885619735379
601739.696398452,12.9950129158932,12.9666314228393
601799.702351424,12.9536096355236,12.9266359684737
601859.708304395,12.9628611452111,12.9378111144183
601919.714257367,12.8597620193273,12.8381812007359
601979.720210338,12.9732651719098,12.9586800415305
602039.72616331,13.0467587761425,13.0410849355354
602099.732116281,12.9002782500212,12.906207420552
602159.738069253,12.9302720686699,12.938240247035
602219.744022224,12.9194939898263,12.9251002905098
602279.749975196,12.9956326102832,12.997400933208
602339.755928167,12.9128610895125,12.9072622432152
602399.761881139,13.0143731567399,13.0028845881834
602459.76783411,12.8865294729388,12.8703187066539
602519.773787082,12.980412238712,12.9636104991221
602579.779740054,12.9116370146728,12.8970758645361
602639.785693025,12.9877146643423,12.9739187302698
602699.791645997,12.8868222584134,12.8730417733954
602759.797598968,13.0272651875275,13.0125763253478
602819.80355194,13.0116573896768,12.9924322431734
602879.809504911,12.9154998102748,12.8936620423923
602939.815457883,12.9830173769624,12.9600079182067
602999.821410854,13.0194400564582,12.9948620594753
603059.827363826,12.9469402779563,12.9201840647748
603119.833316797,13.0220846619207,12.993964273906
603179.839269769,12.8299402502093,12.8010706969814
603239.84522274,12.9575575902634,12.9267871877277
603299.851175712,12.9505734526047,12.9148030532058
603359.857128683,13.0201125062039,12.9819571395664
603419.863081655,12.939387226179,12.9003852976738
603479.869034626,13.0291805519372,12.9892471964432
603539.874987598,12.9313505538708,12.8903826437472
603599.88094057,12.8912953504581,12.8466595033893
603659.886893541,12.9834056385846,12.9277459947477
603719.892846512,12.9516130504657,12.894319413587
603779.898799484,12.9799505073028,12.9284979514001
603839.904752456,12.9796509365351,12.9297187638491
603899.910705427,13.0574315289818,13.006891890803
603959.916658399,12.9230198409579,12.8705159527203
604019.92261137,13.0177580405375,12.9593349794713
604079.928564342,13.0333963581903,12.9730730199467
604139.934517313,12.9854039171481,12.9248241052375
604199.940470285,12.978820619589,12.9185019315617
604259.946423256,13.0518353440098,12.9934054981657
604319.952376228,12.9938282067861,12.9380347619343
604379.958329199,13.0170388148697,12.9650087981351
604439.964282171,13.0380848250151,12.9850744450418
604499.970235142,13.0475920532732,12.9849696542311
604559.976188114,13.0035864827607,12.940626330181
604619.982141085,12.9062973746156,12.8549022568673
604679.988094057,12.9838608678015,12.9353369824832
604739.994047028,13.0480225185159,12.998415546816
604800,13.0090638377486,12.9552146827677
