% Model,GHE3D_CL_STgF.mph
% Version,COMSOL 5.2.1.262
"% Date,""Jun 25 2021, 13:40"""
% Table,BF_res - 
"% Time (s),""Temperature (degC), EWT_Probe"",""Temperature (degC), LWT_Probe"",dT (K)"
0,0,0.40947029459351825,1
1,0,0.8979690638117859,1
2,00,1.0264755304237951,1
4,0,0.9339130218122591,1
8,0,0.9732687323620439,1
16,0,1.0046548401837185,1
32,0,1.0064777479431086,1
64,0,1.000790224248533,1
128,0,0.9999355848297,1
240,0.009512807973749204,1.009512807973863,1
300,0.01936905603804462,1.0193690560376467,1
360,0.03552581053412496,1.0355258105342386,1
420,0.05984268860925113,1.0598426886093648,1
480,0.09287966719841734,1.0928796671983037,1
540,0.13345295829196857,1.1334529582920823,1
600,0.17860402682333643,1.1786040268235638,1
660,0.22703602028360592,1.2270360202836628,1
720,0.2756814105155172,1.275681410515233,1
780,0.32071334728385636,1.320713347284027,1
840,0.35909623451493644,1.3590962345149933,1
900,0.388988897214972,1.3889888972150288,1
960,0.410540593375913,1.4105405933760267,1
1020,0.4277662748494322,1.4277662748497733,1
1080,0.4455211011621145,1.4455211011623987,1
1140,0.46731138835116326,1.4673113883509927,1
1200,0.493943792162554,1.4939437921631793,1
1260,0.5212797910648987,1.5212797910647282,1
1320,0.5441050487896746,1.5441050487896177,1
1380,0.561167262948743,1.561167262949084,1
1440,0.5767406088434655,1.5767406088435791,1
1500,0.5945041298099341,1.5945041298103888,1
1560,0.6134348245601586,1.6134348245606702,1
1620,0.6310029029695556,1.6310029029696125,1
1680,0.6453817908093811,1.6453817908093242,1
1740,0.6578003982898508,1.657800398290874,1
1800,0.6706559262168525,1.6706559262173641,1
1860,0.6853151919444258,1.6853151919444258,1
1920,0.7014164230273536,1.7014164230276947,1
1980,0.7158435570356687,1.7158435570353276,1
2040,0.7275998262135204,1.7275998262138614,1
2100,0.7373861619973923,1.7373861619973923,1
2160,0.7469106927322855,1.7469106927326266,1
2220,0.75781324885088,1.7578132488511073,1
2280,0.7689841283099099,1.768984128310251,1
2340,0.7797717488970761,1.779771748897133,1
2400,0.7899624769206639,1.7899624769204934,1
2460,0.7997250983200388,1.7997250983204935,1
2520,0.8090942843666085,1.80909428436712,1
2580,0.8182136610060979,1.8182136610067232,1
2640,0.8271806317162032,1.82718063171626,1
2700,0.8359897424206224,1.8359897424210772,1
2760,0.844527227503761,1.8445272275045,1
2820,0.852699588264727,1.8526995882649544,1
2880,0.8605521896318464,1.8605521896319033,1
2940,0.8682581914723073,1.86825819147208,1
3000,0.8759874469220676,1.8759874469221245,1
3060,0.8837015743281995,1.8837015743284269,1
3120,0.8911311200545242,1.8911311200549221,1
3180,0.8980561579941764,1.898056157993949,1
3240,0.9046873453820581,1.9046873453823991,1
3300,0.911387446747824,1.9113874467485061,1
3360,0.9183189556106868,1.9183189556111415,1
3420,0.9252560692320912,1.925256069232148,1
3480,0.9317500836746149,1.9317500836750128,1
3540,0.9377785993350471,1.937778599335502,1
3600,0.9435744583544192,1.9435744583545898,1
3660,0.949414073971468,1.9494140739716954,1
3720,0.9554356927358185,1.9554356927358754,1
3780,0.9615396080795335,1.9615396080793062,1
3840,0.9674127790164562,1.9674127790164562,1
3900,0.9728089835457467,1.9728089835458036,1
3960,0.9778528904236623,1.977852890423776,1
4020,0.9830403126810552,1.9830403126809415,1
4080,0.9884870348041659,1.9884870348039954,1
4140,0.9940007494999463,1.9940007495002305,1
4200,0.9992896964498641,1.9992896964499778,1
4260,1.0041941370331529,2.004194137033096,1
4320,1.0088076509996995,2.0088076509997563,1
4380,1.0134540114255515,2.0134540114254946,1
4440,1.0183789811123916,2.0183789811125052,1
4500,1.0234467030724659,2.0234467030729775,1
4560,1.0281999493499825,2.0281999493503804,1
4620,1.032574604270053,2.0325746042702235,1
4680,1.0367683782174026,2.0367683782171184,1
4740,1.0410250258095743,2.041025025809745,1
4800,1.045457595561345,2.045457595561402,1
4860,1.0499677219328873,2.049967721933399,1
4920,1.054310360675288,2.054310360676311,1
4980,1.05833379219564,2.058333792195185,1
5040,1.0621594939345869,2.0621594939347005,1
5100,1.0660954257166395,2.066095425716867,1
5160,1.0701760219872654,2.0701760219872654,1
5220,1.0742777974258502,2.074277797426987,1
5280,1.078251874232592,2.078251874232876,1
5340,1.0820233403391626,2.0820233403392194,1
5400,1.0856349747735976,2.085634974773427,1
5460,1.0892299772933711,2.0892299772936553,1
5520,1.0929315540146263,2.0929315540149673,1
5580,1.096716975808988,2.0967169758088176,1
5640,1.1003957266132147,2.100395726613044,1
5700,1.1038897670983943,2.1038897670983943,1
5760,1.1072381310266906,2.1072381310266906,1
5820,1.1105538397607688,2.110553839760769,1
5880,1.113929939058096,2.1139299390582664,1
5940,1.1173901281630378,2.117390128163379,1
6000,1.1208312120605797,2.120831212060466,1
6060,1.1241021202830552,2.124102120283169,1
6120,1.127170532170794,2.1271705321710783,1
6180,1.1302249946241432,2.1302249946246548,1
6240,1.1333788840422017,2.1333788840423153,1
6300,1.1366122912799597,2.1366122912796754,1
6360,1.1398083384747224,2.139808338474552,1
6420,1.1428672100530548,2.142867210052998,1
6480,1.145765808611884,2.145765808611827,1
6540,1.148613358176874,2.148613358177272,1
6600,1.1515553821183744,2.1515553821179196,1
6660,1.1546068372075524,2.154606837208007,1
6720,1.157587262419952,2.157587262420293,1
6780,1.1604142740349062,2.1604142740351335,1
6840,1.1631225299908579,2.1631225299910284,1
6900,1.1658113335128633,2.1658113335126927,1
6960,1.1685541083231215,2.1685541083226667,1
7020,1.1713564793840305,2.1713564793843716,1
7080,1.1741345929694376,2.174134592969665,1
7140,1.1767932515826942,2.176793251582751,1
7200,1.179331101217997,2.1793311012181107,1
7260,1.1818668149845166,2.181866814984801,1
7320,1.18445217055978,2.18445217055978,1
7380,1.187069974629651,2.1870699746295372,1
7440,1.1896627970440363,2.1896627970444342,1
7500,1.192184814897871,2.192184814897985,1
7560,1.194625422087313,2.1946254220873698,1
7620,1.1970205253005588,2.1970205253006725,1
7680,1.199426964414954,2.1994269644155224,1
7740,1.2018731455272018,2.201873145527145,1
7800,1.2043258264611154,2.2043258264607744,1
7860,1.206707766915713,2.2067077669152013,1
7920,1.2090094310804602,2.209009431080233,1
7980,1.2112674772820355,2.211267477282661,1
8040,1.213530199735942,2.21353019973634,1
8100,1.2158231680195968,2.215823168019199,1
8160,1.218129831445026,2.21812983144531,1
8220,1.2203945504136868,2.2203945504141416,1
8280,1.222573741453857,2.2225737414538003,1
8340,1.224690856052007,2.224690856051609,1
8400,1.2268325050745261,2.226832505074867,1
8460,1.2290149512375592,2.2290149512373887,1
8520,1.23120190695073,2.2312019069512417,1
8580,1.233344088511103,2.2333440885108757,1
8640,1.2354171439457673,2.2354171439454262,1
8700,1.2374410044349133,2.2374410044349133,1
8760,1.2394698568120361,2.2394698568119225,1
8820,1.241539137583004,2.241539137583686,1
8880,1.2436212913202667,2.243621291320551,1
8940,1.245644412463605,2.245644412463264,1
9000,1.2476032393498144,2.2476032393498713,1
9060,1.2495312001317984,2.2495312001313437,1
9120,1.2514647975551156,2.2514647975558546,1
9180,1.2534192334732097,2.253419233473096,1
9240,1.2553776938507895,2.255377693851017,1
9300,1.257303696861868,2.257303696862209,1
9360,1.2591759891168408,2.259175989117068,1
9420,1.2610126671963826,2.26101266719661,1
9480,1.262858433413271,2.262858433413726,1
9540,1.264719407375651,2.264719407375594,1
9600,1.266578627350782,2.2665786273506683,1
9660,1.2684136306513096,2.268413630651196,1
9720,1.2702116313491842,2.2702116313491842,1
9780,1.2719768089160652,2.2719768089152126,1
9840,1.27373120538482,2.273731205385161,1
9900,1.2754971805077844,2.275497180507955,1
9960,1.2772740655134953,2.277274065513666,1
10020,1.2790292583204064,2.2790292583200653,1
10080,1.280747115304166,2.2807471153046777,1
10140,1.2824335075281397,2.282433507527628,1
10200,1.2841088785025931,2.2841088785024226,1
10260,1.2857902674167008,2.2857902674164166,1
10320,1.2874816441191683,2.287481644119623,1
10380,1.2891637458048422,2.2891637458044443,1
10440,1.290809857797285,2.2908098577971145,1
10500,1.2924162814961164,2.29241628149623,1
10560,1.2940177119741634,2.294017711974334,1
10620,1.2956320986423862,2.2956320986425567,1
10680,1.2972537196173448,2.2972537196171743,1
10740,1.2988620092851875,2.298862009285699,1
10800,1.3004409814413975,2.3004409814417386,1
10860,1.3019891452530032,2.3019891452532306,1
10920,1.3035259305260638,2.303525930525666,1
10980,1.3050739028786325,2.305073902879087,1
11040,1.3066328019306752,2.306632801930789,1
11100,1.3081730207533724,2.3081730207534292,1
11160,1.3096833697525767,2.30968336975252,1
11220,1.311170818386472,2.3111708183866995,1
11280,1.312650925772573,2.3126509257733687,1
11340,1.3141344599280274,2.3141344599283684,1
11400,1.3156214464091818,2.315621446409125,1
11460,1.3170990169218157,2.317099016922441,1
11520,1.3185532201259207,2.318553220126148,1
11580,1.3199839749328248,2.319983974933166,1
11640,1.3214088060354925,2.321408806035379,1
11700,1.322835879145373,2.3228358791454866,1
11760,1.324263309855894,2.324263309855894,1
11820,1.3256825823277154,2.3256825823276586,1
11880,1.327086118178613,2.3270861181785563,1
11940,1.3284715771021638,2.3284715771018796,1
12000,1.3298441924302438,2.3298441924306417,1
12060,1.331213687221691,2.331213687222089,1
12120,1.3325858535915813,2.332585853591013,1
12180,1.3339555213468088,2.3339555213468657,1
12240,1.3353090803298642,2.335309080329921,1
12300,1.3366365419526574,2.3366365419528847,1
12360,1.3379507977267053,2.3379507977267053,1
12420,1.3392734381517357,2.3392734381522473,1
12480,1.3406118563663085,2.340611856366877,1
12540,1.3419463141917731,2.3419463141916026,1
12600,1.3432471558920724,2.3432471558920156,1
12660,1.344509243532002,2.3445092435324,1
12720,1.345771126242937,2.3457711262428234,1
12780,1.3470531601682296,2.3470531601682296,1
12840,1.3483484995605863,2.3483484995604726,1
12900,1.3496335768938934,2.349633576894689,1
12960,1.3508905945271863,2.3508905945274705,1
13020,1.3521190058579577,2.352119005857787,1
13080,1.3533413700839105,2.353341370084024,1
13140,1.3545818070082873,2.3545818070082873,1
13200,1.3558375270439456,2.355837527044173,1
13260,1.3570751089391706,2.357075108938716,1
13320,1.3582844110276824,2.3582844110283645,1
13380,1.3594748390468112,2.3594748390470386,1
13440,1.360663047805076,2.3606630478049624,1
13500,1.3618593330979252,2.361859333097584,1
13560,1.3630618830242156,2.3630618830246135,1
13620,1.364256834145067,2.364256834145351,1
13680,1.3654311327324535,2.3654311327329083,1
13740,1.3665860990683996,2.366586099068627,1
13800,1.3677389484241758,2.367738948424119,1
13860,1.3688968834916864,2.3688968834916864,1
13920,1.3700577473141493,2.370057747314604,1
13980,1.3712133591263864,2.3712133591262727,1
14040,1.3723563200812805,2.372356320081792,1
14100,1.3734841285504444,2.37348412855016,1
14160,1.374601617339522,2.37460161733992,1
14220,1.3757185495300632,2.3757185495306317,1
14280,1.3768413118393141,2.3768413118389162,1
14340,1.377965035005218,2.377965035005218,1
14400,1.3790754073626772,2.3790754073628477,1
14460,1.3801608432107173,2.380160843210888,1
14520,1.3812344655757443,2.3812344655756306,1
14580,1.3823214426171262,2.382321442617183,1
14640,1.383420587321325,2.383420587322121,1
14700,1.3845159659998103,2.3845159659994124,1
14760,1.3855927375787473,2.3855927375784063,1
14820,1.386647154530067,2.3866471545299532,1
14880,1.3876919132866874,2.3876919132870285,1
14940,1.3887460944955592,2.388746094495275,1
15000,1.3898149708326741,2.3898149708328447,1
15060,1.390880954279794,2.3908809542795098,1
15120,1.3919180358464018,2.3919180358465155,1
15180,1.3929242545876264,2.392924254587683,1
15240,1.39393741896464,2.3939374189647538,1
15300,1.3949797695606208,2.394979769560564,1
15360,1.3960294008754204,2.3960294008753067,1
15420,1.3970606278025457,2.3970606278028868,1
15480,1.3980663160188556,2.398066316019083,1
15540,1.3990577519668932,2.3990577519667795,1
15600,1.4000504167011059,2.400050416700992,1
15660,1.4010522485837669,2.401052248584051,1
15720,1.402059179178309,2.4020591791785364,1
15780,1.4030582915444256,2.4030582915445393,1
15840,1.4040402142719017,2.4040402142719586,1
15900,1.4050085993461607,2.4050085993455923,1
15960,1.4059776207890309,2.4059776207887467,1
16020,1.4069513801155153,2.4069513801159133,1
16080,1.4079271782748606,2.4079271782749174,1
16140,1.408898744609644,2.4088987446101555,1
16200,1.4098606920583734,2.409860692058885,1
16260,1.410811172346257,2.4108111723464845,1
16320,1.411753807530033,2.411753807530374,1
16380,1.4126964422598007,2.4126964422598007,1
16440,1.4136447817062958,2.4136447817064663,1
16500,1.4145951816262823,2.4145951816262254,1
16560,1.4155351903610267,2.4155351903615383,1
16620,1.4164534967226245,2.416453496722852,1
16680,1.417361468993704,2.4173614689934197,1
16740,1.4182831137138123,2.4182831137133007,1
16800,1.4192174804300066,2.4192174804297224,1
16860,1.4201491362641718,2.420149136264172,1
16920,1.4210639288525044,2.4210639288525044,1
16980,1.421961348466823,2.42196134846688,1
17040,1.422852734776825,2.4228527347765407,1
17100,1.4237491614086935,2.423749161408523,1
17160,1.4246537095108351,2.4246537095110625,1
17220,1.425557949286656,2.425557949286656,1
17280,1.426449190233484,2.4264491902340524,1
17340,1.4273240711332278,2.427324071133114,1
17400,1.428193995594711,2.4281939955952794,1
17460,1.429075234210245,2.429075234210245,1
17520,1.4299683204275198,2.429968320426667,1
17580,1.430850511866197,2.4308505118663675,1
17640,1.4317099450065598,2.4317099450066735,1
17700,1.4325593927948717,2.432559392795042,1
17760,1.4334127322275663,2.433412732227225,1
17820,1.4342736156670526,2.434273615667337,1
17880,1.435136468508972,2.4351364685091994,1
17940,1.4359937064277801,2.4359937064275528,1
18000,1.4368417605379022,2.4368417605388117,1
18060,1.437681285809333,2.4376812858095036,1
18120,1.4385170813893637,2.4385170813895343,1
18180,1.4393538701964417,2.4393538701962143,1
18240,1.4401927326237,2.440192732623757,1
18300,1.4410303587025624,2.441030358702733,1
18360,1.441860834482327,2.4418608344825543,1
18420,1.4426831187842595,2.4426831187839753,1
18480,1.4434999247762335,2.4434999247766314,1
18540,1.4443157068782853,2.4443157068781147,1
18600,1.4451334494928574,2.4451334494921753,1
18660,1.4459524983265055,2.445952498326278,1
18720,1.4467672140009427,2.446767214001227,1
18780,1.4475716635881781,2.447571663588576,1
18840,1.4483670809663636,2.4483670809667046,1
18900,1.4491640254294111,2.4491640254296385,1
18960,1.44996575565591,2.4499657556561374,1
19020,1.4507683194794367,2.450768319479664,1
19080,1.4515650246361815,2.4515650246358405,1
19140,1.4523521417721668,2.4523521417722804,1
19200,1.4531319923665365,2.4531319923665365,1
19260,1.453912164154815,2.4539121641546444,1
19320,1.4546977833167034,2.4546977833171013,1
19380,1.4554846544102134,2.4554846544100997,1
19440,1.456262279705129,2.4562622797056406,1
19500,1.4570305117387647,2.4570305117392195,1
19560,1.4577947628270636,2.4577947628278025,1
19620,1.458560094271263,2.4585600942717747,1
19680,1.4593279636690113,2.4593279636692387,1
19740,1.460094930232458,2.4600949302325716,1
19800,1.4608558554884894,2.4608558554885462,1
19860,1.4616092238396732,2.4616092238400142,1
19920,1.4623589358199638,2.462358935819509,1
19980,1.4631100906830738,2.4631100906831875,1
20040,1.4638618436284219,2.463861843627967,1
20100,1.4646114085215913,2.464611408522046,1
20160,1.4653567180846494,2.4653567180846494,1
20220,1.4660971780506316,2.4660971780502905,1
20280,1.4668338866785007,2.4668338866785575,1
20340,1.4675688159632614,2.4675688159631477,1
20400,1.4683034538315383,2.4683034538315383,1
20460,1.4690376235545841,2.4690376235548115,1
20520,1.4697688200502625,2.4697688200506036,1
20580,1.4704954833395618,2.470495483339505,1
20640,1.4712177612137793,2.4712177612140067,1
20700,1.4719374858770493,2.4719374858772767,1
20760,1.472656557762491,2.472656557762434,1
20820,1.4733759441188,2.4733759441189704,1
20880,1.4740938297833281,2.474093829783726,1
20940,1.4748067987722493,2.4748067987721356,1
21000,1.4755137087490198,2.475513708748906,1
21060,1.476218701154778,2.476218701154494,1
21120,1.4769245410850544,2.4769245410853955,1
21180,1.4776308014869528,2.477630801486839,1
21240,1.4783346855870718,2.4783346855875834,1
21300,1.4790339919363191,2.4790339919366033,1
21360,1.4797285215329907,2.4797285215329907,1
21420,1.4804206749107607,2.48042067491059,1
21480,1.4811132090836168,2.4811132090837305,1
21540,1.4818062107936498,2.481806210793877,1
21600,1.482496619726362,2.482496619726703,1
21660,1.4831810253595563,2.4831810253597837,1
21720,1.4838604518529905,2.483860451853161,1
21780,1.4845407318694015,2.4845407318691173,1
21840,1.4852254464178714,2.485225446417701,1
21900,1.48590830402361,2.4859083040233827,1
21960,1.4865827258802824,2.4865827258809077,1
22020,1.4872513474565494,2.4872513474560947,1
22080,1.487918876572337,2.4879188765724507,1
22140,1.4885876736735213,2.4885876736738624,1
22200,1.4892569057642504,2.489256905763966,1
22260,1.4899243501232604,2.489924350123488,1
22320,1.4905884527273656,2.4905884527270814,1
22380,1.4912488477098123,2.491248847709926,1
22440,1.4919063896357443,2.4919063896363696,1
22500,1.492562380520269,2.4925623805207806,1
22560,1.4932178003342074,2.4932178003342074,1
22620,1.493872749660909,2.4938727496610227,1
22680,1.4945257506511211,2.494525750651519,1
22740,1.4951754556980177,2.4951754556980745,1
22800,1.4958215859687698,2.4958215859684287,1
22860,1.4964653547966122,2.496465354796669,1
22920,1.497108327709384,2.4971083277094976,1
22980,1.4977516682751002,2.4977516682747023,1
23040,1.498394219056138,2.4983942190565926,1
23100,1.4990330436510817,2.4990330436505133,1
23160,1.4996667051578925,2.4996667051585177,1
23220,1.500298426456709,2.500298426456766,1
23280,1.5009308421433047,2.5009308421430774,1
23340,1.5015639001183558,2.501563900118356,1
23400,1.5021952707989499,2.5021952707990636,1
23460,1.502822928560363,2.502822928560306,1
23520,1.5034465529321324,2.5034465529327576,1
23580,1.5040681234991666,2.504068123499451,1
23640,1.5046900742625553,2.5046900742628395,1
23700,1.5053125895606172,2.50531258956039,1
23760,1.5059330608776804,2.505933060878135,1
23820,1.506548509974209,2.506548509974209,1
23880,1.5071598094660885,2.5071598094661454,1
23940,1.5077718129658706,2.5077718129658138,1
24000,1.5083863739679941,2.508386373967653,1
24060,1.5090001646484552,2.509000164648228,1
24120,1.5096086625828775,2.5096086625825933,1
24180,1.510211533793779,2.510211533794177,1
24240,1.510813720856902,2.5108137208574703,1
24300,1.511416959437156,2.511416959437611,1
24360,1.5120203174207063,2.5120203174209905,1
24420,1.5126219906662186,2.5126219906659912,1
24480,1.5132209617014496,2.513220961701734,1
24540,1.513817262303462,2.513817262303519,1
24600,1.5144113152669547,2.5144113152673526,1
24660,1.5150037965784122,2.515003796578071,1
24720,1.5155953701120097,2.5155953701117824,1
24780,1.5161864909320002,2.5161864909319434,1
24840,1.5167768316303523,2.5167768316302386,1
24900,1.5173649039151655,2.517364903915052,1
24960,1.517948641504745,2.517948641504745,1
25020,1.5185286698471145,2.5185286698470577,1
25080,1.5191103715305871,2.519110371530303,1
25140,1.519697215451174,2.5196972154511172,1
25200,1.5202820455058372,2.520282045506235,1
25260,1.5208590701107028,2.520859070110646,1
25320,1.521429425607323,2.5214294256072662,1
25380,1.5219994030601356,2.5219994030605903,1
25440,1.522573414895703,2.522573414896044,1
25500,1.523149980836763,2.523149980837445,1
25560,1.523724150187661,2.5237241501874905,1
25620,1.5242927714107282,2.524292771410387,1
25680,1.5248570313780192,2.524857031378076,1
25740,1.5254204542442835,2.525420454244795,1
25800,1.525985475469497,2.5259854754692697,1
25860,1.5265517250065272,2.526551725007039,1
25920,1.5271157354835054,2.527115735483335,1
25980,1.527674619122422,2.527674619122422,1
26040,1.5282298249616133,2.528229824961045,1
26100,1.5287861178559297,2.5287861178562707,1
26160,1.5293438143830258,2.5293438143831395,1
26220,1.5299008301259391,2.5299008301257118,1
26280,1.5304551779026383,2.530455177902752,1
26340,1.5310065281935294,2.5310065281938137,1
26400,1.531555896218606,2.531555896218265,1
26460,1.5321043632444002,2.5321043632449687,1
26520,1.5326522606338244,2.5326522606342223,1
26580,1.533199366475401,2.533199366474946,1
26640,1.533745065172468,2.5337450651722975,1
26700,1.5342889607202892,2.5342889607205166,1
26760,1.5348310692230598,2.5348310692231166,1
26820,1.535371642044538,2.5353716420444243,1
26880,1.535911126328756,2.535911126329495,1
26940,1.5364497901972527,2.53644979019748,1
27000,1.5369875658674914,2.5369875658673777,1
27060,1.5375239941910763,2.5375239941907353,1
27120,1.538058602195747,2.538058602195747,1
27180,1.5385912023423884,2.538591202342843,1
27240,1.5391224160298407,2.539122416030068,1
27300,1.539653263120499,2.5396532631207265,1
27360,1.540183937263805,2.54018393726426,1
27420,1.5407129824269532,2.540712982426726,1
27480,1.5412396520617335,2.5412396520617335,1
27540,1.5417643279705544,2.541764327970384,1
27600,1.5422880386689144,2.5422880386688007,1
27660,1.5428113988061796,2.5428113988058954,1
27720,1.5433341188092982,2.5433341188098098,1
27780,1.5438554464464005,2.5438554464464573,1
27840,1.5443748767941656,2.544374876794393,1
27900,1.5448925135006562,2.544892513501054,1
27960,1.545409124789444,2.545409124789387,1
28020,1.5459253580464747,2.5459253580465315,1
28080,1.5464409140139992,2.546440914013658,1
28140,1.5469547236718313,2.5469547236718313,1
28200,1.5474666872113971,2.547466687211454,1
28260,1.5479772748776668,2.547977274877894,1
28320,1.5484869789087838,2.548486978908443,1
28380,1.5489959172984413,2.548995917298214,1
28440,1.549503861272001,2.5495038612721714,1
28500,1.550010531657506,2.5500105316575628,1
28560,1.550515828860739,2.5505158288617054,1
28620,1.5510198106887856,2.551019810688558,1
28680,1.5515226694429884,2.551522669442363,1
28740,1.552024547186079,2.5520245471865906,1
28800,1.5525254344282757,2.5525254344284463,1
28860,1.5530252115437975,2.5530252115433996,1
28920,1.553523745853397,2.5535237458535107,1
28980,1.554021032542039,2.5540210325422663,1
29040,1.554517148039622,2.554517148039281,1
29100,1.5550122103054491,2.5550122103053354,1
29160,1.5555063053147933,2.555506305315248,1
29220,1.5559994316438406,2.555999431644409,1
29280,1.5564914406590447,2.5564914406586468,1
29340,1.5569821498707483,2.556982149870578,1
29400,1.5574715731515312,2.557471573151588,1
29460,1.5579600341395121,2.557960034139512,1
29520,1.5584476638191518,2.558447663819493,1
29580,1.558934360758201,2.5589343607586557,1
29640,1.5594199116386562,2.5594199116388268,1
29700,1.5599041853142808,2.5599041853136555,1
29760,1.5603872436661277,2.5603872436659003,1
29820,1.5608693418054713,2.560869341805301,1
29880,1.561350673864979,2.561350673864979,1
29940,1.5618311173147958,2.5618311173149095,1
30000,1.5623103081243244,2.562310308124495,1
30060,1.5627882317703552,2.5627882317705257,1
30120,1.5632650775414731,2.563265077541189,1
30180,1.563741031765062,2.563741031765119,1
30240,1.5642161529402188,2.564216152939707,1
30300,1.564690321426042,2.5646903214262124,1
30360,1.5651633536722898,2.5651633536723466,1
30420,1.5656352017061863,2.5656352017061863,1
30480,1.566106020253983,2.566106020254608,1
30540,1.5665759982442182,2.5665759982449003,1
30600,1.5670450935749614,2.5670450935753024,1
30660,1.567513198504571,2.5675131985047983,1
30720,1.5679802478164788,2.5679802478168767,1
30780,1.568446248256464,2.5684462482569757,1
30840,1.5689112494389974,2.5689112494393385,1
30900,1.5693753005342046,2.569375300534489,1
30960,1.569838427820173,2.5698384278202298,1
31020,1.5703006299997924,2.570300629999565,1
31080,1.5707618776700656,2.570761877670293,1
31140,1.5712221303069782,2.5712221303072056,1
31200,1.5716813716572915,2.5716813716576894,1
31260,1.572139655341175,2.572139655341118,1
31320,1.57259703888883,2.572597038888489,1
31380,1.5730535413995312,2.5730535413997018,1
31440,1.5735091281709401,2.573509128171679,1
31500,1.573963748757933,2.5739637487580467,1
31560,1.5744173800269436,2.574417380026773,1
31620,1.5748700535967828,2.574870053596271,1
31680,1.575321845306462,2.575321845307201,1
31740,1.575772802924746,2.5757728029244618,1
31800,1.5762228814394348,2.5762228814399464,1
31860,1.576671975571628,2.5766719755718555,1
31920,1.5771200919834314,2.5771200919833746,1
31980,1.5775672992630803,2.577567299262853,1
32040,1.5780136590226448,2.5780136590227585,1
32100,1.5784591873535305,2.5784591873539284,1
32160,1.57890383831284,2.5789038383123852,1
32220,1.5793475482309418,2.579347548231283,1
32280,1.57979030891795,2.5797903089184047,1
32340,1.5802321890138273,2.5802321890138273,1
32400,1.5806732747385013,2.580673274738672,1
32460,1.5811135597633665,2.581113559763253,1
32520,1.5815529257214962,2.581552925721553,1
32580,1.5819913163067554,2.5819913163074943,1
32640,1.58242880431726,2.5824288043172032,1
32700,1.5828655089146082,2.582865508914267,1
32760,1.5833014624284942,2.5833014624283805,1
32820,1.5837365808881145,2.5837365808885124,1
32880,1.5841707699443077,2.5841707699447625,1
32940,1.5846040539624937,2.584604053962323,1
33000,1.5850364862518518,2.585036486251852,1
33060,1.5854681036948932,2.5854681036950637,1
33120,1.5858989195397157,2.5858989195398294,1
33180,1.5863289326910603,2.586328932691117,1
33240,1.586758125958454,2.586758125959136,1
33300,1.5871864694167925,2.5871864694168494,1
33360,1.5876139390456956,2.58761393904598,1
33420,1.5880405527823314,2.5880405527822745,1
33480,1.5884663821891536,2.588466382189665,1
33540,1.5888915131803856,2.5888915131803287,1
33600,1.5893159097379908,2.5893159097377634,1
33660,1.5897393587030706,2.589739358702616,1
33720,1.5901617589549346,2.590161758955105,1
33780,1.5905833408290277,2.5905833408291983,1
33840,1.5910044587834022,2.5910044587834022,1
33900,1.5914251173819594,2.5914251173819594,1
33960,1.5918448520188804,2.591844852019051,1
34020,1.5922632847277214,2.592263284727437,1
34080,1.5926807357448638,2.5926807357450343,1
34140,1.593097641725251,2.5930976417254783,1
34200,1.5935141213259385,2.5935141213256543,1
34260,1.593929947228503,2.593929947228503,1
34320,1.5943448354316274,2.594344835431343,1
34380,1.5947586781255723,2.594758678125629,1
34440,1.5951716461983096,2.595171646197741,1
34500,1.5955840381723192,2.5955840381725466,1
34560,1.5959959465035922,2.595995946503308,1
34620,1.5964071226371175,2.596407122637345,1
34680,1.5968172743015998,2.5968172743016,1
34740,1.5972265122800877,2.597226512280031,1
34800,1.5976350430649404,2.5976350430653383,1
34860,1.5980429614339755,2.5980429614343166,1
34920,1.5984502221064076,2.598450222106692,1
34980,1.5988567337522568,2.598856733752257,1
35040,1.5992624500024704,2.5992624500030956,1
35100,1.599667383961048,2.5996673839609343,1
35160,1.6000715666333463,2.6000715666333463,1
35220,1.600475031158453,2.600475031158396,1
35280,1.6008777905995544,2.600877790599725,1
35340,1.6012798476403418,2.6012798476407397,1
35400,1.6016812001387848,2.6016812001392964,1
35460,1.6020818150113314,2.602081815011104,1
35520,1.602481667023369,2.60248166702371,1
35580,1.6028807706642851,2.6028807706638304,1
35640,1.6032791762115721,2.6032791762115153,1
35700,1.6036769213572484,2.603676921356964,1
35760,1.6040739943538256,2.604073994353996,1
35820,1.6044703494181363,2.604470349417909,1
35880,1.6048659558650797,2.604865955865421,1
35940,1.6052608284913958,2.605260828492021,1
36000,1.6056550109027512,2.605655010902751,1
36060,1.6060485361952033,2.6060485361958854,1
36120,1.6064414052729603,2.60644140527279,1
36180,1.606833574904158,2.606833574904556,1
36240,1.607225002257394,2.6072250022571666,1
36300,1.6076157041701435,2.607615704170996,1
36360,1.6080057588280283,2.608005758828483,1
36420,1.6083951816136732,2.6083951816139006,1
36480,1.6087839427905806,2.608783942790808,1
36540,1.6091720053926792,2.6091720053925087,1
36600,1.6095593554624656,2.6095593554625793,1
36660,1.6099460163341632,2.6099460163343338,1
36720,1.6103320305247166,2.610332030524546,1
36780,1.6107174165112497,2.610717416511079,1
36840,1.6111021478311613,2.6111021478313887,1
36900,1.611486185194508,2.6114861851942237,1
36960,1.6118695385242177,2.6118695385243313,1
37020,1.6122522338815202,2.612252233881577,1
37080,1.6126342888223348,2.6126342888221075,1
37140,1.6130157069816846,2.6130157069820257,1
37200,1.61339647867527,2.6133964786753836,1
37260,1.6137765935182529,2.6137765935184802,1
37320,1.6141560505884058,2.614156050588747,1
37380,1.614534857669014,2.6145348576688434,1
37440,1.6149130263365805,2.614913026336808,1
37500,1.6152905632106922,2.615290563211204,1
37560,1.6156674712673293,2.615667471267443,1
37620,1.6160437470396687,2.6160437470396687,1
37680,1.6164193839995278,2.616419383999812,1
37740,1.6167943758983938,2.616794375898394,1
37800,1.6171687294887533,2.6171687294887533,1
37860,1.6175424656655082,2.6175424656657356,1
37920,1.6179156006120365,2.6179156006123208,1
37980,1.6182881193213348,2.6182881193213916,1
38040,1.6186600022182915,2.6186600022185758,1
38100,1.6190312468775687,2.619031246877796,1
38160,1.6194018706377165,2.6194018706376596,1
38220,1.6197718924934748,2.619771892493077,1
38280,1.620141323097073,2.6201413230975277,1
38340,1.6205101494073233,2.620510149408176,1
38400,1.6208783479044087,2.620878347904977,1
38460,1.6212459158676893,2.6212459158676324,1
38520,1.621612886592743,2.6216128865929704,1
38580,1.6219792760784344,2.6219792760791734,1
38640,1.6223450791422351,2.6223450791424057,1
38700,1.6227102803524645,2.6227102803527487,1
38760,1.6230748718341488,2.6230748718346604,1
38820,1.6234388571120348,2.6234388571124896,1
38880,1.6238022520829531,2.6238022520832374,1
38940,1.6241650698106014,2.624165069810317,1
39000,1.6245273086329348,2.6245273086333896,1
39060,1.6248889565345621,2.624888956534619,1
39120,1.625250008821581,2.6252500088220927,1
39180,1.6256104744024924,2.625610474402606,1
39240,1.6259703626406008,2.6259703626407145,1
39300,1.6263296775164235,2.626329677516935,1
39360,1.6266884192558564,2.6266884192554585,1
39420,1.6270465859370233,2.6270465859373076,1
39480,1.6274041765781817,2.6274041765782385,1
39540,1.6277611921888138,2.627761192189098,1
39600,1.628117635764852,2.628117635764511,1
39660,1.628473512613425,2.628473512614221,1
39720,1.628828830521627,2.62882883052157,1
39780,1.6291835922571067,2.629183592256993,1
39840,1.6295377898962897,2.629537789896574,1
39900,1.629891411973972,2.629891411973972,1
39960,1.6302444617796255,2.630244461779455,1
40020,1.6305969631463881,2.6305969631466155,1
40080,1.630948935724291,2.6309489357252573,1
40140,1.631300364191361,2.631300364191077,1
40200,1.6316512268967927,2.6316512268969063,1
40260,1.6320015194688722,2.6320015194690427,1
40320,1.6323512575353334,2.6323512575353902,1
40380,1.6327004604009403,2.6327004604011677,1
40440,1.6330491364281556,2.6330491364281556,1
40500,1.6333972762859048,2.6333972762864164,1
40560,1.633744861317325,2.633744861317439,1
40620,1.6340918862838976,2.634091886284125,1
40680,1.634438371109809,2.63443837111015,1
40740,1.6347843416631918,2.6347843416636465,1
40800,1.6351297917224201,2.6351297917219085,1
40860,1.6354747054004974,2.6354747054007817,1
40920,1.635819075086431,2.6358190750859194,1
40980,1.6361629065521583,2.6361629065523857,1
41040,1.6365062114969078,2.6365062114967373,1
41100,1.6368489978888192,2.636848997889331,1
41160,1.6371912665250647,2.637191266525292,1
41220,1.6375330112311417,2.6375330112311985,1
41280,1.6378742274127376,2.63787422741251,1
41340,1.638214919136601,2.6382149191368853,1
41400,1.6385550953494885,2.6385550953497727,1
41460,1.6388947604498867,2.638894760449773,1
41520,1.639233912770976,2.639233912771715,1
41580,1.63957255119999,2.639572551200672,1
41640,1.6399106763078635,2.6399106763078635,1
41700,1.6402482890754868,2.64024828907543,1
41760,1.6405853910124506,2.640585391012621,1
41820,1.6409219851203147,2.6409219851200305,1
41880,1.6412580764255722,2.6412580764255154,1
41940,1.641593669033,2.6415936690338526,1
42000,1.6419287601607948,2.6419287601606243,1
42060,1.6422633456909352,2.6422633456904805,1
42120,1.642597426250063,2.6425974262502905,1
42180,1.642931008101698,2.6429310081018684,1
42240,1.6432640977625397,2.643264097762767,1
42300,1.643596699007901,2.6435966990080146,1
42360,1.6439288078481695,2.6439288078485106,1
42420,1.6442604171255653,2.6442604171257926,1
42480,1.644591527462751,2.6445915274617846,1
42540,1.6449221504736329,2.644922150473917,1
42600,1.6452522996532934,2.6452522996528955,1
42660,1.6455819727405014,2.645581972740729,1
42720,1.6459111491153635,2.6459111491150793,1
42780,1.6462398215904273,2.6462398215910525,1
42840,1.6465680091240529,2.6465680091242234,1
42900,1.646895737551688,2.646895737551745,1
42960,1.6472230086413333,2.64722300864139,1
43020,1.647549792109487,2.6475497921089755,1
43080,1.6478760797567134,2.647876079756486,1
43140,1.6482018833319216,2.6482018833315237,1
43200,1.648527219683615,2.6485272196830465,1
43260,1.6488520955870172,2.6488520955868466,1
43320,1.6491765064024548,2.6491765064021138,1
43380,1.6495004452612534,2.649500445261367,1
43440,1.6498239106890082,2.649823910688724,1
43500,1.6501469066049594,2.650146906604789,1
43560,1.6504694375715303,2.6504694375717577,1
43620,1.6507915072282913,2.650791507228405,1
43680,1.6511131161382195,2.651113116138049,1
43740,1.6514342639028996,2.65143426390307,1
43800,1.6517549515842234,2.651754951584394,1
43860,1.6520751805941813,2.652075180593954,1
43920,1.652394949953532,2.652394949953532,1
43980,1.6527142589943082,2.6527142589946493,1
44040,1.65303311545415,2.6530331154539226,1
44100,1.6533515314393412,2.6533515314388865,1
44160,1.6536695026775305,2.6536695026775874,1
44220,1.6539870089020496,2.653987008901538,1
44280,1.6543040415908763,2.654304041591331,1
44340,1.6546206252965021,2.6546206252967863,1
44400,1.654936795506842,2.654936795507183,1
44460,1.6552525392172583,2.6552525392169173,1
44520,1.655567826846493,2.655567826846891,1
44580,1.6558826456255247,2.6558826456263205,1
44640,1.6561970101228667,2.6561970101229235,1
44700,1.6565109444613313,2.656510944461104,1
44760,1.6568244612000171,2.6568244612003014,1
44820,1.6571375509962536,2.6571375509967083,1
44880,1.6574501895454432,2.6574501895457274,1
44940,1.6577623666844943,2.657762366684153,1
45000,1.658074104602349,2.6580741046025196,1
45060,1.6583854355340577,2.6583854355343988,1
45120,1.6586963517410709,2.658696351740673,1
45180,1.6590068329313112,2.659006832931709,1
45240,1.659316869139161,2.659316869138877,1
45300,1.659626467051396,2.6596264670516803,1
45360,1.6599356400647025,2.6599356400653846,1
45420,1.660244396463213,2.660244396462872,1
45480,1.6605527350125726,2.6605527350125726,1
45540,1.6608606471408507,2.6608606471413054,1
45600,1.661168128439897,2.6611681284397264,1
45660,1.6614751854987162,2.661475185499171,1
45720,1.66178182799041,2.6617818279902394,1
45780,1.6620880559638636,2.6620880559638067,1
45840,1.6623938655570214,2.66239386555759,1
45900,1.6626992567242382,2.6626992567241814,1
45960,1.663004232300466,2.6630042323006364,1
46020,1.6633087938754443,2.663308793875615,1
46080,1.6636129412352716,2.6636129412352716,1
46140,1.6639166750182426,2.663916675018868,1
46200,1.664219997534417,2.664219997534417,1
46260,1.664522913195981,2.6645229131960946,1
46320,1.6648254239667608,2.6648254239664197,1
46380,1.6651275264590026,2.6651275264590595,1
46440,1.6654292160483237,2.6654292160494037,1
46500,1.6657304968265976,2.665730496826825,1
46560,1.666031376818296,2.6660313768185233,1
46620,1.6663318598722867,2.6663318598723436,1
46680,1.6666319431822672,2.6666319431818692,1
46740,1.6669316222606199,2.666931622260563,1
46800,1.6672308957273572,2.667230895727471,1
46860,1.6675297680940275,2.667529768094255,1
46920,1.6678282470826957,2.667828247083378,1
46980,1.6681263360405865,2.6681263360405296,1
47040,1.668424029960704,2.6684240299605904,1
47100,1.6687213222262471,2.668721322226645,1
47160,1.6690182166560703,2.669018216655786,1
47220,1.6693147202383898,2.6693147202389014,1
47280,1.6696108368767,2.6696108368767,1
47340,1.6699065664723207,2.669906566473003,1
47400,1.670201905375393,2.6702019053756203,1
47460,1.6704968516208965,2.6704968516212375,1
47520,1.6707914084158233,2.670791408415994,1
47580,1.671085581550642,2.6710855815512105,1
47640,1.6713793734898559,2.6713793734899696,1
47700,1.6716727816083221,2.6716727816078674,1
47760,1.6719658030493747,2.6719658030493747,1
47820,1.672258440602775,2.6722584406032865,1
47880,1.6725506977983287,2.672550697798613,1
47940,1.6728425761482981,2.6728425761489234,1
48000,1.673134075705832,2.673134075706116,1
48060,1.6734251967317277,2.6734251967318414,1
48120,1.6737159406503679,2.673715940650766,1
48180,1.6740063089969794,2.6740063089970363,1
48240,1.674296301774632,2.6742963017744614,1
48300,1.6745859182239542,2.6745859182241816,1
48360,1.6748751595034719,2.674875159503472,1
48420,1.675164031302927,2.6751640313024723,1
48480,1.6754525374512923,2.675452537451349,1
48540,1.6757406734377014,2.67574067343719,1
48600,1.6760284315823242,2.6760284315829495,1
48660,1.6763158135564709,2.676315813556357,1
48720,1.6766028329160463,2.676602832915819,1
48780,1.676889498964556,2.6768894989643854,1
48840,1.6771758025658414,2.6771758025666372,1
48900,1.6774617334145887,2.6774617334145887,1
48960,1.6777472914492932,2.6777472914494638,1
49020,1.6780324854605624,2.6780324854606192,1
49080,1.6783173236847233,2.6783173236842117,1
49140,1.678601808236749,2.6786018082365217,1
49200,1.6788859331934987,2.678885933193726,1
49260,1.6791696914782506,2.679169691478137,1
49320,1.679453084561544,2.6794530845614872,1
49380,1.6797361231224386,2.679736123122609,1
49440,1.6800188153898716,2.680018815390042,1
49500,1.680301156981784,2.6803011569815,1
49560,1.6805831360651382,2.68058313606565,1
49620,1.6808647544096402,2.6808647544102087,1
49680,1.6811460197418455,2.6811460197414476,1
49740,1.6814269376062612,2.681426937606318,1
49800,1.6817075080585369,2.6817075080589348,1
49860,1.6819877284050904,2.6819877284058293,1
49920,1.682267597085115,2.682267597085456,1
49980,1.6825471154669458,2.682547115467173,1
50040,1.6828262869761943,2.682826286976365,1
50100,1.6831051135256985,2.683105113525869,1
50160,1.6833835941490065,2.683383594148779,1
50220,1.6836617282304474,2.6836617282307316,1
50280,1.6839395183904458,2.6839395183906163,1
50340,1.6842169677017864,2.684216967701957,1
50400,1.6844940747661212,2.6844940747668034,1
50460,1.6847708381486086,2.6847708381482107,1
50520,1.6850472593293944,2.6850472593293375,1
50580,1.6853233413418707,2.6853233413423823,1
50640,1.6855990876251212,2.6855990876250075,1
50700,1.6858744976075286,2.685874497607756,1
50760,1.6861495671921602,2.6861495671924445,1
50820,1.686424295038421,2.686424295038023,1
50880,1.686698686847933,2.686698686847194,1
50940,1.686972750559164,2.686972750559221,1
51000,1.6872464841910073,2.687246484191178,1
51060,1.687519882586173,2.68751988258623,1
51120,1.6877929438045385,2.687792943804311,1
51180,1.6880656710059725,2.688065671006541,1
51240,1.68833806914148,2.6883380691410252,1
51300,1.6886101410360084,2.688610141036122,1
51360,1.6888818857686374,2.688881885768467,1
51420,1.6891532998325829,2.689153299832867,1
51480,1.689424382115078,2.6894243821152486,1
51540,1.6896951368973987,2.6896951368975692,1
51600,1.6899655699305072,2.689965569930166,1
51660,1.6902356819287547,2.690235681929096,1
51720,1.6905054675153792,2.690505467515777,1
51780,1.6907749259241314,2.6907749259247,1
51840,1.6910440601249093,2.6910440601249093,1
51900,1.691312873617676,2.6913128736181307,1
51960,1.6915813680353722,2.691581368035031,1
52020,1.691849542650118,2.691849542650118,1
52080,1.6921173961893032,2.6921173961892464,1
52140,1.6923849294200863,2.692384929419916,1
52200,1.6926521450396308,2.692652145039574,1
52260,1.6929190446975326,2.6929190446979874,1
52320,1.6931856273586732,2.6931856273586163,1
52380,1.6934518932109768,2.6934518932111473,1
52440,1.6937178439739569,2.6937178439737863,1
52500,1.6939834812406502,2.6939834812412755,1
52560,1.6942488054326077,2.6942488054326645,1
52620,1.694513815764651,2.694513815765049,1
52680,1.6947785122173968,2.6947785122175105,1
52740,1.6950428971950373,2.6950428971949805,1
52800,1.6953069740192745,2.695306974018024,1
52860,1.695570743209771,2.6955707432092026,1
52920,1.6958342016282018,2.695834201628088,1
52980,1.696097347620082,2.696097347620139,1
53040,1.6963601850027885,2.6963601850025043,1
53100,1.6966227179344173,2.696622717935327,1
53160,1.6968849473337286,2.696884947333956,1
53220,1.697146871384973,2.6971468713858258,1
53280,1.6974084883757996,2.6974084883758565,1
53340,1.697669798585821,2.6976697985855367,1
53400,1.6979308055122146,2.6979308055122146,1
53460,1.698191512899541,2.6981915128990863,1
53520,1.6984519206141044,2.698451920614218,1
53580,1.6987120251523038,2.698712025152588,1
53640,1.6989718241442233,2.6989718241445644,1
53700,1.699231322103799,2.69923132210414,1
53760,1.6994905272590017,2.6994905272587175,1
53820,1.6997494400013693,2.6997494400016535,1
53880,1.7000080491495737,2.7000080491500853,1
53940,1.7002663509973104,2.700266350997879,1
54000,1.7005243557717336,2.7005243557724157,1
54060,1.7007820754152476,2.7007820754149634,1
54120,1.701039507969199,2.701039507968858,1
54180,1.7012966389007147,2.701296638900601,1
54240,1.701553468369525,2.7015534683698093,1
54300,1.701810004361164,2.7018100043617324,1
54360,1.702066252626878,2.702066252627617,1
54420,1.7023222122271022,2.702322212227557,1
54480,1.7025778795326687,2.7025778795331803,1
54540,1.702833253229528,2.7028332532290733,1
54600,1.7030883366898593,2.7030883366902003,1
54660,1.7033431347193755,2.703343134719148,1
54720,1.7035976470789365,2.7035976470789365,1
54780,1.7038518681131904,2.703851868112963,1
54840,1.7041057968164637,2.704105796816634,1
54900,1.7043594399657422,2.704359439965515,1
54960,1.7046128024269933,2.7046128024273344,1
55020,1.7048658826579413,2.7048658826578844,1
55080,1.7051186763025612,2.7051186763021633,1
55140,1.7053711819947353,2.705371181995247,1
55200,1.7056234020562897,2.7056234020560623,1
55260,1.7058753423839903,2.7058753423839903,1
55320,1.7061270058774198,2.706127005877363,1
55380,1.706378388740518,2.7063783887404043,1
55440,1.7066294852150463,2.7066294852147053,1
55500,1.706880296141378,2.706880296141321,1
55560,1.707130831333643,2.7071308313338704,1
55620,1.7073810935026472,2.707381093503443,1
55680,1.70763107944191,2.707631079441967,1
55740,1.7078807850049316,2.707880785004761,1
55800,1.7081302098711717,2.708130209870774,1
55860,1.7083793574272477,2.7083793574272477,1
55920,1.708628231125033,2.708628231124692,1
55980,1.7088768322013834,2.708876832201099,1
56040,1.7091251591557466,2.7091251591554055,1
56100,1.7093732100882448,2.7093732100880743,1
56160,1.709620985804861,2.7096209858044062,1
56220,1.709868489743883,2.7098684897435987,1
56280,1.7101157242188378,2.710115724218383,1
56340,1.7103626874509246,2.7103626874508677,1
56400,1.7106093783760912,2.7106093783766596,1
56460,1.7108557980421324,2.710855798042587,1
56520,1.7111019483859309,2.7111019483861014,1
56580,1.7113478305323042,2.711347830532759,1
56640,1.7115934443208403,2.7115934443207266,1
56700,1.7118387892334113,2.7118387892332976,1
56760,1.7120838661985545,2.7120838661988955,1
56820,1.7123286775355382,2.712328677535595,1
56880,1.7125732243869152,2.712573224386972,1
56940,1.7128175052003485,2.7128175052006895,1
57000,1.7130615185748184,2.713061518574932,1
57060,1.7133052668582422,2.713305266857901,1
57120,1.7135487529086504,2.713548752908821,1
57180,1.7137919774973511,2.7137919774979764,1
57240,1.7140349394771874,2.714034939477358,1
57300,1.714277637901148,2.7142776379016027,1
57360,1.7145200731598607,2.714520073159747,1
57420,1.7147622476224456,2.7147622476223887,1
57480,1.7150041636694482,2.7150041636696187,1
57540,1.715245821300698,2.7152458213005275,1
57600,1.715487218377632,2.7154872183781436,1
57660,1.715728353925158,2.7157283539250443,1
57720,1.715969230551707,2.715969230551309,1
57780,1.7162098524223097,2.716209852422594,1
57840,1.716450219173396,2.716450219173737,1
57900,1.7166903289149786,2.716690328915263,1
57960,1.7169301809130388,2.716930180914062,1
58020,1.7171697760188636,2.717169776019489,1
58080,1.7174091167951246,2.717409116795409,1
58140,1.717648205057003,2.7176482050568325,1
58200,1.717887040259086,2.717887040259143,1
58260,1.7181256208373838,2.718125620837327,1
58320,1.7183639470158028,2.71836394701603,1
58380,1.7186020217523037,2.718602021752531,1
58440,1.7188398461480006,2.718839846148171,1
58500,1.7190774198751342,2.719077419875589,1
58560,1.7193147424955555,2.719314742495669,1
58620,1.7195518142703463,2.7195518142706305,1
58680,1.719788636536748,2.719788636536748,1
58740,1.7200252105482718,2.720025210547931,1
58800,1.7202615363605105,2.7202615363600557,1
58860,1.720497613408213,2.720497613408611,1
58920,1.7207334422515714,2.720733442251742,1
58980,1.7209690249202936,2.7209690249207483,1
59040,1.721204363154186,2.7212043631542997,1
59100,1.7214394555964532,2.7214394555970784,1
59160,1.721674299544759,2.721674299544702,1
59220,1.7219088965984497,2.721908896598734,1
59280,1.722143252163164,2.722143252163505,1
59340,1.7223773688488109,2.7223773688490382,1
59400,1.7226112423558675,2.7226112423562654,1
59460,1.7228448670279022,2.7228448670278453,1
59520,1.7230782464092727,2.723078246409159,1
59580,1.7233113864475058,2.7233113864480174,1
59640,1.723544289436063,2.723544289435779,1
59700,1.7237769531103027,2.723776953110587,1
59760,1.7240093744132992,2.724009374413072,1
59820,1.724241552577098,2.724241552577041,1
59880,1.7244734906348071,2.724473490634523,1
59940,1.7247051928662245,2.724705192865713,1
60000,1.7249366600893268,2.7249366600890426,1
60060,1.7251678886045738,2.7251678886050286,1
60120,1.725398875799499,2.725398875799897,1
60180,1.7256296248841636,2.725629624883652,1
60240,1.7258601395000142,2.725860139500071,1
60300,1.7260904205052157,2.7260904205052157,1
60360,1.7263204665575245,2.7263204665575245,1
60420,1.7265502764245184,2.7265502764249163,1
60480,1.7267798503388008,2.726779850338744,1
60540,1.727009190531703,2.7270091905318736,1
60600,1.7272382989990547,2.727238298999737,1
60660,1.7274671752506379,2.7274671752512063,1
60720,1.7276958175571053,2.7276958175575032,1
60780,1.7279242268907637,2.7279242268907637,1
60840,1.728152405106016,2.7281524051057886,1
60900,1.7283803531583999,2.7283803531585136,1
60960,1.728608070844075,2.7286080708437908,1
61020,1.7288355577920242,2.728835557792479,1
61080,1.7290628143235836,2.729062814323129,1
61140,1.7292898419329958,2.729289841932655,1
61200,1.7295166419952466,2.729516641995474,1
61260,1.7297432141933768,2.7297432141934905,1
61320,1.7299695572345968,2.729969557234199,1
61380,1.7301956719696818,2.7301956719690565,1
61440,1.7304215602151203,2.7304215602153477,1
61500,1.7306472231305747,2.730647223130461,1
61560,1.7308726607761855,2.7308726607762424,1
61620,1.7310978722135246,2.7310978722132404,1
61680,1.7313228571480863,2.731322857148143,1
61740,1.7315476170912802,2.731547617091735,1
61800,1.7317721542991649,2.7317721542993354,1
61860,1.7319964693688803,2.7319964693685392,1
61920,1.7322205606333227,2.7322205606337207,1
61980,1.7324444263056193,2.73244442630579,1
62040,1.732668068220903,2.732668068221642,1
62100,1.732891491185967,2.732891491186251,1
62160,1.7331146961345212,2.733114696134635,1
62220,1.733337678991063,2.733337678990665,1
62280,1.7335604363917696,2.733560436391656,1
62340,1.7337829711947847,2.733782971194671,1
62400,1.7340052903880974,2.7340052903884384,1
62460,1.7342273937156847,2.7342273937157415,1
62520,1.7344492778353242,2.7344492778356653,1
62580,1.7346709408901688,2.734670940890453,1
62640,1.7348923842426416,2.734892384242926,1
62700,1.7351136105613705,2.735113610561484,1
62760,1.7353346213841974,2.7353346213844247,1
62820,1.735555416210218,2.735555416210161,1
62880,1.7357759934525347,2.7357759934525916,1
62940,1.7359963532031202,2.7359963532036318,1
63000,1.7362164980801253,2.7362164980800117,1
63060,1.7364364299823478,2.7364364299827457,1
63120,1.7366561475103595,2.7366561475106437,1
63180,1.736875649495289,2.736875649494948,1
63240,1.7370949367090702,2.7370949367094113,1
63300,1.737314010941418,2.7373140109416454,1
63360,1.737532873365808,2.7375328733656374,1
63420,1.7377515238060823,2.737751523805798,1
63480,1.7379699610640955,2.737969961063868,1
63540,1.738188185036563,2.738188185036563,1
63600,1.7384061979376497,2.7384061979377634,1
63660,1.7386240021211847,2.738624002121526,1
63720,1.7388415966437947,2.7388415966439084,1
63780,1.7390589800527323,2.739058980052789,1
63840,1.7392761523807394,2.739276152380569,1
63900,1.739493114854099,2.739493114854497,1
63960,1.7397098696330886,2.7397098696331454,1
64020,1.7399264174932796,2.7399264174933364,1
64080,1.7401427571061845,2.740142757106298,1
64140,1.7403588871328566,2.740358887132629,1
64200,1.7405748086806625,2.740574808680833,1
64260,1.7407905249988858,2.7407905249986015,1
64320,1.7410060364671835,2.7410060364671835,1
64380,1.7412213419629552,2.7412213419625573,1
64440,1.74143644070233,2.741436440701989,1
64500,1.7416513329842473,2.7416513329842473,1
64560,1.7418660205067908,2.7418660205069614,1
64620,1.74208050477921,2.7420805047794374,1
64680,1.7422947856640008,2.742294785663944,1
64740,1.742508861971828,2.7425088619719418,1
64800,1.74272273361413,2.74272273361413,1
64860,1.7429364027653378,2.742936402765281,1
64920,1.743149870403613,2.7431498704037836,1
64980,1.7433631362820847,2.7433631362825395,1
65040,1.7435761999121837,2.743576199912127,1
65100,1.743789061379573,2.7437890613797435,1
65160,1.7440017217759873,2.7440017217759305,1
65220,1.7442141823034376,2.7442141823037787,1
65280,1.744426443078055,2.7444264430785097,1
65340,1.7446385033022693,2.744638503301985,1
65400,1.7448503629257175,2.744850362925604,1
65460,1.7450620235707106,2.745062023570938,1
65520,1.745273486962958,2.7452734869627875,1
65580,1.7454847524770685,2.745484752476898,1
65640,1.7456958191966692,2.7456958191965555,1
65700,1.745906687332365,2.7459066873320808,1
65760,1.7461173579134766,2.746117357913988,1
65820,1.7463278325425904,2.7463278325425335,1
65880,1.7465381116674052,2.7465381116680305,1
65940,1.7467481942358631,2.7467481942358063,1
66000,1.7469580794626722,2.7469580794629564,1
66060,1.7471677685803684,2.747167768580482,1
66120,1.747377264169529,2.7473772641697565,1
66180,1.747586566278585,2.7475865662784713,1
66240,1.747795673873668,2.747795673873327,1
66300,1.7480045864522822,2.7480045864522253,1
66360,1.7482133044781563,2.7482133044781563,1
66420,1.7484218295667233,2.748421829567178,1
66480,1.7486301629504624,2.7486301629506897,1
66540,1.7488383043043996,2.748838304304286,1
66600,1.7490462525090038,2.7490462525094017,1
66660,1.7492540076248702,2.749254007624529,1
66720,1.7494615717918691,2.7494615717921533,1
66780,1.7496689458928358,2.749668945892722,1
66840,1.7498761296413363,2.7498761296412795,1
66900,1.7500831225225397,2.7500831225226534,1
66960,1.7502899245627077,2.750289924562651,1
67020,1.7504965367349428,2.7504965367346017,1
67080,1.750702960197259,2.750702960196918,1
67140,1.7509091951922073,2.7509091951924347,1
67200,1.7511152410794466,2.7511152410802424,1
67260,1.7513210977161862,2.751321097716584,1
67320,1.751526766337065,2.7515267663376335,1
67380,1.7517322484318356,2.751732248432006,1
67440,1.7519375436543783,2.7519375436547193,1
67500,1.7521426513947063,2.7521426513949905,1
67560,1.7523475718553527,2.7523475718558643,1
67620,1.7525523058343424,2.7525523058347403,1
67680,1.752756854543577,2.7527568545436907,1
67740,1.752961218328437,2.7529612183282666,1
67800,1.753165396473264,2.7531653964730936,1
67860,1.7533693885678758,2.7533693885679895,1
67920,1.7535731957281655,2.753573195728336,1
67980,1.7537768198852177,2.7537768198852177,1
68040,1.7539802609487083,2.753980260948424,1
68100,1.7541835181175998,2.7541835181172587,1
68160,1.7543865911641205,2.7543865911638363,1
68220,1.7545894806365254,2.7545894806368096,1
68280,1.754792187933731,2.7547921879337878,1
68340,1.7549947139635833,2.7549947139632422,1
68400,1.7551970583037928,2.755197058303736,1
68460,1.7553992200526523,2.755399220053164,1
68520,1.755601199497562,2.755601199497619,1
68580,1.7558029983904362,2.7558029983910046,1
68640,1.756004618414238,2.756004618414579,1
68700,1.7562060587611086,2.7562060587618475,1
68760,1.7564073167941388,2.756407316794423,1
68820,1.756608392591147,2.756608392591829,1
68880,1.7568092912633801,2.756809291263835,1
68940,1.7570100151672818,2.757010015167282,1
69000,1.7572105606042783,2.7572105606042214,1
69060,1.7574109227849704,2.757410922784686,1
69120,1.757611103201441,2.7576111032016684,1
69180,1.7578111097026294,2.757811109703084,1
69240,1.758010942838041,2.758010942838382,1
69300,1.758210598936273,2.7582105989365573,1
69360,1.7584100753123835,2.7584100753130087,1
69420,1.7586093731048322,2.7586093731054007,1
69480,1.7588084954023202,2.7588084954026044,1
69540,1.7590074437910062,2.7590074437916314,1
69600,1.759206217406188,2.7592062174064154,1
69660,1.7594048148295087,2.75940481482985,1
69720,1.7596032357733975,2.7596032357736817,1
69780,1.7598014818870524,2.7598014818873366,1
69840,1.759999555291074,2.7599995552909036,1
69900,1.7601974560805047,2.7601974560809026,1
69960,1.7603951821200212,2.7603951821203623,1
70020,1.7605927326000597,2.760592732599548,1
70080,1.7607901097964032,2.760790109796517,1
70140,1.760987315719433,2.760987315719319,1
70200,1.761184350363294,2.761184350363237,1
70260,1.76138121255417,2.7613812125549657,1
70320,1.7615779015606563,2.7615779015601447,1
70380,1.761774418046059,2.7617744180459454,1
70440,1.7619707639485114,2.761970763948966,1
70500,1.7621669404887257,2.762166940488953,1
70560,1.7623629466566513,2.762362946656765,1
70620,1.7625587807368674,2.762558780737379,1
70680,1.7627544437043525,2.7627544437046936,1
70740,1.7629499373492763,2.762949937349333,1
70800,1.76314526256499,2.7631452625651605,1
70860,1.7633404190250985,2.763340419024587,1
70920,1.7635354061199564,2.763535406119729,1
70980,1.763730223659536,2.763730223659593,1
71040,1.7639248726516144,2.763924872651046,1
71100,1.7641193544642988,2.7641193544639577,1
71160,1.7643136692892085,2.764313669289436,1
71220,1.7645078161194192,2.764507816119931,1
71280,1.7647017942617822,2.764701794261555,1
71340,1.7648956053458846,2.764895605345828,1
71400,1.7650892521111246,2.7650892521107835,1
71460,1.7652827337137182,2.7652827337138888,1
71520,1.765476047157847,2.765476047158529,1
71580,1.7656691918706997,2.7656691918710408,1
71640,1.7658621717762344,2.765862171776348,1
71700,1.7660549906972278,2.7660549906973984,1
71760,1.7662476457587672,2.766247645758483,1
71820,1.766440133560252,2.766440133560195,1
71880,1.7666324544173904,2.7666324544168788,1
71940,1.766824611528932,2.7668246115284205,1
72000,1.7670166070855657,2.7670166070857363,1
72060,1.767208440469119,2.7672084404696307,1
72120,1.767400109879361,2.7674001098796452,1
72180,1.767591614792991,2.7675916147931616,1
72240,1.7677829564859735,2.7677829564859735,1
72300,1.7679741365664654,2.767974136566579,1
72360,1.7681651557015812,2.768165155702036,1
72420,1.7683560131647482,2.7683560131649756,1
72480,1.7685467078419492,2.7685467078422334,1
72540,1.7687372400561685,2.7687372400557138,1
72600,1.7689276118445605,2.7689276118452995,1
72660,1.769117824747184,2.7691178247474113,1
72720,1.7693078778194717,2.7693078778196423,1
72780,1.769497768895235,2.7694977688956897,1
72840,1.7696874987566389,2.7696874987564684,1
72900,1.7698770693104962,2.76987706931061,1
72960,1.7700664816596827,2.770066481659512,1
73020,1.770255735512194,2.7702557355119666,1
73080,1.7704448301118418,2.770444830111785,1
73140,1.770633765222442,2.7706337652226694,1
73200,1.7708225416474193,2.770822541647533,1
73260,1.7710111606680812,2.771011160668081,1
73320,1.7711996227272948,2.7711996227271243,1
73380,1.7713879270332882,2.7713879270334587,1
73440,1.7715760729220165,2.7715760729220733,1
73500,1.7717640612863192,2.7717640612868877,1
73560,1.7719518939925933,2.771951893992423,1
73620,1.7721395709867238,2.7721395709868943,1
73680,1.7723270915183207,2.7723270915183207,1
73740,1.772514455360465,2.7725144553599534,1
73800,1.7727016629880268,2.772701662987913,1
73860,1.7728887155824395,2.7728887155824964,1
73920,1.7730756137821118,2.7730756137822254,1
73980,1.773262357052488,2.7732623570529427,1
74040,1.7734489446612542,2.7734489446612542,1
74100,1.7736353771593372,2.7736353771591666,1
74160,1.7738216563952278,2.7738216563964784,1
74220,1.7740077826046559,2.774007782604656,1
74280,1.7741937551242017,2.7741937551243154,1
74340,1.774379573524243,2.7743795735241292,1
74400,1.7745652380696697,2.774565238069556,1
74460,1.7747507499275912,2.7747507499271933,1
74520,1.7749361100508736,2.774936110051442,1
74580,1.7751213181826984,2.7751213181823005,1
74640,1.775306373353203,2.7753063733537147,1
74700,1.7754912755256669,2.7754912755258943,1
74760,1.7756760264917375,2.7756760264917375,1
74820,1.7758606270352857,2.7758606270356267,1
74880,1.7760450768456622,2.7760450768462306,1
74940,1.7762293753152107,2.776229375315097,1
75000,1.7764135223259245,2.7764135223256403,1
75060,1.7765975186837863,2.7765975186839,1
75120,1.7767813655238456,2.7767813655239593,1
75180,1.7769650631697118,2.776965063169257,1
75240,1.777148610884126,2.777148610884069,1
75300,1.7773320081270185,2.7773320081270185,1
75360,1.7775152557530305,2.7775152557523484,1
75420,1.7776983554205685,2.77769835542108,1
75480,1.7778813070779051,2.777881307077621,1
75540,1.7780641100711136,2.778064110071682,1
75600,1.778246764207097,2.7782467642068696,1
75660,1.7784292698970603,2.7784292698970035,1
75720,1.7786116281643558,2.778611628164356,1
75780,1.7787938395953802,2.7787938395949823,1
75840,1.7789759037994486,2.7789759037993917,1
75900,1.7791578202028973,2.7791578202031815,1
75960,1.7793395892529702,2.7793395892535955,1
76020,1.779521212442205,2.7795212124423756,1
76080,1.7797026899891648,2.7797026899897332,1
76140,1.7798840214201164,2.779884021419491,1
76200,1.7800652064564133,2.7800652064566407,1
76260,1.7802462453540784,2.780246245354192,1
76320,1.7804271390583608,2.780427139059043,1
76380,1.7806078883097598,2.7806078883102145,1
76440,1.7807884928978979,2.7807884928979547,1
76500,1.7809689521229757,2.780968952123203,1
76560,1.781149266080206,2.7811492660803196,1
76620,1.7813294360635723,2.7813294360634586,1
76680,1.7815094634552793,2.7815094634555066,1
76740,1.781689347718327,2.781689347718384,1
76800,1.7818690867730425,2.781869086773213,1
76860,1.782048680729929,2.782048680729986,1
76920,1.7822281324082496,2.7822281324080222,1
76980,1.7824074439862443,2.782407443986415,1
77040,1.7825866139885989,2.782586613988542,1
77100,1.7827656389682716,2.7827656389686126,1
77160,1.7829445198653389,2.78294451986568,1
77220,1.7831232593416644,2.7831232593419486,1
77280,1.7833018588772234,2.7833018588775076,1
77340,1.7834803178483298,2.783480317848557,1
77400,1.783658634940366,2.783658634940309,1
77460,1.7838368096611816,2.783836809661125,1
77520,1.784014843081593,2.784014843081252,1
77580,1.7841927369649966,2.784192736964485,1
77640,1.78437049174795,2.7843704917478362,1
77700,1.7845481059690087,2.7845481059690087,1
77760,1.7847255786586516,2.784725578658879,1
77820,1.7849029112570634,2.7849029112574613,1
77880,1.7850801052535985,2.7850801052539396,1
77940,1.7852571608334529,2.785257160833339,1
78000,1.7854340773031936,2.785434077303023,1
78060,1.7856108541731714,2.785610854173001,1
78120,1.7857874918175867,2.7857874918172456,1
78180,1.7859639914709646,2.785963991471249,1
78240,1.786140353933206,2.7861403539333196,1
78300,1.7863165785620936,2.7863165785621504,1
78360,1.7864926643249532,2.786492664324726,1
78420,1.7866686119689348,2.786668611968821,1
78480,1.7868444227101463,2.786844422710601,1
78540,1.7870200970706378,2.7870200970708083,1
78600,1.7871956347439095,2.78719563474408,1
78660,1.7873710353300112,2.7873710353298975,1
78720,1.7875462988567392,2.7875462988569097,1
78780,1.7877214260598748,2.787721426059875,1
78840,1.7878964177904209,2.7878964177902503,1
78900,1.788071274160643,2.788071274160359,1
78960,1.788245994534691,2.7882459945352025,1
79020,1.78842057862488,2.7884205786245957,1
79080,1.7885950273089861,2.7885950273091566,1
79140,1.7887693419147581,2.788769341914872,1
79200,1.7889435222652423,2.7889435222651286,1
79260,1.7891175677619913,2.7891175677619913,1
79320,1.7892914782941034,2.7892914782945013,1
79380,1.7894652542767062,2.78946525427682,1
79440,1.7896388966246377,2.7896388966251493,1
79500,1.7898124058178269,2.78981240581777,1
79560,1.7899857814836082,2.7899857814834945,1
79620,1.7901590231178943,2.790159023118065,1
79680,1.7903321311082436,2.790332131108073,1
79740,1.7905051067319846,2.790505106732553,1
79800,1.7906779501965957,2.790677950197221,1
79860,1.7908506611348116,2.7908506611348685,1
79920,1.791023239321646,2.7910232393218735,1
79980,1.7911956849558237,2.7911956849559942,1
80040,1.7913679987797195,2.7913679987801174,1
80100,1.7915401813887684,2.7915401813889957,1
80160,1.791712232664338,2.79171223266394,1
80220,1.7918841521276931,2.791884152127409,1
80280,1.792055939900706,2.7920559399009335,1
80340,1.7922275969638122,2.792227596963869,1
80400,1.7923991243044952,2.7923991243039836,1
80460,1.7925705214634036,2.792570521463631,1
80520,1.7927417870081968,2.792741787008538,1
80580,1.7929129212436123,2.7929129212438397,1
80640,1.7930839263516987,2.793083926351869,1
80700,1.793254803745583,2.793254803745981,1
80760,1.7934255520549982,2.7934255520553393,1
80820,1.7935961688839939,2.793596168883539,1
80880,1.793766655293382,2.7937666552936093,1
80940,1.7939370134262163,2.7939370134265005,1
81000,1.794107244233203,2.7941072442333166,1
81060,1.794277347028867,2.794277347029208,1
81120,1.7944473207929832,2.794447320792756,1
81180,1.7946171652830003,2.7946171652828866,1
81240,1.7947868815647325,2.7947868815650736,1
81300,1.7949564710767731,2.794956471076773,1
81360,1.7951259339905619,2.795125933990505,1
81420,1.795295268983864,2.795295268983466,1
81480,1.7954644754021274,2.795464475402582,1
81540,1.7956335545584352,2.79563355455889,1
81600,1.7958025077043658,2.795802507704366,1
81660,1.7959713349403614,2.795971334940873,1
81720,1.796140035655128,2.7961400356556396,1
81780,1.796308609440473,2.796308609441155,1
81840,1.796477056632284,2.7964770566321704,1
81900,1.7966453782716485,2.7966453782719327,1
81960,1.7968135750286933,2.7968135750289207,1
82020,1.796981646403026,2.7969816464030828,1
82080,1.7971495915859919,2.797149591585878,1
82140,1.7973174111728554,2.797317411173708,1
82200,1.7974851061202912,2.7974851061202344,1
82260,1.797652676844507,2.7976526768447343,1
82320,1.797820123139445,2.7978201231396724,1
82380,1.797987444716341,2.7979874447169664,1
82440,1.79815464161112,2.7981546416108927,1
82500,1.798321714494989,2.7983217144952164,1
82560,1.7984886640926447,2.798488664092588,1
82620,1.79865549036316,2.798655490363103,1
82680,1.798822192650448,2.7988221926509027,1
82740,1.7989887711706842,2.798988771171196,1
82800,1.7991552266184954,2.799155226618609,1
82860,1.7993215595201377,2.799321559519967,1
82920,1.7994877699822496,2.7994877699821927,1
82980,1.7996538576953753,2.7996538576953753,1
83040,1.7998198225217266,2.799819822521499,1
83100,1.7999856649625485,2.799985664962378,1
83160,1.8001513858280873,2.8001513858280305,1
83220,1.8003169853718646,2.8003169853722056,1
83280,1.8004824630530152,2.800482463052788,1
83340,1.8006478182993533,2.800647818299467,1
83400,1.8008130518353482,2.800813051835405,1
83460,1.8009781653365735,2.800978165336801,1
83520,1.801143158991863,2.8011431589920903,1
83580,1.8013080312695706,2.8013080312695706,1
83640,1.8014727811619764,2.801472781161806,1
83700,1.8016374100447479,2.8016374100448616,1
83760,1.801801920435878,2.801801920435935,1
83820,1.8019663118986387,2.8019663118982976,1
83880,1.8021305830109213,2.8021305830111487,1
83940,1.8022947332341914,2.802294733234305,1
84000,1.8024587633719307,2.8024587633719875,1
84060,1.8026226745730014,2.8026226745729446,1
84120,1.8027864673622958,2.8027864673620115,1
84180,1.8029501412935929,2.802950141293195,1
84240,1.8031136955877969,2.803113695588195,1
84300,1.8032771304150401,2.803277130415381,1
84360,1.8034404471086987,2.803440447108244,1
84420,1.8036036465193774,2.8036036465193206,1
84480,1.8037667278956064,2.8037667278959475,1
84540,1.8039296905859032,2.803929690585676,1
84600,1.804092534875565,2.804092534875508,1
84660,1.8042552615866612,2.8042552615869454,1
84720,1.8044178713064412,2.804417871306839,1
84780,1.804580364042124,2.80458036404184,1
84840,1.8047427392621103,2.8047427392619397,1
84900,1.8049049967922883,2.8049049967928,1
84960,1.8050671374433591,2.805067137443757,1
85020,1.8052291622500434,2.805229162250157,1
85080,1.8053910709383558,2.805391070938697,1
85140,1.8055528629741389,2.8055528629745368,1
85200,1.8057145383381226,2.805714538337895,1
85260,1.8058760974599863,2.805876097460498,1
85320,1.8060375411362202,2.806037541136618,1
85380,1.8061988696736648,2.8061988696734943,1
85440,1.8063600826271795,2.806360082627293,1
85500,1.806521179571746,2.8065211795719165,1
85560,1.8066821609716612,2.8066821609715475,1
85620,1.8068430279934091,2.80684302799375,1
85680,1.8070037807102608,2.8070037807104313,1
85740,1.807164418691741,2.807164418691059,1
85800,1.807324941721106,2.8073249417213333,1
85860,1.8074853500059476,2.807485350006175,1
85920,1.8076456442539666,2.8076456442543645,1
85980,1.8078058249856213,2.8078058249856213,1
86040,1.8079658920230486,2.8079658920230486,1
86100,1.8081258448794983,2.808125844879669,1
86160,1.8082856836614383,2.808285683661893,1
86220,1.8084454093940394,2.8084454093947215,1
86280,1.8086050224133032,2.808605022412962,1
86340,1.8087645224998141,2.8087645225003826,1
86400,1.8089239093956166,2.8089239093956166,1
86460,1.809083183151074,2.809083183151529,1
86520,1.80924234431086,2.8092423443114285,1
86580,1.8094013934540953,2.8094013934540385,1
86640,1.8095603306176145,2.8095603306171597,1
86700,1.8097191553748644,2.809719155374978,1
86760,1.8098778676243796,2.8098778676241523,1
86820,1.8100364680591383,2.810036468059195,1
86880,1.8101949575193998,2.810194957519343,1
86940,1.8103533357889319,2.810353335788932,1
87000,1.8105116024618724,2.8105116024622703,1
87060,1.8106697575652788,2.8106697575649378,1
87120,1.810827801478979,2.810827801478922,1
87180,1.8109857348582636,2.810985734858207,1
87240,1.8111435579414206,2.811143557941705,1
87300,1.8113012703724394,2.8113012703723825,1
87360,1.8114588718543132,2.811458871854029,1
87420,1.811616362835025,2.8116163628348545,1
87480,1.8117737442782982,2.811773744278355,1
87540,1.8119310162140891,2.8119310162139755,1
87600,1.8120881782863307,2.812088178286672,1
87660,1.8122452303591103,2.812245230359224,1
87720,1.8124021726483193,2.8124021726483193,1
87780,1.812559005773494,2.8125590057740624,1
87840,1.8127157301631769,2.812715730162779,1
87900,1.8128723456495095,2.812872345649396,1
87960,1.813028851843228,2.8130288518437396,1
88020,1.8131852488876916,2.8131852488876348,1
88080,1.8133415376792072,2.813341537679378,1
88140,1.8134977184915329,2.813497718492215,1
88200,1.8136537911356072,2.813653791136346,1
88260,1.8138097554094657,2.8138097554102046,1
88320,1.8139656113789329,2.8139656113787623,1
88380,1.8141213595274053,2.81412135952786,1
88440,1.8142770003556166,2.814277000355787,1
88500,1.814432533902277,2.814432533902277,1
88560,1.814587959824678,2.8145879598243937,1
88620,1.814743278062565,2.8147432780627355,1
88680,1.8148984892147269,2.8148984892148974,1
88740,1.8150535939941506,2.815053593994662,1
88800,1.8152085923901495,2.815208592390377,1
88860,1.8153634837042318,2.8153634837040045,1
88920,1.8155182680519601,2.815518268051619,1
88980,1.8156729460538372,2.8156729460534393,1
89040,1.8158275182180432,2.8158275182186117,1
89100,1.8159819846570144,2.815981984657128,1
89160,1.8161363450593058,2.81613634505959,1
89220,1.816290599236254,2.816290599235856,1
89280,1.8164447476079886,2.816444747608159,1
89340,1.8165987909307546,2.816598790930982,1
89400,1.8167527294558568,2.8167527294556294,1
89460,1.8169065625590406,2.816906562558813,1
89520,1.8170602901266761,2.8170602901261645,1
89580,1.8172139126177171,2.8172139126172056,1
89640,1.817367430605259,2.8173674306051453,1
89700,1.8175208443507245,2.817520844350952,1
89760,1.8176741536736358,2.8176741536737495,1
89820,1.8178273582823294,2.817827358282443,1
89880,1.81798045835302,2.817980458353418,1
89940,1.8181334545854497,2.8181334545855066,1
90000,1.8182863474820579,2.818286347482342,1
90060,1.8184391367611852,2.8184391367610147,1
90120,1.8185918218441088,2.8185918218446773,1
90180,1.8187444030857591,2.818744403085475,1
90240,1.8188968811453492,2.8188968811451787,1
90300,1.8190492563758198,2.819049256375706,1
90360,1.8192015287491472,2.8192015287490335,1
90420,1.8193536979478608,2.8193536979482587,1
90480,1.8195057639529182,2.8195057639528613,1
90540,1.8196577273020011,2.819657727302399,1
90600,1.8198095886043006,2.8198095886040733,1
90660,1.8199613478553829,2.8199613478556103,1
90720,1.820113004490679,2.820113004490281,1
90780,1.820264558631095,2.820264558631152,1
90840,1.8204160108118685,2.8204160108118117,1
90900,1.8205673614665443,2.8205673614668854,1
90960,1.8207186106955646,2.8207186106953372,1
91020,1.8208697582589934,2.820869758258823,1
91080,1.8210208040263183,2.821020804026034,1
91140,1.8211717483687835,2.8211717483687266,1
91200,1.8213225919155889,2.8213225919156457,1
91260,1.8214733348693812,2.8214733348693244,1
91320,1.8216239768053129,2.8216239768054265,1
91380,1.8217745172685227,2.821774517268125,1
91440,1.8219249568282407,2.8219249568282407,1
91500,1.8220752968061333,2.8220752968056217,1
91560,1.8222255373240728,2.8222255373243,1
91620,1.8223756771316175,2.8223756771316175,1
91680,1.8225257154326755,2.8225257154330166,1
91740,1.8226756533750859,2.822675653374972,1
91800,1.8228254929860555,2.822825492986567,1
91860,1.8229752338571643,2.8229752338570506,1
91920,1.8231248747849236,2.8231248747845825,1
91980,1.8232744153278873,2.8232744153273757,1
92040,1.823423856170848,2.823423856170507,1
92100,1.8235731982693437,2.8235731982691163,1
92160,1.8237224420492453,2.8237224420498137,1
92220,1.8238715871012232,2.8238715871011095,1
92280,1.8240206327341753,2.8240206327341184,1
92340,1.8241695790674157,2.8241695790671884,1
92400,1.8243184272266149,2.824318427226956,1
92460,1.8244671779530677,2.8244671779527266,1
92520,1.8246158306038183,2.8246158306038183,1
92580,1.8247643845903667,2.8247643845904804,1
92640,1.8249128401077428,2.8249128401075154,1
92700,1.8250611978260167,2.82506119782596,1
92760,1.82520945824308,2.8252094582431937,1
92820,1.8253576213877523,2.8253576213879796,1
92880,1.8255056868174506,2.825505686817621,1
92940,1.8256536543421475,2.82565365434192,1
93000,1.8258015245792194,2.825801524579333,1
93060,1.8259492983786458,2.825949298378248,1
93120,1.8260969755431233,2.8260969755433507,1
93180,1.8262445556420062,2.826244555642006,1
93240,1.8263920386395398,2.8263920386395966,1
93300,1.8265394249446558,2.8265394249444284,1
93360,1.8266867149960149,2.8266867149962422,1
93420,1.8268339090467975,2.8268339090470818,1
93480,1.826981006893675,2.826981006893277,1
93540,1.827128008264424,2.8271280082641965,1
93600,1.8272749134240485,2.8272749134239916,1
93660,1.8274217230751901,2.8274217230754175,1
93720,1.8275684376807817,2.827568437680327,1
93780,1.8277150566621003,2.8277150566624982,1
93840,1.8278615790953268,2.8278615790954404,1
93900,1.8280080057655255,2.8280080057659234,1
93960,1.8281543382923928,2.828154338292677,1
94020,1.8283005770871341,2.828300577087475,1
94080,1.8284467205649548,2.8284467205650117,1
94140,1.8285927672602043,2.828592767259863,1
94200,1.8287387187741047,2.8287387187741615,1
94260,1.8288845768787496,2.8288845768786928,1
94320,1.8290303417218183,2.8290303417224436,1
94380,1.8291760121583707,2.8291760121583707,1
94440,1.8293215874231237,2.82932158742301,1
94500,1.8294670679553064,2.8294670679553064,1
94560,1.829612454748144,2.829612454747462,1
94620,1.8297577483099303,2.8297577483103282,1
94680,1.829902948403003,2.8299029484031735,1
94740,1.830048054611325,2.8300480546110407,1
94800,1.830193066845311,2.830193066845254,1
94860,1.8303379855923367,2.830337985592564,1
94920,1.830482811514969,2.83048281151531,1
94980,1.8306275447326925,2.8306275447326925,1
95040,1.8307721847119751,2.83077218471243,1
95100,1.830916731115849,2.8309167311156784,1
95160,1.8310611845349172,2.8310611845347466,1
95220,1.8312055459953172,2.831205545995715,1
95280,1.8313498153494834,2.831349815349313,1
95340,1.8314939920859956,2.831493992086223,1
95400,1.8316380760602442,2.8316380760604147,1
95460,1.831782067657116,2.831782067657116,1
95520,1.8319259673786519,2.831925967378595,1
95580,1.8320697754665503,2.832069775466948,1
95640,1.8322134917772814,2.8322134917768835,1
95700,1.8323571160432834,2.8323571160431698,1
95760,1.8325006483919424,2.8325006483921698,1
95820,1.8326440894264806,2.832644089426708,1
95880,1.8327874396007928,2.832787439600793,1
95940,1.832930698670566,2.832930698670509,1
96000,1.8330738660919792,2.8330738660918655,1
96060,1.8332169421577191,2.833216942157833,1
96120,1.8333599274561152,2.83335992745657,1
96180,1.833502822309697,2.833502822310038,1
96240,1.8336456266896448,2.833645626689645,1
96300,1.8337883402861053,2.8337883402859347,1
96360,1.8339309630488287,2.833930963049454,1
96420,1.83407349545314,2.834073495453879,1
96480,1.8342159380721341,2.834215938072191,1
96540,1.834358290918317,2.834358290918317,1
96600,1.8345005534343386,2.834500553434509,1
96660,1.8346427256843185,2.8346427256839206,1
96720,1.8347848081397728,2.8347848081392044,1
96780,1.83492680121401,2.8349268012145785,1
96840,1.8350687050159422,2.8350687050161696,1
96900,1.8352105193181387,2.8352105193178545,1
96960,1.8353522439562653,2.835352243956663,1
97020,1.8354938792211328,2.83549387922136,1
97080,1.8356354256858936,2.8356354256859504,1
97140,1.8357768835771253,2.835776883576898,1
97200,1.8359182525246638,2.8359182525251185,1
97260,1.8360595322254198,2.8360595322255904,1
97320,1.8362007231229995,2.8362007231232838,1
97380,1.8363418257370654,2.8363418257366675,1
97440,1.8364828402147282,2.8364828402143303,1
97500,1.8366237663994411,2.8366237663996117,1
97560,1.836764604155519,2.836764604155235,1
97620,1.8369053535915327,2.836905353591419,1
97680,1.837046015127214,2.8370460151274415,1
97740,1.8371865891105017,2.8371865891101606,1
97800,1.837327075442829,2.837327075443227,1
97860,1.837467473798199,2.8374674737980285,1
97920,1.8376077842381733,2.8376077842381164,1
97980,1.837748007367054,2.8377480073672245,1
98040,1.8378881438023313,2.837888143802843,1
98100,1.8380281932658704,2.8380281932657,1
98160,1.8381681548383426,2.8381681548381152,1
98220,1.8383080286455993,2.838308028646111,1
98280,1.8384478159969717,2.8384478159967443,1
98340,1.8385875177900743,2.838587517789904,1
98400,1.8387271332426849,2.838727133242969,1
98460,1.8388666608716449,2.8388666608720428,1
98520,1.839006101246241,2.8390061012465253,1
98580,1.8391454556143003,2.8391454556143003,1
98640,1.8392847245572739,2.8392847245575012,1
98700,1.839423907694652,2.839423907694595,1
98760,1.8395630044292943,2.8395630044295785,1
98820,1.839702014605507,2.8397020146056207,1
98880,1.8398409388197479,2.8398409388201458,1
98940,1.8399797778873221,2.839979777887663,1
99000,1.8401185318966782,2.8401185318969624,1
99060,1.840257200085091,2.8402572000848636,1
99120,1.8403957820939922,2.8403957820942196,1
99180,1.8405342786898018,2.8405342786899723,1
99240,1.8406726905773212,2.8406726905778896,1
99300,1.8408110177832668,2.840811017783494,1
99360,1.840949259933609,2.840949259933609,1
99420,1.8410874167956308,2.841087416795858,1
99480,1.8412254885899983,2.8412254885903394,1
99540,1.8413634759401134,2.841363475939943,1
99600,1.8415013792127866,2.841501379213014,1
99660,1.841639198063433,2.8416391980632056,1
99720,1.8417769319987656,2.8417769319988793,1
99780,1.841914581397532,2.841914581397532,1
99840,1.8420521468454467,2.8420521468459015,1
99900,1.8421896285823323,2.84218962858273,1
99960,1.842327026457781,2.8423270264582925,1
100020,1.8424643402743754,2.8424643402740912,1
100080,1.8426015700380844,2.842601570037914,1
100140,1.8427387161545994,2.84273871615477,1
100200,1.8428757790729833,2.8428757790729264,1
100260,1.8430127587679408,2.8430127587681113,1
100320,1.84314965481542,2.843149654815363,1
100380,1.843286467321775,2.8432864673220593,1
100440,1.8434231966936636,2.8434231966936636,1
100500,1.8435598432500342,2.843559843250091,1
100560,1.843696407059383,2.843696407059383,1
100620,1.8438328879369124,2.843832887937083,1
100680,1.8439692857836008,2.843969285783828,1
100740,1.8441056008745704,2.844105600875082,1
100800,1.8442418336773585,2.8442418336773017,1
100860,1.8443779843453854,2.844377984345442,1
100920,1.8445140525695933,2.844514052570048,1
100980,1.844650038014322,2.8446500380141515,1
101040,1.8447859410897536,2.8447859410896967,1
101100,1.8449217627542112,2.8449217627543817,1
101160,1.8450575031030212,2.845057503103533,1
101220,1.8451931612439125,2.8451931612439125,1
101280,1.8453287366082805,2.8453287366082236,1
101340,1.8454642300199566,2.8454642300200703,1
101400,1.8455996429253787,2.845599642925322,1
101460,1.8457349750261187,2.8457349750261756,1
101520,1.8458702254709465,2.8458702254713444,1
101580,1.8460053939627414,2.8460053939627983,1
101640,1.8461404810024646,2.8461404810025215,1
101700,1.846275487268997,2.846275487269054,1
101760,1.8464104130534906,2.846410413053718,1
101820,1.8465452580522879,2.8465452580525152,1
101880,1.846680021784607,2.846680021784664,1
101940,1.8468147043650447,2.846814704365727,1
102000,1.846949306620104,2.8469493066201608,1
102060,1.8470838290531901,2.847083829052849,1
102120,1.8472182711817027,2.8472182711810774,1
102180,1.847352632588752,2.8473526325888088,1
102240,1.8474869134383312,2.84748691343799,1
102300,1.8476211142329362,2.8476211142327656,1
102360,1.84775523533267,2.847755235333352,1
102420,1.8478892767434445,2.847889276743615,1
102480,1.8480232381294854,2.8480232381297697,1
102540,1.8481571193605077,2.8481571193605646,1
102600,1.8482909209059812,2.8482909209066065,1
102660,1.8484246433970384,2.84842464339755,1
102720,1.8485582866793493,2.848558286679861,1
102780,1.8486918504298728,2.8486918504300434,1
102840,1.848825334622461,2.848825334623143,1
102900,1.8489587395608282,2.84895873956134,1
102960,1.849092065571483,2.849092065571483,1
103020,1.8492253128429752,2.84922531284343,1
103080,1.8493584812301265,2.8493584812301833,1
103140,1.8494915705319386,2.849491570532109,1
103200,1.849624580940656,2.8496245809412812,1
103260,1.8497575129674146,2.849757512967642,1
103320,1.8498903669507172,2.8498903669509446,1
103380,1.8500231424771414,2.8500231424773688,1
103440,1.8501558388868489,2.8501558388866783,1
103500,1.8502884567541855,2.8502884567544697,1
103560,1.850420997240974,2.850420997240974,1
103620,1.850553460626145,2.850553460626543,1
103680,1.8506858457690214,2.850685845769192,1
103740,1.8508181516463083,2.85081815164574,1
103800,1.8509503794427928,2.8509503794428497,1
103860,1.8510825304146579,2.851082530414601,1
103920,1.8512146046357998,2.851214604636425,1
103980,1.8513466012742583,2.8513466012738604,1
104040,1.8514785198046866,2.8514785198046866,1
104100,1.8516103605735452,2.851610360572863,1
104160,1.851742124302973,2.8517421243032572,1
104220,1.851873811346934,2.8518738113468203,1
104280,1.8520054215150026,2.8520054215147184,1
104340,1.8521369545086372,2.8521369545089215,1
104400,1.8522684102764515,2.8522684102767357,1
104460,1.852399789191793,2.8523997891916792,1
104520,1.8525310917414686,2.8525310917414686,1
104580,1.8526623179956232,2.8526623179955664,1
104640,1.8527934675562392,2.8527934675561823,1
104700,1.8529245401823573,2.8529245401823573,1
104760,1.8530555363262238,2.853055536326565,1
104820,1.8531864567453908,2.853186456745334,1
104880,1.85331730132458,2.8533173013243527,1
104940,1.8534480696827131,2.8534480696824858,1
105000,1.8535787617140613,2.853578761714232,1
105060,1.8537093777055134,2.8537093777050586,1
105120,1.8538399180301326,2.8538399180300758,1
105180,1.8539703828672032,2.85397038286726,1
105240,1.8541007721138385,2.854100772114009,1
105300,1.8542310855769983,2.8542310855772257,1
105360,1.8543613233497922,2.854361323350588,1
105420,1.854491485871165,2.8544914858712787,1
105480,1.854621573471718,2.8546215734718317,1
105540,1.8547515859793293,2.8547515859792156,1
105600,1.8548815230084301,2.8548815230082027,1
105660,1.8550113847754233,2.8550113847749685,1
105720,1.8551411717029964,2.8551411717037922,1
105780,1.8552708840226728,2.8552708840230707,1
105840,1.855400521714273,2.8554005217148415,1
105900,1.8555300845609963,2.8555300845612805,1
105960,1.8556595725389684,2.8556595725393663,1
106020,1.8557889859980605,2.8557889859980605,1
106080,1.8559183253464084,2.855918325346124,1
106140,1.8560475905816247,2.856047590581511,1
106200,1.8561767813080223,2.8561767813076813,1
106260,1.8563058975868785,2.8563058975872195,1
106320,1.8564349397717592,2.8564349397720434,1
106380,1.8565639081595577,2.856563908159501,1
106440,1.8566928028208736,2.8566928028216694,1
106500,1.8568216235869954,2.8568216235872796,1
106560,1.856950370345828,2.8569503703457144,1
106620,1.8570790433242337,2.857079043324518,1
106680,1.8572076429466051,2.857207642946605,1
106740,1.8573361693716492,2.8573361693719335,1
106800,1.8574646223182185,2.8574646223182754,1
106860,1.8575930014517894,2.8575930014521305,1
106920,1.8577213070984726,2.857721307098757,1
106980,1.8578495401471855,2.8578495401476403,1
107040,1.8579777007332723,2.8579777007332154,1
107100,1.858105788048647,2.858105788048533,1
107160,1.8582338015096411,2.858233801510096,1
107220,1.8583617418000813,2.858361741800593,1
107280,1.8584896102769903,2.858489610277104,1
107340,1.8586174067264665,2.8586174067260117,1
107400,1.858745130371858,2.858745130371915,1
107460,1.8588727808907493,2.858872780891261,1
107520,1.859000358697017,2.8590003586971875,1
107580,1.8591278644102545,2.8591278644109934,1
107640,1.8592552983201358,2.8592552983202495,1
107700,1.8593826601737078,2.859382660173935,1
107760,1.8595099495112208,2.859509949511448,1
107820,1.8596371663868467,2.859637166387074,1
107880,1.8597643115300002,2.85976431153,1
107940,1.8598913854436319,2.8598913854438592,1
108000,1.8600183877045424,2.860018387704656,1
108060,1.8601453179109058,2.8601453179110194,1
108120,1.8602721761763519,2.8602721761764087,1
108180,1.8603989629419857,2.86039896294227,1
108240,1.8605256785432402,2.8605256785434676,1
108300,1.8606523230047287,2.860652323004672,1
108360,1.8607788960187577,2.8607788960190987,1
108420,1.8609053974345215,2.8609053974344647,1
108480,1.861031827650379,2.8610318276505495,1
108540,1.8611581872549436,2.8611581872552847,1
108600,1.8612844761258884,2.8612844761258884,1
108660,1.8614106939632507,2.8614106939633075,1
108720,1.8615368407172923,2.861536840717463,1
108780,1.8616629166465373,2.86166291664631,1
108840,1.861788922044866,2.8617889220450365,1
108900,1.8619148570970196,2.8619148570970196,1
108960,1.8620407216729404,2.8620407216729973,1
109020,1.8621665155722553,2.8621665155721985,1
109080,1.8622922389405403,2.862292238940995,1
109140,1.8624178922808028,2.86241789228103,1
109200,1.862543475676091,2.8625434756756363,1
109260,1.8626689889752015,2.8626689889751447,1
109320,1.8627944320807615,2.8627944320806478,1
109380,1.8629198050632567,2.8629198050632567,1
109440,1.8630451082180457,2.8630451082181594,1
109500,1.8631703417958079,2.863170341796433,1
109560,1.8632955057611298,2.8632955057607887,1
109620,1.8634205999067603,2.8634205999069877,1
109680,1.8635456242467967,2.8635456242471946,1
109740,1.863670579156576,2.8636705791570307,1
109800,1.8637954650592405,2.8637954650592974,1
109860,1.8639202818320655,2.8639202818324065,1
109920,1.864045028888313,2.864045028888256,1
109980,1.8641697062605544,2.8641697062606113,1
110040,1.8642943147626738,2.864294314762617,1
110100,1.8644188550211425,2.8644188550208582,1
110160,1.8645433266121358,2.8645433266125337,1
110220,1.864667728573636,2.86466772857392,1
110280,1.8647920612168036,2.8647920612169173,1
110340,1.864916325329773,2.8649163253298866,1
110400,1.8650405213220438,2.865040521322044,1
110460,1.8651646489885252,2.865164648988298,1
110520,1.8652887079543348,2.8652887079541074,1
110580,1.8654126981059562,2.8654126981062404,1
110640,1.8655366198105412,2.865536619810996,1
110700,1.8656604736084432,2.865660473608898,1
110760,1.8657842595967509,2.865784259596637,1
110820,1.8659079773004805,2.865907977300651,1
110880,1.8660316264571293,2.8660316264573567,1
110940,1.8661552075504346,2.8661552075505483,1
111000,1.8662787210593592,2.866278721059473,1
111060,1.866402167032902,2.8664021670334705,1
111120,1.8665255452418705,2.8665255452418705,1
111180,1.8666488555279557,2.8666488555279557,1
111240,1.866772098014053,2.8667720980139393,1
111300,1.866895273109094,2.866895273108696,1
111360,1.8670183810875187,2.8670183810876324,1
111420,1.8671414217586175,2.8671414217582765,1
111480,1.8672643947850247,2.8672643947850815,1
111540,1.8673873003878043,2.86738730038752,1
111600,1.8675101389521842,2.8675101389524684,1
111660,1.8676329106614844,2.8676329106617686,1
111720,1.867755615476426,2.8677556154763124,1
111780,1.8678782531952152,2.867878253194988,1
111840,1.8680008238129062,2.8680008238127925,1
111900,1.8681233276550415,2.868123327655155,1
111960,1.8682457650684796,2.868245765068366,1
112020,1.8683681360170112,2.8683681360166133,1
112080,1.8684904401484914,2.8684904401487756,1
112140,1.8686126775427851,2.86861267754324,1
112200,1.8687348485235589,2.868734848523161,1
112260,1.8688569533365467,2.868856953336831,1
112320,1.8689789920238127,2.8689789920243243,1
112380,1.8691009644223868,2.8691009644220458,1
112440,1.8692228704471177,2.869222870447345,1
112500,1.8693447103201493,2.8693447103200924,1
112560,1.8694664844133513,2.869466484413408,1
112620,1.8695881928298377,2.869588192829667,1
112680,1.8697098352569697,2.8697098352570265,1
112740,1.8698314116588222,2.8698314116595043,1
112800,1.8699529222752744,2.86995292227499,1
112860,1.8700743673810507,2.8700743673808233,1
112920,1.870195747091259,2.870195747091202,1
112980,1.8703170613055136,2.870317061306139,1
113040,1.8704383098930748,2.8704383098927906,1
113100,1.8705594929650715,2.870559492964844,1
113160,1.8706806108692149,2.870680610869954,1
113220,1.8708016638271943,2.8708016638271943,1
113280,1.8709226516730837,2.870922651673311,1
113340,1.8710435741461993,2.87104357414637,1
113400,1.8711644314518026,2.8711644314520868,1
113460,1.8712852239200402,2.8712852239195286,1
113520,1.8714059517032524,2.871405951703366,1
113580,1.8715266147693228,2.8715266147693796,1
113640,1.8716472129588055,2.8716472129584645,1
113700,1.8717677462869915,2.871767746286821,1
113760,1.8718882150418494,2.87188821504202,1
113820,1.8720086195158387,2.8720086195158387,1
113880,1.872128959672068,2.8721289596722954,1
113940,1.8722492352277982,2.8722492352280824,1
114000,1.8723694462681806,2.8723694462682943,1
114060,1.872489593076466,2.872489593076466,1
114120,1.8726096758605308,2.872609675860531,1
114180,1.8727296946573802,2.8727296946572096,1
114240,1.8728496493368993,2.8728496493365583,1
114300,1.8729695398434956,2.872969539844121,1
114360,1.8730893663802135,2.873089366380384,1
114420,1.8732091292597488,2.873209129259749,1
114480,1.8733288285648086,2.8733288285648655,1
114540,1.8734484640736468,2.87344846407359,1
114600,1.8735680355757154,2.8735680355763407,1
114660,1.8736875433882574,2.8736875433878595,1
114720,1.8738069881529782,2.873806988152694,1
114780,1.873926369886476,2.8739263698864193,1
114840,1.874045687957107,2.874045687957164,1
114900,1.8741649420253452,2.8741649420251747,1
114960,1.8742841327108408,2.87428413271158,1
115020,1.8744032609743044,2.8744032609743613,1
115080,1.8745223265546542,2.8745223265546542,1
115140,1.8746413288554322,2.87464132885583,1
115200,1.874760267708325,2.87476026770878,1
115260,1.8748791434857708,2.8748791434854866,1
115320,1.8749979566508728,2.8749979566517823,1
115380,1.8751167073830288,2.8751167073831994,1
115440,1.8752353954482714,2.875235395448385,1
115500,1.8753540205240142,2.8753540205239005,1
115560,1.875472582721386,2.8754725827216703,1
115620,1.8755910826191666,2.875591082619053,1
115680,1.875709520525504,2.8757095205260157,1
115740,1.8758278960949042,2.8758278960954726,1
115800,1.8759462090533816,2.8759462090534385,1
115860,1.8760644595344615,2.8760644595347458,1
115920,1.8761826478867647,2.8761826478868215,1
115980,1.8763007743465323,2.8763007743464755,1
116040,1.8764188388988714,2.8764188388991556,1
116100,1.8765368413131114,2.876536841312884,1
116160,1.8766547815212675,2.8766547815208696,1
116220,1.8767726598618992,2.8767726598622403,1
116280,1.876890476745018,2.876890476745018,1
116340,1.8770082320469896,2.8770082320471033,1
116400,1.877125925549592,2.8771259255494783,1
116460,1.8772435572512904,2.877243557251063,1
116520,1.8773611273712163,2.8773611273715574,1
116580,1.87747863612924,2.877478636129638,1
116640,1.8775960836377976,2.877596083638366,1
116700,1.8777134697876363,2.8777134697871816,1
116760,1.8778307944538142,2.8778307944536436,1
116820,1.8779480577882737,2.8779480577879326,1
116880,1.8780652601417955,2.8780652601413976,1
116940,1.8781824016701307,2.8781824016709834,1
117000,1.8782994821531815,2.8782994821532952,1
117060,1.878416501369145,2.878416501369486,1
117120,1.878533459568132,2.8785334595683594,1
117180,1.8786503570755144,2.8786503570754576,1
117240,1.878767193998442,2.8787671939985557,1
117300,1.8788839702436348,2.8788839702434075,1
117360,1.8790006857142885,2.8790006857142316,1
117420,1.8791173404500228,2.8791173404505344,1
117480,1.8792339346977087,2.8792339346982203,1
117540,1.8793504686884717,2.8793504686884717,1
117600,1.8794669423790538,2.8794669423794517,1
117660,1.8795833555572017,2.8795833555579975,1
117720,1.8796997082199027,2.87969970822013,1
117780,1.8798160007182219,2.8798160007184492,1
117840,1.8799322333790087,2.8799322333791224,1
117900,1.8800484060555505,2.8800484060558347,1
117960,1.8801645185599227,2.88016451856015,1
118020,1.8802805709276527,2.8802805709276527,1
118080,1.8803965633782695,2.880396563378895,1
118140,1.8805124961068032,2.880512496106803,1
118200,1.8806283691866952,2.8806283691872636,1
118260,1.8807441825064188,2.8807441825060778,1
118320,1.8808599359828122,2.880859935982926,1
118380,1.8809756297943636,2.8809756297943068,1
118440,1.8810912642562698,2.88109126425627,1
118500,1.8812068394648804,2.881206839464596,1
118560,1.881322355193788,2.8813223551940155,1
118620,1.8814378112061263,2.881437811206524,1
118680,1.8815532077808257,2.8815532077805415,1
118740,1.881668545575053,2.881668545574769,1
118800,1.8817838246428664,2.881783824642298,1
118860,1.881899044349609,2.881899044350007,1
118920,1.8820142042956718,2.8820142042957855,1
118980,1.882129305058129,2.8821293050579584,1
119040,1.8822443476377089,2.8822443476378226,1
119100,1.8823593318100507,2.882359331809994,1
119160,1.8824742569658497,2.8824742569663613,1
119220,1.8825891228889304,2.8825891228893283,1
119280,1.8827039299278,2.8827039299278567,1
119340,1.8828186785544858,2.8828186785543153,1
119400,1.882933368966178,2.8829333689662917,1
119460,1.8830480009384019,2.8830480009385724,1
119520,1.8831625741185007,2.883162574118444,1
119580,1.8832770885770174,2.8832770885774153,1
119640,1.8833915448894913,2.8833915448900598,1
119700,1.8835059434087498,2.8835059434087498,1
119760,1.8836202837870815,2.883620283787195,1
119820,1.88373456572009,2.883734565720488,1
119880,1.8838487893086722,2.8838487893091838,1
119940,1.8839629548979815,2.8839629548987773,1
120000,1.8840770627368215,2.884077062736708,1
120060,1.8841911128247375,2.884191112824965,1
120120,1.8843051049199175,2.8843051049203723,1
120180,1.8844190389189066,2.8844190389189635,1
120240,1.8845329151373562,2.8845329151372994,1
120300,1.884646734009209,2.8846467340090953,1
120360,1.8847604954235067,2.8847604954240182,1
120420,1.8848741991505449,2.88487419915117,1
120480,1.884987845162641,2.8849878451628683,1
120540,1.885101433661987,2.88510143366193,1
120600,1.885214964869192,2.8852149648694763,1
120660,1.8853284389077203,2.8853284389075498,1
120720,1.8854418556682617,2.8854418556687165,1
120780,1.8855552150066615,2.8855552150063204,1
120840,1.885668517049396,2.885668517049453,1
120900,1.8857817621744744,2.8857817621744744,1
120960,1.8858949504247562,2.8858949504250972,1
121020,1.8860080816771188,2.886008081676721,1
121080,1.8861211558605646,2.8861211558605078,1
121140,1.88623417303927,2.8862341730394974,1
121200,1.8863471334427686,2.886347133443053,1
121260,1.8864600372507425,2.8864600372511973,1
121320,1.886572884418058,2.8865728844186265,1
121380,1.886685674784701,2.8866856747848146,1
121440,1.886798408375796,2.886798408376137,1
121500,1.886911085489146,2.8869110854889186,1
121560,1.8870237064370485,2.8870237064378443,1
121620,1.8871362710929134,2.8871362710932544,1
121680,1.887248779004949,2.8872487790054606,1
121740,1.8873612302293736,2.8873612302298852,1
121800,1.8874736254087452,2.8874736254089157,1
121860,1.8875859649955942,2.887585964995708,1
121920,1.887698248618733,2.887698248619074,1
121980,1.8878104755512481,2.887810475551646,1
122040,1.8879226460661016,2.88792264606559,1
122100,1.8880347607759518,2.888034760776293,1
122160,1.8881468199723486,2.888146819972576,1
122220,1.8882588234767468,2.888258823476974,1
122280,1.8883707709998703,2.888370771000268,1
122340,1.888482662466572,2.8884826624667994,1
122400,1.8885944981714147,2.8885944981715284,1
122460,1.8887062785198054,2.888706278519976,1
122520,1.8888180035591517,2.888818003559379,1
122580,1.8889296729175271,2.888929672917641,1
122640,1.8890412864200812,2.889041286420138,1
122700,1.8891528444469827,2.8891528444470964,1
122760,1.8892643473519684,2.889264347352082,1
122820,1.88937579515175,2.889375795151466,1
122880,1.8894871876629509,2.8894871876635193,1
122940,1.8895985247736462,2.8895985247731346,1
123000,1.8897098065928049,2.889709806593544,1
123060,1.8898210334349983,2.8898210334353394,1
123120,1.889932205487753,2.8899322054876393,1
123180,1.8900433225851998,2.8900433225848587,1
123240,1.8901543844818889,2.890154384481832,1
123300,1.8902653913655172,2.890265391365972,1
123360,1.8903763435294536,2.8903763435298515,1
123420,1.8904872410997768,2.890487241100004,1
123480,1.8905980840072516,2.8905980840073653,1
123540,1.890708872156324,2.8907088721568357,1
123600,1.890819605550007,2.8908196055498934,1
123660,1.890930284389242,2.890930284389924,1
123720,1.8910409089020277,2.891040908902312,1
123780,1.8911514790835895,2.8911514790831916,1
123840,1.8912619947279836,2.891261994728552,1
123900,1.8913724558893819,2.8913724558895524,1
123960,1.8914828627667362,2.8914828627674183,1
124020,1.8915932155234714,2.8915932155236987,1
124080,1.8917035141979,2.891703514197843,1
124140,1.8918137587041315,2.8918137587040746,1
124200,1.891923948996748,2.891923948996862,1
124260,1.892034085212856,2.892034085212572,1
124320,1.8921441675853998,2.8921441675854,1
124380,1.892254196194699,2.892254196195154,1
124440,1.8923641708942114,2.8923641708944388,1
124500,1.8924740915221605,2.8924740915218763,1
124560,1.8925839582807953,2.8925839582813637,1
124620,1.892693771647771,2.892693771647714,1
124680,1.8928035316758383,2.892803531675554,1
124740,1.8929132379276439,2.8929132379278713,1
124800,1.8930228901237456,2.893022890124257,1
124860,1.8931324886737002,2.893132488674212,1
124920,1.893242034298794,2.8932420342985665,1
124980,1.8933515268573728,2.8933515268567476,1
125040,1.893460965930501,2.8934609659310695,1
125100,1.8935703513725457,2.89357035137283,1
125160,1.893679683432424,2.8936796834323673,1
125220,1.8937889624512536,2.8937889624512536,1
125280,1.8938981885798398,2.893898188580067,1
125340,1.8940073616745963,2.8940073616741984,1
125400,1.8941164814961553,2.8941164814964395,1
125460,1.8942255481015877,2.8942255481016446,1
125520,1.8943345619019283,2.894334561902042,1
125580,1.8944435231583725,2.8944435231580883,1
125640,1.8945524316371802,2.8945524316371802,1
125700,1.894661287133772,2.894661287133829,1
125760,1.894770089728297,2.8947700897282402,1
125820,1.8948788396710938,2.8948788396712075,1
125880,1.894987537145198,2.8949875371449707,1
125940,1.89509618216141,2.8950961821611827,1
126000,1.8952047745600566,2.895204774560284,1
126060,1.89531331427753,2.895313314277246,1
126120,1.8954218015445008,2.895421801544387,1
126180,1.895530236678951,2.895530236679008,1
126240,1.895638619610395,2.895638619610054,1
126300,1.895746950185469,2.8957469501856394,1
126360,1.8958552283938275,2.8958552283938275,1
126420,1.8959634543559787,2.8959634543559787,1
126480,1.8960716283023658,2.8960716283024794,1
126540,1.8961797503287698,2.8961797503285993,1
126600,1.896287820314285,2.8962878203143987,1
126660,1.8963958381391421,2.896395838139199,1
126720,1.8965038039372644,2.8965038039374917,1
126780,1.89661171804471,2.8966117180441415,1
126840,1.8967195804813173,2.8967195804811467,1
126900,1.8968273911260667,2.8968273911265214,1
126960,1.8969351499225127,2.896935149923138,1
127020,1.8970428569361388,2.897042856936082,1
127080,1.8971505123759016,2.897150512376072,1
127140,1.8972581163912992,2.897258116391697,1
127200,1.8973656689266818,2.897365668926682,1
127260,1.8974731698393157,2.897473169839259,1
127320,1.8975806191695028,2.8975806191695597,1
127380,1.897688017228404,2.897688017228404,1
127440,1.8977953641146428,2.89779536411487,1
127500,1.8979026597575626,2.8979026597579036,1
127560,1.8980099040787763,2.898009904078833,1
127620,1.8981170970944845,2.8981170970944845,1
127680,1.898224238972773,2.898224238973171,1
127740,1.8983313298928124,2.8983313298928124,1
127800,1.8984383698679608,2.8984383698683587,1
127860,1.898545358767251,2.898545358767308,1
127920,1.8986522965530526,2.8986522965527115,1
127980,1.8987591834335262,2.898759183433583,1
128040,1.8988660196711749,2.8988660196712317,1
128100,1.8989728052070518,2.8989728052068244,1
128160,1.8990795399211038,2.8990795399204217,1
128220,1.8991862238151498,2.899186223814638,1
128280,1.8992928569990113,2.8992928569992387,1
128340,1.899399439669594,2.899399439670219,1
128400,1.8995059719069332,2.8995059719067626,1
128460,1.8996124536121215,2.899612453612235,1
128520,1.8997188846988138,2.899718884699382,1
128580,1.8998252652932024,2.8998252652934298,1
128640,1.8999315956773444,2.899931595677458,1
128700,1.9000378758665306,2.900037875866417,1
128760,1.900144105763104,2.9001441057628767,1
128820,1.9002502853312535,2.900250285331083,1
128880,1.900356414636292,2.90035641463669,1
128940,1.9004624938596066,2.9004624938600045,1
129000,1.9005685231260259,2.900568523125969,1
129060,1.900674502388597,2.9006745023888243,1
129120,1.9007804315382373,2.900780431539033,1
129180,1.9008863106260492,2.9008863106259355,1
129240,1.900992139888217,2.900992139887933,1
129300,1.9010979195386426,2.9010979195385858,1
129360,1.9012036494468703,2.9012036494479503,1
129420,1.9013093292583108,2.901309329258993,1
129480,1.9014149590374814,2.901414959036856,1
129540,1.9015205395318162,2.901520539531589,1
129600,1.9016260710280903,2.9016260710284882,1
129660,1.9017315529209782,2.9017315529209213,1
129720,1.9018369845117036,2.901836984512272,1
129780,1.9019423661082442,2.9019423661085284,1
129840,1.9020476989438748,2.9020476989439317,1
129900,1.9021529830533268,2.9021529830534973,1
129960,1.9022582178130278,2.90225821781263,1
130020,1.9023634027814182,2.9023634027819867,1
130080,1.9024685381507993,2.902468538150913,1
130140,1.9025736244349218,2.9025736244354334,1
130200,1.9026786619090217,2.902678661909192,1
130260,1.9027836504355378,2.9027836504359925,1
130320,1.9028885897647,2.9028885897648706,1
130380,1.902993479819429,2.9029934798193153,1
130440,1.9030983208346015,2.903098320834829,1
130500,1.9032031131595772,2.9032031131595204,1
130560,1.903307856855747,2.903307856855406,1
130620,1.9034125516151335,2.903412551615304,1
130680,1.9035171972609533,2.9035171972608964,1
130740,1.9036217941006157,2.903621794100502,1
130800,1.9037263424394268,2.903726342439711,1
130860,1.9038308423090484,2.9038308423086505,1
130920,1.9039352935595275,2.9039352935595844,1
130980,1.9040396960876933,2.9040396960882617,1
131040,1.9041440499700002,2.90414404997,1
131100,1.9042483554651426,2.90424835546537,1
131160,1.9043526127462087,2.9043526127462655,1
131220,1.9044568216886546,2.904456821688484,1
131280,1.9045609820723826,2.90456098207261,1
131340,1.904665094039899,2.9046650940400127,1
131400,1.904769157834835,2.9047691578346075,1
131460,1.9048731735736055,2.9048731735739466,1
131520,1.9049771412054497,2.9049771412052223,1
131580,1.9050810606485697,2.905081060648456,1
131640,1.9051849318958602,2.905184931895633,1
131700,1.905288755107449,2.9052887551077333,1
131760,1.905392530480583,2.9053925304810377,1
131820,1.905496258022879,2.9054962580227084,1
131880,1.9055999375587476,2.905599937558634,1
131940,1.9057035691205897,2.9057035691206465,1
132000,1.905807152873308,2.905807152873649,1
132060,1.9059106889581585,2.905910688958386,1
132120,1.9060141774119188,2.9060141774124304,1
132180,1.9061176181649557,2.90611761816524,1
132240,1.9062210111710556,2.9062210111718514,1
132300,1.9063243565381072,2.906324356537823,1
132360,1.9064276544636982,2.9064276544633003,1
132420,1.90653090502542,2.906530905025761,1
132480,1.9066341081045266,2.906634108104413,1
132540,1.9067372635526567,2.9067372635524293,1
132600,1.906840371520616,2.9068403715210707,1
132660,1.906943432420917,2.9069434324206327,1
132720,1.9070464463200096,2.907046446319839,1
132780,1.9071494128590416,2.9071494128594964,1
132840,1.9072523317742025,2.9072523317735772,1
132900,1.9073552033775627,2.9073552033772785,1
132960,1.9074580282978104,2.907458028297583,1
133020,1.9075608064455878,2.907560806445872,1
133080,1.907663537472672,2.907663537473013,1
133140,1.9077662212338282,2.9077662212341124,1
133200,1.9078688579204481,2.9078688579202208,1
133260,1.9079714478223195,2.9079714478223764,1
133320,1.9080739910787656,2.9080739910788225,1
133380,1.9081764875816134,2.908176487582068,1
133440,1.9082789371262834,2.908278937126454,1
133500,1.9083813397381277,2.908381339738469,1
133560,1.9084836957535458,2.908483695753489,1
133620,1.9085860054146906,2.908586005414179,1
133680,1.9086882685343767,2.908688268534547,1
133740,1.9087904849342863,2.908790484934343,1
133800,1.9088926546663174,2.9088926546666585,1
133860,1.9089947779383465,2.9089947779383465,1
133920,1.9090968549078866,2.909096854908057,1
133980,1.9091988855949467,2.90919888559489,1
134040,1.909300869866911,2.9093008698671383,1
134100,1.9094028076575569,2.9094028076573863,1
134160,1.909504699150773,2.9095046991506024,1
134220,1.909606544622477,2.90960654462242,1
134280,1.9097083440245797,2.90970834402475,1
134340,1.9098100972263978,2.909810097225943,1
134400,1.9099118042094574,2.9099118042101395,1
134460,1.9100134650684595,2.9100134650685163,1
134520,1.910115079999514,2.910115079999457,1
134580,1.9102166490908985,2.9102166490912964,1
134640,1.910318172248651,2.91031817224831,1
134700,1.9104196493596532,2.9104196493598806,1
134760,1.9105210805247452,2.9105210805247452,1
134820,1.910622466029622,2.9106224660293947,1
134880,1.9107238059037854,2.9107238059040696,1
134940,1.91082510004901,2.910825100049351,1
135000,1.910926348409589,2.9109263484094754,1
135060,1.911027551031907,2.911027551032248,1
135120,1.9111287080891088,2.9111287080895636,1
135180,1.9112298197157997,2.9112298197159134,1
135240,1.911330885871962,2.9113308858721894,1
135300,1.9114319064346432,2.911431906435382,1
135360,1.9115328814240797,2.911532881423909,1
135420,1.9116338110981133,2.911633811098284,1
135480,1.9117346955490575,2.9117346955490575,1
135540,1.9118355347257534,2.911835534725867,1
135600,1.9119363285582267,2.9119363285578856,1
135660,1.9120370770530144,2.912037077053128,1
135720,1.9121377803451196,2.912137780345631,1
135780,1.912238438590066,2.912238438590407,1
135840,1.9123390518062138,2.9123390518063843,1
135900,1.912439619885049,2.91243961988539,1
135960,1.9125401427853603,2.9125401427852466,1
136020,1.9126406206722208,2.912640620672107,1
136080,1.9127410537747664,2.912741053774539,1
136140,1.9128414420518993,2.91284144205207,1
136200,1.912941785401813,2.9129417854015855,1
136260,1.9130420838185955,2.9130420838181976,1
136320,1.9131423373889334,2.9131423373888197,1
136380,1.9132425462793776,2.913242546279207,1
136440,1.9133427105650185,2.913342710565132,1
136500,1.913442830166673,2.913442830167071,1
136560,1.91354290500351,2.91354290500351,1
136620,1.913642935171822,2.913642935171765,1
136680,1.9137429209118864,2.9137429209125116,1
136740,1.9138428622467814,2.913842862246895,1
136800,1.9139427590962441,2.913942759096244,1
136860,1.9140426114236107,2.9140426114233264,1
136920,1.9141424192773115,2.9141424192769705,1
136980,1.9142421828075271,2.914242182807925,1
137040,1.9143419021274326,2.914341902127319,1
137100,1.9144415772028651,2.91444157720332,1
137160,1.914541207939692,2.9145412079398056,1
137220,1.9146407943667327,2.91464079436696,1
137280,1.9147403366807794,2.9147403366811773,1
137340,1.9148398350714615,2.9148398350711773,1
137400,1.9149392894454422,2.9149392894456696,1
137460,1.9150386995298732,2.915038699530612,1
137520,1.9151380653877368,2.9151380653874526,1
137580,1.9152373874342743,2.9152373874341606,1
137640,1.9153366659320454,2.9153366659325,1
137700,1.9154359006224126,2.9154359006228105,1
137760,1.9155350910700122,2.915535091070467,1
137820,1.9156342374811857,2.915634237481356,1
137880,1.9157333402482664,2.9157333402482664,1
137940,1.9158323995396813,2.9158323995395676,1
138000,1.9159314152277602,2.9159314152284423,1
138060,1.9160303871368,2.916030387137198,1
138120,1.9161293152349117,2.9161293152350254,1
138180,1.9162281997265609,2.9162281997267314,1
138240,1.916327040866122,2.9163270408662356,1
138300,1.9164258386671804,2.9164258386678057,1
138360,1.9165245928893455,2.9165245928896866,1
138420,1.916623303447409,2.9166233034479205,1
138480,1.9167219705959155,2.9167219705958587,1
138540,1.9168205945550199,2.9168205945548493,1
138600,1.9169191753265409,2.9169191753265977,1
138660,1.9170177127940065,2.9170177127943475,1
138720,1.9171162068922172,2.9171162068921603,1
138780,1.9172146577060971,2.9172146577063245,1
138840,1.9173130654398847,2.917313065440112,1
138900,1.9174114302057887,2.9174114302062435,1
138960,1.9175097518926805,2.917509751892567,1
139020,1.9176080303561207,2.9176080303568597,1
139080,1.917706265728441,2.9177062657286115,1
139140,1.917804458199555,2.917804458199498,1
139200,1.9179026078427341,2.91790260784245,1
139260,1.9180007146274534,2.9180007146277944,1
139320,1.918098778460262,2.9180987784601484,1
139380,1.918196799358725,2.9181967993593503,1
139440,1.9182947774959302,2.9182947774954755,1
139500,1.918392713027913,2.91839271302797,1
139560,1.918490605915565,2.918490605915906,1
139620,1.9185884559938131,2.9185884559932447,1
139680,1.9186862633249007,2.918686263325071,1
139740,1.9187840280777095,2.918784028078335,1
139800,1.9188817503629139,2.9188817503631412,1
139860,1.9189794301888696,2.918979430189097,1
139920,1.919077067473438,2.9190770674737223,1
139980,1.9191746621903576,2.919174662190585,1
140040,1.9192722144650816,2.919272214465309,1
140100,1.919369724475814,2.919369724476553,1
140160,1.9194671922531938,2.919467192253137,1
140220,1.9195646176409014,2.919564617640674,1
140280,1.9196620006418357,2.9196620006422904,1
140340,1.9197593413870209,2.919759341387305,1
140400,1.9198566400073673,2.919856640008163,1
140460,1.919953896548975,2.9199538965495435,1
140520,1.9200511109560239,2.9200511109564786,1
140580,1.9201482831735461,2.9201482831734893,1
140640,1.9202454132754383,2.9202454132750972,1
140700,1.9203425014355844,2.9203425014358686,1
140760,1.9204395477448202,2.9204395477449907,1
140820,1.9205365521085582,2.920536552108274,1
140880,1.9206335144183981,2.9206335144181708,1
140940,1.9207304347939385,2.920730434794109,1
141000,1.9208273133974103,2.9208273133977514,1
141060,1.9209241502919667,2.92092415029191,1
141120,1.9210209454512892,2.921020945451687,1
141180,1.921117698804096,2.921117698804494,1
141240,1.9212144103751712,2.9212144103751143,1
141300,1.9213110803167979,2.921311080316684,1
141360,1.9214077087609098,2.92140770876091,1
141420,1.9215042956707293,2.9215042956709567,1
141480,1.9216008409167102,2.9216008409173355,1
141540,1.9216973445616645,2.921697344561551,1
141600,1.9217938067511682,2.921793806751566,1
141660,1.9218902275802634,2.921890227580377,1
141720,1.9219866070564535,2.9219866070569083,1
141780,1.9220829451151644,2.9220829451148234,1
141840,1.9221792417424126,2.9221792417428105,1
141900,1.9222754970534197,2.922275497053647,1
141960,1.9223717111977408,2.922371711198309,1
142020,1.9224678841994205,2.9224678842000458,1
142080,1.922564015944431,2.922564015944374,1
142140,1.9226601063494968,2.9226601063496673,1
142200,1.922756155601462,2.922756155601462,1
142260,1.9228521640349072,2.9228521640351914,1
142320,1.9229481316396573,2.9229481316392594,1
142380,1.92304405791333,2.923044057913785,1
142440,1.9231399427475253,2.923139942747582,1
142500,1.9232357866993652,2.923235786699081,1
142560,1.9233315903405241,2.923331590340638,1
142620,1.9234273534547697,2.923427353454997,1
142680,1.9235230751931454,2.923523075193259,1
142740,1.9236187556404616,2.923618755640632,1
142800,1.923714395356967,2.923714395356967,1
142860,1.9238099947228307,2.9238099947224896,1
142920,1.923905553631755,2.923905553631755,1
142980,1.9240010717604719,2.924001071760415,1
143040,1.9240965489899509,2.9240965489904056,1
143100,1.924191985510447,2.9241919855103333,1
143160,1.9242873815770167,2.924287381577244,1
143220,1.9243827372951046,2.924382737295332,1
143280,1.9244780525443161,2.9244780525440888,1
143340,1.924573327140081,2.924573327140024,1
143400,1.9246685611274756,2.9246685611282146,1
143460,1.924763754816297,2.92476375481624,1
143520,1.9248589083925935,2.9248589083926504,1
143580,1.9249540216717378,2.9249540216719083,1
143640,1.925049094496444,2.925049094496103,1
143700,1.9251441269262841,2.9251441269260567,1
143760,1.9252391191483298,2.92523911914833,1
143820,1.9253340712965041,2.9253340712959925,1
143880,1.9254289833697271,2.9254289833699545,1
143940,1.9255238552406695,2.9255238552410674,1
144000,1.9256186868587974,2.9256186868583995,1
144060,1.9257134783981655,2.9257134783981655,1
144120,1.925808230094276,2.925808230093992,1
144180,1.925902941887614,2.925902941886875,1
144240,1.9259976136546015,2.925997613654488,1
144300,1.926092245385064,2.9260922453848934,1
144360,1.92618683719013,2.92618683719013,1
144420,1.9262813891921837,2.9262813891919564,1
144480,1.9263759014591528,2.9263759014592097,1
144540,1.9264703739347055,2.926470373934933,1
144600,1.9265648065424443,2.926564806542615,1
144660,1.926659199351775,2.926659199352116,1
144720,1.9267535525714266,2.9267535525718813,1
144780,1.926847866227149,2.9268478662274333,1
144840,1.9269421402530043,2.926942140253118,1
144900,1.9270363746147723,2.9270363746149997,1
144960,1.9271305693475824,2.9271305693476393,1
145020,1.927224724577684,2.9272247245778544,1
145080,1.9273188404040411,2.9273188404043253,1
145140,1.9274129168050536,2.9274129168057357,1
145200,1.927506953699094,2.9275069536996057,1
145260,1.9276009511013399,2.927600951101226,1
145320,1.9276949091728284,2.9276949091728284,1
145380,1.9277888280831235,2.9277888280842035,1
145440,1.9278827077670257,2.9278827077666847,1
145500,1.9279765479847697,2.9279765479852244,1
145560,1.9280703487738151,2.928070348773417,1
145620,1.92816411047977,2.9281641104795426,1
145680,1.9282578333433662,2.9282578333435936,1
145740,1.928351517165595,2.92835151716514,1
145800,1.9284451615631042,2.9284451615629337,1
145860,1.9285387666886322,2.9285387666882343,1
145920,1.928632332873974,2.9286323328745425,1
145980,1.9287258602752786,2.928725860275563,1
146040,1.9288193487958551,2.928819348795855,1
146100,1.9289127982830223,2.9289127982837613,1
146160,1.929006208700855,2.9290062087004003,1
146220,1.929099580213176,2.9290995802130055,1
146280,1.9291929130400263,2.9291929130395147,1
146340,1.9292862072067578,2.9292862072076673,1
146400,1.9293794625143619,2.929379462514703,1
146460,1.9294726788727417,2.9294726788725143,1
146520,1.9295658564907399,2.9295658564912515,1
146580,1.9296589955614536,2.9296589955611694,1
146640,1.92975209609574,2.9297520960959673,1
146700,1.9298451579971925,2.929845157997022,1
146760,1.929938181205216,2.929938181205557,1
146820,1.9300311657842144,2.9300311657842713,1
146880,1.9301241119045471,2.9301241119043766,1
146940,1.9302170196708062,2.9302170196709767,1
147000,1.9303098889965327,2.930309888997101,1
147060,1.9304027197525215,2.9304027197525215,1
147120,1.9304955120406362,2.9304955120408636,1
147180,1.9305882660215161,2.9305882660216866,1
147240,1.930680981765704,2.9306809817659314,1
147300,1.930773659251372,2.9307736592515425,1
147360,1.9308662983975182,2.9308662983977456,1
147420,1.9309588992122144,2.930958899211703,1
147480,1.9310514618363754,2.931051461836887,1
147540,1.9311439864097224,2.9311439864097792,1
147600,1.9312364729072442,2.931236472907301,1
147660,1.9313289211868891,2.931328921186548,1
147720,1.931421331292313,2.9314213312925403,1
147780,1.9315137033634073,2.931513703363237,1
147840,1.9316060374985113,2.931606037499023,1
147900,1.9316983337102442,2.931698333709903,1
147960,1.9317905919297118,2.931790591929939,1
148020,1.9318828121294018,2.931882812129686,1
148080,1.9319749944097566,2.931974994409984,1
148140,1.9320671389245376,2.932067138924481,1
148200,1.9321592457073393,2.9321592457075667,1
148260,1.9322513146285587,2.9322513146286724,1
148320,1.9323433456819998,2.932343345682,1
148380,1.932435338973903,2.9324353389740736,1
148440,1.93252729461841,2.932527294618126,1
148500,1.93261921265821,2.9326192126587216,1
148560,1.932711093049818,2.93271109304942,1
148620,1.932802935743723,2.93280293574378,1
148680,1.9328947407955184,2.932894740795348,1
148740,1.9329865083515188,2.9329865083511777,1
148800,1.933078238495682,2.933078238495739,1
148860,1.93316993115468,2.933169931154964,1
148920,1.9332615862309126,2.9332615862313673,1
148980,1.9333532038168642,2.9333532038164094,1
149040,1.9334447840507778,2.9334447840508915,1
149100,1.9335363269918844,2.933536326992055,1
149160,1.933627832622733,2.9336278326228467,1
149220,1.9337193008801137,2.9337193008802274,1
149280,1.9338107317798858,2.9338107317804543,1
149340,1.933902125447844,2.9339021254479007,1
149400,1.93399348199938,2.9339934819992664,1
149460,1.9340848014126095,2.9340848014126664,1
149520,1.9341760835745845,2.934176083574812,1
149580,1.9342673285307228,2.9342673285308365,1
149640,1.9343585364024989,2.934358536402158,1
149700,1.9344497072737568,2.9344497072745526,1
149760,1.9345408411558083,2.934540841156263,1
149820,1.9346319379959027,2.9346319379959027,1
149880,1.9347229977765323,2.9347229977765323,1
149940,1.9348140205897835,2.934814020589897,1
150000,1.9349050065654865,2.9349050065658275,1
150060,1.9349959557315515,2.934995955731381,1
150120,1.9350868679932205,2.935086867993107,1
150180,1.9351777432730728,2.9351777432731296,1
150240,1.9352685817174233,2.9352685817177644,1
150300,1.9353593836148661,2.9353593836150935,1
150360,1.9354501489801237,2.935450148980067,1
150420,1.9355408773901672,2.9355408773899967,1
150480,1.935631568722556,2.9356315687231813,1
150540,1.9357222234310711,2.93572222343181,1
150600,1.9358128420211074,2.935812842021221,1
150660,1.935903424349135,2.935903424349874,1
150720,1.9359939696904007,2.935993969690628,1
150780,1.9360844780799766,2.9360844780803745,1
150840,1.936174949976646,2.936174949976987,1
150900,1.9362653857195369,2.9362653857195937,1
150960,1.9363557852424833,2.9363557852423696,1
151020,1.9364461482747402,2.936446148274797,1
151080,1.9365364747005174,2.936536474700631,1
151140,1.9366267646676079,2.936626764667892,1
151200,1.9367170183950293,2.9367170183949725,1
151260,1.9368072359802682,2.9368072359809503,1
151320,1.9368974173337392,2.936897417333739,1
151380,1.9369875622941777,2.936987562294405,1
151440,1.937077670884264,2.9370776708840935,1
151500,1.9371677433605896,2.9371677433605896,1
151560,1.937257779898232,2.9372577798991415,1
151620,1.9373477803501942,2.937347780349455,1
151680,1.9374377445747086,2.9374377445751065,1
151740,1.93752767261509,2.93752767261509,1
151800,1.9376175646253841,2.9376175646251568,1
151860,1.9377074207222336,2.937707420722518,1
151920,1.9377972409154154,2.9377972409157564,1
151980,1.937887025098803,2.9378870250990303,1
152040,1.9379767732200435,2.937976773220271,1
152100,1.938066485418517,2.9380664854190854,1
152160,1.9381561619011904,2.938156161901759,1
152220,1.9382458026253744,2.9382458026257154,1
152280,1.9383354074883528,2.9383354074881254,1
152340,1.9384249764727315,2.9384249764726746,1
152400,1.9385145096706538,2.9385145096706538,1
152460,1.9386040071840966,2.9386040071844945,1
152520,1.938693469078089,2.9386934690779185,1
152580,1.938782895309373,2.9387828953093162,1
152640,1.9388722858082588,2.9388722858084293,1
152700,1.9389616406269852,2.9389616406268715,1
152760,1.9390509599419374,2.9390509599426764,1
152820,1.9391402437829015,2.93914024378347,1
152880,1.9392294920975814,2.9392294920978657,1
152940,1.9393187048526102,2.939318704852269,1
153000,1.939407882074022,2.9394078820741925,1
153060,1.939497023867375,2.939497023867318,1
153120,1.9395861303196966,2.9395861303194124,1
153180,1.9396752014183676,2.939675201418595,1
153240,1.9397642370935841,2.939764237093641,1
153300,1.939853237350576,2.9398532373510875,1
153360,1.939942202322925,2.9399422023226975,1
153420,1.9400311321583104,2.9400311321582535,1
153480,1.9401200268149523,2.9401200268155208,1
153540,1.9402088860879871,2.940208886087703,1
153600,1.9402977099897498,2.940297709990034,1
153660,1.9403864988084933,2.9403864988084933,1
153720,1.9404752527634628,2.9404752527632354,1
153780,1.94056397170516,2.9405639717052168,1
153840,1.9406526552988907,2.940652655299118,1
153900,1.940741303655841,2.9407413036552725,1
153960,1.940829917052099,2.94082991705244,1
154020,1.940918495632502,2.940918495632559,1
154080,1.9410070393254841,2.9410070393259957,1
154140,1.9410955480016128,2.9410955480012717,1
154200,1.9411840216221776,2.9411840216221776,1
154260,1.9412724603169522,2.941272460317066,1
154320,1.9413608642755662,2.9413608642761346,1
154380,1.941449233532751,2.9414492335332625,1
154440,1.9415375679240583,2.941537567924456,1
154500,1.9416258673598463,2.94162586735996,1
154560,1.9417141320101905,2.9417141320105884,1
154620,1.9418023620440295,2.9418023620432336,1
154680,1.9418905574767678,2.9418905574775636,1
154740,1.9419787182324058,2.941978718231951,1
154800,1.9420668442551232,2.9420668442546116,1
154860,1.9421549355913044,2.94215493559102,1
154920,1.9422429923843652,2.9422429923843083,1
154980,1.9423310147297457,2.9423310147300867,1
155040,1.9424190025636108,2.942419002563838,1
155100,1.942506955768522,2.942506955769204,1
155160,1.9425948744249695,2.942594874424856,1
155220,1.9426827586675586,2.942682758667388,1
155280,1.9427706085622276,2.942770608562853,1
155340,1.9428584240955047,2.942858424095675,1
155400,1.9429462051979272,2.9429462051974724,1
155460,1.943033951869893,2.9430339518707456,1
155520,1.9431216642277604,2.943121664228272,1
155580,1.9432093423935726,2.9432093423940273,1
155640,1.9432969863552216,2.943296986355847,1
155700,1.9433845959908354,2.9433845959907217,1
155760,1.943472171329745,2.943472171330029,1
155820,1.9435597124873993,2.943559712488195,1
155880,1.9436472195515648,2.9436472195520764,1
155940,1.9437346925371912,2.9437346925375323,1
156000,1.9438221313890836,2.9438221313890267,1
156060,1.943909536078479,2.9439095360787064,1
156120,1.9439969066851859,2.9439969066853564,1
156180,1.9440842433409102,2.944084243340967,1
156240,1.9441715460826003,2.9441715460824867,1
156300,1.944258814802481,2.944258814802083,1
156360,1.9443460494893543,2.944346049489809,1
156420,1.9444332502297925,2.9444332502300767,1
156480,1.944520417120259,2.9445204171203727,1
156540,1.9446075502022495,2.944607550202136,1
156600,1.9446946494422832,2.9446946494426243,1
156660,1.9447817147967044,2.9447817147969317,1
156720,1.9448687463064402,2.9448687463062697,1
156780,1.9449557440939316,2.94495574409342,1
156840,1.9450427082383044,2.9450427082378496,1
156900,1.9451296386820331,2.945129638682033,1
156960,1.9452165353373516,2.9452165353377495,1
157020,1.94530339827719,2.9453033982772467,1
157080,1.9453902276189297,2.9453902276192707,1
157140,1.9454770234168564,2.94547702341697,1
157200,1.9455637856608519,2.945563785660511,1
157260,1.9456505142969718,2.9456505142966876,1
157320,1.9457372093319236,2.945737209331469,1
157380,1.945823870870015,2.9458238708705267,1
157440,1.94591049901436,2.9459104990148717,1
157500,1.9459970937526805,2.94599709375251,1
157560,1.9460836549873761,2.9460836549875467,1
157620,1.9461701827514162,2.94617018275153,1
157680,1.9462566771456409,2.9462566771454135,1
157740,1.9463431382436625,2.9463431382435488,1
157800,1.946429566060317,2.946429566060374,1
157860,1.94651596055121,2.9465159605516646,1
157920,1.9466023216997996,2.9466023216994017,1
157980,1.946688649577311,2.946688649577254,1
158040,1.946774944296351,2.946774944296749,1
158100,1.946861205887899,2.946861205887785,1
158160,1.9469474342740796,2.9469474342741933,1
158220,1.9470336293842934,2.947033629384805,1
158280,1.9471197913317724,2.947119791331488,1
158340,1.947205920341787,2.9472059203424124,1
158400,1.9472920164230345,2.947292016423262,1
158460,1.9473780793547917,2.947378079354962,1
158520,1.9474641090205296,2.9474641090212685,1
158580,1.947550105641426,2.947550105641767,1
158640,1.947636069552459,2.947636069552857,1
158700,1.947722000664669,2.9477220006648395,1
158760,1.9478078987710887,2.94780789877143,1
158820,1.9478937638149887,2.9478937638154434,1
158880,1.947979595929496,2.94797959592961,1
158940,1.9480653952778084,2.9480653952777516,1
159000,1.9481511619241587,2.9481511619238177,1
159060,1.9482368957873746,2.9482368957874883,1
159120,1.9483225967576914,2.948322596757748,1
159180,1.948408264877287,2.94840826487723,1
159240,1.9484939003501722,2.948493900350627,1
159300,1.9485795033076556,2.948579503308167,1
159360,1.9486650735927356,2.948665073593247,1
159420,1.9487506111021844,2.9487506111022412,1
159480,1.9488361158989278,2.9488361158987573,1
159540,1.9489215881343966,2.9489215881344535,1
159600,1.9490070278930602,2.949007027893458,1
159660,1.949092435160651,2.9490924351607077,1
159720,1.9491778098455939,2.9491778098456507,1
159780,1.949263151928676,2.9492631519293013,1
159840,1.949348461535294,2.9493484615355214,1
159900,1.9494337388126155,2.9494337388126723,1
159960,1.949518983754217,2.9495189837544444,1
160020,1.9496041962009372,2.9496041962007666,1
160080,1.9496893761669298,2.949689376167214,1
160140,1.949774523778899,2.9497745237790127,1
160200,1.949859639140584,2.949859639140243,1
160260,1.9499447222749495,2.9499447222754043,1
160320,1.9500297731100886,2.9500297731106,1
160380,1.9501147915950696,2.9501147915946717,1
160440,1.950199777805949,2.9501997778065743,1
160500,1.9502847318974545,2.9502847318970566,1
160560,1.9503696539226212,2.950369653923076,1
160620,1.9504545437491743,2.9504545437490037,1
160680,1.9505394013428372,2.9505394013434625,1
160740,1.9506242267901257,2.9506242267898983,1
160800,1.950709020203874,2.9507090202037034,1
160860,1.9507937816352978,2.9507937816353547,1
160920,1.950878511045289,2.9508785110451754,1
160980,1.9509632083670567,2.950963208367625,1
161040,1.951047873631751,2.9510478736314667,1
161100,1.9511325069752274,2.9511325069755117,1
161160,1.9512171084971328,2.9512171084969054,1
161220,1.951301678135053,2.9513016781352803,1
161280,1.9513862157647281,2.9513862157652966,1
161340,1.9514707214543705,2.9514707214543705,1
161400,1.9515551953366526,2.9515551953373915,1
161460,1.9516396374799,2.9516396374796727,1
161520,1.9517240478717781,2.951724047872233,1
161580,1.9518084264394133,2.951808426439925,1
161640,1.9518927731738813,2.9518927731741087,1
161700,1.9519770881855152,2.9519770881854015,1
161760,1.9520613715981199,2.9520613715981767,1
161820,1.9521456234047037,2.952145623404988,1
161880,1.9522298434760614,2.9522298434759477,1
161940,1.952314031831861,2.9523140318323726,1
162000,1.9523981885842545,2.9523981885842545,1
162060,1.952482313818848,2.952482313819644,1
162120,1.9525664075563895,2.952566407557015,1
162180,1.9526504697370797,2.9526504697375913,1
162240,1.9527345003260166,2.952734500326244,1
162300,1.952818499393004,2.952818499392947,1
162360,1.9529024670695776,2.9529024670700323,1
162420,1.9529864033981426,2.952986403398313,1
162480,1.953070308269787,2.9530703082699574,1
162540,1.9531541816639333,2.953154181664729,1
162600,1.953238023658514,2.9532380236582867,1
162660,1.953321834349481,2.9533218343499925,1
162720,1.9534056137804328,2.953405613780717,1
162780,1.9534893619179456,2.9534893619180593,1
162840,1.9535730787130205,2.9535730787130774,1
162900,1.9536567641982856,2.953656764198456,1
162960,1.953740418492032,2.953740418491691,1
163020,1.9538240416745793,2.9538240416738972,1
163080,1.9539076336928929,2.9539076336926655,1
163140,1.9539911944518735,2.9539911944518735,1
163200,1.9540747240150154,2.954074724015129,1
163260,1.9541582224968579,2.9541582224969147,1
163320,1.9542416899521982,2.9542416899528803,1
163380,1.9543251263729076,2.95432512637268,1
163440,1.95440853170129,2.9544085317017448,1
163500,1.9544919059370613,2.9544919059374024,1
163560,1.954575249177367,2.954575249177651,1
163620,1.954658561526287,2.954658561525889,1
163680,1.954741842976091,2.954741842976375,1
163740,1.9548250934226417,2.954825093422528,1
163800,1.9549083128919733,2.9549083128919733,1
163860,1.9549915014793555,2.9549915014790145,1
163920,1.9550746592601058,2.955074659259651,1
163980,1.9551577862481508,2.9551577862486624,1
164040,1.9552408823992664,2.9552408823993233,1
164100,1.9553239476878161,2.9553239476879867,1
164160,1.95540698218025,2.9554069821803637,1
164220,1.9554899859867305,2.9554899859866737,1
164280,1.9555729591422164,2.95557295914233,1
164340,1.9556559015690596,2.9556559015694575,1
164400,1.9557388131872813,2.955738813187054,1
164460,1.9558216940966417,2.955821694096585,1
164520,1.9559045445259358,2.955904544525481,1
164580,1.955987364493751,2.9559873644935237,1
164640,1.9560701537827754,2.9560701537831164,1
164700,1.9561529122576076,2.956152912257494,1
164760,1.9562356401185639,2.95623564011845,1
164820,1.9563183377117639,2.9563183377119344,1
164880,1.9564010049608669,2.9564010049610943,1
164940,1.9564836416593607,2.9564836416595313,1
165000,1.9565662477361911,2.9565662477356227,1
165060,1.956648823311582,2.956648823311639,1
165120,1.956731368548219,2.956731368548219,1
165180,1.9568138835150535,2.956813883515565,1
165240,1.9568963681371088,2.956896368136995,1
165300,1.9569788222971738,2.956978822296776,1
165360,1.9570612460229313,2.9570612460228176,1
165420,1.9571436395122532,2.9571436395125374,1
165480,1.9572260028849655,2.957226002884852,1
165540,1.9573083360230044,2.957308336023459,1
165600,1.9573906388261548,2.9573906388266664,1
165660,1.95747291133398,2.957472911333923,1
165720,1.957555153665453,2.957555153666192,1
165780,1.957637365906976,2.957637365907658,1
165840,1.9577195480578098,2.9577195480579235,1
165900,1.9578017000361,2.957801700036782,1
165960,1.9578838218116061,2.957883821812004,1
166020,1.9579659134976737,2.9579659134976737,1
166080,1.958047975241982,2.9580479752421525,1
166140,1.958130007007071,2.9581300070071848,1
166200,1.958212008714895,2.958212008714952,1
166260,1.9582939803584622,2.9582939803586896,1
166320,1.958375922011669,2.958375922011953,1
166380,1.9584578337524476,2.9584578337520497,1
166440,1.9585397156237718,2.9585397156238287,1
166500,1.9586215675894323,2.958621567589148,1
166560,1.9587033896007142,2.9587033896006574,1
166620,1.9587851817054798,2.9587851817054798,1
166680,1.958866944035833,2.95886694403589,1
166740,1.9589486766074629,2.9589486766079744,1
166800,1.959030379380124,2.9590303793799535,1
166860,1.9591120523307382,2.959112052331136,1
166920,1.9591936954842595,2.959193695484032,1
166980,1.9592753089206099,2.9592753089211783,1
167040,1.9593568927041929,2.959356892703738,1
167100,1.9594384468205703,2.9594384468202293,1
167160,1.9595199712183557,2.959519971218697,1
167220,1.9596014659083494,2.959601465908179,1
167280,1.95968293099412,2.959682930993722,1
167340,1.9597643665834426,2.9597643665837836,1
167400,1.959845772634992,2.9598457726352763,1
167460,1.9599271489967123,2.9599271489974512,1
167520,1.9600084956939554,2.9600084956946375,1
167580,1.9600898129480697,2.960089812947672,1
167640,1.9601711009107134,2.9601711009106566,1
167700,1.960252359455069,2.9602523594549552,1
167760,1.9603335883391537,2.960333588339097,1
167820,1.9604147876617617,2.9604147876622164,1
167880,1.9604959576351462,2.960495957635601,1
167940,1.9605770983572484,2.9605770983572484,1
168000,1.9606582097665068,2.9606582097666774,1
168060,1.9607392917666289,2.960739291767254,1
168120,1.9608203443369234,2.9608203443368666,1
168180,1.960901367582153,2.9609013675820393,1
168240,1.9609823616427775,2.9609823616424364,1
168300,1.9610633265345996,2.96106332653477,1
168360,1.9611442621304604,2.9611442621301762,1
168420,1.961225168374483,2.96122516837454,1
168480,1.9613060454027504,2.961306045403262,1
168540,1.9613868933379308,2.9613868933377034,1
168600,1.96146771218514,2.961467712185879,1
168660,1.9615485018848062,2.9615485018850336,1
168720,1.9616292623985032,2.9616292623986737,1
168780,1.961709993768011,2.9617099937681814,1
168840,1.9617906961042308,2.9617906961040603,1
168900,1.9618713694727603,2.9618713694727603,1
168960,1.9619520138194275,2.961952013819257,1
169020,1.9620326290609569,2.962032629061639,1
169080,1.9621132152648215,2.962113215264935,1
169140,1.9621937725338512,2.962193772533965,1
169200,1.962274300913748,2.9622743009139754,1
169260,1.96235480038996,2.9623548003904148,1
169320,1.9624352709125787,2.962435270912863,1
169380,1.9625157124859811,2.962515712487061,1
169440,1.9625961252032766,2.9625961252036745,1
169500,1.9626765091516631,2.962676509151322,1
169560,1.962756864315736,2.9627568643162476,1
169620,1.962837190606706,2.9628371906064785,1
169680,1.962917488053165,2.9629174880532787,1
169740,1.9629977567444143,2.9629977567444143,1
169800,1.963077996744346,2.963077996743948,1
169860,1.9631582080598946,2.96315820805944,1
169920,1.9632383906492237,2.963238390649053,1
169980,1.9633185444953938,2.9633185444951096,1
170040,1.9633986696630927,2.9633986696630927,1
170100,1.9634787662507733,2.96347876625083,1
170160,1.9635588342803771,2.9635588342801498,1
170220,1.9636388736689128,2.9636388736690265,1
170280,1.963718884414675,2.9637188844147317,1
170340,1.9637988665858757,2.9637988665866715,1
170400,1.963878820255843,2.9638788202561273,1
170460,1.963958745452544,2.9639587454526577,1
170520,1.9640386421474432,2.9640386421475,1
170580,1.9641185103101293,2.964118510309902,1
170640,1.9641983499776074,2.9641983499779485,1
170700,1.9642781612444082,2.964278161245147,1
170760,1.9643579441643624,2.964357944164533,1
170820,1.9644376986896077,2.964437698690176,1
170880,1.9645174247589239,2.964517424759265,1
170940,1.9645971224339291,2.964597122434043,1
171000,1.964676791802333,2.964676791801992,1
171060,1.9647564329027318,2.9647564329029024,1
171120,1.964836045724553,2.9648360457244394,1
171180,1.9649156302277788,2.9649156302274946,1
171240,1.9649951864231525,2.9649951864234367,1
171300,1.965074714392017,2.9650747143921876,1
171360,1.9651542142087806,2.9651542142088374,1
171420,1.965233685859971,2.965233685860028,1
171480,1.9653131292733974,2.9653131292733974,1
171540,1.9653925444804372,2.9653925444803804,1
171600,1.9654719315577722,2.965471931558227,1
171660,1.9655512905606543,2.9655512905613364,1
171720,1.9656306214967003,2.965630621496075,1
171780,1.9657099243315201,2.965709924331236,1
171840,1.9657891990562462,2.965789199056246,1
171900,1.965868445730223,2.965868445730166,1
171960,1.9659476644367828,2.96594766443701,1
172020,1.966026855193718,2.966026855194002,1
172080,1.9661060179418541,2.96610601794157,1
172140,1.9661851526321925,2.966185152631965,1
172200,1.9662642593596047,2.9662642593600026,1
172260,1.966343338309514,2.9663433383097413,1
172320,1.966422389488912,2.9664223894891393,1
172380,1.9665014126293272,2.9665014126295546,1
172440,1.9665804076557265,2.9665804076560676,1
172500,1.9666593748603987,2.966659374860683,1
172560,1.9667383145635995,2.966738314563372,1
172620,1.9668172266713668,2.9668172266706847,1
172680,1.966896110721848,2.966896110721507,1
172740,1.966974966742896,2.9669749667426686,1
172800,1.9670537950277094,2.9670537950280504,1
172860,1.9671325957939985,2.9671325957943964,1
172920,1.9672113689967432,2.9672113689969137,1
172980,1.967290114463765,2.967290114463708,1
173040,1.967368832123043,2.9673688321229292,1
173100,1.9674475220706427,2.967447522071325,1
173160,1.9675261844471947,2.967526184447138,1
173220,1.9676048193157385,2.9676048193161932,1
173280,1.9676834266173842,2.967683426617441,1
173340,1.9677620062508367,2.9677620062508367,1
173400,1.9678405582326377,2.9678405582328082,1
173460,1.967919082727633,2.967919082727633,1
173520,1.9679975798479177,2.9679975798479177,1
173580,1.9680760494983929,2.968076049498052,1
173640,1.968154491590667,2.9681544915907807,1
173700,1.9682329061536734,2.9682329061533324,1
173760,1.9683112932860354,2.968311293286149,1
173820,1.9683896530636389,2.9683896530627294,1
173880,1.9684679854918272,2.968467985491884,1
173940,1.968546290504321,2.968546290504605,1
174000,1.9686245680688899,2.9686245680692878,1
174060,1.9687028182763129,2.9687028182765403,1
174120,1.968781041257614,2.9687810412578983,1
174180,1.9688592369871571,2.968859236986532,1
174240,1.9689374053980373,2.9689374053987763,1
174300,1.9690155464837744,2.9690155464837744,1
174360,1.9690936602882516,2.9690936602880242,1
174420,1.9691717469057153,2.969171746905829,1
174480,1.9692498063782864,2.9692498063785138,1
174540,1.9693278386548627,2.969327838654806,1
174600,1.9694058436820114,2.969405843682523,1
174660,1.9694838215095842,2.9694838215095842,1
174720,1.9695617722750285,2.969561772275199,1
174780,1.9696396959893718,2.9696396959895424,1
174840,1.969717592601853,2.969717592601853,1
174900,1.9697954620855285,2.969795462085358,1
174960,1.9698733044638175,2.96987330446359,1
175020,1.9699511198203936,2.9699511198207347,1
175080,1.9700289082171025,2.970028908217671,1
175140,1.9701066696328553,2.970106669632571,1
175200,1.9701844040053516,2.970184404005863,1
175260,1.970262111346699,2.970262111346699,1
175320,1.9703397917818393,2.9703397917817824,1
175380,1.9704174453534051,2.9704174453530072,1
175440,1.970495072032179,2.970495072032577,1
175500,1.9705726717849643,2.970572671785078,1
175560,1.9706502446139211,2.970650244613921,1
175620,1.9707277905847036,2.9707277905848173,1
175680,1.970805309772004,2.970805309772345,1
175740,1.9708828021817908,2.9708828021819613,1
175800,1.9709602677590965,2.970960267759608,1
175860,1.9710377064841396,2.971037706484708,1
175920,1.9711151184387177,2.9711151184387745,1
175980,1.9711925037317997,2.97119250373197,1
176040,1.9712698623407618,2.9712698623401366,1
176100,1.9713471942138199,2.9713471942131946,1
176160,1.9714244993484158,2.971424499348643,1
176220,1.9715017777878643,2.9715017777877506,1
176280,1.9715790296107798,2.9715790296112914,1
176340,1.9716562548515526,2.9716562548519505,1
176400,1.9717334534707334,2.971733453471245,1
176460,1.9718106254279633,2.971810625427736,1
176520,1.9718877707700813,2.9718877707704223,1
176580,1.9719648896139574,2.971964889614128,1
176640,1.972041981967493,2.972041981968175,1
176700,1.972119047790386,2.9721190477902724,1
176760,1.9721960870640487,2.9721960870640487,1
176820,1.9722730998129236,2.9722730998126963,1
176880,1.9723500861090884,2.972350086108804,1
176940,1.9724270460045545,2.9724270460042703,1
177000,1.972503979481985,2.9725039794822123,1
177060,1.972580886494029,2.972580886493404,1
177120,1.9726577670552956,2.972657767055864,1
177180,1.9727346212628731,2.9727346212626458,1
177240,1.9728114492056648,2.972811449205892,1
177300,1.9728882508342735,2.97288825083416,1
177360,1.9729650260146627,2.9729650260151175,1
177420,1.9730417747824163,2.973041774782075,1
177480,1.973118497339442,2.9731184973396694,1
177540,1.9731951938101702,2.9731951938099996,1
177600,1.9732718640614166,2.9732718640614735,1
177660,1.9733485078825765,2.973348507883145,1
177720,1.9734251253777302,2.9734251253779576,1
177780,1.973501716739463,2.973501716740145,1
177840,1.9735782820454801,2.9735782820459917,1
177900,1.9736548212299567,2.9736548212301273,1
177960,1.9737313342065477,2.9737313342062635,1
178020,1.9738078209601895,2.9738078209605305,1
178080,1.9738842815920634,2.973884281592632,1
178140,1.973960716225804,2.973960716225804,1
178200,1.9740371248626616,2.9740371248630595,1
178260,1.9741135073839473,2.9741135073834926,1
178320,1.974189863750098,2.9741898637498707,1
178380,1.9742661940858284,2.9742661940860557,1
178440,1.974342498497208,2.9743424984974354,1
178500,1.9744187769822474,2.974418776981963,1
178560,1.974495029482057,2.974495029482057,1
178620,1.974571255965543,2.9745712559657704,1
178680,1.974647456475168,2.974647456475111,1
178740,1.9747236311094412,2.974723631109214,1
178800,1.9747997799200334,2.9747997799200903,1
178860,1.9748759028510108,2.9748759028504423,1
178920,1.9749519998324558,2.974951999832683,1
178980,1.9750280709296248,2.975028070929909,1
179040,1.97510411623432,2.975104116234263,1
179100,1.9751801357811019,2.9751801357809313,1
179160,1.9752561295452438,2.9752561295450164,1
179220,1.9753320974989492,2.9753320974991766,1
179280,1.9754080396487552,2.9754080396486415,1
179340,1.9754839560616801,2.975483956061794,1
179400,1.9755598468046287,2.9755598468050835,1
179460,1.9756357118704955,2.9756357118711776,1
179520,1.9757115511998222,2.975711551199879,1
179580,1.9757873647870383,2.975787364787209,1
179640,1.9758631527254806,2.9758631527255375,1
179700,1.9759389151109872,2.9759389151111577,1
179760,1.9760146519078035,2.9760146519078603,1
179820,1.9760903630617577,2.976090363061928,1
179880,1.9761660485788752,2.9761660485788184,1
179940,1.976241708519467,2.976241708519467,1
180000,1.9763173429381595,2.9763173429381027,1
180060,1.9763929518596228,2.9763929518593955,1
180120,1.9764685352534457,2.9764685352535025,1
180180,1.9765440930937075,2.97654409309348,1
180240,1.9766196254263377,2.9766196254264514,1
180300,1.9766951323407511,2.976695132340808,1
180360,1.9767706138691779,2.9767706138694052,1
180420,1.9768460699515913,2.976846069951364,1
180480,1.976921500541323,2.9769215005414367,1
180540,1.9769969057090861,2.9769969057093135,1
180600,1.9770722855359395,2.9770722855359963,1
180660,1.9771476400445636,2.9771476400446204,1
180720,1.9772229692092083,2.9772229692090377,1
180780,1.9772982730074773,2.9772982730073636,1
180840,1.9773735514568784,2.9773735514572763,1
180900,1.9774488046235206,2.977448804623691,1
180960,1.9775240325625418,2.9775240325622008,1
181020,1.9775992352565481,2.9775992352570597,1
181080,1.9776744126550057,2.977674412654892,1
181140,1.977749564766441,2.977749564766782,1
181200,1.977824691685555,2.977824691685612,1
181260,1.977899793509721,2.9778997935098346,1
181320,1.9779748701948847,2.977974870194828,1
181380,1.9780499215968916,2.978049921596778,1
181440,1.9781249477355232,2.9781249477360348,1
181500,1.9781999488164956,2.9781999488168935,1
181560,1.9782749249778249,2.9782749249776543,1
181620,1.9783498760957627,2.9783498760962743,1
181680,1.9784248019421398,2.9784248019419124,1
181740,1.9784997026061433,2.978499702606541,1
181800,1.9785745782833146,2.9785745782833715,1
181860,1.9786494290609653,2.978649429061477,1
181920,1.9787242548797508,2.9787242548799213,1
181980,1.9787990556468458,2.978799055647073,1
182040,1.9788738313399108,2.9788738313396266,1
182100,1.9789485820531354,2.978948582052851,1
182160,1.9790233079132804,2.97902330791311,1
182220,1.9790980089313166,2.9790980089314303,1
182280,1.9791726849879865,2.979172684987759,1
182340,1.9792473360290046,2.979247336029175,1
182400,1.9793219621760159,2.9793219621764706,1
182460,1.9793965635402628,2.979396563541002,1
182520,1.9794711401242466,2.9794711401243603,1
182580,1.9795456918671448,2.979545691867145,1
182640,1.9796202187336576,2.97962021873343,1
182700,1.9796947207588573,2.9796947207591984,1
182760,1.9797691980434706,2.979769198043641,1
182820,1.979843650644284,2.979843650643545,1
182880,1.979918078504852,2.9799180785046246,1
182940,1.9799924815479244,2.9799924815482655,1
183000,1.9800668598350057,2.9800668598346647,1
183060,1.9801412134577845,2.980141213457216,1
183120,1.9802155424541752,2.980215542454914,1
183180,1.9802898468014973,2.9802898468011563,1
183240,1.980364126467805,2.980364126467805,1
183300,1.9804383814546327,2.9804383814544053,1
183360,1.9805126118260432,2.980512611826043,1
183420,1.9805868176524655,2.980586817652579,1
183480,1.9806609989305457,2.980660998930432,1
183540,1.9807351555941182,2.9807351555939476,1
183600,1.9808092876605201,2.9808092876604633,1
183660,1.9808833951937004,2.98088339519353,1
183720,1.9809574782435106,2.9809574782432833,1
183780,1.9810315368210354,2.9810315368212628,1
183840,1.981105570897455,2.981105570897796,1
183900,1.9811795804591839,2.9811795804594112,1
183960,1.9812535655496504,2.9812535655499914,1
184020,1.9813275262417847,2.981327526241614,1
184080,1.9814014625592904,2.9814014625592336,1
184140,1.981475374454078,2.9814753744541918,1
184200,1.9815492618747044,2.9815492618746475,1
184260,1.9816231248883582,2.9816231248885288,1
184320,1.9816969636447084,2.9816969636449357,1
184380,1.9817707781568856,2.9817707781569425,1
184440,1.9818445682831225,2.9818445682835772,1
184500,1.9819183339383812,2.981918333938779,1
184560,1.981992075255846,2.9819920752559597,1
184620,1.982065792461583,2.982065792461867,1
184680,1.9821394855060248,2.9821394855064227,1
184740,1.9822131542556463,2.98221315425576,1
184800,1.9822867986650863,2.982286798664859,1
184860,1.982360418814892,2.982360418814949,1
184920,1.982434014813009,2.9824340148124975,1
184980,1.9825075867058786,2.9825075867062765,1
185040,1.982581134445354,2.9825811344448994,1
185100,1.9826546579545834,2.9826546579544697,1
185160,1.9827281572535753,2.9827281572542574,1
185220,1.9828016324748319,2.982801632474491,1
185280,1.982875083696797,2.9828750836965696,1
185340,1.9829485108441531,2.982948510844267,1
185400,1.983021913851644,2.983021913852099,1
185460,1.9830952927462135,2.983095292745986,1
185520,1.9831686476070445,2.983168647607158,1
185580,1.983241978492174,2.9832419784923445,1
185640,1.9833152854025116,2.983315285402682,1
185700,1.9833885682864434,2.983388568286557,1
185760,1.9834618271247564,2.983461827124927,1
185820,1.9835350619919154,2.983535061992029,1
185880,1.9836082729869418,2.983608272987624,1
185940,1.9836814600861317,2.983681460086302,1
186000,1.9837546232396903,2.9837546232396903,1
186060,1.9838277624458556,2.983827762445401,1
186120,1.983900877742144,2.9839008777427694,1
186180,1.9839739692028502,2.983973969202907,1
186240,1.984047036855543,2.9840470368553156,1
186300,1.98412008066083,2.9841200806612846,1
186360,1.9841931005814217,2.9841931005814786,1
186420,1.9842660966620542,2.984266096661713,1
186480,1.9843390690069214,2.984339069007092,1
186540,1.9844120176219349,2.9844120176223896,1
186600,1.9844849424673043,2.9844849424669633,1
186660,1.9845578435249536,2.9845578435254083,1
186720,1.9846307208171083,2.9846307208170515,1
186780,1.9847035744099912,2.9847035744103323,1
186840,1.984776404350498,2.9847764043504412,1
186900,1.9848492106183357,2.984849210618222,1
186960,1.9849219931684274,2.9849219931683137,1
187020,1.9849947520150408,2.984994752015041,1
187080,1.9850674872578793,2.9850674872578793,1
187140,1.985140198926274,2.985140198926274,1
187200,1.9852128869963508,2.985212886996635,1
187260,1.98528555144361,2.9852855514431553,1
187320,1.9853581922731678,2.985358192273111,1
187380,1.985430809538741,2.9854308095393094,1
187440,1.9855034032987078,2.9855034032984236,1
187500,1.9855759735536935,2.9855759735536367,1
187560,1.9856485202619183,2.9856485202621457,1
187620,1.9857210434133776,2.9857210434137755,1
187680,1.9857935430741236,2.9857935430740667,1
187740,1.9858660193268065,2.985866019327034,1
187800,1.9859384721517017,2.985938472151986,1
187860,1.986010901510042,2.986010901510099,1
187920,1.98608330740268,2.986083307402623,1
187980,1.986155689866166,2.9861556898667914,1
188040,1.9862280489622322,2.9862280489620048,1
188100,1.9863003847146388,2.986300384714582,1
188160,1.9863726970917241,2.9863726970920084,1
188220,1.9864449860669993,2.9864449860668287,1
188280,1.986517251680766,2.986517251681221,1
188340,1.9865894940235762,2.9865894940234625,1
188400,1.9866617130975328,2.986661713097419,1
188460,1.986733908872111,2.9867339088719405,1
188520,1.9868060813356578,2.9868060813353736,1
188580,1.9868782305099444,2.9868782305098307,1
188640,1.986950356452894,2.9869503564528372,1
188700,1.9870224592031036,2.987022459203672,1
188760,1.9870945387452252,2.987094538746021,1
188820,1.9871665950444708,2.9871665950443003,1
188880,1.9872386281178365,2.9872386281174954,1
188940,1.987310638041322,2.987310638040981,1
189000,1.9873826248820592,2.987382624882173,1
189060,1.9874545885965063,2.987454588596165,1
189120,1.9875265290709763,2.987526529071488,1
189180,1.9875984463307645,2.987598446330935,1
189240,1.987670340615466,2.9876703406154093,1
189300,1.9877422120109145,2.9877422120112556,1
189360,1.9878140603199768,2.9878140603207726,1
189420,1.9878858853234647,2.9878858853238057,1
189480,1.9879576871264817,2.9879576871264817,1
189540,1.9880294661222138,2.9880294661222706,1
189600,1.9881012223154926,2.9881012223154926,1
189660,1.9881729555035008,2.988172955503785,1
189720,1.9882446655486206,2.9882446655485637,1
189780,1.988316352516506,2.988316352516847,1
189840,1.9883880165712071,2.988388016571548,1
189900,1.9884596577985576,2.988459657798387,1
189960,1.988531276152571,2.9885312761526848,1
190020,1.9886028715529847,2.988602871553155,1
190080,1.988674443977402,2.9886744439767767,1
190140,1.9887459935019933,2.9887459935030165,1
190200,1.988817520239138,2.9888175202393654,1
190260,1.9888890242043544,2.988889024204582,1
190320,1.9889605052987918,2.9889605052989623,1
190380,1.989031963469074,2.9890319634692446,1
190440,1.989103398815189,2.9891033988150184,1
190500,1.9891748114328607,2.989174811433145,1
190560,1.9892462013310137,2.9892462013315253,1
190620,1.98931756846099,2.989317568461047,1
190680,1.989388912790787,2.9893889127905595,1
190740,1.9894602343468364,2.9894602343467227,1
190800,1.9895315332118457,2.989531533212471,1
190860,1.9896028094393046,2.9896028094394183,1
190920,1.9896740629886267,2.98967406298857,1
190980,1.9897452937899516,2.989745293789781,1
191040,1.9898165018906866,2.9898165018913687,1
191100,1.9898876873704126,2.9898876873703557,1
191160,1.9899588502629513,2.989958850263122,1
191220,1.9900299905527845,2.990029990553012,1
191280,1.990101108213537,2.990101108213139,1
191340,1.9901722032441285,2.9901722032444695,1
191400,1.9902432756969688,2.99024327569731,1
191460,1.9903143256337898,2.9903143256340172,1
191520,1.990385353056297,2.9903853530564106,1
191580,1.9904563579124783,2.990456357912251,1
191640,1.9905273401734576,2.9905273401737986,1
191700,1.9905982999301841,2.9905982999306957,1
191760,1.9906692373207875,2.990669237320958,1
191820,1.9907401523158796,2.9907401523162775,1
191880,1.990811044697864,2.990811044697921,1
191940,1.9908819144450831,2.990881914445083,1
192000,1.9909527618198695,2.9909527618198126,1
192060,1.9910235870446513,2.991023587044708,1
192120,1.991094389983914,2.9910943899838003,1
192180,1.9911651702794302,2.9911651702797144,1
192240,1.9912359280031637,2.99123592800305,1
192300,1.991306663410512,2.9913066634102847,1
192360,1.991377376645346,2.9913773766451754,1
192420,1.9914480676404764,2.991448067639908,1
192480,1.991518736251976,2.991518736251976,1
192540,1.991589382443351,2.9915893824432374,1
192600,1.991660006307086,2.9916600063068586,1
192660,1.991730607950558,2.9917306079503874,1
192720,1.9918011874087256,2.9918011874081003,1
192780,1.9918717446185497,2.9918717446186633,1
192840,1.9919422795050536,2.9919422795048263,1
192900,1.9920127921006952,2.992012792100752,1
192960,1.9920832825436605,2.9920832825441153,1
193020,1.9921537508963638,2.9921537508965343,1
193080,1.992224197070982,2.9922241970707546,1
193140,1.992294621003623,2.992294621004021,1
193200,1.9923650227310645,2.992365022731235,1
193260,1.9924354023354454,2.9924354023346496,1
193320,1.992505759868891,2.9925057598689477,1
193380,1.992576095321681,2.992576095321567,1
193440,1.9926464086353803,2.9926464086356077,1
193500,1.9927166997974837,2.992716699797029,1
193560,1.992786968890755,2.9927869688909823,1
193620,1.9928572160089857,2.9928572160089857,1
193680,1.9929274411157394,2.992927441116308,1
193740,1.9929976441582653,2.992997644157583,1
193800,1.9930678251362224,2.993067825136677,1
193860,1.9931379841032708,2.9931379841033277,1
193920,1.9932081211100012,2.9932081211099444,1
193980,1.9932782361797194,2.9932782361792647,1
194040,1.9933483292822984,2.9933483292819574,1
194100,1.9934184003875544,2.993418400387384,1
194160,1.993488449534027,2.9934884495342544,1
194220,1.9935584768083459,2.993558476809312,1
194280,1.9936284822161952,2.993628482215911,1
194340,1.9936984657239805,2.9936984657235257,1
194400,1.9937684273194805,2.9937684273195373,1
194460,1.9938383670217945,2.9938383670217377,1
194520,1.9939082848865155,2.9939082848865155,1
194580,1.9939781809520127,2.99397818095224,1
194640,1.994048055203109,2.9940480552032227,1
194700,1.994117907604675,2.9941179076049025,1
194760,1.9941877381692734,2.994187738169728,1
194820,1.9942575469708004,2.99425754697063,1
194880,1.994327334075308,2.9943273340750807,1
194940,1.9943970994406186,2.994397099440846,1
195000,1.9944668429558305,2.99446684295566,1
195060,1.994536564639418,2.9945365646387927,1
195120,1.9946062647221083,2.9946062647225062,1
195180,1.9946759432935437,2.9946759432929753,1
195240,1.994745600164208,2.9947456001644355,1
195300,1.9948152351158228,2.9948152351158797,1
195360,1.9948848482422363,2.9948848482421226,1
195420,1.9949544399268575,2.9949544399269143,1
195480,1.9950240101800318,2.995024010179634,1
195540,1.995093558805138,2.995093558805479,1
195600,1.9951630856648421,2.995163085665297,1
195660,1.995232590818091,2.9952325908182047,1
195720,1.995302074424444,2.9953020744242167,1
195780,1.9953715365676317,2.9953715365676317,1
195840,1.9954409772047939,2.995440977204737,1
195900,1.9955103962558383,2.9955103962557246,1
195960,1.9955797936966633,2.995579793696834,1
196020,1.9956491695996306,2.9956491695997443,1
196080,1.9957185240731405,2.99571852407297,1
196140,1.9957878571349852,2.995787857135383,1
196200,1.9958571686883033,2.995857168688417,1
196260,1.9959264586760241,2.9959264586757968,1
196320,1.9959957271937583,2.9959957271935878,1
196380,1.9960649743356953,2.9960649743359795,1
196440,1.996134200111669,2.996134200111669,1
196500,1.9962034044741586,2.996203404474329,1
196560,1.9962725873898535,2.9962725873897966,1
196620,1.996341748880809,2.996341748881548,1
196680,1.9964108890264356,2.9964108890263788,1
196740,1.9964800078814733,2.996480007881644,1
196800,1.9965491054065296,2.996549105406359,1
196860,1.9966181815308914,2.996618181530664,1
196920,1.9966872362981576,2.9966872362981576,1
196980,1.9967562697837025,2.996756269783077,1
197040,1.9968252820221437,2.9968252820225416,1
197100,1.9968942729991568,2.996894272998759,1
197160,1.9969632426872863,2.996963242687457,1
197220,1.9970321910828375,2.9970321910832354,1
197280,1.9971011182362304,2.997101118236344,1
197340,1.9971700242067527,2.997170024206355,1
197400,1.9972389089963372,2.997238908996678,1
197460,1.9973077725505277,2.9973077725506982,1
197520,1.997376614877794,2.9973766148772825,1
197580,1.99744543602975,2.997445436029466,1
197640,1.9975142360474933,2.9975142360481186,1
197700,1.9975830149445528,2.9975830149450644,1
197760,1.99765177269677,2.997651772697111,1
197820,1.997720509289877,2.9977205092893655,1
197880,1.9977892247554792,2.997789224755479,1
197940,1.9978579191558765,2.997857919155649,1
198000,1.9979265925146024,2.9979265925145455,1
198060,1.9979952447930032,2.9979952447928326,1
198120,1.9980638759435578,2.9980638759432736,1
198180,1.99813248601464,2.9981324860145833,1
198240,1.9982010751326698,2.9982010751328403,1
198300,1.9982696433186788,2.9982696433195315,1
198360,1.9983381904601174,2.998338190460572,1
198420,1.9984067164730845,2.9984067164730277,1
198480,1.9984752214533614,2.9984752214536456,1
198540,1.998543705598479,2.998543705598479,1
198600,1.9986121688796175,2.99861216888047,1
198660,1.9986806111880924,2.998680611188263,1
198720,1.9987490324765531,2.9987490324768373,1
198780,1.9988174328041168,2.9988174328045147,1
198840,1.9988858122601982,2.998885812260255,1
198900,1.9989541708890783,2.9989541708890215,1
198960,1.999022508657049,2.9990225086565943,1
199020,1.9990908254978308,2.999090825498058,1
199080,1.9991591214190976,2.999159121418927,1
199140,1.9992273965251002,2.9992273965251,1
199200,1.9992956508913267,2.9992956508913267,1
199260,1.9993638844590578,2.9993638844591715,1
199320,1.9994320971723027,2.9994320971724164,1
199380,1.9995002890458409,2.9995002890462388,1
199440,1.9995684601444168,2.9995684601449852,1
199500,1.9996366105159495,2.9996366105160064,1
199560,1.9997047401671466,2.999704740167658,1
199620,1.999772849055887,2.9997728490553754,1
199680,1.999840937160684,2.999840937160741,1
199740,1.9999090045384946,2.9999090045382104,1
199800,1.9999770512748114,2.999977051274527,1
199860,2.000045077354514,3.000045077353832,1
199920,2.000113082735311,3.0001130827357088,1
199980,2.000181067412143,3.000181067412484,1
200040,2.0002490314140005,3.0002490314140573,1
200100,2.0003169748003984,3.000316974800512,1
200160,2.000384897600611,3.0003848976005543,1
200220,2.0004527997826926,3.0004527997826926,1
200280,2.0005206813116274,3.000520681311457,1
200340,2.0005885422189067,3.000588542218509,1
200400,2.0006563825917283,3.0006563825922967,1
200460,2.0007242024409493,3.000724202441404,1
200520,2.0007920017351353,3.0007920017346237,1
200580,2.00085978045405,3.0008597804542774,1
200640,2.0009275386150875,3.0009275386147465,1
200700,2.000995276269009,3.000995276269066,1
200760,2.0010629934593567,3.0010629934594704,1
200820,2.0011306901729426,3.001130690172431,1
200880,2.0011983663703745,3.0011983663700903,1
200940,2.0012660220577914,3.001266022057905,1
201000,2.0013336573145466,3.001333657315058,1
201060,2.0014012721709946,3.0014012721707104,1
201120,2.0014688666083202,3.001468866608718,1
201180,2.0015364406069125,3.001536440606799,1
201240,2.0016039941670556,3.001603994166828,1
201300,2.001671527330018,3.0016715273302452,1
201360,2.0017390401447983,3.001739040145253,1
201420,2.001806532616854,3.001806532616399,1
201480,2.001874004711283,3.0018740047115102,1
201540,2.001941456416148,3.001941456416205,1
201600,2.0020088877814715,3.002008887781983,1
201660,2.0020762988783645,3.0020762988783645,1
201720,2.00214368969381,3.002143689694492,1
201780,2.0022110601966006,3.002211060197226,1
201840,2.0022784103842355,3.0022784103846334,1
201900,2.00234574028309,3.002345740283033,1
201960,2.0024130499448916,3.00241304994546,1
202020,2.0024803393930597,3.0024803393934008,1
202080,2.0025476086022422,3.0025476086021854,1
202140,2.002614857547087,3.0026148575469733,1
202200,2.0026820862572663,3.0026820862568115,1
202260,2.002749294808268,3.002749294808609,1
202320,2.002816483205663,3.0028164832058337,1
202380,2.0028836514257478,3.0028836514254067,1
202440,2.0029507994549363,3.0029507994556184,1
202500,2.0030179273093722,3.0030179273099407,1
202560,2.00308503503652,3.0030850350360083,1
202620,2.0031521226696327,3.0031521226692917,1
202680,2.0032191901981946,3.0032191901981946,1
202740,2.003286237594409,3.003286237594125,1
202800,2.0033532648641312,3.0033532648643586,1
202860,2.0034202720706276,3.0034202720702865,1
202920,2.00348725927239,3.003487259272333,1
202980,2.0035542264408264,3.003554226440997,1
203040,2.003621173489023,3.0036211734889093,1
203100,2.003688100436875,3.00368810043733,1
203160,2.0037550074137016,3.003755007413929,1
203220,2.003821894502323,3.0038218945024937,1
203280,2.003888761622136,3.0038887616225907,1
203340,2.003955608636545,3.003955608636886,1
203400,2.0040224356084764,3.004022435608306,1
203460,2.0040892426610526,3.00408924266128,1
203520,2.0041560298458307,3.0041560298465697,1
203580,2.004222797125294,3.0042227971254647,1
203640,2.004289544442827,3.004289544442713,1
203700,2.0043562717880263,3.004356271788879,1
203760,2.0044229792255237,3.0044229792258648,1
203820,2.0044896668338197,3.004489666834104,1
203880,2.004556334617348,3.004556334617064,1
203940,2.0046229825010755,3.0046229825014734,1
204000,2.0046896104586267,3.0046896104587404,1
204060,2.0047562185684455,3.0047562185680476,1
204120,2.0048228068990284,3.0048228068990284,1
204180,2.004889375452535,3.004889375452251,1
204240,2.0049559241903125,3.0049559241903694,1
204300,2.0050224530933747,3.0050224530934884,1
204360,2.005088962187642,3.0050889621879833,1
204420,2.005155451537348,3.0051554515376893,1
204480,2.005221921176826,3.0052219211766555,1
204540,2.0052883710717992,3.005288371071458,1
204600,2.005354801176452,3.0053548011759403,1
204660,2.0054212115327346,3.0054212115327914,1
204720,2.0054876021985706,3.005487602198741,1
204780,2.0055539731984027,3.005553973198573,1
204840,2.0056203245229085,3.0056203245228517,1
204900,2.0056866561413926,3.005686656142018,1
204960,2.005752968059653,3.0057529680598236,1
205020,2.0058192603323164,3.0058192603319185,1
205080,2.0058855330073015,3.00588553300787,1
205140,2.0059517860734104,3.0059517860732967,1
205200,2.006018019478063,3.006018019478347,1
205260,2.006084233241779,3.006084233241438,1
205320,2.0061504274154345,3.006150427415605,1
205380,2.006216602035238,3.006216602035522,1
205440,2.006282757103918,3.006282757103577,1
205500,2.006348892594815,3.0063488925947013,1
205560,2.0064150084998005,3.006415008500312,1
205620,2.006481104859404,3.0064811048595175,1
205680,2.006547181727626,3.0065471817279104,1
205740,2.0066132391150973,3.006613239114813,1
205800,2.006679276971795,3.0066792769725907,1
205860,2.0067452953012435,3.0067452953011866,1
205920,2.0068112941416416,3.0068112941416985,1
205980,2.0068772735353946,3.006877273535224,1
206040,2.006943233496429,3.006943233496372,1
206100,2.0070091740071803,3.0070091740079192,1
206160,2.0070750950515617,3.007075095051505,1
206220,2.0071409966519127,3.007140996652197,1
206280,2.0072068788622914,3.0072068788619504,1
206340,2.0072727417112333,3.007272741711745,1
206400,2.007338585170146,3.007338585170487,1
206460,2.007404409205037,3.0074044092049235,1
206520,2.007470213852457,3.007470213853594,1
206580,2.0075359991640767,3.0075359991637356,1
206640,2.007601765159052,3.0076017651591087,1
206700,2.007667511830334,3.0076675118302205,1
206760,2.0077332391544473,3.007733239154561,1
206820,2.0077989471400315,3.007798947139918,1
206880,2.0078646358338688,3.0078646358338688,1
206940,2.007930305278478,3.0079303052782507,1
207000,2.0079959554624907,3.0079959554625475,1
207060,2.008061586344695,3.008061586344752,1
207120,2.0081271979447024,3.0081271979447024,1
207180,2.00819279030884,3.008192790309181,1
207240,2.0082583634668936,3.0082583634672346,1
207300,2.008323917421194,3.008323917421592,1
207360,2.008389452151505,3.008389452151903,1
207420,2.008454967654245,3.0084549676547,1
207480,2.008520463964942,3.008520463964544,1
207540,2.008585941130036,3.0085859411306046,1
207600,2.0086513991583956,3.0086513991584525,1
207660,2.008716838014209,3.0087168380139815,1
207720,2.008782257670589,3.0087822576706458,1
207780,2.008847658187392,3.00884765818779,1
207840,2.00891303966921,3.0089130396689256,1
207900,2.008978402112291,3.0089784021121773,1
207960,2.0090437453607137,3.0090437453603727,1
208020,2.009109069380429,3.009109069381111,1
208080,2.009174374344809,3.0091743743446955,1
208140,2.009239660432968,3.0092396604330247,1
208200,2.009304927579194,3.009304927579535,1
208260,2.0093701755179723,3.009370175517631,1
208320,2.0094354042743703,3.009435404274484,1
208380,2.009500614024489,3.009500614024944,1
208440,2.0095658048877567,3.0095658048878136,1
208500,2.009630976831204,3.009630976830863,1
208560,2.0096961297533085,3.0096961297532516,1
208620,2.009761263618202,3.0097612636184863,1
208680,2.009826378484888,3.0098263784844903,1
208740,2.009891474432152,3.0098914744322087,1
208800,2.009956551495293,3.0099565514958613,1
208860,2.0100216096363965,3.010021609635942,1
208920,2.01008664879771,3.010086648797369,1
208980,2.010151668992876,3.0101516689930463,1
209040,2.0102166703196644,3.010216670319835,1
209100,2.0102816528362837,3.0102816528363405,1
209160,2.010346616486572,3.010346616486572,1
209220,2.01041156122011,3.0104115612206215,1
209280,2.0104764870562803,3.0104764870559393,1
209340,2.0105413940535186,3.0105413940535755,1
209400,2.010606282253775,3.0106062822540594,1
209460,2.010671151658073,3.010671151658073,1
209520,2.010736002226622,3.0107360022269063,1
209580,2.010800833943165,3.010800833943449,1
209640,2.0108656468631807,3.0108656468632375,1
209700,2.01093044105977,3.010930441060225,1
209760,2.010995216514914,3.0109952165154255,1
209820,2.011059973191209,3.0110599731913226,1
209880,2.0111247110849035,3.0111247110849035,1
209940,2.0111894302312976,3.0111894302314113,1
210000,2.0112541306686467,3.0112541306694425,1
210060,2.0113188124188923,3.011318812418665,1
210120,2.011383475464811,3.011383475465095,1
210180,2.011448119782642,3.0114481197824716,1
210240,2.0115127453943273,3.011512745394043,1
210300,2.01157735235995,3.0115773523605185,1
210360,2.0116419407205512,3.011641940721006,1
210420,2.0117065104257676,3.0117065104258813,1
210480,2.0117710613977806,3.0117710613982354,1
210540,2.0118355937044043,3.0118355937046886,1
210600,2.0119001074829725,3.0119001074832568,1
210660,2.011964602766227,3.011964602766284,1
210720,2.0120290794203015,3.0120290794202447,1
210780,2.0120935373212774,3.0120935373212205,1
210840,2.0121579766104674,3.0121579766103537,1
210900,2.0122223974362328,3.012222397436574,1
210960,2.0122867998091465,3.0122867998094875,1
211020,2.0123511836281978,3.012351183628482,1
211080,2.01241554883228,3.0124155488325073,1
211140,2.0124798954614675,3.012479895461979,1
211200,2.0125442236018216,3.0125442236021627,1
211260,2.012608533295122,3.0126085332953494,1
211320,2.0126728245188588,3.0126728245189156,1
211380,2.0127370972375047,3.012737097237391,1
211440,2.0128013514445797,3.0128013514442387,1
211500,2.012865587184649,3.012865587184706,1
211560,2.012929804514613,3.0129298045150676,1
211620,2.012994003444021,3.012994003443737,1
211680,2.013058183924727,3.0130581839244996,1
211740,2.013122345929162,3.013122345929389,1
211800,2.013186489509735,3.0131864895096783,1
211860,2.0132506147566573,3.013250614756714,1
211920,2.0133147216561156,3.013314721655945,1
211980,2.0133788101628056,3.0133788101632604,1
212040,2.0134428802654725,3.013442880265586,1
212100,2.0135069319973695,3.013506931997597,1
212160,2.0135709654024936,3.0135709654024367,1
212220,2.013634980502218,3.0136349805026725,1
212280,2.013698977284605,3.013698977284548,1
212340,2.013762955726861,3.0137629557270884,1
212400,2.013826915840525,3.013826915840525,1
212460,2.0138908576770973,3.0138908576770973,1
212520,2.0139547812755723,3.013954781275743,1
212580,2.0140186866164527,3.0140186866165664,1
212640,2.0140825736539227,3.014082573653752,1
212700,2.0141464424133346,3.0141464424133346,1
212760,2.014210292945336,3.0142102929459043,1
212820,2.0142741252781775,3.014274125278291,1
212880,2.0143379394083922,3.0143379394086196,1
212940,2.0144017353107415,3.0144017353110826,1
213000,2.0144655129830085,3.01446551298352,1
213060,2.014529272466916,3.0145292724668593,1
213120,2.014593013810668,3.014593013810554,1
213180,2.0146567370142066,3.0146567370145476,1
213240,2.0147204420310345,3.0147204420310914,1
213300,2.0147841288684276,3.0147841288680866,1
213360,2.014847797568791,3.0148477975686205,1
213420,2.014911448166515,3.0149114481664014,1
213480,2.014975080671718,3.014975080672457,1
213540,2.015038695064675,3.0150386950644474,1
213600,2.0151022913310044,3.0151022913309475,1
213660,2.0151658694982757,3.0151658694984462,1
213720,2.0152294296177047,3.0152294296177615,1
213780,2.0152929717076518,3.015292971707538,1
213840,2.015356495735773,3.0153564957355456,1
213900,2.015420001663358,3.0154200016635286,1
213960,2.015483489527753,3.0154834895275258,1
214020,2.015546959434971,3.015546959435028,1
214080,2.0156104114016102,3.015610411402008,1
214140,2.015673845332401,3.0156738453322873,1
214200,2.015737261158904,3.0157372611594724,1
214260,2.015800658962121,3.0158006589629167,1
214320,2.0158640389034304,3.015864038903601,1
214380,2.0159274009573664,3.0159274009572528,1
214440,2.0159907450316723,3.015990745032582,1
214500,2.016054071090309,3.016054071090025,1
214560,2.016117379182049,3.016117379181992,1
214620,2.0161806693797075,3.016180669379594,1
214680,2.0162439417194378,3.0162439417195515,1
214740,2.0163071961704304,3.0163071961707715,1
214800,2.0163704326799916,3.0163704326797642,1
214860,2.0164336512535783,3.016433651253408,1
214920,2.0164968519787863,3.0164968519790705,1
214980,2.0165600349158126,3.0165600349159263,1
215040,2.01662320001509,3.016623200014749,1
215100,2.0166863472285854,3.016686347228699,1
215160,2.0167494765707374,3.0167494765707943,1
215220,2.016812588094467,3.016812588094865,1
215280,2.016875681839622,3.0168756818396787,1
215340,2.0169387578101805,3.0169387578098963,1
215400,2.017001815970332,3.0170018159699907,1
215460,2.017064856301431,3.0170648563009763,1
215520,2.0171278788520794,3.017127878851909,1
215580,2.0171908836925354,3.017190883693104,1
215640,2.017253870809668,3.017253870808929,1
215700,2.017316840166586,3.0173168401668136,1
215760,2.017379791759595,3.0173797917597653,1
215820,2.017442725612227,3.017442725612227,1
215880,2.0175056417744486,3.017505641774221,1
215940,2.017568540268371,3.017568540268826,1
216000,2.017631421068131,3.017631421068188,1
216060,2.017694284143772,3.0176942841441132,1
216120,2.0177571295215557,3.017757129521385,1
216180,2.017819957273389,3.01781995727373,1
216240,2.0178827674068884,3.017882767407116,1
216300,2.0179455598959635,3.0179455598963614,1
216360,2.018008334724641,3.0180083347244704,1
216420,2.0180710919050284,3.018071091905199,1
216480,2.0181338314812933,3.018133831481464,1
216540,2.018196553486405,3.0181965534865753,1
216600,2.0182592579104153,3.018259257910472,1
216660,2.018321944719389,3.018321944719503,1
216720,2.018384613918556,3.0183846139184993,1
216780,2.018447265575162,3.0184472655748777,1
216840,2.0185098997110344,3.018509899710466,1
216900,2.018572516311565,3.018572516312247,1
216960,2.018635115359018,3.0186351153588475,1
217020,2.0186976968540193,3.0186976968539057,1
217080,2.0187602608319253,3.0187602608319253,1
217140,2.0188228073305936,3.018822807330764,1
217200,2.0188853363554813,3.0188853363557655,1
217260,2.0189478478757223,3.0189478478757223,1
217320,2.0190103418817102,3.0190103418809144,1
217380,2.019072818415623,3.0190728184167597,1
217440,2.0191352775365203,3.0191352775365203,1
217500,2.01919771923167,3.019197719231613,1
217560,2.0192601434742983,3.019260143474355,1
217620,2.0193225502619043,3.019322550262018,1
217680,2.0193849396167707,3.019384939617055,1
217740,2.0194473115831215,3.019447311582951,1
217800,2.0195096661778393,3.01950966617801,1
217860,2.019572003379608,3.0195720033797215,1
217920,2.019634323167452,3.019634323167338,1
217980,2.0196966255655298,3.019696625565018,1
218040,2.0197589106359146,3.019758910636199,1
218100,2.019821178383154,3.0198211783832676,1
218160,2.0198834287866134,3.0198834287866703,1
218220,2.0199456618352087,3.0199456618359477,1
218280,2.0200078775424117,3.0200078775424686,1
218340,2.0200700759455685,3.020070075945682,1
218400,2.0201322570736124,3.0201322570731577,1
218460,2.0201944209171643,3.02019442091688,1
218520,2.020256567450474,3.0202565674505877,1
218580,2.020318696681386,3.020318696681329,1
218640,2.0203808086599793,3.020380808660775,1
218700,2.020442903435878,3.020442903435139,1
218760,2.0205049809818547,3.020504980981684,1
218820,2.0205670412279346,3.0205670412279346,1
218880,2.020629084190716,3.0206290841910004,1
218940,2.0206911099783724,3.020691109978145,1
219000,2.0207531186561596,3.0207531186561596,1
219060,2.0208151101552403,3.0208151101555814,1
219120,2.02087708436369,3.020877084364031,1
219180,2.020939041335282,3.020939041335396,1
219240,2.0210009811730743,3.0210009811726195,1
219300,2.021062903917084,3.021062903917027,1
219360,2.021124809534001,3.021124809534456,1
219420,2.0211866979773845,3.0211866979773276,1
219480,2.0212485692395035,3.021248569239617,1
219540,2.021310423374473,3.0213104233740182,1
219600,2.0213722604455597,3.0213722604452755,1
219660,2.0214340804564586,3.0214340804565722,1
219720,2.02149588334305,3.0214958833428227,1
219780,2.0215576690835064,3.021557669083677,1
219840,2.021619437745244,3.021619437744846,1
219900,2.0216811893831164,3.021681189382946,1
219960,2.021742923997465,3.0217429239982607,1
220020,2.0218046415578215,3.02180464155731,1
220080,2.0218663420462804,3.0218663420461667,1
220140,2.0219280254847263,3.0219280254845557,1
220200,2.021989691925967,3.0219896919261373,1
220260,2.0220513413988783,3.022051341398935,1
220320,2.0221129738731634,3.022112973873618,1
220380,2.02217458931176,3.022174589311817,1
220440,2.0222361877486605,3.022236187748149,1
220500,2.022297769231727,3.0222977692316704,1
220560,2.022359333780628,3.0223593337811394,1
220620,2.022420881383482,3.022420881383823,1
220680,2.022482412024033,3.022482412024033,1
220740,2.022543925706657,3.0225439257071685,1
220800,2.0226054224658014,3.0226054224656878,1
220860,2.0226669023370505,3.0226669023369936,1
220920,2.022728365318187,3.0227283653179597,1
220980,2.0227898113772085,3.0227898113772653,1
221040,2.022851240510306,3.022851240510363,1
221100,2.022912652767161,3.022912652767161,1
221160,2.0229740481992167,3.0229740481993304,1
221220,2.023035426787601,3.023035426787658,1
221280,2.0230967885041764,3.0230967885038353,1
221340,2.0231581333512167,3.0231581333512167,1
221400,2.023219461360327,3.023219461360952,1
221460,2.0232807725620887,3.0232807725617477,1
221520,2.023342066968155,3.0233420669683255,1
221580,2.023403344564599,3.023403344564713,1
221640,2.0234646053352776,3.0234646053356755,1
221700,2.023525849306168,3.0235258493058836,1
221760,2.023587076523711,3.023587076523313,1
221820,2.023648287006324,3.023648287006324,1
221880,2.0237094807220046,3.023709480722175,1
221940,2.023770657645514,3.0237706576456276,1
222000,2.023831817814596,3.023831817814539,1
222060,2.0238929612714855,3.023892961271997,1
222120,2.0239540880299955,3.0239540880311893,1
222180,2.0240151980761993,3.0240151980761425,1
222240,2.024076291397705,3.0240762913979893,1
222300,2.024137368004233,3.0241373680040624,1
222360,2.0241984279296616,3.0241984279303438,1
222420,2.0242594712050845,3.0242594712050277,1
222480,2.024320497821577,3.0243204978217477,1
222540,2.0243815077519116,3.0243815077515706,1
222600,2.024442500999328,3.0244425009991573,1
222660,2.0245034776145303,3.0245034776150987,1
222720,2.024564437651293,3.0245644376514633,1
222780,2.0246253810847747,3.0246253810851726,1
222840,2.0246863078399997,3.024686307840227,1
222900,2.0247472179260058,3.0247472179265174,1
222960,2.0248081114507386,3.0248081114511365,1
223020,2.024868988489004,3.0248689884892315,1
223080,2.0249298489783314,3.024929848978047,1
223140,2.0249906927949723,3.024990692795029,1
223200,2.0250515199862775,3.0250515199865617,1
223260,2.0251123306543377,3.0251123306541103,1
223320,2.025173124847697,3.0251731248480382,1
223380,2.025233902535831,3.025233902535831,1
223440,2.0252946636692286,3.0252946636695697,1
223500,2.025355408234873,3.0253554082352707,1
223560,2.025416136283411,3.025416136283013,1
223620,2.025476847881748,3.025476847882203,1
223680,2.025537543037217,3.0255375430370464,1
223740,2.02559822168638,3.025598221686778,1
223800,2.025658883799167,3.0256588837998493,1
223860,2.025719529441801,3.0257195294419716,1
223920,2.0257801586722053,3.025780158671921,1
223980,2.0258407714922555,3.025840771492426,1
224040,2.0259013678710858,3.025901367870631,1
224100,2.025961947788346,3.0259619477878914,1
224160,2.0260225112637613,3.026022511263932,1
224220,2.026083058350082,3.026083058350082,1
224280,2.0261435890782877,3.0261435890780604,1
224340,2.0262041034193317,3.0262041034189906,1
224400,2.026264601331036,3.026264601330581,1
224460,2.0263250828458013,3.026325082846313,1
224520,2.026385548013934,3.026385548013991,1
224580,2.0264459968547044,3.0264459968551023,1
224640,2.0265064293563455,3.0265064293564024,1
224700,2.0265668455035097,3.026566845503396,1
224760,2.0266272452953444,3.0266272452952308,1
224820,2.0266876287652735,3.026687628765444,1
224880,2.0267479959530306,3.026747995952803,1
224940,2.0268083468561713,3.026808346856285,1
225000,2.026868681439737,3.026868681439794,1
225060,2.0269289997131636,3.026928999713391,1
225120,2.0269893017097615,3.02698930171033,1
225180,2.027049587457327,3.0270495874579524,1
225240,2.0271098569612604,3.0271098569612036,1
225300,2.0271701102071233,3.027170110206953,1
225360,2.0272303471866167,3.0272303471869577,1
225420,2.0272905679237283,3.0272905679233304,1
225480,2.0273507724569413,3.027350772456657,1
225540,2.0274109607995,3.027410960799898,1
225600,2.0274711329261663,3.02747113292628,1
225660,2.0275312888099393,3.027531288809996,1
225720,2.027591428485607,3.0275914284854366,1
225780,2.0276515520327507,3.0276515520331486,1
225840,2.0277116594602376,3.027711659460465,1
225900,2.0277717506923523,3.0277717506923523,1
225960,2.027831825683336,3.02783182568362,1
226020,2.0278918845038447,3.027891884503788,1
226080,2.0279519272741595,3.0279519272741595,1
226140,2.028011953970008,3.0280119539699513,1
226200,2.0280719645190857,3.028071964519711,1
226260,2.0281319588982,3.028131958898996,1
226320,2.0281919371494155,3.028191937149529,1
226380,2.0282518993302574,3.0282518993301437,1
226440,2.0283118454666464,3.0283118454659075,1
226500,2.028371775531866,3.0283717755320367,1
226560,2.028431689487036,3.0284316894878884,1
226620,2.0284915873417617,3.0284915873419322,1
226680,2.028551469165734,3.02855146916545,1
226740,2.028611335002438,3.0286113350026653,1
226800,2.0286711848115146,3.028671184811685,1
226860,2.0287310185597107,3.0287310185601655,1
226920,2.0287908362591907,3.028790836259816,1
226980,2.0288506379534397,3.0288506379535534,1
227040,2.028910423673153,3.0289104236729827,1
227100,2.0289701934194113,3.028970193419525,1
227160,2.0290299471654976,3.029029947165384,1
227220,2.029089684899702,3.029089684900441,1
227280,2.0291494066633504,3.029149406663578,1
227340,2.0292091125082266,3.0292091125083402,1
227400,2.0292688024226777,3.0292688024230756,1
227460,2.0293284763813517,3.0293284763810107,1
227520,2.02938813438152,3.0293881343813496,1
227580,2.029447776444158,3.0294477764444423,1
227640,2.0295074026088287,3.0295074026088855,1
227700,2.029567012890709,3.02956701289105,1
227760,2.0296266072697335,3.0296266072690514,1
227820,2.0296861857251542,3.0296861857253248,1
227880,2.0297457482803907,3.0297457482797086,1
227940,2.029805294992684,3.0298052949931957,1
228000,2.0298648258647063,3.0298648258649905,1
228060,2.0299243408751977,3.029924340875141,1
228120,2.0299838400160297,3.0299838400156887,1
228180,2.030043323296809,3.0300433232966952,1
228240,2.030102790755052,3.030102790754711,1
228300,2.030162242415031,3.0301622424151446,1
228360,2.030221678266628,3.0302216782671394,1
228420,2.0302810982870483,3.030281098286423,1
228480,2.030340502481806,3.0303405024813515,1
228540,2.030399890904846,3.0303998909047323,1
228600,2.030459263572766,3.030459263572652,1
228660,2.03051862047289,3.030518620473231,1
228720,2.030577961592826,3.03057796159311,1
228780,2.0306372869342226,3.0306372869346205,1
228840,2.0306965965269796,3.0306965965277186,1
228900,2.030755890401906,3.0307558904021334,1
228960,2.0308151685597977,3.0308151685599114,1
229020,2.0308744309789404,3.0308744309792246,1
229080,2.0309336776534224,3.030933677653593,1
229140,2.0309929086188276,3.0309929086189413,1
229200,2.0310521239197215,3.031052123918869,1
229260,2.031111323545815,3.031111323545872,1
229320,2.0311705074772703,3.0311705074774977,1
229380,2.031229675713348,3.0312296757138597,1
229440,2.031288828274967,3.0312888282746258,1
229500,2.0313479651941293,3.0313479651936177,1
229560,2.0314070864846485,3.031407086484762,1
229620,2.03146619213004,3.0314661921300967,1
229680,2.0315252821157515,3.0315252821157515,1
229740,2.0315843564631564,3.0315843564633838,1
229800,2.0316434152215948,3.031643415221936,1
229860,2.0317024583924876,3.0317024583929424,1
229920,2.0317614859593505,3.031761485959862,1
229980,2.031820497916783,3.0318204979162715,1
230040,2.031879494275927,3.0318794942756995,1
230100,2.0319384750677614,3.0319384750681593,1
230160,2.0319974403133756,3.0319974403138303,1
230220,2.0320563900050956,3.032056390005039,1
230280,2.0321153241247885,3.032115324125243,1
230340,2.032174242680867,3.0321742426810943,1
230400,2.032233145714372,3.0322331457145992,1
230460,2.0322920332619674,3.032292033262422,1
230520,2.032350905300632,3.032350905300575,1
230580,2.032409761770282,3.0324097617701113,1
230640,2.0324686026827408,3.0324686026828545,1
230700,2.032527428166759,3.032527428166361,1
230760,2.0325862382691184,3.032586238269232,1
230820,2.032645032886194,3.032645032886535,1
230880,2.0327038119012286,3.032703811901456,1
230940,2.03276257536686,3.0327625753670304,1
231000,2.032821323494204,3.032821323494204,1
231060,2.032880056287695,3.0328800562874676,1
231120,2.03293877364041,3.032938773640467,1
231180,2.0329974754786235,3.0329974754782256,1
231240,2.033056161835418,3.0330561618353613,1
231300,2.033114832799072,3.033114832799413,1
231360,2.033173488416594,3.033173488416935,1
231420,2.03323212866394,3.033232128663826,1
231480,2.0332907534981928,3.0332907534989317,1
231540,2.0333493629082113,3.0333493629086092,1
231600,2.033407956933843,3.033407956934184,1
231660,2.033466535635114,3.0334665356352275,1
231720,2.03352509902129,3.0335250990218583,1
231780,2.033583647041098,3.033583647041212,1
231840,2.033642179665094,3.033642179664753,1
231900,2.0337006969453455,3.033700696945573,1
231960,2.033759198934831,3.0337591989353427,1
232020,2.033817685638951,3.0338176856390646,1
232080,2.033876157031216,3.033876157031102,1
232140,2.0339346130958234,3.033934613095937,1
232200,2.033993053845677,3.0339930538459043,1
232260,2.0340514793253988,3.0340514793259103,1
232320,2.034109889565059,3.034109889564945,1
232380,2.0341682845424884,3.0341682845423747,1
232440,2.0342266642212508,3.0342266642213076,1
232500,2.034285028625959,3.034285028625618,1
232560,2.034343377798848,3.034343377798848,1
232620,2.034401711760154,3.03440171176004,1
232680,2.0344600305040217,3.034460030504192,1
232740,2.034518334008851,3.0345183340086237,1
232800,2.034576622273846,3.0345766222741872,1
232860,2.0346348953357847,3.034634895335728,1
232920,2.034693153232922,3.034693153233434,1
232980,2.0347513959603134,3.0347513959605976,1
233040,2.0348096234778836,3.034809623478509,1
233100,2.0348678357952963,3.0348678357958647,1
233160,2.0349260329488743,3.0349260329492154,1
233220,2.0349842149660162,3.0349842149659025,1
233280,2.035042381849962,3.0350423818502463,1
233340,2.035100533583716,3.0351005335833747,1
233400,2.0351586701566475,3.035158670156818,1
233460,2.0352167915936548,3.0352167915934274,1
233520,2.0352748979361763,3.0352748979365742,1
233580,2.0353329891960925,3.0353329891960357,1
233640,2.0353910653377625,3.0353910653381604,1
233700,2.035449126357605,3.0354491263578325,1
233760,2.0355071722821094,3.0355071722823936,1
233820,2.0355652031410614,3.035565203140834,1
233880,2.0356232189473076,3.035623218947194,1
233940,2.0356812196909004,3.0356812196909573,1
234000,2.0357392053563785,3.035739205356606,1
234060,2.0357971759569864,3.035797175956759,1
234120,2.0358551315295017,3.03585513152899,1
234180,2.035913072099163,3.035913072099504,1
234240,2.0359709976479508,3.0359709976481213,1
234300,2.0360289081474434,3.0360289081473297,1
234360,2.0360868036200372,3.0360868036199236,1
234420,2.036144684102112,3.036144684102453,1
234480,2.036202549610721,3.0362025496108913,1
234540,2.0362604001419413,3.0362604001415434,1
234600,2.0363182356780953,3.036318235677811,1
234660,2.0363760562214566,3.036376056221343,1
234720,2.036433861804767,3.036433861804767,1
234780,2.0364916524594037,3.036491652459347,1
234840,2.0365494281811607,3.036549428181388,1
234900,2.0366071889382624,3.0366071889382056,1
234960,2.0366649347416796,3.036664934741509,1
235020,2.0367226656225057,3.036722665622733,1
235080,2.0367803816044443,3.0367803816043875,1
235140,2.0368380826903945,3.0368380826904513,1
235200,2.0368957688663727,3.036895768866316,1
235260,2.036953440126581,3.0369534401264673,1
235320,2.0370110964934156,3.0370110964931314,1
235380,2.0370687380020627,3.03706873800229,1
235440,2.0371263646618445,3.0371263646621856,1
235500,2.0371839764483752,3.0371839764479205,1
235560,2.0372415733373828,3.0372415733374964,1
235620,2.037299155364849,3.0372991553653037,1
235680,2.0373567226027944,3.0373567226026807,1
235740,2.037414275052356,3.037414275052754,1
235800,2.037471812644185,3.037471812644185,1
235860,2.0375293353399684,3.0375293353403663,1
235920,2.037586843210363,3.0375868432101356,1
235980,2.0376443363596195,3.037644336359847,1
236040,2.0377018147603394,3.0377018147610215,1
236100,2.0377592783464706,3.037759278346698,1
236160,2.0378167271000507,3.0378167271001644,1
236220,2.0378741610624616,3.037874161062007,1
236280,2.0379315802844076,3.0379315802844644,1
236340,2.037988984786068,3.037988984786409,1
236400,2.0380463745419775,3.0380463745423754,1
236460,2.0381037495168357,3.0381037495171768,1
236520,2.0381611097232053,3.03816110972366,1
236580,2.038218455226911,3.03821845522657,1
236640,2.038275786059387,3.0382757860600123,1
236700,2.038333102183742,3.038333102184424,1
236760,2.038390403570247,3.038390403570247,1
236820,2.0384476902340793,3.038447690234193,1
236880,2.038504962214688,3.038504962214404,1
236940,2.0385622195369706,3.0385622195370274,1
237000,2.0386194622006997,3.0386194622010976,1
237060,2.0386766901800115,3.0386766901797273,1
237120,2.03873390346763,3.0387339034675733,1
237180,2.03879110210255,3.0387911021024365,1
237240,2.0388482861295074,3.038848286129735,1
237300,2.0389054555351436,3.038905455535769,1
237360,2.038962610295414,3.038962610295698,1
237420,2.0390197504107164,3.0390197504109437,1
237480,2.039076875901401,3.03907687590106,1
237540,2.0391339868014597,3.039133986802142,1
237600,2.039191083124649,3.039191083124308,1
237660,2.039248164848516,3.039248164848459,1
237720,2.0393052319572007,3.039305231957087,1
237780,2.0393622844744073,3.039362284473839,1
237840,2.039419322450101,3.039419322450158,1
237900,2.03947634588485,3.039476345885248,1
237960,2.0395333547591576,3.0395333547589303,1
238020,2.0395903490654064,3.0395903490653495,1
238080,2.0396473288141124,3.039647328813828,1
238140,2.039704294038927,3.039704294038927,1
238200,2.0397612447602,3.0397612447603137,1
238260,2.039818180967927,3.039818180967927,1
238320,2.039875102639428,3.0398751026399395,1
238380,2.0399320097858435,3.039932009785673,1
238440,2.0399889024535582,3.0399889024537856,1
238500,2.040045780655646,3.0400457806554755,1
238560,2.040102644378976,3.0401026443788624,1
238620,2.0401594936126344,3.040159493613089,1
238680,2.0402163283611685,3.0402163283619075,1
238740,2.0402731486507832,3.0402731486507264,1
238800,2.0403299545076266,3.0403299545073423,1
238860,2.040386745931187,3.0403867459313005,1
238920,2.040443522901228,3.040443522901228,1
238980,2.040500285415078,3.0405002854149643,1
239040,2.04055703350582,3.040557033505422,1
239100,2.040613767211653,3.0406137672114824,1
239160,2.0406704865212077,3.040670486521492,1
239220,2.040727191415556,3.04072719141584,1
239280,2.0407838818971413,3.0407838818970845,1
239340,2.0408405579844953,3.040840557984552,1
239400,2.040897219706892,3.0408972197067214,1
239460,2.040953867074677,3.040953867074677,1
239520,2.0410105000713656,3.041010500070911,1
239580,2.0410671186848504,3.0410671186852483,1
239640,2.0411237229371864,3.0411237229382095,1
239700,2.0411803128720294,3.041180312872143,1
239760,2.041236888488015,3.0412368884879584,1
239820,2.0412934497693414,3.0412934497696256,1
239880,2.0413499967124267,3.041349996712313,1
239940,2.0414065293277304,3.0414065293280146,1
240000,2.0414630476442994,3.0414630476446405,1
240060,2.0415195516796416,3.0415195516793005,1
240120,2.041576041424719,3.0415760414252304,1
240180,2.0416325168637286,3.041632516863899,1
240240,2.04168897800605,3.0416889780059932,1
240300,2.0417454248893705,3.0417454248894273,1
240360,2.0418018575450105,3.0418018575446695,1
240420,2.0418582759481296,3.041858275948698,1
240480,2.041914680045238,3.041914680045295,1
240540,2.0419710698558333,3.0419710698558333,1
240600,2.042027445494057,3.042027445494398,1
240660,2.042083806994583,3.0420838069952083,1
240720,2.0421401542581634,3.0421401542580497,1
240780,2.0421964871839577,3.042196487184242,1
240840,2.0422528058334137,3.0422528058335274,1
240900,2.0423091103935462,3.0423091103944557,1
240960,2.04236540085833,3.0423654008580456,1
241020,2.0424216771253896,3.0424216771255033,1
241080,2.042477939133562,3.0424779391333345,1
241140,2.042534186919795,3.042534186919738,1
241200,2.0425904205648635,3.042590420564977,1
241260,2.042646640105943,3.0426466401057723,1
241320,2.0427028455170557,3.0427028455171694,1
241380,2.042759036761254,3.0427590367617086,1
241440,2.0428152138285895,3.0428152138289306,1
241500,2.0428713767603313,3.042871376760104,1
241560,2.0429275256090023,3.0429275256092296,1
241620,2.0429836603782405,3.042983660378127,1
241680,2.0430397810184786,3.0430397810191607,1
241740,2.043095887508798,3.0430958875087413,1
241800,2.043151979899392,3.0431519798994486,1
241860,2.0432080582349954,3.043208058235166,1
241920,2.0432641225187353,3.043264122518508,1
241980,2.0433201727244636,3.043320172724691,1
242040,2.0433762088390495,3.0433762088393905,1
242100,2.0434322308767605,3.043432230876874,1
242160,2.0434882388790356,3.0434882388790925,1
242220,2.0435442328685554,3.0435442328684985,1
242280,2.0436002128246855,3.0436002128247424,1
242340,2.0436561787149117,3.04365617871548,1
242400,2.0437121305644155,3.0437121305641313,1
242460,2.043768068410884,3.0437680684108273,1
242520,2.043823992270859,3.0438239922710295,1
242580,2.0438799021347904,3.0438799021347904,1
242640,2.0439357979900024,3.043935797990457,1
242700,2.0439916798380295,3.0439916798380864,1
242760,2.044047547704963,3.0440475477051336,1
242820,2.0441034016201343,3.0441034016199637,1
242880,2.044159241581667,3.0441592415814966,1
242940,2.0442150675650055,3.0442150675650623,1
243000,2.044270879558212,3.044270879558951,1
243060,2.0443266776089786,3.044326677608751,1
243120,2.0443824617806285,3.044382461780458,1
243180,2.0444382320417276,3.044438232041557,1
243240,2.0444939883161624,3.044493988316617,1
243300,2.0445497305986464,3.044549730599158,1
243360,2.044605458992635,3.0446054589931464,1
243420,2.0446611735906117,3.044661173590441,1
243480,2.0447168743123143,3.0447168743122575,1
243540,2.044772561075604,3.0447725610753764,1
243600,2.0448282338895183,3.044828233889689,1
243660,2.044883892832388,3.0448838928322743,1
243720,2.044939537958271,3.0449395379595785,1
243780,2.044995169254207,3.0449951692545483,1
243840,2.0450507866761996,3.045050786676768,1
243900,2.0451063902066267,3.0451063902073088,1
243960,2.045161979875502,3.045161979875445,1
244020,2.0452175557393275,3.0452175557397254,1
244080,2.0452731178194767,3.045273117819818,1
244140,2.045328666069622,3.0453286660701906,1
244200,2.045384200448268,3.0453842004488365,1
244260,2.045439721000264,3.045439721000662,1
244320,2.045495227778133,3.04549522777819,1
244380,2.045550720792619,3.045550720792505,1
244440,2.04560620002178,3.045606200021666,1
244500,2.045661665448108,3.045661665448165,1
244560,2.045717117075867,3.045717117076265,1
244620,2.0457725549406405,3.0457725549406973,1
244680,2.0458279790722713,3.045827979071987,1
244740,2.045883389462574,3.0458833894623467,1
244800,2.0459387860811376,3.045938786081649,1
244860,2.0459941689261427,3.0459941689266543,1
244920,2.0460495380502266,3.046049538050795,1
244980,2.046104893475956,3.0461048934757855,1
245040,2.0461602351929855,3.046160235193497,1
245100,2.0462155631827272,3.0462155631828978,1
245160,2.0462708774416,3.046270877441998,1
245220,2.0463261779951267,3.0463261779952973,1
245280,2.0463814648762764,3.04638146487639,1
245340,2.046436738092723,3.0464367380925523,1
245400,2.046491997617011,3.046491997617295,1
245460,2.0465472434344747,3.0465472434348726,1
245520,2.0466024755752414,3.0466024755755257,1
245580,2.046657694091607,3.046657694091664,1
245640,2.046712898977205,3.0467128989773187,1
245700,2.046768090206456,3.046768090207081,1
245760,2.046823267773732,3.0468232677737888,1
245820,2.046878431692619,3.0468784316923916,1
245880,2.046933581999042,3.0469335819989283,1
245940,2.046988718710452,3.046988718709997,1
246000,2.0470438418106482,3.0470438418106482,1
246060,2.047098951275757,3.0470989512759843,1
246120,2.047154047119534,3.0471540471201592,1
246180,2.047209129395867,3.0472091293960375,1
246240,2.0472641981111224,3.047264198111293,1
246300,2.047319253247963,3.047319253247963,1
246360,2.047374294793201,3.0473742947930305,1
246420,2.0474293227533735,3.0474293227533735,1
246480,2.0474843371589486,3.047484337158778,1
246540,2.0475393380345963,3.0475393380344826,1
246600,2.0475943253745754,3.047594325374348,1
246660,2.047649299154557,3.0476492991551254,1
246720,2.0477042593747115,3.0477042593746546,1
246780,2.0477592060809684,3.047759206081139,1
246840,2.0478141392920293,3.0478141392919156,1
246900,2.047869058999197,3.047869058999254,1
246960,2.047923965187181,3.0479239651876924,1
247020,2.0479788578559237,3.04797885785581,1
247080,2.048033737027822,3.0480337370276516,1
247140,2.0480886027316956,3.048088602732207,1
247200,2.048143454972603,3.048143454973001,1
247260,2.048198293729513,3.048198293729115,1
247320,2.0482531189912265,3.0482531189915676,1
247380,2.0483079307859953,3.0483079307865637,1
247440,2.04836272915702,3.048362729156736,1
247500,2.0484175140991283,3.0484175140990715,1
247560,2.0484722855910604,3.048472285591231,1
247620,2.0485270436306564,3.048527043630031,1
247680,2.0485817882302513,3.0485817882305923,1
247740,2.048636519421109,3.0486365194215637,1
247800,2.04869123721852,3.0486912372188613,1
247860,2.0487459416075353,3.0487459416078195,1
247920,2.0488006325714423,3.0488006325717834,1
247980,2.0488553101239972,3.0488553101241678,1
248040,2.0489099743100496,3.048909974309879,1
248100,2.048964625134545,3.0489646251346585,1
248160,2.0490192625838404,3.049019262584011,1
248220,2.049073886649296,3.049073886649751,1
248280,2.0491284973365396,3.049128497336426,1
248340,2.049183094673026,3.0491830946731966,1
248400,2.0492376786798445,3.049237678679276,1
248460,2.049292249351595,3.0492922493517085,1
248520,2.049346806669689,3.0493468066696323,1
248580,2.049401350636799,3.049401350636913,1
248640,2.049455881286974,3.04945588128669,1
248700,2.0495103986565937,3.0495103986567074,1
248760,2.049564902731902,3.0495649027322997,1
248820,2.049619393459807,3.0496193934599773,1
248880,2.0496738708454245,3.0496738708454245,1
248940,2.0497283349637314,3.0497283349636177,1
249000,2.0497827858692403,3.049782785869354,1
249060,2.0498372235182387,3.0498372235187503,1
249120,2.0498916478250635,3.0498916478250635,1
249180,2.0499460588202396,3.049946058820126,1
249240,2.0500004565762424,3.050000456575731,1
249300,2.05005484112786,3.0500548411277464,1
249360,2.050109212455368,3.0501092124552542,1
249420,2.050163570522102,3.0501635705214767,1
249480,2.0502179153199336,3.05021791531982,1
249540,2.050272246882969,3.050272246882912,1
249600,2.0503265652595815,3.0503265652595815,1
249660,2.0503808704561948,3.0503808704555695,1
249720,2.050435162428073,3.0504351624285277,1
249780,2.0504894411539567,3.0504894411536725,1
249840,2.0505437066776153,3.0505437066785817,1
249900,2.050597959042136,3.050597959042534,1
249960,2.05065219824985,3.0506521982499635,1
250020,2.050706424279497,3.050706424279383,1
250080,2.050760637115957,3.0507606371168094,1
250140,2.050814836772645,3.0508148367734975,1
250200,2.050869023286168,3.050869023286225,1
250260,2.0509231966795483,3.05092319668006,1
250320,2.0509773569341405,3.0509773569341974,1
250380,2.0510315040195337,3.0510315040198748,1
250440,2.051085637957385,3.0510856379575557,1
250500,2.051139758782085,3.0511397587819715,1
250560,2.0511938665093226,3.051193866509152,1
250620,2.051247961131139,3.0512479611313665,1
250680,2.051302042636621,3.0513020426368485,1
250740,2.051356111024802,3.051356111024802,1
250800,2.051410166319897,3.0514101663204087,1
250860,2.0514642085490777,3.051464208549305,1
250920,2.051518237711207,3.051518237711605,1
250980,2.051572253785082,3.051572253784286,1
251040,2.0516262567567196,3.051626256756208,1
251100,2.051680246669207,3.0516802466693775,1
251160,2.051734223581434,3.0517342235816614,1
251220,2.0517881874672526,3.051788187467821,1
251280,2.051842138258678,3.051842138258394,1
251340,2.0518960759450238,3.051896075945649,1
251400,2.05195000061957,3.0519500006192857,1
251460,2.0520039123672404,3.0520039123675247,1
251520,2.0520578111232908,3.0520578111232908,1
251580,2.0521116968090496,3.0521116968087085,1
251640,2.052165569429519,3.052165569429917,1
251700,2.052219429054446,3.0522194290551283,1
251760,2.05227327573499,3.0522732757351037,1
251820,2.052327109460464,3.0523271094609754,1
251880,2.05238093019409,3.0523809301939764,1
251940,2.0524347379218852,3.0524347379221126,1
252000,2.0524885326676667,3.0524885326678373,1
252060,2.052542314466791,3.0525423144665638,1
252120,2.052596083333526,3.052596083333185,1
252180,2.05264983925548,3.0526498392561052,1
252240,2.052703582212928,3.0527035822133826,1
252300,2.052757312211156,3.052757312211213,1
252360,2.0528110292910355,3.0528110292907513,1
252420,2.052864733481556,3.052864733482238,1
252480,2.052918424765096,3.0529184247643,1
252540,2.0529721031018653,3.052972103101922,1
252600,2.0530257685105653,3.0530257685107927,1
252660,2.0530794210294516,3.05307942102894,1
252720,2.0531330606784195,3.0531330606783627,1
252780,2.0531866874508182,3.0531866874507045,1
252840,2.0532403013322096,3.053240301332721,1
252900,2.0532939023208314,3.0532939023211156,1
252960,2.0533474904364084,3.053347490436636,1
253020,2.0534010657061117,3.0534010657058275,1
253080,2.05345462813591,3.053454628135853,1
253140,2.053508177707556,3.053508177707272,1
253200,2.0535617144090565,3.0535617144086586,1
253260,2.053615238264115,3.0536152382643422,1
253320,2.053668749314056,3.0536687493143972,1
253380,2.0537222475563226,3.0537222475567773,1
253440,2.0537757329723263,3.053775732972383,1
253500,2.053829205557804,3.053829205558145,1
253560,2.0538826653234423,3.053882665323897,1
253620,2.053936112298402,3.053936112298686,1
253680,2.0539895464970073,3.053989546497064,1
253740,2.054042967908515,3.054042967908174,1
253800,2.0540963765150195,3.0540963765149627,1
253860,2.0541497723282873,3.05414977232806,1
253920,2.054203155389132,3.054203155389075,1
253980,2.054256525704602,3.054256525704602,1
254040,2.0543098832632722,3.0543098832631017,1
254100,2.054363228055138,3.054363228055138,1
254160,2.0544165600858832,3.0544165600862243,1
254220,2.054469879378985,3.054469879378871,1
254280,2.054523185956157,3.0545231859559294,1
254340,2.054576479813136,3.054576479813477,1
254400,2.054629760932528,3.054629760932471,1
254460,2.05468302931547,3.0546830293152993,1
254520,2.054736284991577,3.0547362849922592,1
254580,2.0547895279978547,3.0547895279972863,1
254640,2.0548427583224793,3.054842758321797,1
254700,2.0548959759165655,3.0548959759162813,1
254760,2.054949180780511,3.054949180780909,1
254820,2.055002372984063,3.055002372983722,1
254880,2.0550555525788354,3.0550555525791196,1
254940,2.055108719530267,3.0551087195296986,1
255000,2.0551618737558215,3.0551618737553667,1
255060,2.055215015280794,3.055215015280794,1
255120,2.055268144170441,3.055268144170668,1
255180,2.055321260459891,3.055321260460005,1
255240,2.0553743641326037,3.05537436413249,1
255300,2.055427455156007,3.055427455156291,1
255360,2.055480533520438,3.0554805335206083,1
255420,2.055533599255341,3.055533599255398,1
255480,2.05558665240477,3.055586652405168,1
255540,2.055639692979355,3.055639692979355,1
255600,2.0556927209383957,3.055692720939021,1
255660,2.055745736259496,3.0557457362593823,1
255720,2.055798738980968,3.055798738981423,1
255780,2.055851729143569,3.0558517291434555,1
255840,2.0559047067513916,3.0559047067517895,1
255900,2.055957671786018,3.0559576717859613,1
255960,2.056010624233352,3.0560106242330676,1
256020,2.056063564102658,3.056063564103056,1
256080,2.056116491427815,3.0561164914280425,1
256140,2.0561694062323568,3.056169406232243,1
256200,2.056222308500253,3.056222308500139,1
256260,2.0562751982028544,3.0562751982031386,1
256320,2.0563280753578965,3.0563280753578965,1
256380,2.056380939997325,3.0563809399972683,1
256440,2.056433792136602,3.0564337921371134,1
256500,2.0564866317728843,3.0564866317731685,1
256560,2.056539458888153,3.0565394588887216,1
256620,2.0565922734824653,3.056592273482636,1
256680,2.056645075582253,3.0566450755820824,1
256740,2.0566978652164494,3.0566978652163925,1
256800,2.056750642381928,3.0567506423821555,1
256860,2.056803407050495,3.0568034070503813,1
256920,2.056856159226186,3.0568561592258447,1
256980,2.05690889893674,3.056908898936854,1
257040,2.0569616262033037,3.056961626203588,1
257100,2.0570143410291166,3.05701434102906,1
257160,2.057067043400366,3.057067043400423,1
257220,2.057119733309378,3.057119733309378,1
257280,2.057172410774001,3.057172410774342,1
257340,2.057225075826352,3.057225075826409,1
257400,2.057277728474844,3.0572777284750714,1
257460,2.0573303686937834,3.057330368693272,1
257520,2.057382996478168,3.0573829964786796,1
257580,2.0574356118492005,3.0574356118495416,1
257640,2.0574882148292204,3.0574882148294478,1
257700,2.057540805428687,3.057540805428687,1
257760,2.057593383638448,3.0575933836386184,1
257820,2.057645949447931,3.057645949448556,1
257880,2.057698502865776,3.057698502866117,1
257940,2.057751043920973,3.057751043921428,1
258000,2.0578035726324515,3.0578035726320536,1
258060,2.057856088986057,3.057856088985716,1
258120,2.0579085929607004,3.0579085929607572,1
258180,2.057961084572014,3.057961084572412,1
258240,2.058013563848931,3.0580135638484762,1
258300,2.058066030802536,3.058066030802138,1
258360,2.058118485431521,3.058118485431862,1
258420,2.0581709277225855,3.058170927723097,1
258480,2.058223357676468,3.058223357676866,1
258540,2.0582757753173837,3.058275775317327,1
258600,2.058328180669264,3.0583281806689797,1
258660,2.0583805737302896,3.0583805737295506,1
258720,2.0584329544751654,3.0584329544753928,1
258780,2.05848532291202,3.0584853229122473,1
258840,2.0585376790646137,3.058537679064898,1
258900,2.058590022950227,3.0585900229500567,1
258960,2.058642354571191,3.058642354571134,1
259020,2.0586946739179552,3.0586946739181258,1
259080,2.058746980985518,3.058746980985518,1
259140,2.0587992757900793,3.05879927579025,1
259200,2.058851558358299,3.0588515583577873,1
259260,2.05890382869768,3.058903828697453,1
259320,2.058956086789351,3.0589560867898626,1
259380,2.0590083326159743,3.0590083326162016,1
259440,2.0590605662024473,3.0590605662030725,1
259500,2.059112787604363,3.0591127876041355,1
259560,2.059164996823654,3.05916499682354,1
259620,2.059217193807342,3.059217193807058,1
259680,2.05926937852621,3.0592693785264373,1
259740,2.059321551030223,3.059321551030564,1
259800,2.0593737114024293,3.059373711402543,1
259860,2.059425859621456,3.0594258596215695,1
259920,2.0594779956375078,3.0594779956375646,1
259980,2.059530119436488,3.059530119436147,1
260040,2.059582231047443,3.059582231046761,1
260100,2.059634330510164,3.0596343305099367,1
260160,2.059686417840055,3.0596864178405667,1
260220,2.059738493019836,3.0597384930200633,1
260280,2.059790556020687,3.059790556020687,1
260340,2.0598426068518734,3.0598426068518165,1
260400,2.059894645560803,3.059894645561087,1
260460,2.0599466721761246,3.059946672175954,1
260520,2.0599986866675977,3.059998686667768,1
260580,2.060050689013053,3.0600506890133943,1
260640,2.060102679223178,3.0601026792228367,1
260700,2.060154657327132,3.0601546573270753,1
260760,2.060206623345323,3.0602066233454366,1
260820,2.06025857727667,3.0602585772768407,1
260880,2.0603105191023587,3.060310519102643,1
260940,2.060362448816022,3.060362448816477,1
261000,2.060414366446821,3.0604143664466505,1
261060,2.060466272028691,3.0604662720288616,1
261120,2.0605181655524234,3.0605181655524234,1
261180,2.060570046999487,3.0605700469993735,1
261240,2.0606219163695982,3.060621916369712,1
261300,2.0606737736777063,3.060673773677877,1
261360,2.0607256189509258,3.060725618950869,1
261420,2.0607774521975557,3.0607774521976694,1
261480,2.0608292734028737,3.0608292734030442,1
261540,2.06088108255409,3.06088108255409,1
261600,2.0609328796678597,3.0609328796679165,1
261660,2.060984664782495,3.060984664782154,1
261720,2.061036437898963,3.0610364378987356,1
261780,2.061088199002768,3.061088199003109,1
261840,2.0611399480874297,3.0611399480868613,1
261900,2.0611916851602814,3.0611916851605656,1
261960,2.0612434102476413,3.061243410247471,1
262020,2.0612951233641184,3.0612951233644594,1
262080,2.0613468245035733,3.061346824503971,1
262140,2.061398513648328,3.0613985136487827,1
262200,2.061450190804976,3.061450190804976,1
262260,2.061501856009727,3.0615018560098406,1
262320,2.0615535092724144,3.061553509272528,1
262380,2.0616051505842847,3.061605150584569,1
262440,2.0616567799360723,3.061656779935788,1
262500,2.061708397330108,3.0617083973299373,1
262560,2.0617600027872527,3.061760002787082,1
262620,2.0618115963269474,3.0618115963269474,1
262680,2.061863177949192,3.061863177949192,1
262740,2.061914747638923,3.061914747638866,1
262800,2.0619663053931276,3.0619663053931276,1
262860,2.0620178512366465,3.0620178512369307,1
262920,2.0620693851989245,3.062069385198754,1
262980,2.062120907271151,3.0621209072713214,1
263040,2.06217241743974,3.062172417440024,1
263100,2.062223915706113,3.0622239157063973,1
263160,2.0622754020831735,3.06227540208306,1
263220,2.062326876593886,3.062326876593829,1
263280,2.0623783392467203,3.06237833924655,1
263340,2.0624297900278066,3.0624297900278634,1
263400,2.0624812289292436,3.062481228929471,1
263460,2.06253265596672,3.062532655966436,1
263520,2.0625840711724095,3.06258407117258,1
263580,2.062635474547392,3.0626354745464823,1
263640,2.06268686607865,3.0626868660784226,1
263700,2.062738245763228,3.062738245763512,1
263760,2.062789613609823,3.0627896136096524,1
263820,2.0628409696384438,3.062840969638728,1
263880,2.062892313864211,3.0628923138639834,1
263940,2.0629436462801323,3.0629436462801323,1
264000,2.0629949668733047,3.062994966873987,1
264060,2.063046275651743,3.063046275651459,1
264120,2.063097572642789,3.0630975726425618,1
264180,2.0631488578700328,3.063148857869919,1
264240,2.0632001313168757,3.063200131317501,1
264300,2.0632513929427887,3.063251392942675,1
264360,2.063302642757776,3.0633026427576624,1
264420,2.063353880850457,3.063353880850798,1
264480,2.0634051072496504,3.063405107249764,1
264540,2.063456321881233,3.0634563218807216,1
264600,2.063507524665681,3.063507524666136,1
264660,2.063558715646991,3.063558715647332,1
264720,2.063609894968863,3.063609894969318,1
264780,2.0636610626282277,3.063661062628171,1
264840,2.063712218548744,3.063712218548744,1
264900,2.0637633626828347,3.0637633626833463,1
264960,2.063814495056988,3.063814495057443,1
265020,2.0638656157318565,3.063865615732311,1
265080,2.063916724735975,3.0639167247359183,1
265140,2.0639678220521205,3.0639678220521205,1
265200,2.0640189076502793,3.0640189076509046,1
265260,2.0640699815247103,3.064069981524767,1
265320,2.064121043703153,3.0641210437033237,1
265380,2.0641720942271604,3.06417209422699,1
265440,2.0642231331001994,3.064223133100313,1
265500,2.064274160285379,3.0642741602854926,1
265560,2.0643251757653616,3.0643251757657026,1
265620,2.0643761795775504,3.064376179577607,1
265680,2.0644271717559377,3.0644271717562788,1
265740,2.064478152304048,3.0644781523045026,1
265800,2.064529121202554,3.064529121202611,1
265860,2.0645800784401445,3.064580078439917,1
265920,2.064631024028131,3.0646310240283583,1
265980,2.064681957995674,3.064681957995674,1
266040,2.064732880363863,3.064732880363863,1
266100,2.0647837911145643,3.0647837911147917,1
266160,2.0648346902247,3.0648346902248704,1
266220,2.0648855777110384,3.0648855777114363,1
266280,2.0649364536039343,3.0649364536039343,1
266340,2.0649873179143015,3.0649873179142446,1
266400,2.06503817063674,3.065038170636626,1
266460,2.0650890117613017,3.0650890117616996,1
266520,2.065139841288385,3.065139841288328,1
266580,2.065190659237146,3.0651906592377145,1
266640,2.0652414656305496,3.065241465630777,1
266700,2.0652922604682544,3.065292260468084,1
266760,2.065343043730252,3.0653430437300813,1
266820,2.0653938154079583,3.06539381540847,1
266880,2.0654445755356505,3.065444575535878,1
266940,2.065495324163578,3.0654953241634075,1
267000,2.0655460612682077,3.0655460612683214,1
267060,2.0655967867922413,3.065596786792014,1
267120,2.065647500729426,3.0656475007293125,1
267180,2.065698203156785,3.065698203157069,1
267240,2.065748894145031,3.06574889414577,1
267300,2.0657995736388557,3.0657995736391968,1
267360,2.0658502415730595,3.0658502415730027,1
267420,2.065900897952531,3.0659008979523605,1
267480,2.06595154283616,3.0659515428363306,1
267540,2.0660021762653855,3.066002176265499,1
267600,2.0660527982318513,3.0660527982317944,1
267660,2.0661034087028156,3.066103408703384,1
267720,2.0661540076688993,3.066154007668956,1
267780,2.06620459515068,3.066204595150168,1
267840,2.0662551711754986,3.066255171176067,1
267900,2.066305735756714,3.066305735757055,1
267960,2.0663562888829574,3.0663562888833553,1
268020,2.066406830537346,3.0664068305372894,1
268080,2.0664573607260763,3.0664573607266448,1
268140,2.0665078794825718,3.0665078794826286,1
268200,2.066558386830991,3.0665583868307067,1
268260,2.066608882755247,3.0666088827554177,1
268320,2.0666593672234512,3.0666593672234512,1
268380,2.066709840250894,3.066709840250951,1
268440,2.0667603018699765,3.0667603018696354,1
268500,2.0668107520977514,3.066810752097865,1
268560,2.066861190927,3.066861190927341,1
268620,2.0669116183464666,3.066911618346296,1
268680,2.0669620343540487,3.0669620343543897,1
268740,2.0670124389677653,3.0670124389676516,1
268800,2.067062832208876,3.06706283220916,1
268860,2.0671132140825534,3.067113214083406,1
268920,2.067163584574473,3.0671635845747005,1
268980,2.06721394367338,3.067213943673835,1
269040,2.0672642914002495,3.06726429140042,1
269100,2.0673146277898127,3.067314627789756,1
269160,2.06736495283792,3.0673649528378633,1
269220,2.067415266530361,3.067415266530304,1
269280,2.0674655688625876,3.0674655688629286,1
269340,2.067515859845855,3.067515859845969,1
269400,2.0675661395015936,3.0675661395019347,1
269460,2.067616407844355,3.0676164078451507,1
269520,2.0676666648633386,3.0676666648634523,1
269580,2.0677169105438793,3.0677169105442204,1
269640,2.0677671448974593,3.0677671448969477,1
269700,2.06781736795557,3.0678173679556835,1
269760,2.0678675797263963,3.0678675797266237,1
269820,2.067917780198343,3.067917780198684,1
269880,2.0679679693639628,3.0679679693640765,1
269940,2.0680181472286563,3.0680181472283152,1
270000,2.068068313811409,3.068068313811807,1
270060,2.0681184691306385,3.0681184691302406,1
270120,2.068168613181797,3.06816861318174,1
270180,2.068218745950446,3.068218745950958,1
270240,2.068268867439599,3.0682688674394285,1
270300,2.0683189776721065,3.068318977672334,1
270360,2.068369076679687,3.0683690766795166,1
270420,2.068419164451143,3.0684191644511998,1
270480,2.0684692409460013,3.0684692409469108,1
270540,2.06851930616682,3.068519306166536,1
270600,2.068569360169761,3.068569360169761,1
270660,2.0686194029987632,3.0686194029989338,1
270720,2.06866943462353,3.06866943462353,1
270780,2.068719454976076,3.0687194549752235,1
270840,2.068769464077093,3.0687694640772065,1
270900,2.0688194619826845,3.0688194619830256,1
270960,2.068869448721614,3.0688694487210455,1
271020,2.06891942427859,3.068919424278704,1
271080,2.068969388627977,3.068969388627977,1
271140,2.0690193417595992,3.0690193417598834,1
271200,2.0690692837005713,3.0690692837004576,1
271260,2.0691192144869888,3.069119214486875,1
271320,2.069169134126696,3.0691691341268665,1
271380,2.069219042586326,3.069219042586269,1
271440,2.069268939846154,3.0692689398466086,1
271500,2.0693188259411954,3.0693188259410817,1
271560,2.0693687009029986,3.06936870090243,1
271620,2.0694185647351446,3.0694185647358267,1
271680,2.0694684174226836,3.06946841742257,1
271740,2.0695182589532806,3.069518258953167,1
271800,2.0695680893355757,3.069568089336258,1
271860,2.0696179085979907,3.0696179085977633,1
271920,2.0696677167594544,3.0696677167596818,1
271980,2.0697175138058697,3.069717513806097,1
272040,2.069767299714499,3.069767299714499,1
272100,2.0698170744999516,3.069817074500463,1
272160,2.0698668381895686,3.0698668381892276,1
272220,2.0699165907949464,3.0699165907948327,1
272280,2.069966332313868,3.069966332313811,1
272340,2.0700160627317246,3.0700160627316677,1
272400,2.07006578204863,3.0700657820484594,1
272460,2.0701154902864687,3.0701154902865824,1
272520,2.070165187469968,3.0701651874701383,1
272580,2.0702148735961714,3.0702148735962282,1
272640,2.0702645486402957,3.0702645486402957,1
272700,2.0703142126072294,3.070314212607343,1
272760,2.07036386551988,3.070363865520278,1
272820,2.0704135073959264,3.070413507396154,1
272880,2.070463138237926,3.0704631382378693,1
272940,2.070512758034454,3.07051275803434,1
273000,2.0705623667781765,3.0705623667784607,1
273060,2.0706119644860337,3.0706119644854084,1
273120,2.070661551182866,3.070661551182866,1
273180,2.0707111268764606,3.0707111268769722,1
273240,2.0707606915452743,3.070760691545104,1
273300,2.0708102451854984,3.0708102451851005,1
273360,2.0708597878142996,3.070859787814186,1
273420,2.0709093194513457,3.0709093194518005,1
273480,2.0709588401036854,3.070958840103458,1
273540,2.0710083497651226,3.0710083497655205,1
273600,2.071057848426051,3.071057848426449,1
273660,2.071107336094485,3.071107336094542,1
273720,2.0711568127935607,3.0711568127940723,1
273780,2.0712062785395915,3.0712062785391936,1
273840,2.0712557333217205,3.071255733321493,1
273900,2.0713051771204505,3.071305177121019,1
273960,2.0713546099501627,3.0713546099506175,1
274020,2.0714040318350158,3.0714040318350726,1
274080,2.071453442784275,3.0714534427845024,1
274140,2.0715028427961784,3.0715028427964626,1
274200,2.0715522318595276,3.071552231859357,1
274260,2.071601609975687,3.0716016099759145,1
274320,2.071650977165234,3.0716509771650067,1
274380,2.0717003334474953,3.071700333447211,1
274440,2.0717496788196854,3.0717496788200833,1
274500,2.0717990132632735,3.071799013263103,1
274560,2.0718483367833755,3.0718483367833187,1
274620,2.0718976494002277,3.0718976494003982,1
274680,2.0719469511285524,3.0719469511284956,1
274740,2.0719962419702824,3.071996241970794,1
274800,2.072045521917346,3.0720455219168343,1
274860,2.0720947909641154,3.072094790963888,1
274920,2.0721440491266208,3.0721440491263934,1
274980,2.072193296425837,3.07219329642561,1
275040,2.0722425328680174,3.072242532868472,1
275100,2.0722917584378138,3.0722917584382685,1
275160,2.0723409731198217,3.0723409731195375,1
275220,2.07239017693621,3.0723901769364943,1
275280,2.0724393699329084,3.07243936993342,1
275340,2.0724885521115652,3.0724885521115084,1
275400,2.072537723426649,3.072537723427274,1
275460,2.0725868838552515,3.0725868838547967,1
275520,2.072636033439437,3.072636033439892,1
275580,2.072685172247816,3.0726851722480433,1
275640,2.072734300262539,3.0727343002624252,1
275700,2.07278341744194,3.072783417441883,1
275760,2.0728325237734566,3.072832523773627,1
275820,2.072881619283635,3.0728816192836916,1
275880,2.072930704004534,3.072930704004591,1
275940,2.0729797779490013,3.0729797779492287,1
276000,2.0730288411014044,3.0730288411016318,1
276060,2.0730778934391196,3.073077893439404,1
276120,2.0731269349697072,3.073126934969423,1
276180,2.0731759657338102,3.0731759657340376,1
276240,2.0732249857525176,3.073224985752745,1
276300,2.0732739950032624,3.0732739950032624,1
276360,2.0733229934660926,3.0733229934665474,1
276420,2.0733719811506717,3.0733719811503306,1
276480,2.0734209580813285,3.0734209580813854,1
276540,2.0734699242749457,3.0734699242750025,1
276600,2.0735188797302158,3.0735188797306137,1
276660,2.07356782443145,3.0735678244316773,1
276720,2.0736167583741576,3.073616758374385,1
276780,2.0736656815824404,3.073665681582554,1
276840,2.0737145940848336,3.073714594085345,1
276900,2.0737634958729245,3.0737634958733224,1
276960,2.073812386931479,3.0738123869313085,1
277020,2.0738612672604404,3.0738612672610657,1
277080,2.0739101368724846,3.0739101368729393,1
277140,2.0739589957898374,3.0739589957898943,1
277200,2.0740078440200023,3.0740078440199454,1
277260,2.074056681550701,3.07405668155036,1
277320,2.0741055083702236,3.074105508369996,1
277380,2.074154324492838,3.07415432449352,1
277440,2.0742031299522523,3.074203129952423,1
277500,2.0742519247477276,3.074251924747955,1
277560,2.0743007088670424,3.074300708866417,1
277620,2.0743494823047968,3.074349482305081,1
277680,2.07439824506838,3.074398245068494,1
277740,2.074446997178484,3.0744469971785975,1
277800,2.0744957386486362,3.074495738648409,1
277860,2.074544469471732,3.074544469471789,1
277920,2.07459318963447,3.0745931896354364,1
277980,2.074641899141909,3.0746418991417386,1
278040,2.0746905980251427,3.07469059802537,1
278100,2.074739286291276,3.074739286292072,1
278160,2.074787963933943,3.0747879639337157,1
278220,2.0748366309443327,3.0748366309440485,1
278280,2.0748852873255146,3.074885287325401,1
278340,2.0749339330945986,3.0749339330943144,1
278400,2.0749825682668757,3.0749825682673304,1
278460,2.075031192844051,3.0750311928442784,1
278520,2.0750798068116865,3.0750798068120844,1
278580,2.075128410169498,3.0751284101688725,1
278640,2.0751770029361865,3.0751770029365844,1
278700,2.0752255851379005,3.0752255851376162,1
278760,2.075274156766909,3.0752741567666817,1
278820,2.075322717810593,3.0753227178104794,1
278880,2.075371268271283,3.0753712682708283,1
278940,2.0754198081599498,3.0754198081599498,1
279000,2.0754683374958063,3.0754683374961473,1
279060,2.0755168562846507,3.075516856284878,1
279120,2.0755653645175585,3.0755653645174448,1
279180,2.075613862184696,3.0756138621852642,1
279240,2.0756623493012967,3.0756623493018083,1
279300,2.075710825894646,3.0757108258948733,1
279360,2.075759291964175,3.0757592919640615,1
279420,2.0758077474997663,3.0758077474997094,1
279480,2.075856192498293,3.075856192498236,1
279540,2.0759046269677697,3.075904626967713,1
279600,2.07595305092525,3.0759530509253636,1
279660,2.076001464382955,3.0760014643827276,1
279720,2.076049867334632,3.0760498673347456,1
279780,2.0760982597698217,3.0760982597695374,1
279840,2.0761466416952317,3.0761466416956864,1
279900,2.076195013134395,3.0761950131339972,1
279960,2.0762433741064115,3.0762433741060136,1
280020,2.0762917245971266,3.0762917245975814,1
280080,2.076340064571582,3.076340064572207,1
280140,2.0763883940420556,3.0763883940417713,1
280200,2.07643671308017,3.076436713080284,1
280260,2.0764850217099706,3.0764850217100275,1
280320,2.0765333198673375,3.076533319867167,1
280380,2.0765816074888335,3.0765816074885493,1
280440,2.0766298846118048,3.0766298846118616,1
280500,2.0766781513556793,3.0766781513559067,1
280560,2.0767264077167624,3.0767264077167056,1
280620,2.0767746536316167,3.0767746536310483,1
280680,2.0768228890594287,3.0768228890598834,1
280740,2.0768711140240725,3.0768711140240157,1
280800,2.076919328576764,3.076919328576878,1
280860,2.0769675327418327,3.0769675327421737,1
280920,2.077015726501827,3.0770157265017133,1
280980,2.077063909832873,3.077063909833498,1
281040,2.0771120827308778,3.077112082731105,1
281100,2.077160245219943,3.077160245220057,1
281160,2.0772083973332656,3.07720839733355,1
281220,2.077256539074483,3.0772565390749946,1
281280,2.077304670412161,3.077304670411934,1
281340,2.077352791331748,3.0773527913315206,1
281400,2.077400901865417,3.0774009018659854,1
281460,2.0774490020426697,3.07744900204284,1
281520,2.07749709186362,3.0774970918637337,1
281580,2.077545171313261,3.077545171312977,1
281640,2.077593240382896,3.0775932403823845,1
281700,2.0776412990806534,3.0776412990810513,1
281760,2.0776893474341023,3.0776893474335907,1
281820,2.077737385456942,3.077737385456942,1
281880,2.0777854131359845,3.077785413136496,1
281940,2.0778334304511077,3.077833430451335,1
282000,2.0778814374178296,3.0778814374177728,1
282060,2.077929434060138,3.0779294340596266,1
282120,2.0779774203889474,3.0779774203888337,1
282180,2.0780253963969244,3.078025396397095,1
282240,2.078073362077589,3.078073362077987,1
282300,2.0781213174316804,3.078121317432135,1
282360,2.0781692624744323,3.0781692624747734,1
282420,2.07821719722574,3.0782171972259675,1
282480,2.0782651216838417,3.0782651216836143,1
282540,2.0783130358336166,3.078313035833787,1
282600,2.078360939667334,3.0783609396676184,1
282660,2.07840883321461,3.0784088332146666,1
282720,2.078456716515632,3.0784567165162002,1
282780,2.078504589551926,3.0785045895521534,1
282840,2.0785524522744367,3.0785524522752326,1
282900,2.0786003046793553,3.0786003046793553,1
282960,2.078648146831995,3.078648146831938,1
283020,2.078695978791359,3.078695978791586,1
283080,2.078743800507368,3.078743800507368,1
283140,2.078791611927727,3.0787916119279544,1
283200,2.078839413057608,3.078839413057324,1
283260,2.0788872039463513,3.0788872039463513,1
283320,2.0789349846290293,3.078934984628745,1
283380,2.078982755096945,3.0789827550963196,1
283440,2.0790305153226996,3.0790305153228132,1
283500,2.079078265294811,3.079078265295095,1
283560,2.079126005032208,3.079126005032208,1
283620,2.0791737345704746,3.0791737345711,1
283680,2.079221453923992,3.079221453924049,1
283740,2.0792691630637137,3.079269163063657,1
283800,2.0793168619622975,3.079316861962411,1
283860,2.079364550647824,3.079364550647824,1
283920,2.079412229154002,3.079412229154059,1
283980,2.079459897488391,3.0794598974885616,1
284040,2.0795075556368374,3.079507555637349,1
284100,2.079555203588427,3.079555203588143,1
284160,2.07960284134532,3.0796028413451495,1
284220,2.0796504689300264,3.079650468930197,1
284280,2.079698086361418,3.079698086361361,1
284340,2.079745693634834,3.0797456936346066,1
284400,2.079793290731118,3.0797932907312315,1
284460,2.0798408776491897,3.0798408776487918,1
284520,2.079888454420484,3.079888454421223,1
284580,2.079936021062224,3.0799360210623945,1
284640,2.0799835775662245,3.079983577566452,1
284700,2.0800311239208327,3.080031123921458,1
284760,2.080078660124798,3.080078660125025,1
284820,2.0801261861927856,3.080126186192615,1
284880,2.0801737021467943,3.0801737021467375,1
284940,2.08022120799086,3.080221207991201,1
285000,2.0802687037087253,3.0802687037089527,1
285060,2.080316189290727,3.0803161892909543,1
285120,2.0803636647551116,3.080363664754941,1
285180,2.0804111301355306,3.0804111301354737,1
285240,2.080458585428346,3.080458585429085,1
285300,2.0805060306175847,3.0805060306176983,1
285360,2.0805534656992677,3.0805534656992677,1
285420,2.0806008906816373,3.0806008906818647,1
285480,2.0806483055879426,3.080648305588511,1
285540,2.080695710429495,3.080695710429154,1
285600,2.0807431051956655,3.0807431051956087,1
285660,2.0807904898715606,3.0807904898716743,1
285720,2.0808378644662184,3.080837864466048,1
285780,2.0808852290124946,3.080885229012324,1
285840,2.080932583515505,3.080932583515562,1
285900,2.080979927965302,3.080979927965018,1
285960,2.0810272623514834,3.0810272623514834,1
286020,2.0810745866793354,3.081074586678824,1
286080,2.0811219009672755,3.0811219009680144,1
286140,2.081169205232527,3.0811692052323565,1
286200,2.081216499470827,3.081216499470372,1
286260,2.0812637836664862,3.0812637836663157,1
286320,2.0813110578200735,3.0813110578200167,1
286380,2.08135832195984,3.081358321959385,1
286440,2.081405576097893,3.081405576097552,1
286500,2.0814528202296856,3.0814528202296287,1
286560,2.081500054345213,3.081500054345213,1
286620,2.0815472784444182,3.081547278444191,1
286680,2.0815944925410577,3.0815944925406598,1
286740,2.0816416966530937,3.081641696653321,1
286800,2.081688890784733,3.0816888907848465,1
286860,2.0817360749230147,3.0817360749231852,1
286920,2.081783249060095,3.081783249060379,1
286980,2.0818304132138223,3.081830413213936,1
287040,2.0818775674119365,3.0818775674119365,1
287100,2.081924711650288,3.08192471165097,1
287160,2.0819718459175647,3.081971845917394,1
287220,2.0820189702102994,3.082018970210072,1
287280,2.0820660845377006,3.082066084537985,1
287340,2.082113188918811,3.0821131889185835,1
287400,2.082160283363123,3.082160283363123,1
287460,2.0822073678625657,3.0822073678623383,1
287520,2.082254442405258,3.0822544424050307,1
287580,2.0823015070001816,3.082301507000693,1
287640,2.082348561675815,3.0823485616766106,1
287700,2.0823956064365916,3.0823956064369895,1
287760,2.0824426412728485,3.0824426412728485,1
287820,2.08248966617856,3.0824896661783896,1
287880,2.0825366811581603,3.082536681158672,1
287940,2.0825836862284746,3.082583686228645,1
288000,2.0826306814034297,3.0826306814036,1
288060,2.082677666680354,3.0826776666804676,1
288120,2.082724642046287,3.082724642045889,1
288180,2.0827716075032185,3.0827716075028206,1
288240,2.082818563072294,3.0828185630722373,1
288300,2.082865508777502,3.0828655087780135,1
288360,2.08291244461077,3.0829124446109972,1
288420,2.0829593705374805,3.082959370537708,1
288480,2.083006286560419,3.0830062865605328,1
288540,2.0830531927279594,3.0830531927275615,1
288600,2.0831000890739233,3.0831000890742644,1
288660,2.083146975572731,3.0831469755730154,1
288720,2.0831938521680513,3.083193852168165,1
288780,2.083240718879665,3.083240718879722,1
288840,2.0832875757540137,3.0832875757540705,1
288900,2.083334422812584,3.0833344228127544,1
288960,2.083381260043609,3.083381260043325,1
289020,2.0834280874234423,3.0834280874234423,1
289080,2.0834749049478205,3.0834749049477637,1
289140,2.0835217126370935,3.0835217126370935,1
289200,2.083568510522184,3.083568510522241,1
289260,2.0836152986081515,3.0836152986084358,1
289320,2.0836620768666307,3.083662076866517,1
289380,2.08370884528307,3.0837088452828425,1
289440,2.0837556038856633,3.0837556038863454,1
289500,2.0838023527024916,3.083802352702719,1
289560,2.0838490917341232,3.0838490917344075,1
289620,2.083895820968621,3.083895820968678,1
289680,2.083942540395242,3.0839425403953555,1
289740,2.083989250022796,3.0839892500227393,1
289800,2.0840359498738508,3.0840359498739076,1
289860,2.0840826399634693,3.0840826399638104,1
289920,2.084129320281079,3.084129320281477,1
289980,2.084175990806216,3.084175990806557,1
290040,2.084222651552693,3.0842226515526363,1
290100,2.084269302542964,3.084269302542623,1
290160,2.0843159437864642,3.0843159437863505,1
290220,2.084362575280011,3.084362575280579,1
290280,2.0844091970130307,3.084409197013258,1
290340,2.0844558089845577,3.084455808984842,1
290400,2.0845024112143733,3.084502411214487,1
290460,2.0845490037216905,3.0845490037216337,1
290520,2.084595586503383,3.0845955865035535,1
290580,2.0846421595394986,3.0846421595396123,1
290640,2.08468872283413,3.0846887228344713,1
290700,2.0847352764076277,3.084735276407912,1
290760,2.0847818202729513,3.084781820273065,1
290820,2.084828354432034,3.0848283544320907,1
290880,2.084874878875496,3.084874878875212,1
290940,2.0849213935984494,3.0849213935991315,1
291000,2.0849678986144227,3.084967898614707,1
291060,2.085014393944391,3.085014393944107,1
291120,2.0850608795930157,3.085060879593584,1
291180,2.0851073555429025,3.0851073555429593,1
291240,2.085153821792744,3.0851538217929146,1
291300,2.0852002783551598,3.085200278355387,1
291360,2.0852467252469182,3.085246725246634,1
291420,2.0852931624737607,3.0852931624738744,1
291480,2.085339590030003,3.0853395900301734,1
291540,2.0853860079089372,3.08538600790871,1
291600,2.0854324161153954,3.0854324161163618,1
291660,2.0854788146716032,3.08547881467166,1
291720,2.085525203588304,3.0855252035884746,1
291780,2.0855715828561756,3.085571582856062,1
291840,2.0856179524596996,3.085617952459927,1
291900,2.0856643124125185,3.085664312412632,1
291960,2.0857106627329927,3.0857106627327084,1
292020,2.085757003429194,3.085757003429137,1
292080,2.0858033344991895,3.085803334499076,1
292140,2.085849655934169,3.085849655934169,1
292200,2.085895967735155,3.0858959677353255,1
292260,2.085942269919258,3.085942269918803,1
292320,2.0859885625024503,3.085988562502507,1
292380,2.086034845482743,3.086034845483084,1
292440,2.0860811188432535,3.086081118843026,1
292500,2.0861273825898365,3.0861273825897797,1
292560,2.086173636739204,3.0861736367389767,1
292620,2.0862198813028954,3.0862198813025543,1
292680,2.0862661162827862,3.0862661162826726,1
292740,2.0863123416708618,3.0863123416710323,1
292800,2.0863585574646777,3.086358557464621,1
292860,2.086404763676512,3.0864047636767395,1
292920,2.086450960324214,3.0864509603241004,1
292980,2.086497147412217,3.086497147411592,1
293040,2.0865433249273906,3.086543324927277,1
293100,2.0865894928569446,3.0865894928572857,1
293160,2.0866356512219113,3.086635651221684,1
293220,2.0866818000583294,3.086681800058386,1
293280,2.0867279393656872,3.0867279393660283,1
293340,2.086774069108685,3.086774069108799,1
293400,2.086820189266575,3.086820189266632,1
293460,2.086866299877954,3.086866299878011,1
293520,2.086912400997562,3.0869124009977895,1
293580,2.0869584926089146,3.086958492608801,1
293640,2.0870045746771098,3.087004574677337,1
293700,2.0870506471940757,3.0870506471941326,1
293760,2.0870967101813562,3.0870967101815268,1
293820,2.087142763666236,3.0871427636663498,1
293880,2.087188807657924,3.087188807658549,1
293940,2.08723484214363,3.087234842143573,1
294000,2.0872808671037433,3.087280867103516,1
294060,2.087326882546108,3.0873268825463356,1
294120,2.087372888505456,3.0873728885053993,1
294180,2.0874188850015116,3.087418885001682,1
294240,2.0874648720078426,3.0874648720078426,1
294300,2.0875108495068275,3.087510849506941,1
294360,2.087556817510176,3.087556817510233,1
294420,2.0876027760433544,3.087602776043582,1
294480,2.087648725119209,3.0876487251193225,1
294540,2.0876946647337604,3.08769466473467,1
294600,2.0877405948727983,3.087740594873196,1
294660,2.0877865155333097,3.087786515533992,1
294720,2.087832426735986,3.0878324267365542,1
294780,2.08787832850561,3.0878783285057807,1
294840,2.087924220838204,3.087924220838943,1
294900,2.0879701037092104,3.0879701037092673,1
294960,2.088015977120733,3.088015977120392,1
295020,2.0880618410930083,3.088061841093122,1
295080,2.088107695643828,3.088107695643771,1
295140,2.088153540776773,3.0881535407772276,1
295200,2.0881993764783147,3.0881993764788263,1
295260,2.0882452027410636,3.088245202741575,1
295320,2.088291019577639,3.088291019577582,1
295380,2.088336827013336,3.0883368270138476,1
295440,2.088382625056397,3.0883826250566244,1
295500,2.0884284136844258,3.0884284136844826,1
295560,2.088474192892079,3.088474192892022,1
295620,2.0885199626935105,3.088519962693681,1
295680,2.0885657231075925,3.088565723107706,1
295740,2.0886114741425104,3.088611474142567,1
295800,2.0886572157905334,3.088657215790306,1
295860,2.0887029480416572,3.0887029480415436,1
295920,2.0887486709002587,3.0887486709004293,1
295980,2.088794384389928,3.088794384389928,1
296040,2.088840088525558,3.088840088525444,1
296100,2.0888857832969734,3.088885783297542,1
296160,2.0889314686828584,3.088931468682688,1
296220,2.088977144695832,3.0889771446960594,1
296280,2.089022811357893,3.089022811357381,1
296340,2.089068468678704,3.0890684686784198,1
296400,2.089114116654798,3.0891141166551392,1
296460,2.0891597552781604,3.0891597552784447,1
296520,2.0892053845484497,3.089205384548393,1
296580,2.0892510044785126,3.089251004478342,1
296640,2.089296615086198,3.0892966150863685,1
296700,2.0893422163730406,3.0893422163731543,1
296760,2.0893878083230675,3.0893878083230106,1
296820,2.089433390937984,3.089433390938325,1
296880,2.089478964233308,3.0894789642334786,1
296940,2.0895245282204087,3.089524528221034,1
297000,2.089570082904288,3.0895700829038333,1
297060,2.0896156282768175,3.0896156282768743,1
297120,2.089661164335439,3.0896611643349843,1
297180,2.0897066910882813,3.089706691088395,1
297240,2.089752208552852,3.0897522085530795,1
297300,2.0897977167364843,3.089797716736541,1
297360,2.089843215629287,3.089843215629571,1
297420,2.089888705216879,3.0898887052171062,1
297480,2.089934185511936,3.0899341855124476,1
297540,2.0899796565518614,3.0899796565520887,1
297600,2.090025118344215,3.0900251183441583,1
297660,2.090070570855289,3.0900705708550618,1
297720,2.0901160140611523,3.0901160140610386,1
297780,2.090161447989317,3.0901614479892032,1
297840,2.0902068726958305,3.090206872696058,1
297900,2.090252288174554,3.0902522881746677,1
297960,2.090297694392632,3.0902976943928024,1
298020,2.090343091338468,3.090343091338468,1
298080,2.0903884790270126,3.0903884790273537,1
298140,2.090433857484925,3.0904338574846406,1
298200,2.090479226724426,3.090479226724483,1
298260,2.090524586736933,3.090524586736649,1
298320,2.090569937503574,3.090569937503517,1
298380,2.0906152790259966,3.090615279026224,1
298440,2.0906606113339308,3.0906606113340445,1
298500,2.090705934449545,3.0907059344494883,1
298560,2.090751248356696,3.090751248356696,1
298620,2.0907965530391266,3.0907965530390697,1
298680,2.0908418485005313,3.0908418485004745,1
298740,2.0908871347597824,3.090887134760294,1
298800,2.0909324118308064,3.090932411831261,1
298860,2.090977679716161,3.0909776797164454,1
298920,2.0910229384037393,3.091022938403853,1
298980,2.091068187887231,3.091068187887174,1
299040,2.09111342818278,3.0911134281824957,1
299100,2.0911586593148854,3.091158659315738,1
299160,2.091203881280535,3.0912038812807623,1
299220,2.09124909406745,3.0912490940676776,1
299280,2.0912942976736417,3.091294297673187,1
299340,2.091339492106499,3.091339492106499,1
299400,2.0913846773859177,3.0913846773855767,1
299460,2.0914298535179796,3.0914298535180933,1
299520,2.091475020495295,3.0914750204954657,1
299580,2.0915201783076327,3.091520178307235,1
299640,2.0915653269631775,3.0915653269621544,1
299700,2.091610466487225,3.0916104664873956,1
299760,2.0916555968839816,3.091655596883811,1
299820,2.0917007181436134,3.0917007181431586,1
299880,2.0917458302619707,3.0917458302620275,1
299940,2.0917909332422937,3.0917909332424642,1
300000,2.091836027100044,3.0918360271005554,1
300060,2.0918811118480107,3.0918811118477265,1
300120,2.091926187482329,3.091926187482102,1
300180,2.0919712539923694,3.09197125399254,1
300240,2.092016311379041,3.092016311378984,1
300300,2.0920613596630346,3.092061359663262,1
300360,2.092106398864871,3.0921063988650985,1
300420,2.092151428976308,3.0921514289761944,1
300480,2.0921964499661385,3.092196449965968,1
300540,2.092241461838171,3.0922414618378866,1
300600,2.092286464635606,3.0922864646357766,1
300660,2.0923314583895944,3.092331458390163,1
300720,2.0923764430745564,3.0923764430744995,1
300780,2.092421418640015,3.0924214186405266,1
300840,2.0924663851054106,3.092466385105695,1
300900,2.0925113425124096,3.0925113425127506,1
300960,2.092556290880964,3.0925562908810207,1
301020,2.0926012301972605,3.092601230197488,1
301080,2.0926461604428255,3.092646160442996,1
301140,2.0926910816111786,3.09269108161169,1
301200,2.0927359937234087,3.092735993723693,1
301260,2.092780896807085,3.0927808968072554,1
301320,2.0928257908649925,3.0928257908651062,1
301380,2.092870675870927,3.092870675871154,1
301440,2.0929155518136895,3.092915551813462,1
301500,2.0929604187184623,3.0929604187179507,1
301560,2.0930052766094605,3.0930052766094605,1
301620,2.093050125488503,3.0930501254887304,1
301680,2.0930949653423454,3.093094965342914,1
301740,2.0931397961632,3.0931397961631433,1
301800,2.093184617957945,3.093184617958059,1
301860,2.093229430748522,3.093229430748636,1
301920,2.0932742345482893,3.0932742345479483,1
301980,2.0933190293445136,3.0933190293449684,1
302040,2.093363815121222,3.093363815121222,1
302100,2.0934085918905225,3.093408591890068,1
302160,2.0934533596728215,3.09345335967231,1
302220,2.0934981184760773,3.093498118476134,1
302280,2.09354286829614,3.0935428682963675,1
302340,2.09358760912653,3.0935876091267005,1
302400,2.093632340966394,3.09363234096719,1
302460,2.093677063830512,3.093677063830569,1
302520,2.0937217777337196,3.09372177773389,1
302580,2.0937664826759033,3.0937664826761875,1
302640,2.093811178643307,3.093811178643307,1
302700,2.0938558656382042,3.0938558656380337,1
302760,2.093900543675204,3.093900543675261,1
302820,2.093945212765277,3.0939452127659024,1
302880,2.0939898729113793,3.0939898729113793,1
302940,2.094034524106519,3.094034524106803,1
303000,2.094079166348422,3.094079166348422,1
303060,2.0941237996462974,3.0941237996459563,1
303120,2.0941684240160043,3.09416842401572,1
303180,2.094213039462659,3.0942130394627156,1
303240,2.094257645976711,3.0942576459769953,1
303300,2.0943022435463945,3.094302243546281,1
303360,2.0943468321860905,3.0943468321863747,1
303420,2.0943914119280294,3.0943914119284273,1
303480,2.0944359827770427,3.0944359827767585,1
303540,2.094480544701298,3.094480544701412,1
303600,2.0945250976831176,3.09452509768289,1
303660,2.0945696417487056,3.0945696417491035,1
303720,2.0946141769492783,3.094614176949392,1
303780,2.0946587032751722,3.0946587032750585,1
303840,2.0947032206969425,3.094703220697056,1
303900,2.0947477292043004,3.0947477292043004,1
303960,2.094792228814356,3.0947922288148675,1
304020,2.094836719550983,3.0948367195516084,1
304080,2.094881201424812,3.0948812014253235,1
304140,2.09492567442544,3.094925674425724,1
304200,2.094970138536496,3.0949701385370645,1
304260,2.095014593762073,3.0950145937622437,1
304320,2.0950590401297973,3.0950590401296836,1
304380,2.095103477658199,3.095103477658597,1
304440,2.095147906331192,3.0951479063311353,1
304500,2.095192326134736,3.0951923261349634,1
304560,2.0952367370740603,3.095236737074231,1
304620,2.0952811391670707,3.095281139167639,1
304680,2.0953255324259317,3.095325532426216,1
304740,2.095369916851155,3.0953699168512685,1
304800,2.095414292431883,3.0954142924319967,1
304860,2.0954586591643647,3.095458659164251,1
304920,2.0955030170634927,3.0955030170636633,1
304980,2.0955473661524593,3.0955473661522888,1
305040,2.0955917064246137,3.095591706425296,1
305100,2.0956360378716,3.0956360378713157,1
305160,2.0956803604910874,3.0956803604910306,1
305220,2.095724674292228,3.0957246742924553,1
305280,2.0957689792903693,3.095768979290824,1
305340,2.0958132754931285,3.095813275493299,1
305400,2.095857562890785,3.0958575628911262,1
305460,2.0959018414764046,3.0959018414765183,1
305520,2.0959461112590247,3.0959461112587405,1
305580,2.0959903722616673,3.0959903722613262,1
305640,2.096034624485526,3.096034624485128,1
305700,2.0960788679223583,3.096078867922529,1
305760,2.09612310256864,3.0961231025680718,1
305820,2.096167328428521,3.0961673284286917,1
305880,2.0962115455174626,3.096211545517292,1
305940,2.0962557538446163,3.0962557538448436,1
306000,2.0962999534063442,3.096299953407197,1
306060,2.0963441441946316,3.096344144194802,1
306120,2.0963883262101604,3.096388326210615,1
306180,2.0964324994723142,3.0964324994723142,1
306240,2.0964766640001926,3.0964766640005337,1
306300,2.0965208197839047,3.096520819783848,1
306360,2.0965649667948583,3.096564966794915,1
306420,2.096609105040045,3.0966091050398745,1
306480,2.0966532345611313,3.0966532345614723,1
306540,2.0966973553822186,3.096697355382389,1
306600,2.0967414674773863,3.0967414674773863,1
306660,2.0967855708028083,3.096785570803263,1
306720,2.0968296653798575,3.096829665379971,1
306780,2.0968737512465623,3.096873751246619,1
306840,2.096917828419521,3.096917828419407,1
306900,2.096961896884011,3.096961896884636,1
306960,2.0970059566235477,3.0970059566236046,1
307020,2.0970500076352323,3.0970500076352323,1
307080,2.0970940499379935,3.0970940499387325,1
307140,2.097138083556956,3.0971380835575815,1
307200,2.0971821084934845,3.0971821084928024,1
307260,2.0972261247218853,3.0972261247217148,1
307320,2.0972701322349394,3.0972701322348257,1
307380,2.097314131056976,3.097314131056919,1
307440,2.0973581212105046,3.0973581212105614,1
307500,2.0974021026938203,3.097402102693877,1
307560,2.09744607549527,3.0974460754954976,1
307620,2.0974900396081466,3.0974900396075213,1
307680,2.0975339950412604,3.097533995041033,1
307740,2.0975779418141087,3.097577941814734,1
307800,2.0976218799380035,3.0976218799379467,1
307860,2.097665809400098,3.0976658094007234,1
307920,2.0977097301869776,3.0977097301870913,1
307980,2.0977536423110905,3.0977536423114884,1
308040,2.0977975457911384,3.097797545791366,1
308100,2.0978414406342267,3.0978414406347383,1
308160,2.097885326835126,3.097885326835069,1
308220,2.0979292043880378,3.097929204387526,1
308280,2.097973073293929,3.0979730732946678,1
308340,2.098016933565873,3.0980169335660435,1
308400,2.0980607852186495,3.0980607852178537,1
308460,2.098104628249473,3.0981046282495868,1
308520,2.0981484626468045,3.098148462646975,1
308580,2.0981922884088817,3.0981922884090523,1
308640,2.098236105554463,3.098236105555088,1
308700,2.0982799141036708,3.0982799141033297,1
308760,2.0983237140480924,3.098323714048263,1
308820,2.0983675053772117,3.098367505377496,1
308880,2.0984112880926773,3.0984112880925068,1
308940,2.0984550622055167,3.098455062205346,1
309000,2.098498827726985,3.098498827727383,1
309060,2.0985425846622547,3.098542584662141,1
309120,2.0985863330047323,3.0985863330050165,1
309180,2.098630072749472,3.0986300727494154,1
309240,2.0986738039056263,3.0986738039052852,1
309300,2.0987175264903044,3.098717526490873,1
309360,2.098761240511351,3.098761240511294,1
309420,2.0988049459551803,3.0988049459551235,1
309480,2.0988486428131523,3.0988486428130386,1
309540,2.0988923310989662,3.0988923310991936,1
309600,2.0989360108291066,3.098936010829675,1
309660,2.0989796820082347,3.0989796820085758,1
309720,2.0990233446312914,3.099023344631405,1
309780,2.099066998692763,3.099066998692706,1
309840,2.0991106441967418,3.099110644197026,1
309900,2.099154281156302,3.099154281156416,1
309960,2.0991979095825286,3.0991979095822444,1
310020,2.0992415294720104,3.0992415294722946,1
310080,2.099285140814345,3.0992851408148,1
310140,2.099328743611295,3.0993287436112382,1
310200,2.0993723378808795,3.0993723378813343,1
310260,2.099415923644301,3.0994159236445284,1
310320,2.0994595008922374,3.099459500892408,1
310380,2.0995030695953005,3.0995030695949595,1
310440,2.099546629756219,3.099546629756219,1
310500,2.099590181417625,3.0995901814178524,1
310560,2.0996337246069743,3.099633724607486,1
310620,2.099677259300506,3.0996772593003357,1
310680,2.099720785450586,3.0997207854503017,1
310740,2.0997643030758013,3.099764303075631,1
310800,2.0998078122145785,3.099807812215033,1
310860,2.0998513128856757,3.0998513128857894,1
310920,2.099894805076417,3.0998948050762465,1
310980,2.09993828876884,3.0999382887690103,1
311040,2.0999817639577145,3.099981763957828,1
311100,2.100025230661572,3.1000252306614016,1
311160,2.1000686889065037,3.1000686889072426,1
311220,2.100112138695124,3.1001121386950103,1
311280,2.1001555800018537,3.1001555800019673,1
311340,2.100199012817029,3.1001990128180523,1
311400,2.1002424371660027,3.1002424371654342,1
311460,2.100285853068783,3.1002858530686126,1
311520,2.10032926052736,3.1003292605267347,1
311580,2.1003726595282046,3.100372659528489,1
311640,2.1004160500659736,3.100416050065917,1
311700,2.100459432146579,3.1004594321466925,1
311760,2.100502805789972,3.1005028057904838,1
311820,2.1005461710086024,3.1005461710089435,1
311880,2.10058952779076,3.1005895277904756,1
311940,2.1006328761201303,3.1006328761199597,1
312000,2.1006762160094468,3.100676216009731,1
312060,2.100719547477354,3.100719547476956,1
312120,2.1007628705316392,3.1007628705318666,1
312180,2.1008061851673574,3.1008061851677553,1
312240,2.1008494913785967,3.100849491378767,1
312300,2.100892789164675,3.100892789164675,1
312360,2.100936078539007,3.10093607853878,1
312420,2.100979359515975,3.1009793595161455,1
312480,2.101022632094839,3.101022632094498,1
312540,2.1010658962618436,3.101065896261673,1
312600,2.101109152020797,3.1011091520212517,1
312660,2.101152399384773,3.1011523993851142,1
312720,2.101195638362867,3.1011956383634924,1
312780,2.101238868958717,3.1012388689588875,1
312840,2.101282091165615,3.1012820911658423,1
312900,2.1013253049812306,3.1013253049808895,1
312960,2.101368510413522,3.101368510413181,1
313020,2.101411707478121,3.1014117074775527,1
313080,2.101454896179007,3.101454896179007,1
313140,2.1014980765071414,3.1014980765075393,1
313200,2.1015412484520084,3.1015412484523495,1
313260,2.1015844120269094,3.1015844120271368,1
313320,2.101627567262142,3.1016275672626534,1
313380,2.101670714160491,3.1016707141603206,1
313440,2.1017138526932513,3.101713852693422,1
313500,2.1017569828433693,3.1017569828433693,1
313560,2.1018001046372774,3.10180010463705,1
313620,2.101843218120962,3.1018432181218714,1
313680,2.1018863232847025,3.101886323285612,1
313740,2.101929420101442,3.1019294201015555,1
313800,2.1019725085618575,3.1019725085615164,1
313860,2.102015588681354,3.1020155886815814,1
313920,2.1020586604835785,3.102058660483692,1
313980,2.1021017239772846,3.102101723977512,1
314040,2.102144779151274,3.1021447791514447,1
314100,2.102187825991564,3.102187825991848,1
314160,2.102230864502303,3.1022308645028147,1
314220,2.1022738947087873,3.1022738947093558,1
314280,2.102316916628581,3.102316916629036,1
314340,2.102359930245939,3.1023599302463936,1
314400,2.1024029355479,3.1024029355477865,1
314460,2.102445932538842,3.1024459325391263,1
314520,2.1024889212359312,3.102488921236045,1
314580,2.1025319016504795,3.10253190165065,1
314640,2.1025748737826575,3.1025748737826575,1
314700,2.1026178376224607,3.102617837622063,1
314760,2.1026607931649437,3.1026607931653416,1
314820,2.1027037404264775,3.102703740426648,1
314880,2.1027466794264456,3.1027466794264456,1
314940,2.102789610160187,3.102789610160187,1
315000,2.1028325326181516,3.1028325326178106,1
315060,2.1028754467986914,3.1028754467990893,1
315120,2.102918352711356,3.1029183527115265,1
315180,2.1029612503691624,3.102961250368992,1
315240,2.1030041397791024,3.1030041397793866,1
315300,2.1030470209325927,3.10304702093282,1
315360,2.103089893823096,3.103089893822812,1
315420,2.103132758457946,3.1031327584586847,1
315480,2.1031756148603336,3.1031756148603336,1
315540,2.103218463029748,3.103218463029634,1
315600,2.103261302958856,3.1032613029590266,1
315660,2.1033041346444747,3.103304134644702,1
315720,2.103346958090185,3.1033469580900146,1
315780,2.1033897733107096,3.1033897733107665,1
315840,2.103432580313836,3.1034325803136653,1
315900,2.1034753790970058,3.103475379096892,1
315960,2.1035181696508403,3.1035181696511813,1
316020,2.1035609519778973,3.1035609519781246,1
316080,2.103603726098811,3.1036037260986973,1
316140,2.1036464920190383,3.103646492019152,1
316200,2.103689249734032,3.103689249734032,1
316260,2.103731999238903,3.103731999238846,1
316320,2.1037747405351865,3.1037747405351865,1
316380,2.1038174736330006,3.1038174736331143,1
316440,2.103860198544851,3.103860198545078,1
316500,2.103902915270737,3.1039029152710214,1
316560,2.1039456238025878,3.103945623802531,1
316620,2.103988324136992,3.103988324137333,1
316680,2.1040310162890705,3.1040310162891274,1
316740,2.1040737002753076,3.104073700274853,1
316800,2.104116376090815,3.104116376090758,1
316860,2.1041590437292825,3.1041590437292257,1
316920,2.1042017031896307,3.1042017031894034,1
316980,2.1042443544793628,3.104244354479249,1
317040,2.1042869976119505,3.104286997612462,1
317100,2.1043296325919982,3.104329632592055,1
317160,2.104372259412969,3.104372259412628,1
317220,2.104414878069065,3.104414878069406,1
317280,2.1044574885698353,3.1044574885694374,1
317340,2.1045000909319924,3.104500090932504,1
317400,2.1045426851572415,3.104542685157469,1
317460,2.1045852712391024,3.1045852712387614,1
317520,2.104627849175756,3.1046278491753014,1
317580,2.104670418970727,3.1046704189712955,1
317640,2.104712980636748,3.1047129806365206,1
317700,2.1047555341809243,3.104755534181436,1
317760,2.104798079600698,3.10479807960121,1
317820,2.1048406168895326,3.104840616890044,1
317880,2.104883146050099,3.1048831460503834,1
317940,2.10492566709803,3.1049256670988825,1
318000,2.1049681800479902,3.104968180048502,1
318060,2.1050106848896917,3.105010684889578,1
318120,2.105053181601477,3.1050531816011357,1
318180,2.1050956701873815,3.1050956701869836,1
318240,2.10513815069703,3.1051381506969165,1
318300,2.1051806231482146,3.1051806231479873,1
318360,2.1052230875000078,3.10522308749961,1
318420,2.1052655437080716,3.1052655437081285,1
318480,2.1053079917941204,3.1053079917941773,1
318540,2.1053504318379055,3.1053504318383602,1
318600,2.10539286384153,3.1053928638410184,1
318660,2.10543528776293,3.105435287762816,1
318720,2.1054777035748202,3.105477703574934,1
318780,2.105520111288911,3.1055201112896498,1
318840,2.1055625109407856,3.105562510940331,1
318900,2.105604902546247,3.105604902546247,1
318960,2.1056472860975077,3.1056472860976783,1
319020,2.1056896615781966,3.105689661578026,1
319080,2.1057320289830272,3.105732028983198,1
319140,2.1057743883279727,3.1057743883280864,1
319200,2.105816739635145,3.105816739635827,1
319260,2.105859082909035,3.1058590829098307,1
319320,2.1059014181296334,3.105901418129804,1
319380,2.105943745285458,3.105943745286197,1
319440,2.1059860643974275,3.1059860643970865,1
319500,2.1060283754843,3.106028375484186,1
319560,2.1060706785489174,3.1060706785489174,1
319620,2.106112973580707,3.1061129735804798,1
319680,2.106155260574667,3.1061552605744964,1
319740,2.1061975395345485,3.1061975395348895,1
319800,2.10623981047803,3.106239810478314,1
319860,2.1062820734164234,3.10628207341648,1
319920,2.1063243283413158,3.1063243283410884,1
319980,2.106366575238212,3.1063665752388374,1
320040,2.106408814117515,3.106408814117458,1
320100,2.106451044994742,3.106451044995481,1
320160,2.1064932678782498,3.106493267878534,1
320220,2.106535482764741,3.106535482764741,1
320280,2.1065776896463717,3.1065776896467128,1
320340,2.1066198885231415,3.1066198885234257,1
320400,2.106662079409375,3.1066620794093183,1
320460,2.1067042623189423,3.10670426231934,1
320520,2.1067464372501377,3.106746437250422,1
320580,2.106788604188125,3.106788604188125,1
320640,2.1068307631360312,3.106830763135747,1
320700,2.106872914107271,3.106872914107157,1
320760,2.106915057113895,3.1069150571137243,1
320820,2.106957192155903,3.1069571921564716,1
320880,2.1069993192271,3.106999319227384,1
320940,2.10704143832362,3.107041438323506,1
321000,2.107083549454728,3.1070835494549556,1
321060,2.1071256526365687,3.1071256526366824,1
321120,2.1071677478734046,3.1071677478734046,1
321180,2.1072098351519344,3.1072098351521618,1
321240,2.107251914470055,3.1072519144702255,1
321300,2.1072939858389645,3.1072939858389077,1
321360,2.107336049269122,3.107336049269122,1
321420,2.1073781047666102,3.1073781047668376,1
321480,2.1074201523257443,3.1074201523257443,1
321540,2.1074621919428864,3.1074621919425454,1
321600,2.107504223621163,3.1075042236208787,1
321660,2.107546247375865,3.1075462473756374,1
321720,2.107588263216144,3.107588263216428,1
321780,2.1076302711348376,3.1076302711348376,1
321840,2.1076722711220555,3.1076722711221123,1
321900,2.107714263185187,3.1077142631849597,1
321960,2.107756247339637,3.1077562473398643,1
322020,2.1077982235902937,3.1077982235908053,1
322080,2.1078401919367025,3.1078401919367025,1
322140,2.1078821523715305,3.1078821523714737,1
322200,2.1079241048966537,3.107924104896881,1
322260,2.107966049523725,3.1079660495241797,1
322320,2.108007986265477,3.1080079862657044,1
322380,2.1080499151184426,3.1080499151184995,1
322440,2.1080918360728447,3.108091836072731,1
322500,2.108133749131696,3.1081337491315253,1
322560,2.1081756543071037,3.1081756543075016,1
322620,2.1082175516089023,3.108217551608732,1
322680,2.108259441036921,3.1082594410370348,1
322740,2.1083013225866694,3.108301322586101,1
322800,2.1083431962547934,3.1083431962548502,1
322860,2.1083850620520366,3.108385062051866,1
322920,2.1084269199897108,3.1084269199901655,1
322980,2.108468770072534,3.1084687700729887,1
323040,2.1085106122909565,3.1085106122909565,1
323100,2.1085524466361676,3.108552446636452,1
323160,2.108594273121753,3.1085942731219234,1
323220,2.1086360917738034,3.108636091773917,1
323280,2.108677902594991,3.108677902595332,1
323340,2.108719705558201,3.108719705558542,1
323400,2.108761500648143,3.1087615006481997,1
323460,2.1088032878917033,3.108803287891874,1
323520,2.108845067329696,3.108845067330492,1
323580,2.108886838951605,3.1088868389515483,1
323640,2.108928602731112,3.1089286027312824,1
323700,2.1089703586631003,3.1089703586627024,1
323760,2.1090121067618384,3.109012106761611,1
323820,2.1090538470474485,3.109053847047619,1
323880,2.109095579527832,3.1090955795284003,1
323940,2.1091373041925294,3.109137304193098,1
324000,2.1091790210283534,3.1091790210291492,1
324060,2.109220730041727,3.1092207300416135,1
324120,2.109262431255729,3.1092624312555586,1
324180,2.1093041246862185,3.1093041246865596,1
324240,2.1093458103135276,3.1093458103135845,1
324300,2.109387488126572,3.109387488126231,1
324360,2.1094291581318316,3.109429158132116,1
324420,2.1094708203486334,3.1094708203481787,1
324480,2.1095124747856175,3.1095124747856175,1
324540,2.109554121442443,3.109554121442443,1
324600,2.1095957603060356,3.109595760306263,1
324660,2.109637391375827,3.109637391376225,1
324720,2.109679014666199,3.1096790146666535,1
324780,2.1097206301954543,3.1097206301953975,1
324840,2.109762237962343,3.1097622379622862,1
324900,2.109803837946288,3.1098038379464583,1
324960,2.109845430150415,3.1098454301508127,1
325020,2.1098870145902993,3.109887014590015,1
325080,2.1099285912769687,3.109928591277196,1
325140,2.109970160214232,3.109970160214175,1
325200,2.110011721392709,3.110011721393164,1
325260,2.1100532748067735,3.1100532748072283,1
325320,2.1100948204652923,3.110094820465008,1
325380,2.1101363583864554,3.1101363583867965,1
325440,2.110177888577425,3.1101778885777662,1
325500,2.1102194110215464,3.1102194110214896,1
325560,2.1102609257150107,3.110260925714954,1
325620,2.1103024326681634,3.1103024326677087,1
325680,2.110343931894022,3.110343931894363,1
325740,2.1103854233992365,3.110385423399066,1
325800,2.1104269071790895,3.1104269071793738,1
325860,2.110468383225566,3.1104683832256796,1
325920,2.11050985154219,3.1105098515420195,1
325980,2.110551312144821,3.1105513121451622,1
326040,2.1105927650468743,3.110592765046988,1
326100,2.1106342102389135,3.110634210238686,1
326160,2.110675647706671,3.1106756477067847,1
326220,2.1107170774594692,3.1107170774596966,1
326280,2.1107584995116895,3.110758499511803,1
326340,2.1107999138727678,3.110799913872313,1
326400,2.1108413205400325,3.1108413205407146,1
326460,2.1108827195058097,3.110882719505639,1
326520,2.110924110767712,3.1109241107683374,1
326580,2.1109654943402347,3.110965494340519,1
326640,2.1110068702388958,3.1110068702388958,1
326700,2.111048238460512,3.1110482384606826,1
326760,2.111089598990759,3.1110895989903042,1
326820,2.1111309518323083,3.1111309518322514,1
326880,2.111172296997836,3.111172296997779,1
326940,2.1112136344991086,3.1112136344994497,1
327000,2.1112549643371494,3.1112549643375473,1
327060,2.1112962865054783,3.111296286505194,1
327120,2.1113376009992066,3.111337600999377,1
327180,2.1113789078274294,3.111378907827884,1
327240,2.1114202070062333,3.1114202070069155,1
327300,2.1114614985402795,3.111461498540166,1
327360,2.111502782416551,3.111502782416494,1
327420,2.11154405863158,3.1115440586314094,1
327480,2.111585327195826,3.1115853271963942,1
327540,2.11162658812151,3.1116265881213394,1
327600,2.1116678414128387,3.1116678414132934,1
327660,2.1117090870660036,3.11170908706589,1
327720,2.111750325075093,3.111750325075775,1
327780,2.1117915554438014,3.111791555444313,1
327840,2.1118327781876474,3.1118327781873063,1
327900,2.1118739933147594,3.111873993315328,1
327960,2.111915200819908,3.111915200819567,1
328020,2.1119564006905307,3.1119564006905875,1
328080,2.111997592935154,3.1119975929352677,1
328140,2.112038777567875,3.112038777567591,1
328200,2.1120799545946625,3.1120799545942646,1
328260,2.1121211240139246,3.1121211240138678,1
328320,2.112162285820034,3.1121622858198066,1
328380,2.1122034400126495,3.1122034400123653,1
328440,2.1122445866033672,3.112244586603879,1
328500,2.112285725604977,3.1122857256051475,1
328560,2.1123268570164555,3.112326857016626,1
328620,2.1123679808245583,3.112367980824729,1
328680,2.112409097033435,3.1124090970333214,1
328740,2.1124502056544543,3.1124502056547385,1
328800,2.112491306696427,3.11249130669637,1
328860,2.1125324001615127,3.112532400161399,1
328920,2.1125734860433454,3.112573486043914,1
328980,2.112614564340106,3.1126145643405607,1
329040,2.112655635059923,3.112655635059582,1
329100,2.112696698215359,3.1126966982151316,1
329160,2.112737753809995,3.112737753811132,1
329220,2.1127788018362708,3.112778801836612,1
329280,2.112819842284182,3.1128198422844093,1
329340,2.1128608751646425,3.112860875164415,1
329400,2.1129019005065857,3.112901900506131,1
329460,2.112942918312285,3.1129429183121715,1
329520,2.1129839285540015,3.1129839285543426,1
329580,2.1130249312162164,3.1130249312169553,1
329640,2.1130659263243956,3.1130659263243956,1
329700,2.113106913919296,3.1131069139190686,1
329760,2.1131478939921635,3.113147893992391,1
329820,2.1131888665178735,3.113188866517703,1
329880,2.1132298314874447,3.113229831488411,1
329940,2.1132707889160542,3.113270788916509,1
330000,2.113311738823768,3.113311738823711,1
330060,2.11335268121843,3.1133526812182595,1
330120,2.113393616090889,3.113393616090775,1
330180,2.1134345434269335,3.1134345434273314,1
330240,2.113475463230941,3.1134754632315094,1
330300,2.113516375526558,3.113516375526501,1
330360,2.1135572803279956,3.1135572803281093,1
330420,2.1135981776210997,3.1135981776208155,1
330480,2.113639067393308,3.113639067392853,1
330540,2.1136799496503613,3.1136799496505887,1
330600,2.113720824406414,3.113720824406755,1
330660,2.1137616916718684,3.1137616916719253,1
330720,2.1138025514471224,3.1138025514477476,1
330780,2.1138434037218303,3.1138434037220577,1
330840,2.1138842484927522,3.1138842484933775,1
330900,2.1139250857738148,3.113925085774099,1
330960,2.1139659155829804,3.1139659155829804,1
331020,2.1140067379154743,3.1140067379154743,1
331080,2.1140475527611784,3.1140475527610647,1
331140,2.114088360120718,3.114088360120661,1
331200,2.1141291600025056,3.114129160003017,1
331260,2.1141699524160913,3.114169952416489,1
331320,2.1142107373675003,3.1142107373675003,1
331380,2.1142515148514462,3.1142515148512757,1
331440,2.1142922848616195,3.11429228486179,1
331500,2.114333047405239,3.1143330474054665,1
331560,2.1143738024968,3.1143738024967433,1
331620,2.114414550146421,3.114414550146307,1
331680,2.1144552903408,3.114455290341084,1
331740,2.114496023061122,3.114496023061122,1
331800,2.114536748325065,3.1145367483252357,1
331860,2.114577466166679,3.1145774661673045,1
331920,2.1146181765932965,3.1146181765932397,1
331980,2.1146588795710386,3.1146588795714933,1
332040,2.114699575070688,3.114699575070347,1
332100,2.1147402631277714,3.114740263127601,1
332160,2.114780943779408,3.114780943780147,1
332220,2.114821617025825,3.1148216170261662,1
332280,2.114862282843319,3.1148622828431485,1
332340,2.114902941216883,3.114902941217281,1
332400,2.1149435921568625,3.1149435921576014,1
332460,2.114984235685256,3.1149842356851423,1
332520,2.115024871813091,3.115024871813489,1
332580,2.1150655005350245,3.115065500535536,1
332640,2.115106121834117,3.115106121834401,1
332700,2.1151467357088336,3.1151467357087768,1
332760,2.115187342181571,3.115187342181798,1
332820,2.115227941273929,3.115227941274327,1
332880,2.1152685329742553,3.115268532974312,1
332940,2.1153091172667473,3.1153091172666905,1
333000,2.115349694153281,3.1153496941537355,1
333060,2.115390263646759,3.1153902636470434,1
333120,2.1154308257603134,3.115430825760882,1
333180,2.1154713804963308,3.1154713804965013,1
333240,2.115511927846626,3.115511927846171,1
333300,2.1155524678054007,3.1155524678054576,1
333360,2.115593000381466,3.1155930003815797,1
333420,2.115633525591136,3.115633525590738,1
333480,2.1156740434415156,3.1156740434412313,1
333540,2.115714553917087,3.1157145539169733,1
333600,2.115755057014951,3.1157550570147805,1
333660,2.1157955527428953,3.1157955527428953,1
333720,2.115836041114676,3.115836041115017,1
333780,2.115876522135693,3.115876522136432,1
333840,2.115916995802195,3.1159169958025927,1
333900,2.115957462105939,3.115957462105712,1
333960,2.1159979210507913,3.1159979210507913,1
334020,2.11603837265136,3.1160383726518717,1
334080,2.1160788169192983,3.116078816919412,1
334140,2.116119253847785,3.116119253847387,1
334200,2.116159683422211,3.1161596834219836,1
334260,2.1162001056505346,3.116200105650819,1
334320,2.116240520547933,3.116240520547933,1
334380,2.1162809281208297,3.1162809281212276,1
334440,2.1163213283691675,3.1163213283694517,1
334500,2.116361721284079,3.116361721284136,1
334560,2.1164021068651664,3.1164021068652232,1
334620,2.1164424851247077,3.1164424851244803,1
334680,2.1164828560748106,3.1164828560752085,1
334740,2.116523219716612,3.116523219716896,1
334800,2.1165635760357873,3.116563576036242,1
334860,2.1166039250338713,3.1166039250337576,1
334920,2.1166442667226306,3.116644266722915,1
334980,2.1166846011128655,3.1166846011124676,1
335040,2.1167249282055423,3.1167249282057696,1
335100,2.116765247995943,3.1167652479957724,1
335160,2.1168055604784968,3.11680556047844,1
335220,2.116845865661844,3.1168458656619578,1
335280,2.116886163559684,3.1168861635599114,1
335340,2.116926454178383,3.116926454178383,1
335400,2.11696673750464,3.1169667375048675,1
335460,2.117007013536579,3.11700701353692,1
335520,2.1170472822830106,3.117047282282954,1
335580,2.117087543754053,3.117087543754053,1
335640,2.1171277979543106,3.1171277979542538,1
335700,2.1171680448819075,3.1171680448812253,1
335760,2.117208284529738,3.1172082845296245,1
335820,2.1172485169018955,3.117248516902748,1
335880,2.1172887420115103,3.117288742011908,1
335940,2.117328959867791,3.117328959867791,1
336000,2.1173691704648263,3.1173691704651674,1
336060,2.117409373792384,3.117409373792839,1
336120,2.117449569857399,3.117449569857513,1
336180,2.1174897586711836,3.117489758671411,1
336240,2.1175299402420933,3.117529940242889,1
336300,2.117570114568423,3.1175701145684798,1
336360,2.117610281644147,3.1176102816439766,1
336420,2.1176504414679016,3.117650441468129,1
336480,2.1176905940516235,3.11769059405151,1
336540,2.1177307394069658,3.1177307394066816,1
336600,2.1177708775327346,3.117770877532962,1
336660,2.1178110084181867,3.117811008418073,1
336720,2.1178511320653683,3.1178511320657094,1
336780,2.117891248485023,3.117891248485762,1
336840,2.1179313576867003,3.1179313576866434,1
336900,2.1179714596702297,3.1179714596706276,1
336960,2.1180115544322007,3.11801155443203,1
337020,2.1180516419695437,3.1180516419691457,1
337080,2.118091722288341,3.1180917222891935,1
337140,2.1181317954030305,3.118131795403201,1
337200,2.118171861316,3.1181718613162275,1
337260,2.11821192001986,3.118211920019803,1
337320,2.1182519715050034,3.1182519715050603,1
337380,2.118292015782174,3.11829201578297,1
337440,2.118332052877406,3.1183320528780314,1
337500,2.118372082793485,3.118372082793883,1
337560,2.1184121055060245,3.1184121055063656,1
337620,2.1184521210004164,3.118452121000189,1
337680,2.1184921292969534,3.118492129297408,1
337740,2.118532130435483,3.118532130435824,1
337800,2.118572124407649,3.1185721244078195,1
337860,2.118612111191794,3.118612111192192,1
337920,2.1186520907788235,3.118652090778994,1
337980,2.118692063182209,3.118692063182209,1
338040,2.1187320284198563,3.1187320284197426,1
338100,2.1187719864992687,3.118771986499894,1
338160,2.118811937413625,3.1188119374135113,1
338220,2.118851881149851,3.118851881149567,1
338280,2.118891817709766,3.1188918177096525,1
338340,2.118931747115994,3.1189317471157665,1
338400,2.1189716693817786,3.1189716693825744,1
338460,2.1190115844954676,3.1190115844951265,1
338520,2.11905149244393,3.119051492444214,1
338580,2.1190913932336457,3.119091393233532,1
338640,2.1191312868764385,3.1191312868764385,1
338700,2.119171173382483,3.1191711733831085,1
338760,2.1192110527518935,3.1192110527522345,1
338820,2.1192509249759155,3.1192509249761997,1
338880,2.119290790051025,3.1192907900515934,1
338940,2.1193306479897274,3.1193306479901253,1
339000,2.11937049880936,3.119370498809417,1
339060,2.1194103425045228,3.1194103425049775,1
339120,2.119450179068167,3.1194501790675986,1
339180,2.1194900084983033,3.1194900084985875,1
339240,2.1195298308028327,3.1195298308022075,1
339300,2.1195696459923283,3.1195696459926694,1
339360,2.119609454073668,3.119609454073725,1
339420,2.1196492550383823,3.1196492550387234,1
339480,2.1196890488808435,3.119689048880389,1
339540,2.1197288356083277,3.1197288356080435,1
339600,2.11976861523749,3.1197686152376605,1
339660,2.1198083877703766,3.119808387770945,1
339720,2.1198481532004507,3.1198481532008486,1
339780,2.119887911524131,3.1198879115246427,1
339840,2.119927662744999,3.1199276627455674,1
339900,2.1199674068739682,3.11996740687448,1
339960,2.1200071439187695,3.1200071439187127,1
340020,2.1200468738765608,3.120046873876163,1
340080,2.120086596739384,3.1200865967402933,1
340140,2.1201263125099103,3.120126312510422,1
340200,2.120166021204284,3.120166021204284,1
340260,2.1202057228271656,3.1202057228271656,1
340320,2.120245417375145,3.120245417375372,1
340380,2.1202851048442994,3.1202851048441858,1
340440,2.1203247852348,3.120324785234402,1
340500,2.1203644585559687,3.1203644585559687,1
340560,2.1204041248172416,3.1204041248165026,1
340620,2.1204437840187325,3.120443784018562,1
340680,2.120483436153563,3.1204834361534495,1
340740,2.120523081220142,3.120523081220483,1
340800,2.120562719229383,3.1205627192295537,1
340860,2.120602350194929,3.1206023501947016,1
340920,2.1206419741138234,3.120641974113653,1
340980,2.1206815909789043,3.1206815909795296,1
341040,2.1207212007910243,3.120721200791138,1
341100,2.1207608035559247,3.1207608035564363,1
341160,2.120800399283837,3.1208003992833824,1
341220,2.120839987979082,3.1208399879789113,1
341280,2.1208795696356333,3.1208795696359743,1
341340,2.120919144250365,3.120919144250024,1
341400,2.120958711827768,3.1209587118282798,1
341460,2.1209982723850658,3.120998272384952,1
341520,2.1210378259220306,3.121037825922315,1
341580,2.121077372433035,3.1210773724332626,1
341640,2.121116911916488,3.1211169119169426,1
341700,2.1211564443761404,3.1211564443764814,1
341760,2.121195969821372,3.1211959698212013,1
341820,2.1212354882586624,3.121235488259174,1
341880,2.121274999685795,3.1212749996863067,1
341940,2.1213145040971426,3.121314504097029,1
342000,2.121354001494126,3.1213540014941827,1
342060,2.1213934918907285,3.121393491890558,1
342120,2.1214329752978074,3.1214329752977505,1
342180,2.121472451708655,3.121472451708769,1
342240,2.1215119211033198,3.121511921103547,1
342300,2.1215513834860076,3.1215513834868602,1
342360,2.121590838896907,3.1215908388970206,1
342420,2.1216302873513655,3.121630287351934,1
342480,2.121669728816528,3.121669728816755,1
342540,2.121709163254593,3.1217091632547636,1
342600,2.1217485906831826,3.1217485906834668,1
342660,2.1217880111675527,3.1217880111673253,1
342720,2.121827424709693,3.1218274247094655,1
342780,2.1218668312757245,3.1218668312761793,1
342840,2.121906230842626,3.121906230842967,1
342900,2.1219456234211975,3.1219456234209133,1
342960,2.121985009037701,3.1219850090378145,1
343020,2.1220243877081657,3.1220243877075973,1
343080,2.1220637594233835,3.122063759423213,1
343140,2.1221031241716446,3.122103124171872,1
343200,2.122142481948572,3.1221424819487993,1
343260,2.12218183276633,3.12218183276633,1
343320,2.122221176643791,3.1222211766439614,1
343380,2.1222605135843082,3.122260513583967,1
343440,2.1222998435710565,3.122299843570886,1
343500,2.1223391665949976,3.1223391665953955,1
343560,2.122378482673014,3.122378482672616,1
343620,2.122417791820567,3.1224177918207943,1
343680,2.1224570940398735,3.1224570940404988,1
343740,2.1224963893229756,3.122496389322521,1
343800,2.122535677664189,3.12253567766453,1
343860,2.1225749590673786,3.1225749590669807,1
343920,2.1226142335464715,3.1226142335461304,1
343980,2.122653501111529,3.12265350111187,1
344040,2.122692761755957,3.1226927617561273,1
344100,2.1227320154670792,3.1227320154670224,1
344160,2.122771262252911,3.1227712622528543,1
344220,2.1228105021261285,3.122810502126697,1
344280,2.122849735094462,3.122849735093837,1
344340,2.1228889611547856,3.122888961154956,1
344400,2.1229281803004483,3.122928180300221,1
344460,2.122967392531791,3.122967392531848,1
344520,2.1230065978592165,3.12300659785933,1
344580,2.1230457962954574,3.1230457962954006,1
344640,2.123084987839036,3.123084987839377,1
344700,2.1231241724769916,3.1231241724773895,1
344760,2.1231633502123373,3.123163350212508,1
344820,2.123202521056612,3.123202521056669,1
344880,2.1232416850180584,3.123241685018286,1
344940,2.123280842098154,3.1232808420980405,1
345000,2.1233199922906465,3.1233199922905897,1
345060,2.1233591355922954,3.1233591355926364,1
345120,2.123398272012082,3.1233982720119116,1
345180,2.123437401561887,3.1234374015620006,1
345240,2.123476524245177,3.123476524245177,1
345300,2.123515640051778,3.123515640051721,1
345360,2.1235547489794158,3.1235547489792452,1
345420,2.1235938510363326,3.123593851036503,1
345480,2.123632946233272,3.123632946234011,1
345540,2.123672034573076,3.1236720345727917,1
345600,2.1237111160526183,3.123711116052732,1
345660,2.1237501906674083,3.123750190667465,1
345720,2.1237892584209135,3.1237892584213682,1
345780,2.1238283193255256,3.1238283193251846,1
345840,2.12386737338835,3.123867373388407,1
345900,2.123906420604385,3.123906420604328,1
345960,2.1239454609636255,3.1239454609642507,1
346020,2.1239844944740867,3.1239844944744846,1
346080,2.12402352114691,3.12402352114691,1
346140,2.1240625409870404,3.124062540987609,1
346200,2.1241015539936825,3.1241015539933414,1
346260,2.1241405601608108,3.1241405601608108,1
346320,2.124179559489505,3.1241795594893347,1
346380,2.1242185519892587,3.1242185519896566,1
346440,2.1242575376711557,3.1242575376708714,1
346500,2.1242965165325813,3.1242965165329792,1
346560,2.1243354885645545,3.124335488565066,1
346620,2.1243744537698035,3.12437445376969,1
346680,2.124413412157878,3.124413412158333,1
346740,2.1244523637370207,3.124452363737362,1
346800,2.1244913085071744,3.1244913085075723,1
346860,2.1245302464652696,3.124530246465042,1
346920,2.1245691776079525,3.1245691776079525,1
346980,2.124608101942897,3.1246081019431813,1
347040,2.124647019481017,3.124647019481017,1
347100,2.1246859302257235,3.1246859302256667,1
347160,2.124724834168319,3.124724834168319,1
347220,2.124763731302494,3.12476373130238,1
347280,2.1248026216374,3.124802621637855,1
347340,2.1248415051982192,3.1248415051981056,1
347400,2.124880381984042,3.1248803819837576,1
347460,2.1249192519724716,3.1249192519725284,1
347520,2.124958115152481,3.124958115152424,1
347580,2.124996971544533,3.124996971544988,1
347640,2.1250358211838147,3.1250358211838147,1
347700,2.1250746640606053,3.125074664060662,1
347760,2.1251135001542707,3.125113500153759,1
347820,2.1251523294579897,3.1251523294581034,1
347880,2.125191151985689,3.1251911519859163,1
347940,2.125229967753171,3.1252299677536257,1
348000,2.125268776767598,3.125268776767882,1
348060,2.1253075790197613,3.1253075790195908,1
348120,2.125346374498804,3.1253463744992587,1
348180,2.1253851632091028,3.125385163208989,1
348240,2.125423945170496,3.125423945170894,1
348300,2.1254627203940117,3.125462720394353,1
348360,2.1255014888669166,3.1255014888675987,1
348420,2.125540250580798,3.1255402505808547,1
348480,2.125579005539805,3.125579005539919,1
348540,2.1256177537562166,3.125617753756103,1
348600,2.1256564952380472,3.125656495238502,1
348660,2.1256952299855243,3.125695229985695,1
348720,2.125733957989894,3.1257339579901213,1
348780,2.125772679249735,3.1257726792496783,1
348840,2.1258113937763596,3.1258113937768144,1
348900,2.125850101584092,3.1258501015843763,1
348960,2.1258888026692375,3.125888802669408,1
349020,2.125927497023781,3.1259274970232127,1
349080,2.125966184647666,3.1259661846476092,1
349140,2.1260048655485093,3.126004865548623,1
349200,2.12604353973461,3.1260435397348942,1
349260,2.126082207210061,3.1260822072105725,1
349320,2.1261208679711103,3.1261208679705987,1
349380,2.126159522013097,3.1261595220129834,1
349440,2.1261981693410235,3.1261981693409098,1
349500,2.1262368099681908,3.1262368099682476,1
349560,2.12627544389926,3.1262754438994307,1
349620,2.1263140711276947,3.126314071127638,1
349680,2.126352691645252,3.1263526916454225,1
349740,2.126391305460288,3.1263913054598333,1
349800,2.1264299125853654,3.1264299125853086,1
349860,2.126468513023042,3.126468513023383,1
349920,2.126507106771726,3.1265071067722943,1
349980,2.126545693827154,3.1265456938269267,1
350040,2.126584274190577,3.126584274190975,1
350100,2.1266228478716585,3.1266228478713174,1
350160,2.1266614148773897,3.126661414877958,1
350220,2.126699975207657,3.126699975207373,1
350280,2.1267385288546734,3.126738528854844,1
350340,2.126777075818495,3.1267770758188362,1
350400,2.1268156161106617,3.1268156161110596,1
350460,2.1268541497443607,3.1268541497443607,1
350520,2.126892676713453,3.1268926767136804,1
350580,2.1269311970115155,3.126931197011743,1
350640,2.1269697106405374,3.1269697106404237,1
350700,2.1270082176079086,3.1270082176076244,1
350760,2.127046717920564,3.127046717921246,1
350820,2.1270852115814023,3.1270852115816297,1
350880,2.1271236985868995,3.1271236985870132,1
350940,2.1271621789334176,3.1271621789337587,1
351000,2.12720065262846,3.1272006526286305,1
351060,2.1272391196824856,3.1272391196825424,1
351120,2.1272775800991326,3.12727758009936,1
351180,2.1273160338710113,3.127316033871466,1
351240,2.1273544809895952,3.127354480989254,1
351300,2.127392921464036,3.1273929214643204,1
351360,2.1274313553192314,3.127431355319686,1
351420,2.1274697825566022,3.1274697825568296,1
351480,2.1275082031543775,3.127508203154207,1
351540,2.1275466170967547,3.127546617096698,1
351600,2.127585024405846,3.1275850244063577,1
351660,2.1276234251172355,3.127623425116724,1
351720,2.12766181922251,3.127661819222908,1
351780,2.1277002067008652,3.1277002067014337,1
351840,2.1277385875441723,3.127738587544343,1
351900,2.1277769617655053,3.1277769617654485,1
351960,2.1278153293811783,3.127815329380951,1
352020,2.1278536903982967,3.12785369039824,1
352080,2.1278920448095846,3.1278920448095846,1
352140,2.1279303926029343,3.127930392602593,1
352200,2.1279687337801647,3.127968733780733,1
352260,2.1280070683625354,3.128007068361967,1
352320,2.1280453963626087,3.1280453963627224,1
352380,2.1280837177673675,3.128083717767879,1
352440,2.1281220325670347,3.128122032567319,1
352500,2.1281603407659873,3.1281603407663283,1
352560,2.128198642375537,3.1281986423757644,1
352620,2.128236937404381,3.128236937404381,1
352680,2.1282752258541677,3.1282752258541677,1
352740,2.128313507715177,3.128313507715177,1
352800,2.1283517829841117,3.1283517829841685,1
352860,2.1283900516734207,3.128390051672966,1
352920,2.1284283137971443,3.128428313797599,1
352980,2.1284665693527813,3.128466569352952,1
353040,2.1285048183316917,3.128504818331635,1
353100,2.12854306073325,3.1285430607331364,1
353160,2.128581296564903,3.1285812965646755,1
353220,2.128619525834722,3.1286195258342104,1
353280,2.128657748547198,3.128657748546914,1
353340,2.1286959646984656,3.128695964699034,1
353400,2.1287341742838066,3.12873417428375,1
353460,2.1287723773078255,3.1287723773082803,1
353520,2.128810573783369,3.1288105737839373,1
353580,2.128848763718736,3.128848763718679,1
353640,2.1288869471029557,3.1288869471029557,1
353700,2.1289251239206806,3.128925123920112,1
353760,2.128963294184757,3.1289632941849845,1
353820,2.12900145792554,3.1290014579256535,1
353880,2.129039615149111,3.1290396151489404,1
353940,2.129077765826594,3.129077765826878,1
354000,2.129115909932864,3.129115909933148,1
354060,2.1291540474978774,3.129154047498048,1
354120,2.1291921785525574,3.1291921785527848,1
354180,2.129230303098666,3.1292303030980975,1
354240,2.1292684211156825,3.1292684211156256,1
354300,2.1293065325899647,3.129306532589851,1
354360,2.129344637530153,3.1293446375302665,1
354420,2.1293827359547777,3.129382735954948,1
354480,2.129420827873844,3.129420827874128,1
354540,2.1294589132825195,3.1294589132825195,1
354600,2.1294969921675033,3.1294969921669917,1
354660,2.1295350645247026,3.1295350645254416,1
354720,2.1295731303752063,3.129573130375377,1
354780,2.1296111897364653,3.129611189736636,1
354840,2.129649242598248,3.129649242598873,1
354900,2.1296872889491283,3.1296872889490714,1
354960,2.1297253287877425,3.129725328787856,1
355020,2.1297633621271075,3.1297633621273917,1
355080,2.1298013889770573,3.129801388977171,1
355140,2.1298394093394677,3.129839409339411,1
355200,2.129877423208711,3.1298774232085407,1
355260,2.129915430579274,3.1299154305795014,1
355320,2.1299534314576363,3.129953431458091,1
355380,2.129991425858009,3.129991425857554,1
355440,2.1300294137863602,3.130029413786872,1
355500,2.130067395230469,3.1300673952306965,1
355560,2.130105370186868,3.130105370186527,1
355620,2.130143338662208,3.130143338662265,1
355680,2.1301813006678003,3.1301813006678003,1
355740,2.13021925620842,3.130219256208477,1
355800,2.1302572052804294,3.1302572052807136,1
355860,2.13029514787803,3.1302951478785417,1
355920,2.130333084003553,3.1303330840042918,1
355980,2.130371013669219,3.130371013669503,1
356040,2.130408936884976,3.1304089368850896,1
356100,2.13044685364423,3.13044685364531,1
356160,2.1304847639374316,3.130484763937716,1
356220,2.130522667768389,3.1305226677685027,1
356280,2.130560565149608,3.130560565149949,1
356340,2.1305984560887055,3.130598456088933,1
356400,2.130636340584317,3.1306363405841466,1
356460,2.1306742186287693,3.13067421862894,1
356520,2.1307120902222323,3.130712090222346,1
356580,2.1307499553736307,3.130749955373176,1
356640,2.1307878140951857,3.1307878140948446,1
356700,2.130825666386329,3.1308256663869543,1
356760,2.1308635122362034,3.1308635122362602,1
356820,2.1309013516449795,3.130901351645093,1
356880,2.130939184622548,3.13093918462215,1
356940,2.1309770111774355,3.130977011177663,1
357000,2.131014831312939,3.1310148313129957,1
357060,2.1310526450222937,3.131052645022237,1
357120,2.1310904523025442,3.131090452302999,1
357180,2.1311282531597158,3.1311282531598863,1
357240,2.1311660476058023,3.1311660476057455,1
357300,2.1312038356455787,3.131203835645806,1
357360,2.13124161726887,3.131241617269154,1
357420,2.131279392473857,3.131279392473914,1
357480,2.131317161267077,3.1313171612673614,1
357540,2.1313549236571703,3.1313549236571703,1
357600,2.1313926796487976,3.131392679648741,1
357660,2.1314304292394013,3.1314304292396855,1
357720,2.1314681724238653,3.1314681724242632,1
357780,2.1315059092056003,3.131505909205657,1
357840,2.131543639594497,3.131543639594611,1
357900,2.1315813635984,3.1315813635988548,1
357960,2.131619081214012,3.131619081214069,1
358020,2.1316567924307037,3.131656792430647,1
358080,2.1316944972545,3.1316944972551255,1
358140,2.1317321956966566,3.1317321956970545,1
358200,2.1317698877623457,3.1317698877617772,1
358260,2.13180757345026,3.1318075734504305,1
358320,2.1318452527556815,3.1318452527559657,1
358380,2.131882925678667,3.131882925678667,1
358440,2.1319205922269475,3.1319205922269475,1
358500,2.1319582524107545,3.131958252411607,1
358560,2.131995906231225,3.1319959062309977,1
358620,2.1320335536769903,3.1320335536773314,1
358680,2.1320711947501536,3.132071194750665,1
358740,2.1321088294606625,3.1321088294603783,1
358800,2.1321464578144855,3.132146457814997,1
358860,2.1321840798138965,3.1321840798142375,1
358920,2.1322216954549162,3.1322216954549162,1
358980,2.1322593047348732,3.1322593047351575,1
359040,2.1322969076585423,3.132296907658713,1
359100,2.13233450423769,3.132334504237349,1
359160,2.1323720944758975,3.132372094476068,1
359220,2.1324096783659456,3.1324096783666846,1
359280,2.1324472559002174,3.132447255900445,1
359340,2.1324848270868983,3.1324848270861594,1
359400,2.1325223919470773,3.1325223919473046,1
359460,2.1325599504846764,3.1325599504849038,1
359520,2.13259750267963,3.132597502679971,1
359580,2.132635048517841,3.132635048518182,1
359640,2.1326725880172717,3.132672588017556,1
359700,2.132710121210664,3.1327101212109483,1
359760,2.1327476480923906,3.1327476480919927,1
359820,2.132785168643238,3.132785168642954,1
359880,2.13282268285559,3.1328226828557604,1
359940,2.1328601907406437,3.1328601907410984,1
360000,2.132897692313236,3.132897692313179,1
360060,2.132935187581097,3.1329351875809266,1
360120,2.1329726765362125,3.1329726765366104,1
360180,2.1330101591693165,3.1330101591689186,1
360240,2.1330476354805796,3.133047635481091,1
360300,2.1330851054897266,3.1330851054901245,1
360360,2.1331225692080693,3.133122569208467,1
360420,2.133160026626058,3.1331600266257738,1
360480,2.1331974777321534,3.133197477732324,1
360540,2.1332349225307325,3.1332349225303346,1
360600,2.1332723610331072,3.1332723610327093,1
360660,2.1333097932468945,3.133309793247008,1
360720,2.1333472191731744,3.1333472191735154,1
360780,2.133384638804216,3.133384638804216,1
360840,2.1334220521365523,3.1334220521368366,1
360900,2.133459459180301,3.133459459180301,1
360960,2.1334968599503554,3.1334968599506396,1
361020,2.1335342544433615,3.1335342544436458,1
361080,2.1335716426520435,3.133571642652612,1
361140,2.133609024575833,3.1336090245758896,1
361200,2.1336464002195044,3.1336464002193907,1
361260,2.13368376959329,3.13368376959329,1
361320,2.133721132701737,3.13372113270259,1
361380,2.133758489540355,3.1337584895405257,1
361440,2.1337958401016976,3.133795840101584,1
361500,2.1338331843923015,3.1338331843919036,1
361560,2.1338705224267187,3.133870522427344,1
361620,2.1339078542069956,3.133907854206768,1
361680,2.1339451797272204,3.133945179726993,1
361740,2.133982498983812,3.133982498983812,1
361800,2.1340198119803517,3.134019811980295,1
361860,2.1340571187251953,3.1340571187255932,1
361920,2.1340944192261873,3.134094419225562,1
361980,2.1341317134790643,3.134131713479519,1
362040,2.1341690014793357,3.1341690014801316,1
362100,2.134206283228025,3.1342062832281954,1
362160,2.1342435587378077,3.1342435587378077,1
362220,2.1342808280139707,3.134280828014198,1
362280,2.1343180910532737,3.134318091053217,1
362340,2.134355347852079,3.1343553478519652,1
362400,2.134392598410841,3.134392598410898,1
362460,2.134429842736722,3.1344298427370063,1
362520,2.134467080837794,3.134467080837794,1
362580,2.1345043127150802,3.134504312715478,1
362640,2.134541538362157,3.134541538362498,1
362700,2.1345787577776605,3.1345787577780015,1
362760,2.1346159709699464,3.134615970969662,1
362820,2.1346531779510656,3.1346531779518614,1
362880,2.1346903787191422,3.1346903787193696,1
362940,2.1347275732680373,3.134727573268094,1
363000,2.134764761596955,3.134764761597694,1
363060,2.1348019437123185,3.1348019437126595,1
363120,2.1348391196218586,3.1348391196218586,1
363180,2.1348762893290427,3.1348762893294975,1
363240,2.1349134528302898,3.134913452830233,1
363300,2.134950610120825,3.1349506101212796,1
363360,2.1349877612063324,3.1349877612063892,1
363420,2.1350249060987494,3.1350249060984083,1
363480,2.1350620448000655,3.1350620448000655,1
363540,2.1350991773056194,3.1350991773055625,1
363600,2.1351363036127964,3.135136303612626,1
363660,2.1351734237249502,3.1351734237248365,1
363720,2.1352105376497548,3.135210537650096,1
363780,2.1352476453939744,3.1352476453938607,1
363840,2.1352847469545964,3.135284746955051,1
363900,2.1353218423266753,3.135321842326846,1
363960,2.1353589315122576,3.135358931512201,1
364020,2.1353960145218025,3.1353960145225415,1
364080,2.135433091365485,3.135433091365769,1
364140,2.1354701620379046,3.135470162038189,1
364200,2.135507226523771,3.1355072265246235,1
364260,2.135544284828029,3.1355442848279154,1
364320,2.1355813369723364,3.135581336971825,1
364380,2.135618382970847,3.1356183829700512,1
364440,2.13565542280827,3.135655422807929,1
364500,2.1356924564619817,3.1356924564624933,1
364560,2.135729483943294,3.1357294839434644,1
364620,2.135766505274205,3.1357665052743187,1
364680,2.135803520463128,3.1358035204631847,1
364740,2.135840529502161,3.1358405295021043,1
364800,2.135877532382324,3.135877532382267,1
364860,2.135914529102081,3.135914529102081,1
364920,2.135951519672119,3.13595151967246,1
364980,2.1359885041076723,3.1359885041075586,1
365040,2.136025482407547,3.136025482407831,1
365100,2.136062454558612,3.136062454559351,1
365160,2.136099420555013,3.1360994205551833,1
365220,2.1361363804143707,3.1361363804141433,1
365280,2.136173334148964,3.1361733341491345,1
365340,2.1362102817573714,3.1362102817577693,1
365400,2.136247223230839,3.1362472232318055,1
365460,2.136284158566923,3.1362841585670935,1
365520,2.136321087769886,3.1363210877701135,1
365580,2.136358010852348,3.136358010852689,1
365640,2.1363949278195378,3.136394927819765,1
365700,2.136431838665146,3.136431838665544,1
365760,2.1364687433817267,3.136468743381613,1
365820,2.1365056419724624,3.136505641972974,1
365880,2.1365425344570212,3.1365425344573055,1
365940,2.136579420836881,3.1365794208368243,1
366000,2.1366163011060735,3.1366163011056187,1
366060,2.136653175258232,3.136653175258175,1
366120,2.136690043296767,3.1366900432968237,1
366180,2.1367269052311144,3.1367269052314555,1
366240,2.1367637610704264,3.1367637610710517,1
366300,2.1368006108122586,3.1368006108119744,1
366360,2.1368374544473454,3.1368374544478,1
366420,2.1368742919757437,3.1368742919758574,1
366480,2.1369111234126876,3.136911123412858,1
366540,2.1369479487652256,3.1369479487657372,1
366600,2.136984768029663,3.1369847680298903,1
366660,2.137021581200429,3.1370215812003153,1
366720,2.137058388276614,3.1370583882771257,1
366780,2.1370951892661765,3.137095189266404,1
366840,2.1371319841794616,3.137131984179348,1
366900,2.137168773016924,3.1371687730172084,1
366960,2.137205555771459,3.1372055557718,1
367020,2.1372423324390297,3.1372423324386887,1
367080,2.1372791030287317,3.137279103028675,1
367140,2.1373158675559125,3.13731586755614,1
367200,2.137352626017673,3.13735262601773,1
367260,2.137389378407306,3.137389378407363,1
367320,2.1374261247225377,3.137426124723106,1
367380,2.1374628649685974,3.1374628649689384,1
367440,2.1374995991555465,3.1374995991562287,1
367500,2.137536327288217,3.1375363272894106,1
367560,2.137573049362061,3.137573049362686,1
367620,2.1376097653698594,3.1376097653697457,1
367680,2.1376464753156483,3.1376464753159325,1
367740,2.1376831792166513,3.1376831792163102,1
367800,2.137719877073607,3.137719877073266,1
367860,2.1377565688802633,3.13775656888032,1
367920,2.137793254634346,3.137793254634687,1
367980,2.1378299343377876,3.137829934337958,1
368040,2.137866607999456,3.137866608000195,1
368100,2.137903275626684,3.1379032756267975,1
368160,2.137939937217027,3.137939937217425,1
368220,2.1379765927634367,3.1379765927638346,1
368280,2.1380132422668225,3.1380132422671636,1
368340,2.1380498857412817,3.1380498857413954,1
368400,2.1380865231911343,3.138086523191248,1
368460,2.1381231546137087,3.138123154613652,1
368520,2.138159780005253,3.13815978000531,1
368580,2.1381963993651425,3.1381963993655404,1
368640,2.1382330127010505,3.1382330127006526,1
368700,2.138269620020367,3.138269620020651,1
368760,2.138306221325763,3.1383062213249673,1
368820,2.1383428166088265,3.138342816608656,1
368880,2.1383794058686476,3.138379405868932,1
368940,2.138415989113014,3.1384159891131276,1
369000,2.138452566354772,3.1384525663548857,1
369060,2.1384891375918187,3.138489137591705,1
369120,2.1385257028177875,3.1385257028181286,1
369180,2.138562262032849,3.1385622620322238,1
369240,2.1385988152402433,3.1385988152399023,1
369300,2.1386353624499748,3.1386353624500885,1
369360,2.138671903665397,3.138671903665113,1
369420,2.138708438881963,3.138708438882304,1
369480,2.1387449680959207,3.1387449680956934,1
369540,2.1387814913107377,3.1387814913108514,1
369600,2.1388180085411364,3.138818008540966,1
369660,2.1388545197867757,3.138854519786719,1
369720,2.1388910250436766,3.1388910250440176,1
369780,2.1389275243097927,3.1389275243098496,1
369840,2.138964017587341,3.138964017587398,1
369900,2.139000504884052,3.1390005048838816,1
369960,2.1390369862062926,3.1390369862063494,1
370020,2.1390734615521865,3.1390734615519023,1
370080,2.1391099309155948,3.139109930915822,1
370140,2.1391463942987343,3.1391463942991322,1
370200,2.1391828517126896,3.1391828517119507,1
370260,2.1392193031647366,3.139219303164964,1
370320,2.1392557486540795,3.139255748653966,1
370380,2.139292188162642,3.1392921881625853,1
370440,2.1393286216940623,3.139328621693437,1
370500,2.139365049269884,3.139365049270168,1
370560,2.1394014709065345,3.1394014709068756,1
370620,2.1394378865890644,3.1394378865894055,1
370680,2.139474296293429,3.139474296293315,1
370740,2.1395107000298594,3.139510700030314,1
370800,2.1395470978200706,3.139547097820298,1
370860,2.1395834896730435,3.1395834896734414,1
370920,2.1396198755824685,3.139619875582639,1
370980,2.1396562555379433,3.1396562555374317,1
371040,2.1396926295373078,3.1396926295377057,1
371100,2.1397289975921012,3.139728997592158,1
371160,2.1397653597151702,3.1397653597155113,1
371220,2.1398017159081633,3.1398017159085043,1
371280,2.139838066158063,3.1398380661582337,1
371340,2.1398744104592424,3.139874410459356,1
371400,2.139910748825116,3.1399107488250593,1
371460,2.139947081268133,3.1399470812679624,1
371520,2.139983407788179,3.1399834077884066,1
371580,2.140019728379343,3.140019728379059,1
371640,2.1400560430370206,3.140056043036793,1
371700,2.1400923517655315,3.1400923517659294,1
371760,2.14012865457687,3.14012865457687,1
371820,2.140164951476777,3.1401649514769474,1
371880,2.140201242458886,3.1402012424583177,1
371940,2.140237527515069,3.1402375275147847,1
372000,2.1402738066521465,3.14027380665226,1
372060,2.1403100798811465,3.140310079881374,1
372120,2.140346347204968,3.140346347205252,1
372180,2.140382608622133,3.1403826086223603,1
372240,2.140418864129117,3.140418864129174,1
372300,2.1404551137263184,3.1404551137263184,1
372360,2.140491357420501,3.140491357420558,1
372420,2.1405275952199645,3.1405275952195666,1
372480,2.1405638271239127,3.1405638271239695,1
372540,2.140600053125695,3.1406000531262066,1
372600,2.140636273225141,3.1406362732252546,1
372660,2.140672487430834,3.14067248743072,1
372720,2.1407086957548245,3.140708695754995,1
372780,2.140744898193418,3.1407448981933612,1
372840,2.1407810947398502,3.1407810947396797,1
372900,2.140817285395599,3.14081728539594,1
372960,2.140853470166121,3.140853470166519,1
373020,2.1408896490580105,3.140889649058579,1
373080,2.140925822074337,3.140925822075019,1
373140,2.1409619892119736,3.1409619892116893,1
373200,2.1409981504673397,3.1409981504678512,1
373260,2.1410343058456647,3.1410343058454373,1
373320,2.141070455356669,3.1410704553568394,1
373380,2.1411065990048996,3.141106599004843,1
373440,2.141142736782683,3.141142736782683,1
373500,2.1411788686863815,3.1411788686860973,1
373560,2.1412149947211674,3.1412149947211105,1
373620,2.141251114897784,3.141251114898296,1
373680,2.141287229219188,3.141287229219472,1
373740,2.1413233376815697,3.141323337682195,1
373800,2.141359440283736,3.141359440283452,1
373860,2.141395537025687,3.141395537025346,1
373920,2.14143162791612,3.141431627916006,1
373980,2.1414677129603206,3.1414677129607185,1
374040,2.1415037921577778,3.141503792157323,1
374100,2.1415398655019544,3.1415398655022386,1
374160,2.141575932993476,3.1415759329939306,1
374220,2.1416119946434264,3.141611994642858,1
374280,2.1416480504619244,3.141648050462152,1
374340,2.141684100445218,3.1416841004454454,1
374400,2.14172014457813,3.1417201445779597,1
374460,2.1417561828600356,3.1417561828603198,1
374520,2.1417922153142968,3.141792215314581,1
374580,2.141828241957512,3.1418282419580237,1
374640,2.141864262777574,3.141864262777517,1
374700,2.1419002777472542,3.1419002777478795,1
374760,2.1419362868758185,3.141936286876046,1
374820,2.1419722901850378,3.141972290185379,1
374880,2.1420082876852007,3.142008287685144,1
374940,2.142044279370282,3.142044279370623,1
375000,2.1420802652304474,3.142080265230561,1
375060,2.1421162452624003,3.1421162452626845,1
375120,2.142152219475747,3.1421522194759746,1
375180,2.1421881878852673,3.1421881878851536,1
375240,2.142224150492609,3.1422241504928934,1
375300,2.142260107285381,3.142260107285324,1
375360,2.1422960582567043,3.1422960582571022,1
375420,2.1423320034189146,3.1423320034193694,1
375480,2.14236794278537,3.142367942785654,1
375540,2.142403876356809,3.1424038763570366,1
375600,2.142439804126411,3.1424398041266386,1
375660,2.1424757260907086,3.1424757260903107,1
375720,2.142511642252373,3.1425116422526003,1
375780,2.142547552623114,3.1425475526235687,1
375840,2.142583457209412,3.142583457209412,1
375900,2.1426193560058664,3.142619356005696,1
375960,2.142655249002928,3.1426552490030417,1
376020,2.1426911362074748,3.142691136207816,1
376080,2.142727017630307,3.142727017630307,1
376140,2.1427628932746643,3.142762893274835,1
376200,2.142798763139183,3.1427987631390124,1
376260,2.1428346272203385,3.1428346272203953,1
376320,2.1428704855178466,3.1428704855183582,1
376380,2.1429063380383013,3.142906338039097,1
376440,2.1429421847907406,3.1429421847907975,1
376500,2.142978025774596,3.1429780257748803,1
376560,2.1430138609831033,3.1430138609830465,1
376620,2.1430496904122265,3.1430496904125107,1
376680,2.1430855140747553,3.1430855140750396,1
376740,2.1431213319874587,3.1431213319877997,1
376800,2.1431571441445953,3.1431571441448227,1
376860,2.1431929505246785,3.143192950524565,1
376920,2.143228751124184,3.1432287511250365,1
376980,2.143264545970112,3.1432645459706237,1
377040,2.143300335089066,3.1433003350896342,1
377100,2.1433361184621162,3.143336118462628,1
377160,2.1433718960659576,3.1433718960659007,1
377220,2.1434076679003624,3.1434076679003056,1
377280,2.1434434339874997,3.143443433987727,1
377340,2.1434791943407845,3.1434791943410687,1
377400,2.1435149489621494,3.143514948962377,1
377460,2.1435506978342573,3.1435506978346552,1
377520,2.1435864409475585,3.143586440947729,1
377580,2.143622178315468,3.1436221783160363,1
377640,2.1436579099630535,3.1436579099635082,1
377700,2.143693635893328,3.1436936358931007,1
377760,2.143729356078495,3.1437293560786657,1
377820,2.14376507051378,3.1437650705134956,1
377880,2.1438007792132225,3.1438007792131657,1
377940,2.1438364821948426,3.1438364821948426,1
378000,2.1438721794605726,3.143872179460459,1
378060,2.143907871002682,3.1439078710024546,1
378120,2.14394355681344,3.143943556814122,1
378180,2.1439792368951203,3.143979236895177,1
378240,2.144014911260115,3.144014911260115,1
378300,2.144050579917291,3.1440505799174616,1
378360,2.144086242863011,3.144086242863068,1
378420,2.1441219000865885,3.144121900086361,1
378480,2.14415755158592,3.1441575515860336,1
378540,2.1441931973801616,3.144193197380048,1
378600,2.1442288374765326,3.14422883747676,1
378660,2.1442644718708266,3.1442644718705424,1
378720,2.144300100554517,3.144300100554858,1
378780,2.1443357235274334,3.1443357235276608,1
378840,2.1443713407973632,3.1443713407976475,1
378900,2.144406952375789,3.14440695237613,1
378960,2.1444425582641884,3.1444425582647,1
379020,2.1444781584530688,3.144478158453353,1
379080,2.144513752936291,3.144513752936234,1
379140,2.1445493417234616,3.1445493417234616,1
379200,2.144584924832941,3.1445849248334525,1
379260,2.1446205022623417,3.144620502262228,1
379320,2.144656074001091,3.144656074001489,1
379380,2.144691640047199,3.1446916400474834,1
379440,2.144727200407374,3.14472720040726,1
379500,2.14476275508963,3.1447627550894595,1
379560,2.1447983040980034,3.144798304098174,1
379620,2.144833847429993,3.144833847430675,1
379680,2.1448693850807103,3.1448693850813925,1
379740,2.144904917052372,3.144904917052827,1
379800,2.1449404433548125,3.1449404433554378,1
379860,2.1449759639959325,3.144975963996046,1
379920,2.145011478970389,3.1450114789708437,1
379980,2.1450469882696552,3.1450469882694847,1
380040,2.1450824918985063,3.1450824918988474,1
380100,2.1451179898670603,3.145117989867117,1
380160,2.145153482180149,3.1451534821799783,1
380220,2.145188968836635,3.1451889688372034,1
380280,2.1452244498319146,3.145224449832085,1
380340,2.1452599251649076,3.145259925164794,1
380400,2.1452953948440836,3.1452953948441973,1
380460,2.145330858878367,3.1453308588777418,1
380520,2.1453663172671327,3.145366317267417,1
380580,2.1454017700012855,3.1454017700009445,1
380640,2.1454372170816214,3.1454372170819056,1
380700,2.1454726585171784,3.1454726585171215,1
380760,2.1455080943144935,3.1455080943144367,1
380820,2.1455435244743057,3.1455435244744763,1
380880,2.145578948993375,3.1455789489935455,1
380940,2.1456143678682906,3.1456143678686885,1
381000,2.1456497811042823,3.145649781104396,1
381060,2.145685188711127,3.14568518871107,1
381120,2.14572059069269,3.14572059069269,1
381180,2.145755987040559,3.1457559870407863,1
381240,2.1457913777528574,3.1457913777531417,1
381300,2.145826762836009,3.14582676283635,1
381360,2.1458621422972897,3.145862142297517,1
381420,2.145897516138348,3.1458975161390867,1
381480,2.145932884359354,3.1459328843594108,1
381540,2.1459682469550785,3.1459682469554764,1
381600,2.1460036039283636,3.1460036039284773,1
381660,2.146038955287736,3.1460389552877928,1
381720,2.1460743010395618,3.146074301039789,1
381780,2.1461096411800327,3.14610964118026,1
381840,2.146144975701759,3.146144975701702,1
381900,2.1461803046099703,3.146180304610482,1
381960,2.14621562791325,3.1462156279138185,1
382020,2.1462509456155203,3.1462509456158045,1
382080,2.1462862577162127,3.146286257716042,1
382140,2.1463215642109503,3.1463215642105524,1
382200,2.1463568650995057,3.146356865100188,1
382260,2.146392160390519,3.1463921603910876,1
382320,2.146427450090357,3.1464274500906413,1
382380,2.146462734199133,3.1464627341986215,1
382440,2.1464980127091167,3.1464980127088893,1
382500,2.1465332856218424,3.14653328562207,1
382560,2.146568552945382,3.1465685529456096,1
382620,2.1466038146846813,3.1466038146845676,1
382680,2.1466390708412177,3.1466390708416725,1
382740,2.146674321412206,3.1466743214124335,1
382800,2.1467095663944633,3.14670956639452,1
382860,2.14674480579356,3.1467448057936167,1
382920,2.1467800396185908,3.146780039618534,1
382980,2.146815267871773,3.146815267870977,1
383040,2.146850490546626,3.1468504905469104,1
383100,2.146885707638546,3.146885707639342,1
383160,2.1469209191542404,3.146920919154411,1
383220,2.146956125110705,3.1469561251108757,1
383280,2.14699132550993,3.1469913255104416,1
383340,2.1470265203359418,3.1470265203359986,1
383400,2.147061709578338,3.147061709578736,1
383460,2.1470968932511028,3.1470968932511028,1
383520,2.147132071382032,3.1471320713821456,1
383580,2.1471672439639633,3.1471672439643044,1
383640,2.1472024109829135,3.147202410983425,1
383700,2.1472375724333688,3.1472375724333688,1
383760,2.147272728323685,3.147272728323685,1
383820,2.1473078786663677,3.1473078786660835,1
383880,2.147343023466476,3.1473430234667603,1
383940,2.1473781627188373,3.1473781627187236,1
384000,2.147413296414811,3.147413296414811,1
384060,2.1474484245566714,3.147448424556103,1
384120,2.147483547158174,3.1474835471588563,1
384180,2.1475186642301765,3.1475186642300628,1
384240,2.1475537757625034,3.1475537757625034,1
384300,2.147588881748675,3.1475888817484474,1
384360,2.1476239821909644,3.1476239821906233,1
384420,2.147659077098808,3.1476590770986945,1
384480,2.147694166478402,3.1476941664787432,1
384540,2.1477292503308263,3.1477292503308263,1
384600,2.1477643286485204,3.1477643286484636,1
384660,2.1477994014300066,3.147799401429893,1
384720,2.1478344686841524,3.1478344686844935,1
384780,2.147869530422497,3.1478695304222697,1
384840,2.1479045866406636,3.1479045866411184,1
384900,2.1479396373352984,3.147939637335071,1
384960,2.147974682503218,3.147974682503616,1
385020,2.148009722151073,3.1480097221514143,1
385080,2.1480447562859126,3.148044756286197,1
385140,2.148079784912568,3.1480797849126247,1
385200,2.148114808024502,3.148114808025184,1
385260,2.148149825619157,3.148149825618816,1
385320,2.148184837699489,3.1481848376993753,1
385380,2.148219844279197,3.148219844278856,1
385440,2.1482548453584513,3.1482548453581103,1
385500,2.1482898409324775,3.148289840931966,1
385560,2.148324830998888,3.1483248309993996,1
385620,2.1483598155609798,3.1483598155614345,1
385680,2.1483947946258013,3.1483947946261424,1
385740,2.1484297681985822,3.1484297681984685,1
385800,2.1484647362771057,3.1484647362772193,1
385860,2.14849969885654,3.148499698856938,1
385920,2.148534655938022,3.148534655938761,1
385980,2.1485696075331475,3.148569607533034,1
386040,2.1486045536447023,3.1486045536447023,1
386100,2.1486394942707534,3.148639494270185,1
386160,2.1486744294078903,3.148674429407663,1
386220,2.1487093590574204,3.1487093590571362,1
386280,2.1487442832245733,3.1487442832244597,1
386340,2.1487792019160565,3.148779201915943,1
386400,2.1488141151324385,3.148814115132211,1
386460,2.1488490228688306,3.1488490228692285,1
386520,2.148883925123812,3.1488839251239256,1
386580,2.1489188219052835,3.148918821905397,1
386640,2.148953713222511,3.1489537132227383,1
386700,2.1489885990731636,3.14898859907305,1
386760,2.149023479452012,3.1490234794524667,1
386820,2.149058354360477,3.149058354360932,1
386880,2.1490932238020832,3.1490932238026517,1
386940,2.1491280877843906,3.149128087784277,1
387000,2.149162946308877,3.14916294630882,1
387060,2.149197799373326,3.1491977993734395,1
387120,2.149232646973701,3.1492326469738146,1
387180,2.1492674891149477,3.1492674891150614,1
387240,2.149302325807355,3.1493023258075254,1
387300,2.1493371570516615,3.1493371570513204,1
387360,2.1493719828434905,3.149371982844002,1
387420,2.1494068031823303,3.1494068031826714,1
387480,2.1494416180704548,3.149441618070284,1
387540,2.1494764275137186,3.1494764275137754,1
387600,2.149511231517579,3.1495112315172378,1
387660,2.149546030078909,3.149546030079023,1
387720,2.1495808231958904,3.1495808231957767,1
387780,2.149615610868011,3.149615610868352,1
387840,2.1496503931057873,3.149650393105617,1
387900,2.1496851699163813,3.149685169916438,1
387960,2.149719941294336,3.1497199412948476,1
388020,2.1497547072272596,3.149754707227544,1
388080,2.1497894677171985,3.1497894677178806,1
388140,2.149824222793086,3.14982422279337,1
388200,2.149858972463221,3.149858972464017,1
388260,2.149893716705776,3.1498937167062877,1
388320,2.1499284554954556,3.1499284554958535,1
388380,2.1499631888445947,3.1499631888447084,1
388440,2.1499979167980428,3.1499979167984975,1
388500,2.150032639356482,3.150032639356084,1
388560,2.150067356496322,3.150067356496379,1
388620,2.1501020682011927,3.1501020682019885,1
388680,2.1501367744804156,3.1501367744804156,1
388740,2.150171475351385,3.1501714753513284,1
388800,2.1502061708249585,3.1502061708246742,1
388860,2.150240860894826,3.15024086089511,1
388920,2.150275545552347,3.1502755455529154,1
388980,2.1503102247944526,3.1503102247941683,1
389040,2.150344898630408,3.150344898630294,1
389100,2.1503795670738555,3.150379567073742,1
389160,2.1504142301250226,3.150414230125307,1
389220,2.150448887773564,3.150448887773848,1
389280,2.1504835400128286,3.150483540013113,1
389340,2.1505181868549244,3.1505181868548675,1
389400,2.1505528283097988,3.150552828309742,1
389460,2.1505874643801803,3.150587464380692,1
389520,2.1506220950590205,3.1506220950589636,1
389580,2.150656720343079,3.150656720342795,1
389640,2.1506913402358805,3.150691340236108,1
389700,2.1507259547461217,3.150725954746065,1
389760,2.1507605638801692,3.150760563880567,1
389820,2.150795167634442,3.1507951676342145,1
389880,2.150829765999788,3.150829765999788,1
389940,2.1508643589816643,3.1508643589820053,1
390000,2.150898946589848,3.1508989465900754,1
390060,2.1509335288282045,3.150933528827636,1
390120,2.1509681056945738,3.15096810569446,1
390180,2.1510026771853177,3.151002677185147,1
390240,2.1510372433000384,3.1510372433000953,1
390300,2.1510718040469783,3.151071804047433,1
390360,2.1511063594335837,3.1511063594340385,1
390420,2.151140909459457,3.151140909459457,1
390480,2.151175454114764,3.151175454115048,1
390540,2.151209993403029,3.151209993402915,1
390600,2.151244527331528,3.1512445273316416,1
390660,2.151279055905775,3.1512790559056043,1
390720,2.1513135791261675,3.1513135791268496,1
390780,2.151348096989409,3.1513480969896364,1
390840,2.151382609493737,3.1513826094940214,1
390900,2.15141711664387,3.1514171166436995,1
390960,2.1514516184493573,3.1514516184495847,1
391020,2.151486114912018,3.1514861149121316,1
391080,2.1515206060235528,3.151520606023837,1
391140,2.1515550917837345,3.1515550917841892,1
391200,2.151589572199555,3.151589572199782,1
391260,2.1516240472754475,3.1516240472759023,1
391320,2.1516585170155054,3.1516585170155054,1
391380,2.1516929814168293,3.1516929814166588,1
391440,2.15172744047635,3.1517274404765203,1
391500,2.1517618941967385,3.1517618941966816,1
391560,2.151796342585726,3.151796342586124,1
391620,2.151830785649338,3.1518307856490537,1
391680,2.1518652233830835,3.151865223383311,1
391740,2.151899655781108,3.151899655780653,1
391800,2.151934082847845,3.1519340828482427,1
391860,2.151968504591764,3.1519685045919914,1
391920,2.1520029210160487,3.152002921015594,1
391980,2.152037332119619,3.1520373321196757,1
392040,2.1520717378995755,3.152071737899348,1
392100,2.152106138354725,3.152106138355691,1
392160,2.1521405334943893,3.152140533494162,1
392220,2.1521749233230594,3.1521749233226615,1
392280,2.1522093078414173,3.1522093078409625,1
392340,2.1522436870416186,3.152243687041164,1
392400,2.1522780609261076,3.1522780609265055,1
392460,2.1523124295025013,3.1523124295028992,1
392520,2.152346792774722,3.1523467927749493,1
392580,2.152381150744475,3.152381150744077,1
392640,2.1524155034071555,3.1524155034070986,1
392700,2.1524498507630483,3.1524498507633325,1
392760,2.1524841928167575,3.1524841928160754,1
392820,2.152518529574877,3.152518529575673,1
392880,2.1525528610403626,3.152552861040135,1
392940,2.1525871872070184,3.1525871872080415,1
393000,2.1526215080704674,3.1526215080704105,1
393060,2.152655823638554,3.152655823638497,1
393120,2.1526901339260007,3.1526901339261144,1
393180,2.15272443893366,3.1527244389331486,1
393240,2.15275873864573,3.1527587386457867,1
393300,2.1527930330547633,3.152793033054479,1
393360,2.1528273221757104,3.152827322176222,1
393420,2.1528616060317063,3.152861606031479,1
393480,2.1528958846157025,3.152895884615873,1
393540,2.152930157914284,3.152930157914227,1
393600,2.1529644259227325,3.152964425922619,1
393660,2.152998688650598,3.1529986886508823,1
393720,2.1530329461090787,3.1530329461090787,1
393780,2.153067198301528,3.153067198301642,1
393840,2.153101445223342,3.153101445223456,1
393900,2.1531356868666194,3.153135686866108,1
393960,2.1531699232339747,3.1531699232336337,1
394020,2.1532041543393916,3.153204154339676,1
394080,2.1532383801917376,3.1532383801918513,1
394140,2.1532726007799283,3.1532726007803262,1
394200,2.153306816097597,3.1533068160975404,1
394260,2.1533410261482118,3.1533410261479844,1
394320,2.1533752309424017,3.153375230942288,1
394380,2.1534094304857945,3.153409430485908,1
394440,2.1534436247768554,3.1534436247770827,1
394500,2.153477813810184,3.1534778138101274,1
394560,2.1535119975837915,3.1535119975837915,1
394620,2.1535461761063175,3.1535461761066585,1
394680,2.1535803493881644,3.153580349388278,1
394740,2.1536145174278545,3.1536145174278545,1
394800,2.1536486802149852,3.1536486802152695,1
394860,2.1536828377506367,3.1536828377499546,1
394920,2.153716990042824,3.153716990042824,1
394980,2.1537511370995617,3.1537511370992206,1
395040,2.1537852789210206,3.1537852789210774,1
395100,2.153819415503449,3.153819415503847,1
395160,2.1538535468425266,3.153853546842413,1
395220,2.153887672943654,3.1538876729437675,1
395280,2.153921793817574,3.1539217938180286,1
395340,2.1539559094676974,3.153955909468209,1
395400,2.1539900198848727,3.1539900198853843,1
395460,2.154024125066485,3.1540241250669965,1
395520,2.154058225018048,3.1540582250185594,1
395580,2.154092319749168,3.1540923197492248,1
395640,2.154126409260982,3.1541264092611527,1
395700,2.1541604935520695,3.154160493552183,1
395760,2.1541945726167455,3.1541945726171434,1
395820,2.1542286464584777,3.154228646458364,1
395880,2.15426271508494,3.1542627150845988,1
395940,2.154296778504772,3.1542967785049996,1
396000,2.1543308367114378,3.1543308367119494,1
396060,2.1543648896983996,3.1543648896987406,1
396120,2.1543989374695798,3.1543989374699777,1
396180,2.154432980033903,3.154432980033903,1
396240,2.154467017395575,3.1544670173954614,1
396300,2.1545010495543693,3.1545010495547103,1
396360,2.1545350765047147,3.154535076504658,1
396420,2.1545690982460997,3.15456909824627,1
396480,2.154603114786994,3.1546031147871076,1
396540,2.1546371261347304,3.154637126135299,1
396600,2.1546711322887973,3.1546711322891383,1
396660,2.1547051332404408,3.1547051332404976,1
396720,2.154739128991764,3.1547391289916504,1
396780,2.1547731195492474,3.15477311954902,1
396840,2.154807104919655,3.1548071049199393,1
396900,2.1548410851035555,3.1548410851038966,1
396960,2.1548750600978224,3.1548750600981634,1
397020,2.1549090298987608,3.1549090298991587,1
397080,2.154942994512396,3.1549429945125667,1
397140,2.154976953946914,3.1549769539469708,1
397200,2.1550109082053837,3.155010908205554,1
397260,2.1550448572804157,3.1550448572805294,1
397320,2.1550788011700774,3.155078801170532,1
397380,2.1551127398802237,3.155112739880508,1
397440,2.155146673417505,3.155146673417619,1
397500,2.1551806017845934,3.1551806017842523,1
397560,2.155214524979499,3.1552145249793284,1
397620,2.1552484429983565,3.155248442998129,1
397680,2.155282355843326,3.1552823558432124,1
397740,2.1553162635232184,3.155316263523275,1
397800,2.155350166042581,3.155350166042979,1
397860,2.1553840633986283,3.1553840633989125,1
397920,2.155417955584028,3.155417955583914,1
397980,2.1554518426041227,3.1554518426041795,1
398040,2.155485724465734,3.155485724465507,1
398100,2.1555196011731255,3.155519601172898,1
398160,2.1555534727264103,3.155553472726524,1
398220,2.1555873391198475,3.1555873391198475,1
398280,2.155621200354858,3.155621200354801,1
398340,2.1556550564374106,3.155655056437581,1
398400,2.155688907375122,3.155688907375634,1
398460,2.1557227531669128,3.155722753167254,1
398520,2.1557565938059042,3.155756593805677,1
398580,2.1557904292939725,3.1557904292940293,1
398640,2.155824259637882,3.155824259637882,1
398700,2.155858084842407,3.1558580848426345,1
398760,2.1558919049082306,3.1558919049086285,1
398820,2.155925719833135,3.155925719833249,1
398880,2.1559595296144494,3.1559595296147904,1
398940,2.1559933342574027,3.1559933342574027,1
399000,2.1560271337692143,3.15602713376893,1
399060,2.1560609281519305,3.1560609281519305,1
399120,2.1560947174012313,3.1560947174011176,1
399180,2.156128501511148,3.156128501511205,1
399240,2.1561622804878198,3.156162280488104,1
399300,2.156196054348527,3.156196054348527,1
399360,2.1562298230933834,3.156229823093213,1
399420,2.1562635867072117,3.1562635867073254,1
399480,2.156297345180974,3.156297345181315,1
399540,2.1563310985293356,3.1563310985297335,1
399600,2.1563648467755456,3.156364846775091,1
399660,2.156398589914147,3.1563985899139766,1
399720,2.1564323279305313,3.1564323279310997,1
399780,2.1564660608214012,3.156466060821174,1
399840,2.156499788592839,3.156499788592953,1
399900,2.1565335112578623,3.1565335112574076,1
399960,2.156567228819995,3.1565672288202222,1
400020,2.156600941275258,3.1566009412753715,1
400080,2.1566346486148973,3.156634648614954,1
400140,2.156668350840846,3.15666835084113,1
400200,2.1567020479669736,3.1567020479662915,1
400260,2.1567357400012384,3.156735740001011,1
400320,2.1567694269356252,3.1567694269358526,1
400380,2.1568031087631425,3.156803108762915,1
400440,2.1568367854873713,3.156836785487144,1
400500,2.1568704571149624,3.1568704571153603,1
400560,2.1569041236533053,3.15690412365376,1
400620,2.1569377851014906,3.156937785102002,1
400680,2.1569714414546297,3.1569714414551413,1
400740,2.1570050927102784,3.1570050927109605,1
400800,2.1570387388764516,3.1570387388769063,1
400860,2.157072379962983,3.157072379962983,1
400920,2.157106015967429,3.1571060159678836,1
400980,2.1571396468841044,3.15713964688382,1
401040,2.157173272713351,3.1571732727134076,1
401100,2.1572068934605113,3.157206893460227,1
401160,2.157240509129224,3.1572405091294513,1
401220,2.157274119725116,3.1572741197246046,1
401280,2.157307725243072,3.1573077252426174,1
401340,2.157341325681159,3.1573413256810454,1
401400,2.1573749210421624,3.1573749210424467,1
401460,2.1574085113354613,3.1574085113354613,1
401520,2.1574420965658874,3.157442096566399,1
401580,2.1574756767269037,3.157475676727131,1
401640,2.15750925180663,3.157509251806232,1
401700,2.157542821814843,3.1575428218153547,1
401760,2.157576386772348,3.157576386772803,1
401820,2.157609946682612,3.157609946683067,1
401880,2.1576435015267634,3.1576435015268203,1
401940,2.157677051287237,3.157677051287351,1
402000,2.1577105959842697,3.1577105959843834,1
402060,2.1577441356391773,3.1577441356402005,1
402120,2.157777670253381,3.1577776702535516,1
402180,2.1578111998121017,3.1578111998118743,1
402240,2.157844724306301,3.157844724306756,1
402300,2.1578782437431414,3.1578782437431414,1
402360,2.157911758134162,3.1579117581346168,1
402420,2.1579452674856157,3.157945267485786,1
402480,2.157978771795115,3.157978771795001,1
402540,2.1580122710526553,3.158012271052826,1
402600,2.158045765257441,3.1580457652576115,1
402660,2.158079254421807,3.158079254422546,1
402720,2.1581127385587706,3.158112738559055,1
402780,2.1581462176607147,3.158146217660885,1
402840,2.1581796917198517,3.1581796917195675,1
402900,2.158213160735386,3.1582131607357837,1
402960,2.15824662471681,3.158246624717151,1
403020,2.15828008367032,3.1582800836701495,1
403080,2.158313537597337,3.1583135375975075,1
403140,2.1583469864933136,3.158346986492859,1
403200,2.1583804303553507,3.158380430355578,1
403260,2.1584138691876547,3.158413869187598,1
403320,2.158447303000173,3.1584473030003437,1
403380,2.158480731796317,3.158480731796658,1
403440,2.158514155567957,3.1585141555685254,1
403500,2.15854757431282,3.15854757431282,1
403560,2.1585809880359648,3.1585809880356237,1
403620,2.158614396744383,3.158614396744383,1
403680,2.1586478004414857,3.158647800441372,1
403740,2.158681199124885,3.1586811991251125,1
403800,2.1587145927911138,3.158714592791455,1
403860,2.1587479814409676,3.1587479814409676,1
403920,2.1587813650831436,3.1587813650828025,1
403980,2.1588147437242924,3.1588147437242355,1
404040,2.1588481173603213,3.1588481173605487,1
404100,2.1588814859835566,3.158881485984125,1
404160,2.158914849598318,3.158914849598034,1
404220,2.1589482082120526,3.1589482082119957,1
404280,2.158981561830217,3.158981561829421,1
404340,2.15901491045139,3.159014910451276,1
404400,2.159048254071081,3.159048254071422,1
404460,2.1590815926891764,3.159081592689347,1
404520,2.1591149263122134,3.1591149263120997,1
404580,2.159148254947638,3.159148254947638,1
404640,2.1591815785956783,3.1591815785956214,1
404700,2.1592148972477503,3.159214897248262,1
404760,2.159248210905446,3.1592482109059574,1
404820,2.159281519575643,3.159281519575586,1
404880,2.1593148232634576,3.159314823263287,1
404940,2.1593481219703676,3.1593481219707655,1
405000,2.1593814156936446,3.1593814156934172,1
405060,2.1594147044292527,3.159414704429537,1
405120,2.1594479881831603,3.159447988182933,1
405180,2.159481266962075,3.1594812669620183,1
405240,2.159514540770317,3.159514540770374,1
405300,2.1595478096002125,3.1595478096002125,1
405360,2.1595810734505676,3.1595810734505108,1
405420,2.1596143323261003,3.1596143323267256,1
405480,2.159647586233177,3.159647586233575,1
405540,2.159680835175095,3.159680835174413,1
405600,2.159714079148273,3.1597140791480456,1
405660,2.159747318150494,3.1597473181509486,1
405720,2.159780552184543,3.1597805521846,1
405780,2.1598137812562754,3.1598137812565597,1
405840,2.159847005372285,3.159847005371944,1
405900,2.1598802245289335,3.1598802245285356,1
405960,2.1599134387194567,3.1599134387194,1
406020,2.1599466479489706,3.1599466479486864,1
406080,2.1599798522228184,3.159979852223273,1
406140,2.1600130515466844,3.1600130515469687,1
406200,2.160046245919318,3.160046245919318,1
406260,2.1600794353366837,3.160079435336968,1
406320,2.1601126197988947,3.160112619799065,1
406380,2.160145799312488,3.160145799312545,1
406440,2.1601789738838875,3.160178973883376,1
406500,2.160212143512581,3.160212143512581,1
406560,2.1602453081917474,3.1602453081918043,1
406620,2.160278467923604,3.16027846792349,1
406680,2.1603116227142323,3.1603116227141186,1
406740,2.160344772567214,3.1603447725670435,1
406800,2.1603779174845954,3.1603779174852207,1
406860,2.1604110574642164,3.1604110574641595,1
406920,2.1604441925030073,3.160444192503121,1
406980,2.1604773226055727,3.1604773226059706,1
407040,2.1605104477798136,3.1605104477795294,1
407100,2.160543568026867,3.1605435680267533,1
407160,2.1605766833420716,3.1605766833420716,1
407220,2.160609793721676,3.160609793721335,1
407280,2.1606428991701137,3.1606428991705684,1
407340,2.160675999702505,3.1606759997024483,1
407400,2.160709095320101,3.16070909532084,1
407460,2.1607421860107934,3.1607421860110207,1
407520,2.1607752717644075,3.160775271764919,1
407580,2.160808352593392,3.160808352593392,1
407640,2.160841428519859,3.160841428519916,1
407700,2.160874499539659,3.160874499540114,1
407760,2.160907565640059,3.1609075656402297,1
407820,2.1609406268158864,3.1609406268158295,1
407880,2.160973683074758,3.1609736830745874,1
407940,2.1610067344269623,3.161006734427417,1
408000,2.1610397808773882,3.1610397808773314,1
408060,2.161072822420863,3.161072822420863,1
408120,2.161105859050622,3.161105859050849,1
408180,2.1611388907676883,3.1611388907680293,1
408240,2.161171917585591,3.1611719175854773,1
408300,2.1612049395106396,3.161204939509844,1
408360,2.161237956536013,3.161237956536354,1
408420,2.161270968656538,3.161270968656652,1
408480,2.1613039758735226,3.16130397587375,1
408540,2.1613369781946403,3.1613369781950382,1
408600,2.161369975625064,3.1613699756258598,1
408660,2.1614029681662714,3.1614029681662146,1
408720,2.1614359558121237,3.1614359558121805,1
408780,2.1614689385608585,3.1614689385608017,1
408840,2.1615019164195814,3.16150191641907,1
408900,2.161534889397103,3.16153488939716,1
408960,2.161567857492628,3.161567857492514,1
409020,2.1616008207002437,3.1616008207000164,1
409080,2.161633779019496,3.1616337790201214,1
409140,2.16166673245516,3.1616667324553873,1
409200,2.161699681013147,3.161699681013033,1
409260,2.1617326246963557,3.1617326246968673,1
409320,2.1617655635016035,3.1617655635017172,1
409380,2.1617984974250817,3.1617984974248543,1
409440,2.161831426469689,3.161831426469803,1
409500,2.1618643506468516,3.161864350646738,1
409560,2.1618972699563983,3.161897269956455,1
409620,2.16193018439526,3.161930184394862,1
409680,2.161963093960935,3.161963093960253,1
409740,2.161995998654845,3.1619959986554136,1
409800,2.162028898484948,3.1620288984852323,1
409860,2.162061793455109,3.162061793455109,1
409920,2.162094683562657,3.1620946835627137,1
409980,2.1621275688042374,3.1621275688041806,1
410040,2.1621604491803055,3.1621604491809308,1
410100,2.162193324700695,3.1621933247013203,1
410160,2.1622261953681914,3.162226195368987,1
410220,2.162259061180805,3.162259061180862,1
410280,2.162291922135921,3.162291922136035,1
410340,2.162324778233824,3.162324778234222,1
410400,2.162357629480141,3.1623576294803684,1
410460,2.1623904758795334,3.1623904758791923,1
410520,2.1624233174325695,3.1624233174329675,1
410580,2.1624561541356684,3.1624561541358958,1
410640,2.1624889859871814,3.1624889859871246,1
410700,2.1625218129933614,3.1625218129933046,1
410760,2.162554635162394,3.1625546351626213,1
410820,2.162587452492801,3.1625874524928577,1
410880,2.1626202649801485,3.162620264979978,1
410940,2.162653072624778,3.1626530726244937,1
411000,2.1626858754302134,3.1626858754301566,1
411060,2.162718673401571,3.1627186734017414,1
411120,2.162751466542261,3.1627514665424883,1
411180,2.1627842548497256,3.1627842548493277,1
411240,2.162817038319247,3.162817038319133,1
411300,2.162849816956168,3.1628498169559407,1
411360,2.162882590768561,3.1628825907690725,1
411420,2.1629153597572213,3.1629153597571076,1
411480,2.162948123918909,3.162948123919193,1
411540,2.1629808832527146,3.162980883252942,1
411600,2.1630136377603435,3.163013637760457,1
411660,2.1630463874471957,3.163046387447082,1
411720,2.1630791323172502,3.163079132317762,1
411780,2.1631118723693135,3.1631118723695977,1
411840,2.163144607599577,3.163144607600202,1
411900,2.1631773380100867,3.1631773380104846,1
411960,2.163210063607494,3.163210063607437,1
412020,2.163242784398051,3.1632427843985056,1
412080,2.1632755003792,3.1632755003790294,1
412140,2.16330821153889,3.1633082115392313,1
412200,2.1633409178790544,3.1633409178794523,1
412260,2.1633736194228277,3.163373619422657,1
412320,2.163406316179021,3.1634063161787935,1
412380,2.16343900812916,3.163439008128762,1
412440,2.1634716952515873,3.1634716952521558,1
412500,2.1635043775564213,3.163504377556194,1
412560,2.163537055080212,3.1635370550797575,1
412620,2.163569727824381,3.1635697278244947,1
412680,2.16360239577034,3.16360239577034,1
412740,2.163635058904731,3.1636350589045037,1
412800,2.1636677172331247,3.1636677172328973,1
412860,2.1637003707709255,3.1637003707708686,1
412920,2.1637330195260915,3.1637330195264894,1
412980,2.163765663496065,3.163765663496065,1
413040,2.163798302671296,3.1637983026717507,1
413100,2.1638309370513866,3.1638309370507613,1
413160,2.163863566641737,3.1638635666419646,1
413220,2.163896191454228,3.1638961914547963,1
413280,2.163928811490962,3.163928811490507,1
413340,2.1639614267411957,3.163961426741537,1
413400,2.163994037200382,3.1639940372004958,1
413460,2.164026642877843,3.164026642877957,1
413520,2.164059243782617,3.164059243783015,1
413580,2.164091839916182,3.164091839916466,1
413640,2.1641244312745016,3.1641244312742174,1
413700,2.1641570178528013,3.1641570178531424,1
413760,2.1641895996543212,3.1641895996550033,1
413820,2.1642221766874172,3.1642221766877014,1
413880,2.164254748956864,3.16425474895658,1
413940,2.164287316459138,3.1642873164592515,1
414000,2.1643198791875307,3.164319879187417,1
414060,2.1643524371457374,3.1643524371463627,1
414120,2.1643849903416026,3.16438499034183,1
414180,2.1644175387796167,3.164417538779446,1
414240,2.164450082458245,3.164450082457961,1
414300,2.164482621373679,3.1644826213731676,1
414360,2.1645151555247253,3.164515155525237,1
414420,2.164547684918375,3.1645476849186593,1
414480,2.16458020956253,3.164580209562587,1
414540,2.164612729454859,3.1646127294553708,1
414600,2.164645244589906,3.1646452445896784,1
414660,2.1646777549678404,3.1646777549678973,1
414720,2.1647102605950295,3.1647102605953705,1
414780,2.1647427614774415,3.164742761477669,1
414840,2.1647752576150197,3.16477525761519,1
414900,2.1648077490050355,3.1648077490050355,1
414960,2.1648402356451015,3.1648402356447036,1
415020,2.164872717539879,3.164872717539936,1
415080,2.164905194696928,3.164905194697269,1
415140,2.1649376671181244,3.164937667118238,1
415200,2.1649701347971018,3.16497013479767,1
415260,2.1650025977330642,3.1650025977336895,1
415320,2.165035055931412,3.165035055931014,1
415380,2.165067509396522,3.1650675093970335,1
415440,2.165099958131009,3.1650999581319184,1
415500,2.165132402133679,3.165132402134134,1
415560,2.165164841401406,3.165164841401065,1
415620,2.165197275935725,3.165197275935725,1
415680,2.1652297057438545,3.1652297057435703,1
415740,2.165262130830854,3.1652621308306834,1
415800,2.1652945511930852,3.1652945511926873,1
415860,2.165326966825205,3.1653269668250914,1
415920,2.165359377730681,3.1653593777302262,1
415980,2.165391783916789,3.1653917839168457,1
416040,2.165424185386655,3.1654241853865983,1
416100,2.1654565821393135,3.165456582139086,1
416160,2.16548897417141,3.165488974171751,1
416220,2.1655213614841387,3.1655213614845934,1
416280,2.1655537440822172,3.165553744082274,1
416340,2.1655861219716144,3.1655861219715575,1
416400,2.165618495152046,3.16561849515233,1
416460,2.1656508636177136,3.1656508636181684,1
416520,2.165683227370266,3.1656832273704367,1
416580,2.165715586415388,3.1657155864154447,1
416640,2.1657479407567166,3.165747940756887,1
416700,2.165780290395844,3.1657802903960715,1
416760,2.165812635329587,3.1658126353294165,1
416820,2.165844975557661,3.1658449755575475,1
416880,2.1658773110827383,3.1658773110830793,1
416940,2.165909641912151,3.1659096419119805,1
417000,2.16594196804715,3.165941968046866,1
417060,2.165974289483472,3.1659742894832448,1
417120,2.166006606216456,3.1660066062166266,1
417180,2.1660389182533777,3.166038918253548,1
417240,2.1660712256064016,3.166071225606629,1
417300,2.1661035282760963,3.166103528276153,1
417360,2.1661358262495582,3.1661358262495014,1
417420,2.1661681195205915,3.1661681195205915,1
417480,2.1662004081006785,3.166200408100906,1
417540,2.166232692010169,3.1662326920097144,1
417600,2.166264971243095,3.166264971243095,1
417660,2.166297245788712,3.166297245788485,1
417720,2.1663295156412232,3.1663295156418485,1
417780,2.166361780810405,3.166361780810462,1
417840,2.1663940413048977,3.166394041305068,1
417900,2.1664262971278845,3.1664262971282824,1
417960,2.1664585482750454,3.166458548275159,1
418020,2.1664907947405254,3.166490794740639,1
418080,2.166523036525291,3.166523036525575,1
418140,2.166555273641734,3.166555273642018,1
418200,2.166587506095823,3.1665875060959365,1
418260,2.166619733881703,3.166619733881589,1
418320,2.1666519569922116,3.1666519569928937,1
418380,2.166684175431783,3.166684175431726,1
418440,2.1667163892062717,3.1667163892060444,1
418500,2.1667485983206802,3.1667485983202255,1
418560,2.166780802774383,3.1667808027745536,1
418620,2.1668130025637993,3.1668130025640266,1
418680,2.1668451976874508,3.166845197687678,1
418740,2.166877388151022,3.1668773881510788,1
418800,2.1669095739636646,3.1669095739636646,1
418860,2.166941755123105,3.166941755123787,1
418920,2.1669739316247956,3.1669739316251935,1
418980,2.1670061034686796,3.1670061034691344,1
419040,2.1670382706586224,3.1670382706581677,1
419100,2.1670704332003083,3.167070433200763,1
419160,2.1671025910962385,3.1671025910968638,1
419220,2.167134744343514,3.167134744343514,1
419280,2.167166892938212,3.167166892937871,1
419340,2.167199036884597,3.167199036883858,1
419400,2.167231176191308,3.167231176191194,1
419460,2.1672633108602213,3.167263310860392,1
419520,2.167295440885937,3.167295440885937,1
419580,2.167327566267545,3.167327566267545,1
419640,2.1673596870077176,3.167359687007888,1
419700,2.1673918031115704,3.1673918031112294,1
419760,2.1674239145835372,3.1674239145833667,1
419820,2.167456021421117,3.1674560214212875,1
419880,2.167488123621581,3.1674881236214105,1
419940,2.1675202211851,3.1675202211850433,1
420000,2.167552314120769,3.1675523141209965,1
420060,2.1675844024312596,3.1675844024313733,1
420120,2.167616486114923,3.1676164861141842,1
420180,2.167648565167667,3.1676485651678945,1
420240,2.1676806395923336,3.167680639592106,1
420300,2.1677127093928448,3.1677127093926742,1
420360,2.167744774573805,3.167744774573748,1
420420,2.1677768351351006,3.1677768351350437,1
420480,2.1678088910735482,3.167808891074003,1
420540,2.16784094238875,3.16784094238875,1
420600,2.167872989085879,3.1678729890863337,1
420660,2.167905031172779,3.167905031172495,1
420720,2.167937068646438,3.1679370686463812,1
420780,2.1679691015042977,3.167969101504866,1
420840,2.1680011297465853,3.1680011297465853,1
420900,2.168033153376598,3.1680331533764274,1
420960,2.1680651723995084,3.16806517239894,1
421020,2.168097186816965,3.1680971868174197,1
421080,2.168129196626296,3.168129196626637,1
421140,2.1681612018261376,3.1681612018257965,1
421200,2.1681932024192747,3.168193202419104,1
421260,2.1682251984133245,3.1682251984140066,1
421320,2.168257189809765,3.1682571898095375,1
421380,2.1682891766039347,3.168289176603878,1
421440,2.168321158796971,3.168321158796175,1
421500,2.168353136389271,3.1683531363896122,1
421560,2.168385109386577,3.168385109386918,1
421620,2.1684170777922986,3.1684170777927534,1
421680,2.168449041604674,3.1684490416049016,1
421740,2.168481000820691,3.168481000820975,1
421800,2.1685129554429636,3.1685129554426226,1
421860,2.1685449054771198,3.1685449054769492,1
421920,2.1685768509278773,3.16857685092765,1
421980,2.1686087917930195,3.1686087917929058,1
422040,2.1686407280662934,3.1686407280666913,1
422100,2.1686726597511665,3.168672659751394,1
422160,2.1687045868554264,3.168704586855995,1
422220,2.168736509381233,3.16873650938129,1
422280,2.1687684273282457,3.1687684273285868,1
422340,2.168800340692769,3.168800340692883,1
422400,2.1688322494754857,3.168832249475713,1
422460,2.168864153681625,3.1688641536817386,1
422520,2.168896053317269,3.168896053316928,1
422580,2.16892794838202,3.1689279483819632,1
422640,2.1689598388695117,3.168959838869796,1
422700,2.168991724781449,3.168991724781563,1
422760,2.169023606123517,3.169023606123858,1
422820,2.1690554828994095,3.1690554828996937,1
422880,2.1690873551108893,3.1690873551115146,1
422940,2.1691192227550005,3.1691192227546594,1
423000,2.169151085829583,3.169151085829469,1
423060,2.1691829443393544,3.1691829443397523,1
423120,2.1692147982905112,3.169214798290568,1
423180,2.1692466476847017,3.169246647684247,1
423240,2.169278492517435,3.1692784925173783,1
423300,2.169310332784619,3.169310332784846,1
423360,2.169342168491937,3.1693421684922214,1
423420,2.169373999651498,3.169373999651782,1
423480,2.169405826265404,3.169405826265404,1
423540,2.16943764832115,3.1694376483216615,1
423600,2.1694694658112326,3.1694694658116305,1
423660,2.169501278746509,3.1695012787465657,1
423720,2.1695330871468173,3.169533087146931,1
423780,2.1695648910074965,3.1695648910079512,1
423840,2.16959669031786,3.169596690318201,1
423900,2.1696284850733605,3.1696284850730763,1
423960,2.1696602752806484,3.1696602752809895,1
424020,2.169692060949103,3.1696920609493304,1
424080,2.1697238420827034,3.1697238420827603,1
424140,2.1697556186775273,3.169755618676959,1
424200,2.169787390725901,3.1697873907264125,1
424260,2.169819158230837,3.169819158230382,1
424320,2.1698509212030217,3.169850921202624,1
424380,2.1698826796482535,3.1698826796485946,1
424440,2.169914433561928,3.1699144335620417,1
424500,2.1699461829371103,3.1699461829373377,1
424560,2.169977927776131,3.169977927776017,1
424620,2.170009668085754,3.1700096680852425,1
424680,2.170041403871096,3.1700414038713802,1
424740,2.1700731351321565,3.1700731351328386,1
424800,2.170104861864843,3.170104861864502,1
424860,2.1701365840660287,3.170136584066256,1
424920,2.1701683017438427,3.170168301743786,1
424980,2.1702000149056744,3.1702000149056744,1
425040,2.1702317235498185,3.1702317235501027,1
425100,2.170263427671898,3.1702634276715003,1
425160,2.170295127271231,3.1702951272714017,1
425220,2.17032682235174,3.1703268223519103,1
425280,2.1703585129193357,3.170358512919279,1
425340,2.170390198976463,3.170390198976463,1
425400,2.1704218805197684,3.170421880519598,1
425460,2.170453557545727,3.1704535575455566,1
425520,2.1704852300574657,3.1704852300583752,1
425580,2.170516898065898,3.170516898065671,1
425640,2.170548561569774,3.1705485615700013,1
425700,2.170580220566194,3.1705802205667055,1
425760,2.1706118750539645,3.170611875054192,1
425820,2.170643525034052,3.1706435250341087,1
425880,2.1706751705124816,3.1706751705128227,1
425940,2.1707068114936305,3.1707068114936874,1
426000,2.1707384479756797,3.1707384479757934,1
426060,2.1707700799541385,3.1707700799544796,1
426120,2.170801707430712,3.1708017074302575,1
426180,2.1708333304131884,3.1708333304131315,1
426240,2.1708649489043523,3.1708649489053187,1
426300,2.1708965629033514,3.1708965629033514,1
426360,2.170928172406718,3.1709281724062066,1
426420,2.170959777414623,3.1709597774149643,1
426480,2.170991377932637,3.1709913779324665,1
426540,2.171022973965421,3.1710229739649662,1
426600,2.1710545655126907,3.171054565512918,1
426660,2.1710861525708083,3.1710861525710925,1
426720,2.171117735139376,3.1711177351398874,1
426780,2.17114931322385,3.1711493132237365,1
426840,2.171180886830882,3.1711808868311095,1
426900,2.171212455959619,3.1712124559599033,1
426960,2.1712440206055703,3.1712440206054,1
427020,2.1712755807693043,3.1712755807695316,1
427080,2.171307136454516,3.1713071364542316,1
427140,2.1713386876650134,3.1713386876654113,1
427200,2.1713702344046055,3.171370234404833,1
427260,2.1714017766698817,3.1714017766702796,1
427320,2.17143331445817,3.171433314457772,1
427380,2.171464847772313,3.1714648477721425,1
427440,2.1714963766213486,3.1714963766216897,1
427500,2.171527901005504,3.171527901005163,1
427560,2.1715594209205733,3.1715594209213123,1
427620,2.171590936367238,3.171590936367579,1
427680,2.1716224473462375,3.171622447346465,1
427740,2.17165395386354,3.171653953863256,1
427800,2.1716854559211924,3.17168545592142,1
427860,2.1717169535187963,3.1717169535184553,1
427920,2.171748446652998,3.171748446653112,1
427980,2.171779935325162,3.1717799353256737,1
428040,2.1718114195419957,3.1718114195423937,1
428100,2.1718428993077055,3.1718428993077623,1
428160,2.171874374620984,3.171874374620927,1
428220,2.171905845475294,3.1719058454755213,1
428280,2.1719373118728527,3.171937311873421,1
428340,2.1719687738218454,3.171968773821959,1
428400,2.1720002313243754,3.172000231324489,1
428460,2.1720316843805563,3.172031684380613,1
428520,2.172063132987148,3.17206313298675,1
428580,2.172094577143241,3.172094577143298,1
428640,2.1721260168547474,3.1721260168542926,1
428700,2.172157452127692,3.172157452127294,1
428760,2.172188882961052,3.172188882961507,1
428820,2.172220309350166,3.172220309350621,1
428880,2.172251731295262,3.172251731295546,1
428940,2.172283148801853,3.1722831488019665,1
429000,2.172314561873975,3.172314561874316,1
429060,2.172345970513504,3.1723459705138453,1
429120,2.1723773747172572,3.1723773747170867,1
429180,2.172408774483017,3.17240877448279,1
429240,2.1724401698150473,3.1724401698149336,1
429300,2.1724715607192593,3.17247156071943,1
429360,2.1725029471988933,3.1725029471995754,1
429420,2.172534329248549,3.172534329248265,1
429480,2.1725657068635087,3.1725657068636224,1
429540,2.172597080048945,3.172597080048945,1
429600,2.172628448818614,3.1726284488184433,1
429660,2.172659813173482,3.1726598131733112,1
429720,2.1726911731016116,3.1726911731017253,1
429780,2.172722528594761,3.1727225285949316,1
429840,2.172753879663162,3.172753879663844,1
429900,2.172785226327221,3.172785226327221,1
429960,2.1728165685836416,3.172816568583812,1
430020,2.1728479064203725,3.1728479064204294,1
430080,2.1728792398327528,3.1728792398331507,1
430140,2.1729105688272625,3.1729105688280015,1
430200,2.172941893413224,3.1729418934137357,1
430260,2.1729732135952986,3.1729732135952986,1
430320,2.1730045293689386,3.1730045293690523,1
430380,2.1730358407268113,3.173035840727323,1
430440,2.173067147671304,3.173067147671304,1
430500,2.17309845021299,3.173098450213274,1
430560,2.1731297483584058,3.1731297483589174,1
430620,2.1731610421021514,3.173161042101924,1
430680,2.1731923314382584,3.1731923314383153,1
430740,2.1732236163672383,3.173223616367409,1
430800,2.17325489689739,3.173254896897845,1
430860,2.1732861730326363,3.173286173033091,1
430920,2.1733174447737156,3.1733174447736587,1
430980,2.1733487121164217,3.173348712116706,1
431040,2.1733799750582534,3.1733799750585376,1
431100,2.173411233605009,3.1734112336054636,1
431160,2.1734424877656124,3.1734424877663514,1
431220,2.1734737375387567,3.1734737375381883,1
431280,2.1735049829194963,3.173504982919212,1
431340,2.173536223906808,3.1735362239069786,1
431400,2.1735674605052395,3.1735674605056374,1
431460,2.1735986927185422,3.173598692719338,1
431520,2.1736299205509795,3.1736299205512637,1
431580,2.1736611439991407,3.1736611439995386,1
431640,2.17369236306115,3.1736923630616047,1
431700,2.173723577738258,3.1737235777380306,1
431760,2.1737547880385932,3.1737547880389343,1
431820,2.1737859939636337,3.173785993963577,1
431880,2.1738171955107077,3.1738171955099688,1
431940,2.173848392678451,3.173848392678565,1
432000,2.173879585468228,3.173879585468569,1
432060,2.173910773884643,3.1739107738844723,1
432120,2.17394195793122,3.1739419579305945,1
432180,2.17397313760722,3.173973137607163,1
432240,2.1740043129100854,3.1740043129111086,1
432300,2.174035483840214,3.174035483840555,1
432360,2.1740666504032333,3.1740666504028354,1
432420,2.1740978126052823,3.174097812605794,1
432480,2.1741289704443147,3.1741289704443147,1
432540,2.174160123912543,3.174160123912202,1
432600,2.1741912730090576,3.1741912730090576,1
432660,2.1742224177477283,3.1742224177480125,1
432720,2.1742535581374227,3.1742535581378775,1
432780,2.1742846941717744,3.1742846941713765,1
432840,2.1743158258361746,3.174315825835663,1
432900,2.174346953135341,3.1743469531351707,1
432960,2.1743780760818368,3.1743780760815525,1
433020,2.174409194681573,3.1744091946818003,1
433080,2.174440308931935,3.1744403089317075,1
433140,2.1744714188259877,3.174471418826556,1
433200,2.174502524362822,3.1745025243629925,1
433260,2.1745336255497136,3.174533625549657,1
433320,2.174564722392688,3.174564722392404,1
433380,2.1745958148937348,3.174595814894076,1
433440,2.1746269030463736,3.1746269030460326,1
433500,2.1746579868459435,3.1746579868466256,1
433560,2.174689066301312,3.1746890663013687,1
433620,2.1747201414184474,3.174720141418561,1
433680,2.17475121219843,3.174751212198771,1
433740,2.1747822786374513,3.174782278637963,1
433800,2.1748133407346018,3.1748133407343175,1
433860,2.1748443984905634,3.1748443984906203,1
433920,2.1748754519121576,3.174875451912783,1
433980,2.1749065010039317,3.1749065010037043,1
434040,2.174937545762134,3.174937545761736,1
434100,2.174968586182274,3.1749685861820467,1
434160,2.1749996222681602,3.1749996222683308,1
434220,2.1750306540249653,3.1750306540252495,1
434280,2.1750616814563273,3.1750616814561,1
434340,2.17509270456128,3.1750927045610524,1
434400,2.1751237233366396,3.175123723336924,1
434460,2.1751547377832594,3.17515473778343,1
434520,2.175185747905573,3.175185747905971,1
434580,2.175216753709435,3.1752167537097193,1
434640,2.175247755193425,3.1752477551939364,1
434700,2.1752787523530515,3.1752787523525967,1
434760,2.175309745189452,3.1753097451898498,1
434820,2.175340733708026,3.17534073370814,1
434880,2.175371717912128,3.1753717179117302,1
434940,2.17540269780244,3.175402697802099,1
435000,2.1754336733768582,3.1754336733766877,1
435060,2.17546464463436,3.1754646446341894,1
435120,2.1754956115780715,3.175495611577958,1
435180,2.175526574213791,3.1755265742139613,1
435240,2.1755575325438485,3.1755575325439622,1
435300,2.1755884865631856,3.1755884865629014,1
435360,2.1756194362680503,3.175619436267766,1
435420,2.1756503816639565,3.175650381664468,1
435480,2.1756813227638645,3.1756813227638077,1
435540,2.175712259567092,3.1757122595673763,1
435600,2.175743192061873,3.175743192062498,1
435660,2.1757741202430907,3.1757741202427496,1
435720,2.1758050441198407,3.175805044120125,1
435780,2.1758359637111653,3.175835963711336,1
435840,2.175866879012517,3.1758668790123465,1
435900,2.1758977900132663,3.175897790013721,1
435960,2.175928696709434,3.1759286967093203,1
436020,2.1759595991073866,3.1759595991075003,1
436080,2.175990497216276,3.1759904972166737,1
436140,2.176021391039342,3.1760213910391712,1
436200,2.176052280572094,3.176052280572435,1
436260,2.176083165809075,3.1760831658093593,1
436320,2.1761140467520477,3.1761140467525593,1
436380,2.176144923411073,3.1761449234107886,1
436440,2.176175795792574,3.17617579579246,1
436500,2.1762066638892748,3.176206663889502,1
436560,2.176237527697481,3.1762375276972534,1
436620,2.1762683872184994,3.176268387218556,1
436680,2.1762992424591516,3.1762992424587537,1
436740,2.176330093423303,3.176330093423303,1
436800,2.1763609401112376,3.1763609401111808,1
436860,2.1763917825185786,3.1763917825185217,1
436920,2.1764226206443595,3.1764226206440185,1
436980,2.1764534544939806,3.1764534544940375,1
437040,2.1764842840751726,3.176484284075002,1
437100,2.1765151093860027,3.1765151093867416,1
437160,2.1765459304230035,3.176545930423913,1
437220,2.1765767471856066,3.1765767471860613,1
437280,2.1766075596772794,3.176607559678132,1
437340,2.17663836790274,3.176638367903024,1
437400,2.1766691718637503,3.17666917186466,1
437460,2.1766999715589463,3.176699971558719,1
437520,2.176730766984349,3.176730766984406,1
437580,2.1767615581445057,3.176761558144676,1
437640,2.1767923450452713,3.1767923450455555,1
437700,2.1768231276900565,3.176823127689545,1
437760,2.1768539060740295,3.176853906073859,1
437820,2.1768846801924155,3.1768846801930977,1
437880,2.1769154500520926,3.176915450052661,1
437940,2.1769462156574946,3.176946215657267,1
438000,2.176976977010156,3.1769769770103267,1
438060,2.1770077341096226,3.177007734109509,1
438120,2.177038486953961,3.1770384869538475,1
438180,2.177069235543513,3.1770692355429446,1
438240,2.177099979882314,3.1770999798825414,1
438300,2.1771307199753664,3.1771307199757075,1
438360,2.17716145582159,3.1771614558217607,1
438420,2.1771921874176314,3.177192187418143,1
438480,2.1772229147633197,3.1772229147633197,1
438540,2.1772536378643963,3.1772536378643395,1
438600,2.1772843567280233,3.1772843567276254,1
438660,2.177315071350449,3.1773150713500513,1
438720,2.177345781728718,3.17734578172832,1
438780,2.1773764878637394,3.177376487863569,1
438840,2.177407189758867,3.17740718975881,1
438900,2.177437887418421,3.1774378874184777,1
438960,2.1774685808447316,3.1774685808450727,1
439020,2.1774992700340476,3.1774992700345024,1
439080,2.177529954984152,3.177529954984095,1
439140,2.1775606356998196,3.177560635700388,1
439200,2.1775913121882127,3.1775913121886674,1
439260,2.1776219844488196,3.177621984448649,1
439320,2.1776526524783435,3.177652652478457,1
439380,2.1776833162761022,3.177683316276159,1
439440,2.177713975844597,3.1777139758448243,1
439500,2.1777446311886592,3.1777446311885456,1
439560,2.177775282310904,3.177775282310847,1
439620,2.1778059292090575,3.177805929209285,1
439680,2.1778365718810733,3.177836571881244,1
439740,2.1778672103287704,3.177867210328543,1
439800,2.1778978445588564,3.17789784455897,1
439860,2.17792847457315,3.177928474573605,1
439920,2.1779591003696623,3.177959100369378,1
439980,2.177989721946574,3.177989721946801,1
440040,2.178020339305135,3.178020339305192,1
440100,2.1780509524496665,3.178050952449098,1
440160,2.178081561383806,3.1780815613846016,1
440220,2.178112166107269,3.1781121661070415,1
440280,2.1781427666165314,3.1781427666168156,1
440340,2.1781733629123323,3.1781733629127302,1
440400,2.1782039550001286,3.1782039550001286,1
440460,2.1782345428849226,3.178234542885093,1
440520,2.178265126565691,3.1782651265659183,1
440580,2.178295706037261,3.178295706037261,1
440640,2.1783262813004853,3.1783262813003716,1
440700,2.178356852361105,3.1783568523609915,1
440760,2.1783874192228154,3.178387419222986,1
440820,2.1784179818864686,3.1784179818865255,1
440880,2.178448540349052,3.178448540348768,1
440940,2.178479094609088,3.17847909460977,1
441000,2.1785096446704415,3.1785096446708963,1
441060,2.1785401905401613,3.178540190540332,1
441120,2.178570732218759,3.1785707322190433,1
441180,2.178601269700607,3.178601269700323,1
441240,2.1786318029857625,3.1786318029857057,1
441300,2.178662332078602,3.178662332078602,1
441360,2.1786928569828774,3.17869285698373,1
441420,2.1787233777018287,3.1787233777014308,1
441480,2.17875389423142,3.1787538942320452,1
441540,2.1787844065712534,3.178784406571424,1
441600,2.178814914722466,3.1788149147228637,1
441660,2.178845418691651,3.178845418692049,1
441720,2.1788759184822197,3.178875918482447,1
441780,2.1789064140900223,3.1789064140907612,1
441840,2.1789369055118755,3.1789369055115912,1
441900,2.178967392750792,3.1789673927513604,1
441960,2.1789978758134794,3.1789978758134225,1
442020,2.179028354701188,3.1790283547006766,1
442080,2.179058829412895,3.179058829412952,1
442140,2.1790892999471225,3.179089299947293,1
442200,2.179119766303188,3.179119766303245,1
442260,2.1791502284870603,3.1791502284870035,1
442320,2.1791806865034005,3.1791806865034005,1
442380,2.179211140350276,3.1792111403503327,1
442440,2.179241590023196,3.179241590023423,1
442500,2.1792720355250594,3.1792720355254573,1
442560,2.179302476859732,3.179302476859732,1
442620,2.1793329140301694,3.1793329140305673,1
442680,2.179363347037679,3.179363347037338,1
442740,2.17939377587993,3.179393775879589,1
442800,2.1794242005559,3.1794242005563547,1
442860,2.1794546210691124,3.1794546210686576,1
442920,2.1794850374243993,3.1794850374243993,1
442980,2.1795154496236933,3.1795154496236933,1
443040,2.1795458576625037,3.1795458576630153,1
443100,2.179576261537818,3.1795762615379317,1
443160,2.1796066612559457,3.1796066612564573,1
443220,2.1796370568278007,3.1796370568275734,1
443280,2.179667448253724,3.17966744825344,1
443340,2.179697835517061,3.179697835517402,1
443400,2.1797282186125813,3.179728218612638,1
443460,2.1797585975598395,3.179758597559726,1
443520,2.179788972377196,3.17978897237748,1
443580,2.1798193430595916,3.1798193430596484,1
443640,2.179849709577468,3.179849709577695,1
443700,2.179880071932473,3.179880071932473,1
443760,2.179910430143366,3.1799104301438774,1
443820,2.1799407842244705,3.179940784223845,1
443880,2.179971134170671,3.1799711341706143,1
443940,2.180001479972759,3.1800014799733276,1
444000,2.180031821625505,3.180031821625448,1
444060,2.180062159134934,3.180062159135389,1
444120,2.1800924925098,3.1800924925099707,1
444180,2.1801228217544804,3.1801228217548214,1
444240,2.180153146865223,3.1801531468649955,1
444300,2.180183467834752,3.180183467834695,1
444360,2.18021378466392,3.180213784663806,1
444420,2.1802440973633566,3.1802440973630723,1
444480,2.1802744059401675,3.180274405940338,1
444540,2.180304710389237,3.1803047103893505,1
444600,2.180335010703118,3.180335010702777,1
444660,2.1803653068843687,3.1803653068847666,1
444720,2.180395598938958,3.1803955989390147,1
444780,2.180425886872456,3.180425886872513,1
444840,2.180456170684238,3.1804561706846357,1
444900,2.1804864503698127,3.1804864503699832,1
444960,2.180516725928328,3.1805167259277027,1
445020,2.180546997363706,3.180546997363649,1
445080,2.180577264685269,3.1805772646857235,1
445140,2.1806075278907997,3.1806075278909134,1
445200,2.18063778697649,3.18063778697649,1
445260,2.1806680419414874,3.180668041941715,1
445320,2.180698292789941,3.1806982927901117,1
445380,2.1807285395250346,3.180728539524921,1
445440,2.180758782150008,3.1807587821498373,1
445500,2.1807890206628144,3.1807890206624165,1
445560,2.1808192550602143,3.1808192550602143,1
445620,2.180849485345391,3.1808494853452203,1
445680,2.180879711524085,3.180879711524426,1
445740,2.1809099336008444,3.1809099336011286,1
445800,2.1809401515707236,3.1809401515708373,1
445860,2.1809703654250256,3.1809703654250256,1
445920,2.181000575170458,3.1810005751709127,1
445980,2.1810307808220273,3.181030780821743,1
446040,2.181060982383599,3.181060982383599,1
446100,2.1810911798411894,3.181091179840678,1
446160,2.1811213731808152,3.181121373180929,1
446220,2.1811515624162894,3.181151562416801,1
446280,2.18118174756529,3.1811817475648922,1
446340,2.181211928628045,3.1812119286284997,1
446400,2.1812421055951177,3.181242105595402,1
446460,2.1812722784591188,3.181272278459346,1
446520,2.181302447221185,3.181302447221583,1
446580,2.181332611894163,3.1813326118944474,1
446640,2.1813627724866933,3.1813627724870344,1
446700,2.1813929289936596,3.1813929289933185,1
446760,2.1814230814006237,3.18142308140051,1
446820,2.181453229708268,3.1814532297080405,1
446880,2.1814833739356914,3.1814833739356345,1
446940,2.181513514088522,3.1815135140886355,1
447000,2.1815436501599947,3.181543650159881,1
447060,2.1815737821419248,3.1815737821424364,1
447120,2.1816039100347666,3.1816039100345392,1
447180,2.181634033845455,3.1816340338450004,1
447240,2.1816641535803,3.1816641535802432,1
447300,2.181694269240893,3.181694269241234,1
447360,2.1817243808225157,3.181724380822857,1
447420,2.1817544883210758,3.1817544883207916,1
447480,2.181784591740609,3.181784591740552,1
447540,2.1818146910915175,3.1818146910910627,1
447600,2.181844786375507,3.1818447863756205,1
447660,2.1818748775840504,3.1818748775840504,1
447720,2.1819049647151587,3.181904964715443,1
447780,2.181935047773379,3.1819350477735497,1
447840,2.1819651267657605,3.181965126766272,1
447900,2.181995201694974,3.181995201695031,1
447960,2.1820252725579508,3.1820252725577802,1
448020,2.1820553393499154,3.182055339349688,1
448080,2.1820854020728007,3.1820854020724028,1
448140,2.1821154607347353,3.182115460734849,1
448200,2.182145515341176,3.18214551534129,1
448260,2.182175565887917,3.1821755658884285,1
448320,2.182205612367625,3.1822056123677385,1
448380,2.1822356547826303,3.1822356547826303,1
448440,2.182265693141403,3.1822656931416304,1
448500,2.182295727448775,3.1822957274489454,1
448560,2.1823257577018467,3.182325757702074,1
448620,2.182355783897549,3.1823557838980037,1
448680,2.1823858060359385,3.1823858060362227,1
448740,2.182415824121108,3.182415824121051,1
448800,2.182445838157207,3.182445838157207,1
448860,2.1824758481469075,3.182475848147135,1
448920,2.18250585408515,3.18250585408515,1
448980,2.18253585596932,3.1825358559694337,1
449040,2.182565853804533,3.1825658538048742,1
449100,2.182595847599373,3.182595847599657,1
449160,2.182625837352248,3.1826258373527594,1
449220,2.1826558230599744,3.182655823060088,1
449280,2.182685804721018,3.1826858047211886,1
449340,2.1827157823379935,3.182715782337766,1
449400,2.1827457559161303,3.182745755916301,1
449460,2.1827757254586118,3.1827757254590097,1
449520,2.182805690962539,3.1828056909625957,1
449580,2.1828356524247283,3.182835652424899,1
449640,2.182865609846772,3.182865609846317,1
449700,2.1828955632373095,3.182895563238162,1
449760,2.1829255125981604,3.1829255125984446,1
449820,2.1829554579256296,3.1829554579260275,1
449880,2.182985399218069,3.1829853992181256,1
449940,2.1830153364763305,3.183015336476558,1
450000,2.183045269705474,3.1830452697059854,1
450060,2.183075198910103,3.1830751989099326,1
450120,2.1831051240880583,3.183105124088172,1
450180,2.1831350452360994,3.183135045235872,1
450240,2.1831649623536578,3.18316496235434,1
450300,2.183194875449317,3.183194875450056,1
450360,2.183224784525578,3.183224784525862,1
450420,2.1832546895810196,3.1832546895810196,1
450480,2.183284590612402,3.1832845906129137,1
450540,2.1833144876214305,3.183314487621658,1
450600,2.183344380610208,3.18334438061072,1
450660,2.1833742695836804,3.1833742695835667,1
450720,2.1834041545432115,3.1834041545438367,1
450780,2.1834340354855044,3.1834340354850497,1
450840,2.1834639124078308,3.183463912408456,1
450900,2.18349378531542,3.1834937853157044,1
450960,2.183523654215719,3.1835236542155485,1
451020,2.183553519106738,3.183553519106624,1
451080,2.1835833799859756,3.1835833799864304,1
451140,2.1836132368529775,3.1836132368530343,1
451200,2.1836430897094488,3.1836430897091077,1
451260,2.1836729385604485,3.183672938560335,1
451320,2.183702783408478,3.1837027834081937,1
451380,2.1837326242515473,3.1837326242515473,1
451440,2.1837624610869852,3.183762461086701,1
451500,2.183792293916042,3.1837922939158148,1
451560,2.1838221227469603,3.1838221227473014,1
451620,2.183851947580365,3.183851947581161,1
451680,2.1838817684140395,3.1838817684143805,1
451740,2.183911585246051,3.1839115852465056,1
451800,2.183941398077991,3.183941398078275,1
451860,2.1839712069145207,3.183971206914464,1
451920,2.18400101175871,3.184001011758596,1
451980,2.1840308126090804,3.1840308126090804,1
452040,2.1840606094638133,3.184060609463927,1
452100,2.184090402322397,3.184090402322397,1
452160,2.184120191191255,3.1841201911913686,1
452220,2.1841499760752754,3.1841499760755028,1
452280,2.184179756972526,3.184179756972526,1
452340,2.1842095338752188,3.184209533874821,1
452400,2.184239306783468,3.1842393067836383,1
452460,2.1842690757097785,3.184269075710006,1
452520,2.1842988406626205,3.1842988406626205,1
452580,2.1843286016352863,3.1843286016356274,1
452640,2.1843583586137356,3.184358358613906,1
452700,2.1843881116028,3.184388111603255,1
452760,2.184417860614701,3.18441786061436,1
452820,2.1844476056548388,3.1844476056546114,1
452880,2.184477346719518,3.184477346719575,1
452940,2.1845070838036804,3.1845070838037373,1
453000,2.1845368169055632,3.18453681690562,1
453060,2.1845665460307373,3.1845665460309647,1
453120,2.1845962711876155,3.1845962711880134,1
453180,2.1846259923763682,3.1846259923762545,1
453240,2.1846557095901176,3.1846557095904586,1
453300,2.184685422825396,3.1846854228256234,1
453360,2.184715132090105,3.1847151320898774,1
453420,2.1847448373898715,3.1847448373902125,1
453480,2.1847745387262307,3.1847745387262876,1
453540,2.1848042360952036,3.1848042360949194,1
453600,2.1848339294944026,3.184833929494573,1
453660,2.1848636189261015,3.1848636189257036,1
453720,2.1848933043967236,3.1848933043968373,1
453780,2.1849229859088837,3.1849229859092816,1
453840,2.1849526634608765,3.184952663460649,1
453900,2.184982337046449,3.1849823370473587,1
453960,2.1850120066703766,3.1850120066704903,1
454020,2.1850416723384,3.185041672338741,1
454080,2.1850713340518837,3.185071334051827,1
454140,2.1851009918104864,3.1851009918103728,1
454200,2.1851306456112525,3.1851306456111956,1
454260,2.18516029545475,3.1851602954545797,1
454320,2.185189941345925,3.185189941345868,1
454380,2.185219583288358,3.185219583289154,1
454440,2.185249221282618,3.1852492212830157,1
454500,2.1852788553239293,3.1852788553242135,1
454560,2.1853084854122926,3.1853084854120084,1
454620,2.1853381115532216,3.1853381115528236,1
454680,2.1853677337501836,3.185367733750411,1
454740,2.1853973520036902,3.1853973520039744,1
454800,2.1854269663111836,3.1854269663115247,1
454860,2.1854565766715837,3.1854565766716973,1
454920,2.185486183088699,3.185486183088642,1
454980,2.1855157855671337,3.185515785567759,1
455040,2.1855453841084227,3.18554538410865,1
455100,2.185574978708644,3.1855749787083028,1
455160,2.1856045693668307,3.1856045693669444,1
455220,2.185634156086735,3.1856341560868486,1
455280,2.1856637388720515,3.1856637388727904,1
455340,2.1856933177249402,3.185693317724713,1
455400,2.1857228926438665,3.1857228926438665,1
455460,2.1857524636258745,3.1857524636262724,1
455520,2.185782030674261,3.1857820306741473,1
455580,2.1858115937932325,3.185811593793403,1
455640,2.1858411529859154,3.185841152986484,1
455700,2.1858707082502065,3.18587070825032,1
455760,2.185900259581956,3.18590025958207,1
455820,2.185929806984859,3.1859298069854276,1
455880,2.18595935046352,3.185959350464202,1
455940,2.185988890020326,3.1859888900200417,1
456000,2.1860184256536286,3.1860184256540265,1
456060,2.1860479573628027,3.186047957363087,1
456120,2.1860774851472797,3.186077485147223,1
456180,2.1861070090111525,3.18610700901138,1
456240,2.1861365289592527,3.1861365289593664,1
456300,2.1861660449907845,3.186166044990671,1
456360,2.186195557101314,3.1861955571012572,1
456420,2.1862250652922626,3.1862250652923194,1
456480,2.1862545695685185,3.1862545695688596,1
456540,2.186284069932583,3.186284069932924,1
456600,2.1863135663849107,3.1863135663849107,1
456660,2.186343058923626,3.1863430589237964,1
456720,2.186372547548501,3.1863725475483875,1
456780,2.1864020322620945,3.1864020322618103,1
456840,2.1864315130685554,3.1864315130688965,1
456900,2.1864609899708967,3.1864609899712377,1
456960,2.1864904629639454,3.1864904629640023,1
457020,2.18651993204503,3.1865199320452007,1
457080,2.186549397219892,3.1865493972197783,1
457140,2.1865788584983648,3.1865788584984216,1
457200,2.1866083158813012,3.186608315881017,1
457260,2.1866377693533536,3.1866377693538652,1
457320,2.186667218910827,3.186667218910827,1
457380,2.186696664568615,3.18669666456924,1
457440,2.1867261063451906,3.1867261063455317,1
457500,2.1867555442359503,3.186755544236007,1
457560,2.186784978214746,3.186784978215144,1
457620,2.1868144082834533,3.186814408283567,1
457680,2.1868438344569086,3.1868438344569654,1
457740,2.186873256747731,3.186873256748015,1
457800,2.1869026751541014,3.18690267515359,1
457860,2.186932089666243,3.1869320896664703,1
457920,2.186961500280006,3.186961500280063,1
457980,2.186990907000279,3.186990906999938,1
458040,2.187020309834395,3.1870203098348497,1
458100,2.1870497087871286,3.1870497087875265,1
458160,2.1870791038549555,3.1870791038545576,1
458220,2.187108495031339,3.1871084950308273,1
458280,2.1871378823177565,3.18713788231787,1
458340,2.187167265723076,3.1871672657228487,1
458400,2.187196645252982,3.187196645253266,1
458460,2.1872260209032106,3.1872260209029264,1
458520,2.187255392668419,3.1872553926683054,1
458580,2.187284760550199,3.1872847605502557,1
458640,2.187314124553666,3.1873141245537795,1
458700,2.187343484682856,3.187343484682458,1
458760,2.187372840938451,3.187372840938451,1
458820,2.187402193317098,3.187402193317382,1
458880,2.1874315418165793,3.1874315418162382,1
458940,2.1874608864410447,3.187460886440988,1
459000,2.1874902271991346,3.187490227199646,1
459060,2.1875195640887455,3.1875195640894844,1
459120,2.187548897106126,3.1875488971061827,1
459180,2.187578226251162,3.187578226251105,1
459240,2.1876075515259004,3.1876075515255025,1
459300,2.1876368729355136,3.1876368729355136,1
459360,2.187666190481991,3.187666190482048,1
459420,2.1876955041634005,3.187695504163969,1
459480,2.1877248139765015,3.18772481397707,1
459540,2.187754119924193,3.187754119923966,1
459600,2.1877834220130694,3.1877834220129557,1
459660,2.187812720243926,3.1878127202440396,1
459720,2.1878420146147732,3.1878420146147164,1
459780,2.187871305123906,3.187871305123508,1
459840,2.1879005917722907,3.1879005917720633,1
459900,2.187929874563679,3.1879298745642473,1
459960,2.187959153503357,3.1879591535031864,1
460020,2.187988428589051,3.187988428589108,1
460080,2.188017699817408,3.188017699817408,1
460140,2.188046967189166,3.1880469671889955,1
460200,2.1880762307109762,3.188076230711431,1
460260,2.188105490384828,3.1881054903853965,1
460320,2.188134746210153,3.188134746209755,1
460380,2.1881639981847343,3.1881639981846774,1
460440,2.1881932463079465,3.188193246308117,1
460500,2.188222490584394,3.1882224905841667,1
460560,2.1882517310174308,3.1882517310175444,1
460620,2.1882809676075112,3.1882809676077954,1
460680,2.1883102003524186,3.1883102003528165,1
460740,2.1883394292501066,3.188339429250391,1
460800,2.1883686543051226,3.1883686543055774,1
460860,2.188397875524288,3.1883978755244584,1
460920,2.188427092905158,3.1884270929050444,1
460980,2.188456306445744,3.188456306445403,1
461040,2.188485516145647,3.188485516145761,1
461100,2.1885147220071417,3.1885147220073122,1
461160,2.1885439240350593,3.18854392403523,1
461220,2.188573122230423,3.188573122231105,1
461280,2.188602316591414,3.188602316592096,1
461340,2.1886315071167246,3.1886315071167246,1
461400,2.188660693807492,3.1886606938073783,1
461460,2.188689876670935,3.188689876670651,1
461520,2.1887190557072245,3.1887190557071676,1
461580,2.188748230914598,3.1887482309150528,1
461640,2.1887774022916346,3.1887774022912936,1
461700,2.188806569839585,3.188806569839983,1
461760,2.1888357335628825,3.1888357335624846,1
461820,2.1888648934634602,3.1888648934637445,1
461880,2.188894049541375,3.1888940495418865,1
461940,2.1889232017943527,3.188923201793955,1
462000,2.188952350221655,3.1889523502217685,1
462060,2.188981494829477,3.1889814948295907,1
462120,2.1890106356221963,3.1890106356221963,1
462180,2.1890397725977664,3.1890397725977664,1
462240,2.189068905750389,3.1890689057510144,1
462300,2.1890980350845552,3.1890980350845552,1
462360,2.1891271606025953,3.18912716060305,1
462420,2.189156282309284,3.1891562823091704,1
462480,2.1891854002034847,3.189185400203712,1
462540,2.1892145142836625,3.1892145142841173,1
462600,2.189243624548226,3.189243624548567,1
462660,2.1892727310016653,3.1892727310014948,1
462720,2.189301833649097,3.1893018336488694,1
462780,2.1893309324901793,3.189330932490691,1
462840,2.1893600275213885,3.1893600275217864,1
462900,2.189389118741701,3.189389118741076,1
462960,2.189418206155608,3.1894182061554943,1
463020,2.189447289766747,3.1894472897673722,1
463080,2.189476369576994,3.189476369576937,1
463140,2.1895054455835634,3.1895054455835066,1
463200,2.1895345177849777,3.189534517785148,1
463260,2.1895635861837377,3.189563586184022,1
463320,2.189592650785414,3.1895926507857553,1
463380,2.1896217115914283,3.1896217115917125,1
463440,2.18965076859962,3.1896507685993356,1
463500,2.189679821805669,3.1896798218057825,1
463560,2.189708871214634,3.189708871214634,1
463620,2.1897379168306657,3.1897379168303246,1
463680,2.1897669586547863,3.1897669586550705,1
463740,2.189795996687053,3.1897959966872804,1
463800,2.189825030924851,3.189825030924794,1
463860,2.1898540613688056,3.1898540613692035,1
463920,2.189883088023919,3.1898830880244304,1
463980,2.1899121108936015,3.1899121108939426,1
464040,2.1899411299763756,3.1899411299763756,1
464100,2.1899701452685463,3.189970145268262,1
464160,2.1899991567718757,3.189999156772103,1
464220,2.190028164491423,3.1900281644911956,1
464280,2.190057168429064,3.1900571684284387,1
464340,2.190086168584571,3.1900861685847417,1
464400,2.1901151649573194,3.1901151649568646,1
464460,2.190144157545433,3.190144157545774,1
464520,2.190173146353345,3.190173146353459,1
464580,2.1902021313853766,3.1902021313853766,1
464640,2.1902311126412997,3.190231112641243,1
464700,2.1902600901171922,3.190260090117306,1
464760,2.190289063814191,3.1902890638144754,1
464820,2.190318033736162,3.1903180337363892,1
464880,2.1903469998852074,3.1903469998856053,1
464940,2.1903759622632606,3.190375962263545,1
465000,2.190404920868332,3.190404920868332,1
465060,2.1904338756991137,3.190433875699682,1
465120,2.190462826758335,3.190462826758562,1
465180,2.1904917740505994,3.1904917740508267,1
465240,2.190520717577556,3.190520717577556,1
465300,2.190549657336021,3.1905496573361347,1
465360,2.190578593324517,3.1905785933242328,1
465420,2.1906075255442943,3.1906075255445216,1
465480,2.190636454004107,3.19063645400405,1
465540,2.1906653787036134,3.1906653787034998,1
465600,2.1906942996399152,3.1906942996390626,1
465660,2.190723216811307,3.190723216811648,1
465720,2.1907521302213127,3.1907521302209716,1
465780,2.190781039871183,3.190781039870842,1
465840,2.1908099457656363,3.190809945766034,1
465900,2.1908388479042173,3.1908388479044447,1
465960,2.1908677462825494,3.1908677462832884,1
466020,2.1908966409025084,3.1908966409021673,1
466080,2.190925531768869,3.1909255317687553,1
466140,2.1909544188848713,3.1909544188845302,1
466200,2.1909833022493785,3.1909833022490943,1
466260,2.1910121818592074,3.1910121818592643,1
466320,2.191041057716575,3.1910410577167454,1
466380,2.191069929823186,3.191069929823584,1
466440,2.191098798183816,3.1910987981835888,1
466500,2.1911276627981238,3.191127662798408,1
466560,2.19115652366429,3.191156523663949,1
466620,2.191185380780041,3.191185380780155,1
466680,2.191214234151289,3.1912142341507774,1
466740,2.1912430837817283,3.1912430837817283,1
466800,2.1912719296715863,3.1912719296718137,1
466860,2.1913007718174526,3.1913007718177937,1
466920,2.1913296102192135,3.191329610219668,1
466980,2.1913584448801657,3.1913584448798815,1
467040,2.191387275803322,3.191387275803379,1
467100,2.191416102991468,3.1914161029908996,1
467160,2.1914449264409654,3.191444926440738,1
467220,2.1914737461506775,3.1914737461513596,1
467280,2.1915025621237305,3.191502562123958,1
467340,2.1915313743659794,3.191531374365411,1
467400,2.1915601828765716,3.1915601828765148,1
467460,2.1915889876541996,3.1915889876549386,1
467520,2.19161778869875,3.1916177886988635,1
467580,2.191646586010563,3.1916465860103926,1
467640,2.1916753795932777,3.191675379593505,1
467700,2.191704169450702,3.1917041694509294,1
467760,2.191732955581074,3.191732955581074,1
467820,2.1917617379816647,3.1917617379813805,1
467880,2.191790516653896,3.1917905166543505,1
467940,2.1918192916029398,3.191819291603281,1
468000,2.1918480628322072,3.191848062832264,1
468060,2.191876830339595,3.1918768303394813,1
468120,2.1919055941212946,3.191905594121124,1
468180,2.191934354179466,3.1919343541797502,1
468240,2.1919631105187705,3.191963110518543,1
468300,2.1919918631418227,3.1919918631419932,1
468360,2.1920206120483954,3.19202061204777,1
468420,2.1920493572359874,3.1920493572358737,1
468480,2.1920780987043713,3.192078098704485,1
468540,2.1921068364574694,3.1921068364577536,1
468600,2.1921355705000565,3.192135570500284,1
468660,2.1921643008317346,3.1921643008317915,1
468720,2.1921930274485817,3.1921930274486954,1
468780,2.1922217503505976,3.192221750350541,1
468840,2.1922504695422163,3.1922504695425573,1
468900,2.1922791850271324,3.1922791850270187,1
468960,2.1923078968052323,3.192307896805687,1
469020,2.1923366048752086,3.1923366048749813,1
469080,2.1923653092355835,3.1923653092355835,1
469140,2.1923940098890284,3.1923940098890853,1
469200,2.192422706840034,3.192422706840375,1
469260,2.1924514000914996,3.1924514000915565,1
469320,2.1924800896388774,3.1924800896395027,1
469380,2.192508775480121,3.1925087754796664,1
469440,2.1925374576177887,3.1925374576177887,1
469500,2.192566136060236,3.1925661360601794,1
469560,2.192594810806895,3.1925948108071225,1
469620,2.1926234818560033,3.1926234818559465,1
469680,2.1926521492036386,3.192652149203923,1
469740,2.192680812853098,3.1926808128529274,1
469800,2.192709472809156,3.1927094728089855,1
469860,2.192738129073973,3.19273812907403,1
469920,2.192766781647265,3.1927667816466965,1
469980,2.1927954305234607,3.19279543052329,1
470040,2.1928240757055164,3.192824075705687,1
470100,2.192852717199912,3.1928527171997416,1
470160,2.19288135500841,3.1928813550082964,1
470220,2.192909989128623,3.1929099891287933,1
470280,2.1929386195600387,3.1929386195597544,1
470340,2.192967246301407,3.192967246301407,1
470400,2.192995869356878,3.192995869357162,1
470460,2.193024488731453,3.193024488731112,1
470520,2.1930531044236545,3.193053104423825,1
470580,2.1930817164313225,3.19308171643155,1
470640,2.1931103247524675,3.1931103247528654,1
470700,2.19313892939266,3.1931389293928873,1
470760,2.193167530358096,3.1931675303586076,1
470820,2.1931961276465017,3.1931961276466723,1
470880,2.1932247212544667,3.193224721254751,1
470940,2.193253311182616,3.1932533111830708,1
471000,2.1932818974339625,3.1932818974342467,1
471060,2.193310480011462,3.19331048001186,1
471120,2.1933390589172177,3.1933390589176156,1
471180,2.1933676341487285,3.1933676341487853,1
471240,2.1933962057052554,3.193396205704744,1
471300,2.193424773588106,3.1934247735882195,1
471360,2.193453337803305,3.1934533378035326,1
471420,2.1934818983530704,3.1934818983532978,1
471480,2.193510455233252,3.193510455233593,1
471540,2.1935390084412916,3.193539008441519,1
471600,2.1935675579812255,3.1935675579812255,1
471660,2.193596103856862,3.193596103856578,1
471720,2.193624646070589,3.193624646071328,1
471780,2.19365318462053,3.19365318462053,1
471840,2.193681719505946,3.193681719505946,1
471900,2.1937102507266673,3.1937102507265536,1
471960,2.1937387782869564,3.1937387782872975,1
472020,2.193767302190281,3.19376730218994,1
472080,2.193795822434879,3.1937958224347653,1
472140,2.1938243390189314,3.193824339018704,1
472200,2.19385285194204,3.1938528519418696,1
472260,2.193881361209037,3.193881361209378,1
472320,2.1939098668253223,3.193909866825379,1
472380,2.1939383687880536,3.193938368787826,1
472440,2.1939668670949573,3.1939668670948436,1
472500,2.193995361746886,3.1939953617467722,1
472560,2.1940238527470797,3.194023852746909,1
472620,2.194052340097187,3.1940523400967322,1
472680,2.1940808237995384,3.1940808237995952,1
472740,2.1941093038520307,3.194109303851519,1
472800,2.194137780253641,3.1941377802538113,1
472860,2.1941662530077792,3.1941662530079498,1
472920,2.194194722118084,3.1941947221176292,1
472980,2.194223187585635,3.194223187585692,1
473040,2.1942516494085,3.1942516494082724,1
473100,2.1942801075819034,3.1942801075821308,1
473160,2.1943085621114164,3.1943085621110754,1
473220,2.194337013005395,3.1943370130051107,1
473280,2.1943654602650327,3.194365460265203,1
473340,2.1943939038813483,3.1943939038812914,1
473400,2.1944223438482595,3.1944223438482027,1
473460,2.1944507801751456,3.194450780175373,1
473520,2.1944792128750805,3.194479212875308,1
473580,2.1945076419460747,3.1945076419461884,1
473640,2.194536067379147,3.194536067379545,1
473700,2.19456448917083,3.1945644891710003,1
473760,2.1945929073261823,3.194592907326353,1
473820,2.1946213218528783,3.194621321852651,1
473880,2.194649732752737,3.194649732752737,1
473940,2.1946781400233135,3.194678140023427,1
474000,2.1947065436594357,3.194706543659663,1
474060,2.194734943662013,3.19473494366207,1
474120,2.1947633400396853,3.1947633400400264,1
474180,2.194791732797171,3.1947917327972846,1
474240,2.1948201219302064,3.1948201219308316,1
474300,2.1948485074345285,3.194848507434301,1
474360,2.194876889310592,3.1948768893103647,1
474420,2.1949052675640814,3.1949052675644793,1
474480,2.194933642199146,3.194933642199544,1
474540,2.1949620132146492,3.1949620132152177,1
474600,2.1949903806084876,3.194990380608317,1
474660,2.195018744378274,3.1950187443786717,1
474720,2.195047104529692,3.19504710453009,1
474780,2.1950754610683703,3.195075461068768,1
474840,2.1951038139923185,3.1951038139926595,1
474900,2.195132163299263,3.195132163298581,1
474960,2.1951605089878967,3.1951605089880104,1
475020,2.1951888510617437,3.1951888510617437,1
475080,2.19521718952484,3.195217189524385,1
475140,2.1952455243784357,3.1952455243788336,1
475200,2.195273855621224,3.1952738556217355,1
475260,2.195302183249339,3.1953021832491686,1
475320,2.1953305072660783,3.1953305072664193,1
475380,2.195358827678774,3.195358827678774,1
475440,2.195387144486915,3.1953871444870288,1
475500,2.195415457687943,3.195415457687943,1
475560,2.195443767280608,3.195443767281006,1
475620,2.1954720732666146,3.19547207326724,1
475680,2.1955003756498854,3.195500375650113,1
475740,2.1955286744336604,3.1955286744339446,1
475800,2.1955569696161206,3.1955569696161774,1
475860,2.1955852611944806,3.195585261194651,1
475920,2.1956135491697637,3.1956135491697637,1
475980,2.195641833548052,3.1956418335483363,1
476040,2.1956701143311648,3.1956701143313353,1
476100,2.19569839151751,3.195698391517851,1
476160,2.195726665106008,3.1957266651062355,1
476220,2.195754935096204,3.1957549350963745,1
476280,2.1957832014918495,3.1957832014921337,1
476340,2.1958114642962983,3.195811464295957,1
476400,2.195839723509664,3.195839723510062,1
476460,2.1958679791292752,3.195867979130128,1
476520,2.1958962311548476,3.1958962311549044,1
476580,2.195924479589962,3.1959244795903032,1
476640,2.1959527244399055,3.195952724439735,1
476700,2.1959809657035407,3.195980965703768,1
476760,2.196009203377912,3.196009203378253,1
476820,2.196037437463815,3.1960374374640423,1
476880,2.1960656679635804,3.1960656679631256,1
476940,2.1960938948793682,3.196093894879823,1
477000,2.19612211821493,3.1961221182152144,1
477060,2.1961503379665714,3.1961503379664578,1
477120,2.1961785541333256,3.196178554133496,1
477180,2.196206766717637,3.196206766717353,1
477240,2.1962349757243373,3.1962349757245647,1
477300,2.1962631811556435,3.1962631811553024,1
477360,2.196291383007349,3.1962913830072353,1
477420,2.196319581279454,3.196319581279738,1
477480,2.19634777597372,3.1963477759738907,1
477540,2.196375967092706,3.1963759670935588,1
477600,2.1964041546403337,3.1964041546401063,1
477660,2.1964323386148408,3.196432338614784,1
477720,2.1964605190136126,3.196460519013897,1
477780,2.1964886958380134,3.1964886958382976,1
477840,2.1965168690927044,3.196516869092875,1
477900,2.196545038782176,3.1965450387819487,1
477960,2.1965732049036433,3.1965732049036433,1
478020,2.1966013674493183,3.1966013674492046,1
478080,2.196629526421532,3.1966295264213613,1
478140,2.1966576818348926,3.1966576818342674,1
478200,2.1966858336944597,3.196685833694687,1
478260,2.1967139819890917,3.196713981988978,1
478320,2.1967421267035547,3.196742126703839,1
478380,2.196770267845068,3.196770267844613,1
478440,2.196798405437505,3.1967984054377894,1
478500,2.1968265394827995,3.19682653948297,1
478560,2.196854669967479,3.196854669967138,1
478620,2.1968827968823916,3.1968827968820506,1
478680,2.1969109202315735,3.196910920231744,1
478740,2.1969390400258817,3.1969390400260522,1
478800,2.1969671562699205,3.196967156270489,1
478860,2.1969952689619276,3.196995268962098,1
478920,2.1970233780963326,3.1970233780964463,1
478980,2.1970514836716006,3.197051483671771,1
479040,2.1970795856918244,3.1970795856920518,1
479100,2.197107684164962,3.1971076841654167,1
479160,2.1971357790919797,3.197135779092264,1
479220,2.1971638704662837,3.197163870466568,1
479280,2.1971919582848614,3.197191958284691,1
479340,2.197220042553454,3.197220042553454,1
479400,2.197248123278257,3.1972481232782,1
479460,2.197276200459612,3.1972762004597826,1
479520,2.197304274095245,3.1973042740957,1
479580,2.1973323441828256,3.197332344182257,1
479640,2.1973604107232063,3.19736041072332,1
479700,2.197388473722583,3.19738847372264,1
479760,2.1974165331835707,3.1974165331834,1
479820,2.197444589104009,3.197444589104407,1
479880,2.1974726414795214,3.197472641479294,1
479940,2.197500690312893,3.197500690312836,1
480000,2.1975287356092963,3.197528735609012,1
480060,2.197556777370778,3.1975567773702664,1
480120,2.197584815595576,3.1975848155957465,1
480180,2.1976128502835763,3.19761285028369,1
480240,2.197640881433813,3.197640881433358,1
480300,2.1976689090491845,3.1976689090491845,1
480360,2.1976969331340683,3.1976969331344094,1
480420,2.1977249536886916,3.197724953689203,1
480480,2.1977529707098142,3.1977529707097574,1
480540,2.1977809841952194,3.197780984194992,1
480600,2.1978089941505345,3.1978089941512735,1
480660,2.1978370005848546,3.197837000584684,1
480720,2.1978650034967018,3.197865003496645,1
480780,2.1978930028716945,3.1978930028716945,1
480840,2.197920998707957,3.197920998708298,1
480900,2.1979489910225993,3.1979489910229404,1
480960,2.1979769798300026,3.197976979830173,1
481020,2.19800496512147,3.1980049651216973,1
481080,2.1980329468755713,3.1980329468751165,1
481140,2.198060925093671,3.1980609250935004,1
481200,2.1980888997941292,3.198088899794186,1
481260,2.1981168709851886,3.198116870985473,1
481320,2.19814483866395,3.1981448386638363,1
481380,2.198172802820295,3.1981728028201246,1
481440,2.198200763452178,3.1982007634520073,1
481500,2.198228720564657,3.198228720564316,1
481560,2.1982566741652363,3.1982566741650658,1
481620,2.1982846242560754,3.198284624256246,1
481680,2.1983125708335933,3.1983125708339344,1
481740,2.1983405138921626,3.1983405138918783,1
481800,2.1983684534348527,3.198368453435137,1
481860,2.1983963894692238,3.1983963894693375,1
481920,2.1984243220001645,3.1984243220004487,1
481980,2.198452251021365,3.1984522510218767,1
482040,2.1984801765295288,3.1984801765295288,1
482100,2.198508098526929,3.1985080985263608,1
482160,2.1985360170185118,3.1985360170183412,1
482220,2.198563932007289,3.198563932006607,1
482280,2.19859184349275,3.1985918434925793,1
482340,2.1986197514717105,3.198619751471199,1
482400,2.1986476559421817,3.1986476559429775,1
482460,2.1986755569109846,3.198675556911269,1
482520,2.198703454383349,3.198703454383292,1
482580,2.198731348357228,3.198731348356887,1
482640,2.1987592388287567,3.198759238828927,1
482700,2.198787125798219,3.198787125797935,1
482760,2.1988150092684577,3.1988150092686283,1
482820,2.1988428892437355,3.198842889243963,1
482880,2.198870765725303,3.198870765724621,1
482940,2.1988986387101477,3.1988986387102614,1
483000,2.1989265081970757,3.1989265081978147,1
483060,2.198954374189782,3.198954374190066,1
483120,2.198982236691961,3.1989822366921885,1
483180,2.199010095704466,3.1990100957046934,1
483240,2.1990379512258755,3.199037951226046,1
483300,2.199065803254996,3.199065803254598,1
483360,2.1990936517925093,3.1990936517923387,1
483420,2.1991214968421673,3.1991214968427357,1
483480,2.199149338406812,3.199149338407551,1
483540,2.1991771764861596,3.1991771764865007,1
483600,2.199205011076174,3.1992050110762307,1
483660,2.199232842178901,3.199232842179356,1
483720,2.1992606697987185,3.19926066979815,1
483780,2.1992884939389796,3.1992884939397754,1
483840,2.199316314598491,3.199316314598775,1
483900,2.1993441317724773,3.1993441317728184,1
483960,2.199371945463099,3.199371945463156,1
484020,2.199399755675131,3.1993997556750173,1
484080,2.1994275624109605,3.199427562409994,1
484140,2.1994553656698486,3.1994553656699622,1
484200,2.199483165449692,3.199483165449692,1
484260,2.199510961750775,3.1995109617510593,1
484320,2.1995387545761105,3.199538754575542,1
484380,2.1995665439299614,3.1995665439300183,1
484440,2.1995943298128395,3.199594329812726,1
484500,2.1996221122201405,3.199622112220027,1
484560,2.1996498911520916,3.199649891153001,1
484620,2.1996776666132973,3.199677666613809,1
484680,2.199705438606145,3.1997054386059745,1
484740,2.1997332071316578,3.1997332071314304,1
484800,2.199760972188301,3.199760972188642,1
484860,2.199788733773744,3.1997887337739144,1
484920,2.1998164918917382,3.199816491891795,1
484980,2.1998442465458083,3.199844246545979,1
485040,2.1998719977380006,3.1998719977381143,1
485100,2.1998997454655296,3.1998997454655864,1
485160,2.1999274897261216,3.1999274897262353,1
485220,2.1999552305223347,3.199955230522278,1
485280,2.199982967858773,3.1999829678590004,1
485340,2.2000107017373693,3.200010701737199,1
485400,2.20003843215585,3.2000384321556794,1
485460,2.2000661591131916,3.2000661591136463,1
485520,2.2000938826110428,3.2000938826112133,1
485580,2.2001216026523593,3.200121602652416,1
485640,2.200149319238733,3.2001493192395856,1
485700,2.2001770323715846,3.200177032371073,1
485760,2.2002047420465374,3.2002047420465374,1
485820,2.200232448264842,3.2002324482648987,1
485880,2.200260151030818,3.2002601510311592,1
485940,2.200287850350037,3.2002878503498096,1
486000,2.2003155462191444,3.2003155462194854,1
486060,2.20034323863257,3.200343238633195,1
486120,2.200370927590768,3.200370927590086,1
486180,2.2003986131027204,3.200398613102834,1
486240,2.2004262951768396,3.200426295176726,1
486300,2.2004539738058497,3.2004539738058497,1
486360,2.2004816489794052,3.2004816489795758,1
486420,2.200509320701997,3.20050932070194,1
486480,2.200536988982492,3.200536988982435,1
486540,2.2005646538256087,3.200564653826177,1
486600,2.200592315229244,3.2005923152290734,1
486660,2.2006199731876563,3.200619973187429,1
486720,2.20064762770005,3.200647627699823,1
486780,2.200675278770973,3.2006752787714277,1
486840,2.200702926408212,3.200702926407928,1
486900,2.2007305706104603,3.2007305706108014,1
486960,2.2007582113722037,3.2007582113732838,1
487020,2.200785848692135,3.2007858486919645,1
487080,2.2008134825748016,3.200813482574688,1
487140,2.2008411130262857,3.2008411130263426,1
487200,2.200868740047042,3.2008687400468148,1
487260,2.2008963636338876,3.200896363633717,1
487320,2.2009239837848895,3.2009239837844348,1
487380,2.2009516005016962,3.200951600501867,1
487440,2.200979213789651,3.2009792137894237,1
487500,2.2010068236514826,3.201006823651994,1
487560,2.20103443008486,3.2010344300843485,1
487620,2.2010620330855204,3.2010620330858046,1
487680,2.201089632656874,3.201089632656874,1
487740,2.201117228803014,3.2011172288034118,1
487800,2.201144821526043,3.201144821526327,1
487860,2.2011724108252224,3.2011724108255066,1
487920,2.2011999966987332,3.2011999966986764,1
487980,2.2012275791465754,3.2012275791466323,1
488040,2.201255158172387,3.2012551581728985,1
488100,2.201282733779067,3.2012827337794647,1
488160,2.2013103059668424,3.20131030596707,1
488220,2.201337874733156,3.2013378747328147,1
488280,2.2013654400767564,3.2013654400769838,1
488340,2.2013930020017938,3.2013930020019075,1
488400,2.2014205605139523,3.201420560514748,1
488460,2.201448115612152,3.2014481156123793,1
488520,2.2014756672923,3.2014756672928684,1
488580,2.201503215555306,3.201503215554908,1
488640,2.2015307604037275,3.2015307604033296,1
488700,2.2015583018413167,3.201558301840919,1
488760,2.2015858398676755,3.2015858398677324,1
488820,2.2016133744826902,3.201613374482747,1
488880,2.201640905684542,3.2016409056845987,1
488940,2.2016684334749357,3.201668433474879,1
489000,2.2016959578593855,3.2016959578594424,1
489060,2.2017234788390283,3.2017234788396536,1
489120,2.2017509964111355,3.2017509964108513,1
489180,2.2017785105723533,3.201778510573149,1
489240,2.201806021327343,3.2018060213278545,1
489300,2.2018335286799697,3.201833528679515,1
489360,2.2018610326303474,3.2018610326302905,1
489420,2.2018885331782485,3.201888533178362,1
489480,2.2019160303224226,3.2019160303227636,1
489540,2.2019435240632674,3.2019435240636085,1
489600,2.201971014404478,3.2019710144047053,1
489660,2.2019985013487826,3.201998501348669,1
489720,2.202025984894931,3.2020259848954424,1
489780,2.2020534650407626,3.202053465041047,1
489840,2.2020809417872442,3.202080941787301,1
489900,2.2021084151379,3.202108415137616,1
489960,2.202135885096652,3.2021358850965385,1
490020,2.2021633516621364,3.2021633516620227,1
490080,2.202190814832022,3.2021908148321927,1
490140,2.202218274606878,3.202218274606821,1
490200,2.202245730989432,3.2022457309892616,1
490260,2.202273183981788,3.2022731839823564,1
490320,2.2023006335861055,3.2023006335856508,1
490380,2.2023280797999973,3.20232807979977,1
490440,2.202355522622497,3.202355522622611,1
490500,2.20238296205639,3.2023829620567312,1
490560,2.2024103981055987,3.202410398106281,1
490620,2.2024378307713732,3.202437830771089,1
490680,2.2024652600505874,3.202465260050758,1
490740,2.2024926859405127,3.2024926859405127,1
490800,2.202520108445242,3.202520108444901,1
490860,2.2025475275730173,3.2025475275733584,1
490920,2.2025749433236115,3.2025749433239525,1
490980,2.202602355689919,3.2026023556903738,1
491040,2.20262976466654,3.2026297646663693,1
491100,2.2026571702613182,3.202657170261716,1
491160,2.202684572487101,3.2026845724868167,1
491220,2.202711971340648,3.202711971340932,1
491280,2.2027393668143986,3.202739366814228,1
491340,2.202766758905341,3.202766758905341,1
491400,2.2027941476187607,3.2027941476187607,1
491460,2.2028215329597174,3.2028215329601153,1
491520,2.2028489149323036,3.2028489149323605,1
491580,2.2028762935321993,3.202876293532313,1
491640,2.202903668755937,3.20290366875588,1
491700,2.20293104060363,3.2029310406039144,1
491760,2.202958409083692,3.2029584090834646,1
491820,2.2029857742003855,3.202985774200556,1
491880,2.2030131359487655,3.203013135948879,1
491940,2.2030404943252506,3.2030404943255917,1
492000,2.20306784933166,3.2030678493321716,1
492060,2.2030952009723137,3.203095200972257,1
492120,2.2031225492501676,3.203122549250452,1
492180,2.20314989416579,3.203149894165904,1
492240,2.203177235715259,3.203177235715998,1
492300,2.203204573898404,3.2032045738981196,1
492360,2.203231908718635,3.2032319087191468,1
492420,2.2032592401819784,3.203259240182092,1
492480,2.203286568287126,3.203286568287126,1
492540,2.203313893030895,3.2033138930307246,1
492600,2.203341214412603,3.203341214413001,1
492660,2.203368532435661,3.203368532435775,1
492720,2.203395847103195,3.2033958471033657,1
492780,2.2034231584162853,3.203423158416001,1
492840,2.2034504663734538,3.2034504663736243,1
492900,2.203477770973336,3.2034777709735636,1
492960,2.203505072217581,3.203505072217581,1
493020,2.203532370110736,3.203532370111134,1
493080,2.203559664656325,3.203559664656609,1
493140,2.2035869558495733,3.2035869558498575,1
493200,2.203614243684626,3.203614243684399,1
493260,2.20364152816785,3.203641528167225,1
493320,2.203668809308965,3.2036688093091357,1
493380,2.2036960871105293,3.2036960871104725,1
493440,2.2037233615613445,3.203723361561572,1
493500,2.2037506326532252,3.2037506326535095,1
493560,2.2037779003966307,3.203777900396801,1
493620,2.203805164803157,3.203805164803839,1
493680,2.2038324258736566,3.2038324258739976,1
493740,2.203859683600058,3.203859683600342,1
493800,2.2038869379774724,3.2038869379774155,1
493860,2.2039141890090264,3.203914189008856,1
493920,2.203941436701541,3.2039414367017685,1
493980,2.203968681059166,3.2039686810593366,1
494040,2.2039959220797414,3.203995922079514,1
494100,2.2040231597576394,3.204023159757867,1
494160,2.204050394092633,3.2040503940930876,1
494220,2.2040776250919976,3.204077625092225,1
494280,2.204104852762555,3.204104852762441,1
494340,2.20413207709953,3.2041320770997572,1
494400,2.204159298099114,3.204159298099114,1
494460,2.2041865157613643,3.2041865157615916,1
494520,2.2042137300907143,3.204213730090885,1
494580,2.2042409410902906,3.204240941090802,1
494640,2.204268148761855,3.204268148761628,1
494700,2.204295353102168,3.204295353102111,1
494760,2.2043225541097513,3.2043225541099787,1
494820,2.2043497517873902,3.204349751787163,1
494880,2.204376946139689,3.2043769461399165,1
494940,2.2044041371693197,3.204404137169263,1
495000,2.204431324870768,3.204431324871564,1
495060,2.2044585092436932,3.2044585092435227,1
495120,2.20448569029071,3.20448569029071,1
495180,2.204512868015911,3.2045128680157404,1
495240,2.2045400424207173,3.2045400424203763,1
495300,2.2045672135032532,3.2045672135030827,1
495360,2.204594381262268,3.204594381262268,1
495420,2.2046215456986147,3.2046215456990126,1
495480,2.2046487068163287,3.204648706816556,1
495540,2.204675864619219,3.2046758646192757,1
495600,2.204703019105011,3.204703019105011,1
495660,2.2047301702695563,3.2047301702698974,1
495720,2.2047573181152984,3.204757318115469,1
495780,2.2047844626462734,3.204784462646103,1
495840,2.204811603865039,3.2048116038652665,1
495900,2.2048387417721074,3.2048387417717663,1
495960,2.2048658763633853,3.2048658763629874,1
496020,2.204893007639157,3.2048930076396687,1
496080,2.204920135603402,3.2049201356039703,1
496140,2.20494726026061,3.2049472602601554,1
496200,2.2049743816099863,3.204974381610157,1
496260,2.2050014996473806,3.2050014996474374,1
496320,2.205028614373475,3.2050286143737594,1
496380,2.2050557257917376,3.20505572579151,1
496440,2.2050828339058057,3.2050828339054647,1
496500,2.20510993871585,3.2051099387161344,1
496560,2.2051370402195403,3.2051370402201087,1
496620,2.2051641384167056,3.205164138416592,1
496680,2.2051912333085397,3.2051912333085397,1
496740,2.2052183249002724,3.205218324900727,1
496800,2.2052454131933814,3.2052454131934383,1
496860,2.205272498184229,3.2052724981840015,1
496920,2.2052995798713937,3.205299579871962,1
496980,2.205326658257775,3.2053266582576043,1
497040,2.2053537333466124,3.205353733346783,1
497100,2.2053808051408055,3.205380805140692,1
497160,2.2054078736372844,3.2054078736375686,1
497220,2.2054349388347987,3.2054349388348555,1
497280,2.205462000735963,3.2054620007361905,1
497340,2.2054890593429946,3.2054890593431082,1
497400,2.205516114659588,3.205516114659531,1
497460,2.2055431666833556,3.2055431666833556,1
497520,2.2055702154111714,3.205570215411626,1
497580,2.2055972608461047,3.205597260846389,1
497640,2.205624302991396,3.205624302991737,1
497700,2.2056513418488066,3.2056513418488635,1
497760,2.2056783774178257,3.2056783774182236,1
497820,2.2057054096972593,3.2057054096976003,1
497880,2.20573243868688,3.2057324386871073,1
497940,2.205759464389132,3.2057594643894163,1
498000,2.20578648680862,3.2057864868088473,1
498060,2.2058135059448887,3.205813505945059,1
498120,2.205840521794755,3.2058405217953236,1
498180,2.205867534358333,3.2058675343586174,1
498240,2.205894543639374,3.20589454363909,1
498300,2.2059215496400952,3.2059215496396405,1
498360,2.2059485523611784,3.2059485523608373,1
498420,2.2059755518011457,3.2059755518014867,1
498480,2.206002547959372,3.206002547958974,1
498540,2.20602954083796,3.2060295408381307,1
498600,2.206056530440094,3.2060565304402076,1
498660,2.206083516767933,3.2060835167681603,1
498720,2.206110499818635,3.206110499818351,1
498780,2.206137479590211,3.2061374795900974,1
498840,2.206164456084707,3.2061644560848777,1
498900,2.2061914293090013,3.2061914293090013,1
498960,2.2062183992626956,3.2062183992622977,1
499020,2.2062453659431185,3.2062453659435732,1
499080,2.206272329349474,3.2062723293496447,1
499140,2.206299289483752,3.206299289483752,1
499200,2.2063262463484534,3.2063262463483397,1
499260,2.206353199946136,3.206353199946932,1
499320,2.2063801502767433,3.206380150276516,1
499380,2.206407097336296,3.2064070973364096,1
499440,2.206434041126613,3.206434041126556,1
499500,2.206460981652299,3.20646098165264,1
499560,2.2064879189159683,3.206487918916025,1
499620,2.206514852915518,3.2065148529162,1
499680,2.206541783649527,3.206541783649982,1
499740,2.206568711118564,3.20656871111845,1
499800,2.2065956353251295,3.206595635325016,1
499860,2.206622556272464,3.2066225562732598,1
499920,2.206649473961079,3.2066494739615905,1
499980,2.206676388388132,3.2066763883883027,1
500040,2.2067032995526574,3.2067032995533395,1
500100,2.2067302074587474,3.206730207459543,1
500160,2.206757112111859,3.2067571121122,1
500220,2.206784013509491,3.2067840135100596,1
500280,2.2068109116500523,3.2068109116500523,1
500340,2.2068378065326897,3.2068378065321212,1
500400,2.2068646981602456,3.2068646981601887,1
500460,2.206891586536358,3.2068915865357326,1
500520,2.206918471661311,3.2069184716607992,1
500580,2.206945353533797,3.20694535353374,1
500640,2.206972232152168,3.20697223215177,1
500700,2.2069991075187545,3.206999107518584,1
500760,2.2070259796381606,3.207025979638729,1
500820,2.207052848512035,3.2070528485124896,1
500880,2.207079714136569,3.2070797141370804,1
500940,2.2071065765120466,3.207106576512672,1
501000,2.207133435639662,3.2071334356393777,1
501060,2.207160291521973,3.207160291522257,1
501120,2.2071871441622193,3.207187144162276,1
501180,2.2072139935585255,3.207213993558412,1
501240,2.207240839708902,3.2072408397095273,1
501300,2.207267682614372,3.207267682614713,1
501360,2.2072945222806766,3.207294522280449,1
501420,2.2073213587078158,3.2073213587082705,1
501480,2.2073481918947095,3.2073481918951643,1
501540,2.2073750218408463,3.2073750218412442,1
501600,2.2074018485468514,3.2074018485467946,1
501660,2.2074286720147143,3.207428672014771,1
501720,2.207455492247675,3.2074554922481298,1
501780,2.2074823092453357,3.20748230924562,1
501840,2.2075091230061616,3.20750912300565,1
501900,2.207535933529357,3.207535933529641,1
501960,2.2075627408185596,3.2075627408190144,1
502020,2.2075895448778624,3.2075895448778624,1
502080,2.2076163457074927,3.2076163457072084,1
502140,2.2076431433019934,3.2076431433019934,1
502200,2.207669937662729,3.207669937663127,1
502260,2.2076967287938487,3.207696728794076,1
502320,2.2077235166973423,3.207723516697456,1
502380,2.2077503013747446,3.207750301374631,1
502440,2.207777082823327,3.2077770828230427,1
502500,2.2078038610418957,3.2078038610423505,1
502560,2.207830636033293,3.2078306360335205,1
502620,2.207857407801896,3.20785740780218,1
502680,2.207884176348557,3.2078841763487844,1
502740,2.20791094167015,3.20791094167015,1
502800,2.207937703765765,3.207937703766106,1
502860,2.2079644626378467,3.207964462638472,1
502920,2.207991218289976,3.207991218290033,1
502980,2.2080179707235175,3.20801797072329,1
503040,2.208044719936538,3.2080447199368223,1
503100,2.2080714659289242,3.208071465928697,1
503160,2.2080982087005054,3.2080982087007897,1
503220,2.208124948255943,3.208124948255829,1
503280,2.208151684597226,3.2081516845974534,1
503340,2.2081784177230475,3.208178417723502,1
503400,2.2082051476299966,3.2082051476303377,1
503460,2.208231874321143,3.2082318743212,1
503520,2.20825859779859,3.208258597798647,1
503580,2.2082853180659185,3.2082853180659754,1
503640,2.2083120351213097,3.208312035121537,1
503700,2.208338748963513,3.2083387489635697,1
503760,2.208365459593381,3.2083654595932103,1
503820,2.2083921670130167,3.208392167012903,1
503880,2.2084188712256037,3.2084188712256605,1
503940,2.2084455722320513,3.2084455722318808,1
504000,2.208472270028892,3.208472270028551,1
504060,2.208498964615444,3.2084989646152735,1
504120,2.2085256559962545,3.2085256559965387,1
504180,2.208552344173768,3.208552344174336,1
504240,2.20857902914787,3.2085790291480407,1
504300,2.208605710918107,3.2086057109179933,1
504360,2.208632389481977,3.2086323894820907,1
504420,2.208659064842834,3.2086590648430047,1
504480,2.208685737004771,3.2086857370045436,1
504540,2.208712405968413,3.2087124059682424,1
504600,2.208739071730122,3.2087390717302924,1
504660,2.2087657342895,3.208765734289102,1
504720,2.208792393649162,3.2087923936493326,1
504780,2.2088190498147355,3.2088190498147924,1
504840,2.2088457027854247,3.208845702785652,1
504900,2.2088723525590694,3.2088723525594105,1
504960,2.208898999134874,3.2088989991350445,1
505020,2.2089256425146004,3.2089256425149983,1
505080,2.2089522827020573,3.2089522827015458,1
505140,2.2089789196977563,3.2089789196976994,1
505200,2.209005553502152,3.209005553502436,1
505260,2.209032184111777,3.20903218411172,1
505320,2.209058811528223,3.209058811528678,1
505380,2.2090854357567764,3.209085435757345,1
505440,2.2091120567990856,3.2091120567990856,1
505500,2.2091386746526496,3.209138674652479,1
505560,2.209165289316786,3.2091652893170703,1
505620,2.209191900791666,3.2091919007911542,1
505680,2.2092185090805287,3.209218509080358,1
505740,2.209245114186615,3.2092451141860465,1
505800,2.2092717161084465,3.209271716108276,1
505860,2.2092983148444887,3.209298314844716,1
505920,2.2093249103944004,3.2093249103946846,1
505980,2.2093515027622175,3.209351502762445,1
506040,2.20937809195226,3.2093780919525443,1
506100,2.209404677962027,3.2094046779618566,1
506160,2.2094312607896995,3.2094312607901543,1
506220,2.209457840436812,3.209457840436926,1
506280,2.2094844169043313,3.2094844169046723,1
506340,2.2095109901949286,3.2095109901949286,1
506400,2.2095375603101957,3.2095375603103093,1
506460,2.2095641272482567,3.2095641272482567,1
506520,2.2095906910086,3.209590691008998,1
506580,2.2096172515932153,3.209617251593386,1
506640,2.209643809005456,3.2096438090056267,1
506700,2.2096703632475965,3.2096703632473123,1
506760,2.209696914315259,3.2096969143152023,1
506820,2.20972346220708,3.2097234622073074,1
506880,2.2097500069265266,3.209750006926015,1
506940,2.209776548479681,3.209776548479681,1
507000,2.209803086868874,3.2098030868687033,1
507060,2.209829622086829,3.2098296220864313,1
507120,2.2098561541276354,3.2098561541279196,1
507180,2.209882682998739,3.2098826829985683,1
507240,2.2099092087117924,3.209909208711963,1
507300,2.20993573126475,3.209935731264636,1
507360,2.209962250649653,3.209962250650392,1
507420,2.209988766865308,3.2099887668652514,1
507480,2.2100152799145008,3.2100152799141597,1
507540,2.210041789803256,3.2100417898033697,1
507600,2.2100682965336205,3.21006829653345,1
507660,2.210094800103832,3.210094800104116,1
507720,2.210121300509684,3.2101213005101386,1
507780,2.2101477977517447,3.210147797751631,1
507840,2.2101742918362106,3.2101742918359264,1
507900,2.2102007827677426,3.21020078276797,1
507960,2.2102272705434416,3.2102272705433847,1
508020,2.210253755158192,3.2102537551583055,1
508080,2.210280236614551,3.2102802366144374,1
508140,2.210306714915191,3.210306714915589,1
508200,2.2103331900639773,3.210333190064489,1
508260,2.210359662061421,3.210359662061478,1
508320,2.210386130903146,3.2103861309039416,1
508380,2.21041259658989,3.210412596590004,1
508440,2.2104390591243828,3.210439059124269,1
508500,2.210465518512251,3.2104655185127626,1
508560,2.2104919747515623,3.2104919747519034,1
508620,2.210518427839986,3.2105184278398724,1
508680,2.210544877777579,3.2105448777774086,1
508740,2.210571324566729,3.21057132456707,1
508800,2.2105977682094817,3.210597768209311,1
508860,2.210624208707827,3.2106242087076,1
508920,2.2106506460610262,3.210650646061424,1
508980,2.2106770802666915,3.210677080266919,1
509040,2.2107035113265283,3.210703511326642,1
509100,2.2107299392450273,3.2107299392453683,1
509160,2.210756364024519,3.210756364024519,1
509220,2.21078278566182,3.210782785661479,1
509280,2.210809204151758,3.2108092041515306,1
509340,2.2108356194983116,3.210835619498596,1
509400,2.2108620317118266,3.210862031711656,1
509460,2.2108884407936102,3.2108884407942355,1
509520,2.2109148467360455,3.2109148467363866,1
509580,2.2109412495294123,3.2109412495292418,1
509640,2.2109676491828054,3.210967649182919,1
509700,2.210994045707878,3.2109940457075936,1
509760,2.2110204391042885,3.211020439104516,1
509820,2.2110468293658414,3.2110468293660688,1
509880,2.21107321648833,3.21107321648833,1
509940,2.2110996004726076,3.211099600473176,1
510000,2.211125981326802,3.2111259813265747,1
510060,2.2111523590567117,3.211152359056655,1
510120,2.2111787336580164,3.2111787336579596,1
510180,2.2112051051223034,3.211205105122417,1
510240,2.211231473450198,3.211231473450539,1
510300,2.211257838654319,3.211257838654433,1
510360,2.211284200737566,3.211284200737566,1
510420,2.2113105596953346,3.2113105596953346,1
510480,2.211336915522736,3.211336915522793,1
510540,2.2113632682210778,3.2113632682207935,1
510600,2.2113896177936,3.2113896177933725,1
510660,2.211415964245191,3.2114159642450772,1
510720,2.211442307575851,3.2114423075759078,1
510780,2.211468647783647,3.211468647784102,1
510840,2.2114949848657943,3.2114949848656806,1
510900,2.2115213188243956,3.2115213188243956,1
510960,2.2115476496661586,3.211547649666386,1
511020,2.2115739773930727,3.2115739773931864,1
511080,2.211600301998999,3.211600301999283,1
511140,2.211626623482573,3.2116266234824025,1
511200,2.2116529418474897,3.2116529418474897,1
511260,2.2116792570975576,3.211679257097387,1
511320,2.2117055692345957,3.2117055692349936,1
511380,2.211731878257126,3.211731878256842,1
511440,2.2117581841618517,3.211758184161738,1
511500,2.2117844869498526,3.211784486949796,1
511560,2.211810786626586,3.211810786627325,1
511620,2.2118370831959737,3.2118370831960306,1
511680,2.2118633766548896,3.211863376654833,1
511740,2.2118896669979904,3.2118896669979904,1
511800,2.211915954227891,3.2119159542280045,1
511860,2.2119422383501615,3.2119422383504457,1
511920,2.211968519366735,3.211968519366849,1
511980,2.2119947972768728,3.211994797276816,1
512040,2.2120210720780733,3.212021072078585,1
512100,2.212047343770621,3.212047343770905,1
512160,2.2120736123571874,3.2120736123578126,1
512220,2.212099877840899,3.2120998778410126,1
512280,2.212126140222267,3.212126140222324,1
512340,2.2121523994994163,3.2121523994990753,1
512400,2.2121786556697316,3.212178655670243,1
512460,2.2122049087374194,3.212204908737476,1
512520,2.212231158707425,3.212231158707425,1
512580,2.2122574055786117,3.212257405578157,1
512640,2.212283649349331,3.2122836493495015,1
512700,2.2123098900182754,3.2123098900182754,1
512760,2.2123361275877187,3.212336127588344,1
512820,2.2123623620606736,3.212362362060901,1
512880,2.2123885934392433,3.2123885934394707,1
512940,2.212414821721495,3.2124148217214383,1
513000,2.212441046905383,3.2124410469050986,1
513060,2.212467268992498,3.2124672689926115,1
513120,2.2124934879880698,3.2124934879880698,1
513180,2.212519703892781,3.2125197038928377,1
513240,2.2125459167050963,3.2125459167049826,1
513300,2.2125721264237654,3.2125721264241065,1
513360,2.2125983330487884,3.212598333049243,1
513420,2.212624536584542,3.212624536584201,1
513480,2.212650737033073,3.2126507370333,1
513540,2.212676934393869,3.212676934393869,1
513600,2.212703128663577,3.2127031286633496,1
513660,2.21272931984322,3.2127293198436178,1
513720,2.2127555079368904,3.2127555079365493,1
513780,2.212781692948056,3.2127816929477717,1
513840,2.2128078748750113,3.212807874875182,1
513900,2.212834053715369,3.212834053715767,1
513960,2.2128602294704933,3.2128602294703796,1
514020,2.212886402141635,3.2128864021416916,1
514080,2.212912571731806,3.212912571731863,1
514140,2.212938738241917,3.21293873824186,1
514200,2.2129649016703183,3.2129649016703183,1
514260,2.212991062016613,3.2129910620163287,1
514320,2.213017219282108,3.213017219282392,1
514380,2.2130433734713506,3.2130433734717485,1
514440,2.2130695245846823,3.2130695245849665,1
514500,2.213095672619829,3.2130956726200566,1
514560,2.213121817574063,3.2131218175745175,1
514620,2.213147959451078,3.213147959451021,1
514680,2.2131740982578094,3.21317409825798,1
514740,2.2132002339953942,3.2132002339960763,1
514800,2.2132263666554195,3.213226366655533,1
514860,2.2132524962344746,3.2132524962344746,1
514920,2.2132786227392103,3.213278622739381,1
514980,2.213304746180995,3.213304746181336,1
515040,2.213330866557726,3.2133308665574987,1
515100,2.2133569838605354,3.2133569838604785,1
515160,2.213383098089139,3.213383098089139,1
515220,2.2134092092465494,3.2134092092465494,1
515280,2.213435317338451,3.213435317338167,1
515340,2.213461422367345,3.2134614223672884,1
515400,2.213487524330162,3.2134875243306738,1
515460,2.2135136232227524,3.2135136232230366,1
515520,2.2135397190466506,3.213539719047162,1
515580,2.213565811808337,3.213565811808735,1
515640,2.213591901512359,3.213591901511734,1
515700,2.2136179881536577,3.2136179881538283,1
515760,2.213644071729277,3.2136440717292203,1
515820,2.2136701522402973,3.2136701522406383,1
515880,2.213696229690811,3.213696229691209,1
515940,2.213722304084456,3.2137223040845697,1
516000,2.2137483754208915,3.2137483754208347,1
516060,2.2137744436957405,3.213774443695513,1
516120,2.2138005089102535,3.2138005089099124,1
516180,2.213826571066477,3.213826571066818,1
516240,2.213852630170379,3.2138526301702655,1
516300,2.2138786862208235,3.2138786862208235,1
516360,2.2139047392140014,3.213904739213831,1
516420,2.213930789150538,3.2139307891507087,1
516480,2.2139568360327075,3.2139568360327075,1
516540,2.2139828798636927,3.2139828798638064,1
516600,2.21400892064338,3.2140089206431526,1
516660,2.21403495837194,3.214034958371599,1
516720,2.214060993047326,3.214060993047269,1
516780,2.214087024670789,3.2140870246707323,1
516840,2.2141130532475017,3.214113053247843,1
516900,2.2141390787772934,3.2141390787773503,1
516960,2.2141651012589705,3.2141651012593115,1
517020,2.214191120691794,3.2141911206915097,1
517080,2.2142171370765595,3.2142171370766164,1
517140,2.2142431504161664,3.2142431504165074,1
517200,2.214269160712604,3.2142691607126608,1
517260,2.2142951679657585,3.214295167965531,1
517320,2.214321172171992,3.2143211721726743,1
517380,2.2143471733343745,3.2143471733340903,1
517440,2.214373171454838,3.2143731714546107,1
517500,2.21439916653668,3.214399166536623,1
517560,2.2144251585793313,3.2144251585792745,1
517620,2.214451147578302,3.2144511475781883,1
517680,2.2144771335361497,3.214477133535979,1
517740,2.21450311645566,3.2145031164557167,1
517800,2.2145290963390494,3.2145290963394473,1
517860,2.214555073186716,3.214555073186716,1
517920,2.214581046996443,3.2145810469966136,1
517980,2.214607017768401,3.2146070177685715,1
518040,2.214632985504295,3.2146329855040676,1
518100,2.214658950208161,3.214658950208104,1
518160,2.2146849118805676,3.2146849118809655,1
518220,2.2147108705182745,3.214710870518786,1
518280,2.214736826121282,3.2147368261215092,1
518340,2.214762778691636,3.2147627786918065,1
518400,2.214788728232918,3.2147887282333727,1
518460,2.2148146747462647,3.214814674745867,1
518520,2.214840618229175,3.214840618228834,1
518580,2.21486655868091,3.2148665586808534,1
518640,2.214892496103346,3.2148924961038574,1
518700,2.2149184305009157,3.2149184305009726,1
518760,2.214944361873563,3.2149443618740747,1
518820,2.214970290219867,3.2149702902206627,1
518880,2.2149962155382923,3.2149962155385197,1
518940,2.215022137830829,3.2150221378308856,1
519000,2.2150480571011144,3.2150480571004323,1
519060,2.2150739733490354,3.215073973349206,1
519120,2.2150998865758424,3.215099886575615,1
519180,2.2151257967786933,3.2151257967789775,1
519240,2.2151517039592363,3.2151517039598048,1
519300,2.215177608120314,3.2151776081200296,1
519360,2.2152035092630626,3.2152035092630626,1
519420,2.215229407387767,3.2152294073876533,1
519480,2.2152553024923236,3.2152553024926647,1
519540,2.2152811945767894,3.2152811945770168,1
519600,2.2153070836454845,3.2153070836446886,1
519660,2.2153329697010236,3.215332969700796,1
519720,2.2153588527434067,3.21535885274335,1
519780,2.2153847327665517,3.2153847327669496,1
519840,2.2154106097705153,3.215410609770572,1
519900,2.2154364837628577,3.21543648376354,1
519960,2.2154623547507413,3.2154623547503434,1
520020,2.2154882227288226,3.215488222729448,1
520080,2.2155140876888026,3.2155140876885184,1
520140,2.2155399496330688,3.215539949633012,1
520200,2.2155658085686696,3.2155658085694654,1
520260,2.2155916645004936,3.2155916645002094,1
520320,2.215617517425983,3.215617517425642,1
520380,2.2156433673414995,3.2156433673414426,1
520440,2.2156692142466454,3.215669214246873,1
520500,2.2156950581440924,3.215695058144206,1
520560,2.2157208990388426,3.21572089903907,1
520620,2.2157467369325445,3.215746736932374,1
520680,2.2157725718199117,3.2157725718203096,1
520740,2.21579840369958,3.21579840369958,1
520800,2.2158242325747324,3.2158242325751303,1
520860,2.215850058451167,3.215850058451167,1
520920,2.2158758813287704,3.2158758813284294,1
520980,2.2159017012041318,3.2159017012045297,1
521040,2.2159275180781606,3.215927518077649,1
521100,2.2159533319501747,3.2159533319502884,1
521160,2.215979142825404,3.2159791428256312,1
521220,2.216004950705212,3.216004950705212,1
521280,2.2160307555881786,3.2160307555878944,1
521340,2.21605655747112,3.2160565574716315,1
521400,2.216082356356708,3.2160823563565373,1
521460,2.216108152247898,3.216108152248296,1
521520,2.216133945146453,3.216133945146396,1
521580,2.216159735052372,3.2161597350521447,1
521640,2.2161855219633253,3.2161855219631548,1
521700,2.2162113058797104,3.2162113058797672,1
521760,2.216237086804142,3.216237086804483,1
521820,2.2162628647401448,3.216262864740372,1
521880,2.2162886396881163,3.2162886396881163,1
521940,2.216314411643282,3.2163144116437365,1
522000,2.2163401806076877,3.216340180607858,1
522060,2.2163659465836645,3.216365946583437,1
522120,2.216391709573429,3.2163917095737133,1
522180,2.216417469578289,3.2164174695780616,1
522240,2.216443226595743,3.216443226596141,1
522300,2.21646898062545,3.2164689806253364,1
522360,2.216494731669684,3.216494731669684,1
522420,2.216520479731116,3.2165204797313436,1
522480,2.2165462248121344,3.2165462248125323,1
522540,2.216571966908532,3.216571966908873,1
522600,2.2165977060212754,3.21659770602065,1
522660,2.2166234421513877,3.216623442151672,1
522720,2.2166491753012565,3.216649175301427,1
522780,2.2166749054734964,3.2166749054734396,1
522840,2.2167006326666865,3.216700632666516,1
522900,2.2167263568786097,3.2167263568787234,1
522960,2.2167520781114263,3.2167520781113126,1
523020,2.2167777963682624,3.2167777963682056,1
523080,2.2168035116504825,3.2168035116500278,1
523140,2.216829223957575,3.2168292239572907,1
523200,2.2168549332862995,3.2168549332862426,1
523260,2.2168806396390437,3.21688063963893,1
523320,2.216906343018877,3.216906343018877,1
523380,2.216932043427846,3.216932043427505,1
523440,2.2169577408641885,3.2169577408639043,1
523500,2.2169834353275633,3.2169834353275064,1
523560,2.217009126818141,3.2170091268187093,1
523620,2.217034815338536,3.217034815338195,1
523680,2.217060500891023,3.2170605008909092,1
523740,2.2170861834764537,3.217086183476397,1
523800,2.2171118630908495,3.2171118630908495,1
523860,2.2171375397360293,3.2171375397355746,1
523920,2.217163213413812,3.217163213413585,1
523980,2.2171888841269265,3.217188884127154,1
524040,2.217214551875429,3.2172145518755997,1
524100,2.21724021665824,3.2172402166581833,1
524160,2.2172658784752457,3.2172658784755868,1
524220,2.2172915373283786,3.217291537328606,1
524280,2.2173171932195146,3.2173171932195146,1
524340,2.217342846150416,3.2173428461504727,1
524400,2.2173684961192066,3.217368496119491,1
524460,2.2173941431238404,3.2173941431241246,1
524520,2.2174197871675574,3.2174197871676142,1
524580,2.217445428253825,3.2174454282542797,1
524640,2.2174710663842916,3.217471066384462,1
524700,2.217496701555433,3.217496701555774,1
524760,2.2175223337670786,3.2175223337668513,1
524820,2.2175479630206496,3.2175479630207633,1
524880,2.2175735893185333,3.217573589319329,1
524940,2.217599212663572,3.21759921266397,1
525000,2.2176248330540034,3.2176248330542876,1
525060,2.2176504504880654,3.217650450488293,1
525120,2.2176760649666107,3.217676064966497,1
525180,2.217701676494414,3.2177016764942437,1
525240,2.217727285072101,3.217727285072442,1
525300,2.2177528906988186,3.2177528906984776,1
525360,2.2177784933729185,3.2177784933729754,1
525420,2.217804093095708,3.217804093095424,1
525480,2.2178296898690064,3.2178296898688927,1
525540,2.217855283695826,3.2178552836960534,1
525600,2.217880874575485,3.2178808745759397,1
525660,2.2179064625067895,3.217906462506619,1
525720,2.2179320474887163,3.2179320474883184,1
525780,2.217957629524392,3.2179576295246193,1
525840,2.217983208618307,3.2179832086185343,1
525900,2.2180087847685854,3.2180087847685854,1
525960,2.2180343579731243,3.218034357973238,1
526020,2.2180599282327194,3.21805992823289,1
526080,2.2180854955496443,3.2180854955496443,1
526140,2.2181110599256613,3.2181110599251497,1
526200,2.2181366213621914,3.2181366213624187,1
526260,2.2181621798574724,3.218162179857586,1
526320,2.218187735410254,3.2181877354104813,1
526380,2.2182132880232075,3.2182132880232643,1
526440,2.2182388377001416,3.218238837700767,1
526500,2.218264384440431,3.2182643844409426,1
526560,2.218289928243564,3.218289928243337,1
526620,2.2183154691080063,3.2183154691082905,1
526680,2.218341007035008,3.2183410070355762,1
526740,2.2183665420283205,3.218366542028434,1
526800,2.218392074088854,3.218392074089138,1
526860,2.218417603215812,3.218417603215869,1
526920,2.2184431294076603,3.2184431294079445,1
526980,2.2184686526651944,3.218468652664342,1
527040,2.21849417299228,3.2184941729927345,1
527100,2.2185196903898827,3.218519690390167,1
527160,2.218545204857662,3.2185452048576053,1
527220,2.2185707163944244,3.2185707163944812,1
527280,2.218596225000283,3.2185962250007947,1
527340,2.218621730678308,3.2186217306784215,1
527400,2.21864723342901,3.218647233429124,1
527460,2.2186727332547207,3.2186727332544933,1
527520,2.2186982301520857,3.218698230151915,1
527580,2.2187237241212756,3.218723724121446,1
527640,2.2187492151658716,3.2187492151658716,1
527700,2.218774703289057,3.2187747032889433,1
527760,2.218800188489695,3.2188001884894675,1
527820,2.2188256707644314,3.218825670765,1
527880,2.2188511501147445,3.2188511501154267,1
527940,2.2188766265442155,3.2188766265442723,1
528000,2.218902100054038,3.218902100054379,1
528060,2.2189275706446097,3.2189275706442118,1
528120,2.2189530383142824,3.218953038314453,1
528180,2.218978503063056,3.218978503062999,1
528240,2.2190039648927495,3.2190039648931474,1
528300,2.2190294238068873,3.219029423806546,1
528360,2.2190548798056398,3.2190548798058103,1
528420,2.2190803328870174,3.219080332886847,1
528480,2.21910578304977,3.2191057830498835,1
528540,2.219131230297535,3.2191312302973074,1
528600,2.219156674631506,3.219156674631563,1
528660,2.2191821160539007,3.219182116054128,1
528720,2.2192075545629564,3.2192075545628427,1
528780,2.219232990157991,3.219232990157934,1
528840,2.2192584228395162,3.219258422839573,1
528900,2.2192838526106584,3.2192838526109995,1
528960,2.2193092794746576,3.2193092794750555,1
529020,2.219334703428615,3.219334703428558,1
529080,2.2193601244709953,3.2193601244706542,1
529140,2.219385542603561,3.2193855426030495,1
529200,2.2194109578288703,3.219410957828984,1
529260,2.2194363701489124,3.219436370149708,1
529320,2.219461779563403,3.219461779563858,1
529380,2.2194871860709213,3.219487186071092,1
529440,2.219512589671183,3.2195125896712966,1
529500,2.219537990367428,3.2195379903673143,1
529560,2.219563388161532,3.2195633881614754,1
529620,2.2195887830536662,3.2195887830538936,1
529680,2.2196141750418974,3.219614175041613,1
529740,2.2196395641265667,3.2196395641266236,1
529800,2.219664950310232,3.2196649503101185,1
529860,2.219690333594201,3.2196903335940306,1
529920,2.219715713979383,3.219715713980179,1
529980,2.2197410914656643,3.219741091465494,1
530040,2.219766466050885,3.2197664660510554,1
530100,2.219791837738285,3.2197918377380574,1
530160,2.2198172065295694,3.2198172065295694,1
530220,2.219842572426387,3.2198425724266144,1
530280,2.2198679354256683,3.2198679354260094,1
530340,2.219893295527527,3.21989329552747,1
530400,2.219918652734293,3.219918652733895,1
530460,2.21994400704898,3.2199440070494916,1
530520,2.219969358473122,3.219969358472838,1
530580,2.219994707003366,3.219994707003025,1
530640,2.220020052639768,3.2200200526399954,1
530700,2.2200453953838064,3.2200453953838064,1
530760,2.2200707352385507,3.2200707352382665,1
530820,2.2200960722048535,3.220096072205024,1
530880,2.220121406281919,3.22012140628226,1
530940,2.2201467374682693,3.220146737468383,1
531000,2.2201720657643023,3.220172065764757,1
531060,2.2201973911755317,3.2201973911753043,1
531120,2.2202227137016166,3.220222713702128,1
531180,2.2202480333423296,3.2202480333422727,1
531240,2.2202733500963063,3.2202733500959653,1
531300,2.2202986639626374,3.2202986639634332,1
531360,2.2203239749461545,3.2203239749457566,1
531420,2.220349283048165,3.2203492830479945,1
531480,2.220374588268214,3.2203745882684416,1
531540,2.2203998906047104,3.220399890604199,1
531600,2.22042519005646,3.2204251900566305,1
531660,2.2204504866287493,3.2204504866290904,1
531720,2.2204757803236816,3.220475780323852,1
531780,2.2205010711406317,3.2205010711414275,1
531840,2.2205263590763025,3.220526359076075,1
531900,2.220551644131433,3.220551644131149,1
531960,2.2205769263085813,3.2205769263085244,1
532020,2.2206022056116694,3.2206022056115557,1
532080,2.2206274820399585,3.2206274820396175,1
532140,2.2206527555909474,3.220652755591175,1
532200,2.220678026265375,3.2206780262655457,1
532260,2.220703294064606,3.22070329406489,1
532320,2.220728558992846,3.2207285589931303,1
532380,2.2207538210500957,3.22075382105038,1
532440,2.2207790802334557,3.220779080233399,1
532500,2.22080433654304,3.220804336542926,1
532560,2.2208295899802692,3.2208295899805535,1
532620,2.2208548405491797,3.2208548405493502,1
532680,2.2208800882503965,3.2208800882508513,1
532740,2.2209053330821007,3.2209053330818733,1
532800,2.2209305750430985,3.220930575043269,1
532860,2.2209558141350385,3.2209558141353227,1
532920,2.2209810503608196,3.2209810503612175,1
532980,2.2210062837237956,3.22100628372408,1
533040,2.2210315142211243,3.2210315142210106,1
533100,2.2210567418496225,3.221056741849395,1
533160,2.2210819666116777,3.221081966611962,1
533220,2.2211071885120646,3.2211071885116667,1
533280,2.2211324075503853,3.221132407550499,1
533340,2.221157623726981,3.2211576237276063,1
533400,2.221182837040317,3.221182837040203,1
533460,2.221208047490336,3.221208047490677,1
533520,2.221233255080051,3.2212332550805627,1
533580,2.2212584598122476,3.2212584598126455,1
533640,2.2212836616863,3.221283661687096,1
533700,2.2213088606994233,3.2213088606997644,1
533760,2.2213340568525837,3.221334056852754,1
533820,2.221359250149021,3.221359250149021,1
533880,2.221384440589759,3.2213844405898158,1
533940,2.22140962817582,3.2214096281754223,1
534000,2.2214348129054997,3.221434812905386,1
534060,2.221459994778229,3.22145999477857,1
534120,2.221485173796566,3.2214851737962817,1
534180,2.2215103499638076,3.2215103499634097,1
534240,2.2215355232785896,3.2215355232789307,1
534300,2.2215606937407415,3.2215606937407415,1
534360,2.221585861348842,3.2215858613494106,1
534420,2.221611026106359,3.2216110261065296,1
534480,2.2216361880142017,3.221636188014429,1
534540,2.2216613470739617,3.2216613470736206,1
534600,2.221686503284616,3.221686503284502,1
534660,2.221711656644743,3.2217116566450272,1
534720,2.221736807156333,3.221736807155878,1
534780,2.2217619548217726,3.2217619548218863,1
534840,2.2217870996439046,3.221787099643848,1
534900,2.2218122416188635,3.2218122416193182,1
534960,2.2218373807461944,3.2218373807465923,1
535020,2.221862517029024,3.2218625170287964,1
535080,2.2218876504681475,3.2218876504678633,1
535140,2.2219127810660098,3.2219127810656687,1
535200,2.2219379088215874,3.2219379088218147,1
535260,2.221963033733516,3.221963033733914,1
535320,2.221988155802592,3.221988155803274,1
535380,2.2220132750317134,3.2220132750317134,1
535440,2.222038391422757,3.2220383914229274,1
535500,2.2220635049752673,3.222063504976063,1
535560,2.2220886156871984,3.2220886156875395,1
535620,2.2221137235595734,3.2221137235598007,1
535680,2.222138828593984,3.222138828594211,1
535740,2.2221639307934424,3.222163930793897,1
535800,2.2221890301577787,3.2221890301581766,1
535860,2.222214126685344,3.222214126685685,1
535920,2.2222392203769346,3.222239220376707,1
535980,2.2222643112338005,3.222264311234028,1
536040,2.222289399258557,3.2222893992586705,1
536100,2.2223144844516014,3.2223144844512035,1
536160,2.2223395668110015,3.222339566811115,1
536220,2.2223646463369278,3.2223646463362456,1
536280,2.222389723029835,3.222389723029835,1
536340,2.2224147968959187,3.222414796895862,1
536400,2.2224398679335877,3.2224398679336446,1
536460,2.222464936141023,3.222464936141307,1
536520,2.2224900015185085,3.2224900015185085,1
536580,2.222515064066556,3.2225150640667835,1
536640,2.2225401237887468,3.222540123788235,1
536700,2.2225651806858195,3.2225651806858195,1
536760,2.222590234756751,3.2225902347569217,1
536820,2.2226152860002344,3.2226152860001775,1
536880,2.2226403344172923,3.2226403344176333,1
536940,2.2226653800128133,3.222665380012643,1
537000,2.222690422786343,3.2226904227861155,1
537060,2.222715462736687,3.222715462736744,1
537120,2.2227404998629936,3.222740499863505,1
537180,2.222765534167081,3.222765534166797,1
537240,2.222790565649859,3.222790565650314,1
537300,2.2228155943147954,3.222815594314511,1
537360,2.2228406201604116,3.2228406201608095,1
537420,2.222865643185685,3.2228656431857416,1
537480,2.2228906633901033,3.2228906633903307,1
537540,2.22291568077776,3.222915680777305,1
537600,2.2229406953501893,3.2229406953508146,1
537660,2.222965707108642,3.2229657071085853,1
537720,2.222990716047491,3.2229907160476614,1
537780,2.2230157221696913,3.2230157221695777,1
537840,2.2230407254770057,3.223040725476949,1
537900,2.2230657259724467,3.223065725972617,1
537960,2.2230907236559005,3.223090723656469,1
538020,2.2231157185257757,3.223115718525264,1
538080,2.22314071058139,3.2231407105812195,1
538140,2.22316569982479,3.223165699824847,1
538200,2.2231906862598407,3.223190686259386,1
538260,2.2232156698868835,3.223215669886372,1
538320,2.2232406507018823,3.223240650702394,1
538380,2.2232656287064287,3.223265628706258,1
538440,2.223290603902228,3.22329060390274,1
538500,2.2233155762918955,3.223315576292009,1
538560,2.2233405458758284,3.2233405458758284,1
538620,2.2233655126527765,3.2233655126524354,1
538680,2.223390476622228,3.2233904766225123,1
538740,2.223415437785377,3.223415437785718,1
538800,2.2234403961458042,3.22344039614552,1
538860,2.223465351703794,3.2234653517037373,1
538920,2.223490304458892,3.223490304459119,1
538980,2.22351525440871,3.2235152544088805,1
539040,2.2235402015550676,3.2235402015547265,1
539100,2.2235651459015457,3.2235651459017163,1
539160,2.2235900874481445,3.2235900874484855,1
539220,2.2236150261963417,3.223615026196171,1
539280,2.2236399621424425,3.223639962143011,1
539340,2.223664895288607,3.2236648952880387,1
539400,2.2236898256362565,3.2236898256361997,1
539460,2.223714753189256,3.2237147531894834,1
539520,2.2237396779455594,3.223739677946014,1
539580,2.2237645999038023,3.223764599903859,1
539640,2.2237895190641552,3.2237895190640415,1
539700,2.22381443543037,3.223814435429972,1
539760,2.223839349002901,3.223839349003356,1
539820,2.223864259782829,3.2238642597830562,1
539880,2.2238891677688457,3.2238891677693005,1
539940,2.2239140729606106,3.2239140729603264,1
540000,2.223938975359374,3.2239389753592604,1
540060,2.223963874968433,3.2239638749690016,1
540120,2.2239887717886404,3.223988771789095,1
540180,2.2240136658176084,3.2240136658176084,1
540240,2.2240385570552235,3.224038557055678,1
540300,2.224063445503475,3.2240634455037025,1
540360,2.224088331164239,3.2240883311644097,1
540420,2.224113214039164,3.2241132140390505,1
540480,2.224138094126488,3.2241380941262605,1
540540,2.2241629714257556,3.2241629714258124,1
540600,2.2241878459383315,3.2241878459386157,1
540660,2.2242127176668873,3.224212717667399,1
540720,2.2242375866127304,3.2242375866131283,1
540780,2.2242624527747807,3.2242624527752923,1
540840,2.2242873161508214,3.224287316151276,1
540900,2.2243121767426715,3.2243121767423872,1
540960,2.2243370345547646,3.2243370345544236,1
541020,2.2243618895868735,3.2243618895875557,1
541080,2.224386741838998,3.224386741838373,1
541140,2.224411591308126,3.2244115913082965,1
541200,2.224436437996303,3.2244364379968147,1
541260,2.224461281906713,3.224461281906713,1
541320,2.2244861230403785,3.224486123040606,1
541380,2.224510961396959,3.2245109613971294,1
541440,2.224535796974351,3.224535796974294,1
541500,2.224560629773066,3.224560629773066,1
541560,2.2245854597976518,3.2245854597977086,1
541620,2.224610287048847,3.2246102870490745,1
541680,2.224635111525913,3.224635111525572,1
541740,2.224659933227258,3.22465993322794,1
541800,2.2246847521541326,3.224684752154019,1
541860,2.2247095683073894,3.224709568307958,1
541920,2.2247343816907232,3.2247343816907232,1
541980,2.22475919230385,3.2247591923033383,1
542040,2.2247840001442682,3.2247840001442114,1
542100,2.2248088052123762,3.224808805212774,1
542160,2.2248336075108455,3.2248336075104476,1
542220,2.2248584070423476,3.2248584070423476,1
542280,2.224883203806712,3.2248832038062005,1
542340,2.2249079978022337,3.2249079978018926,1
542400,2.2249327890292534,3.2249327890291397,1
542460,2.2249575774881123,3.224957577488908,1
542520,2.224982363182562,3.224982363182562,1
542580,2.225007146112546,3.225007146113228,1
542640,2.225031926278575,3.2250319262781204,1
542700,2.2250567036776374,3.2250567036779216,1
542760,2.2250814783116653,3.2250814783122905,1
542820,2.225106250185661,3.2251062501858314,1
542880,2.225131019298317,3.2251310192983738,1
542940,2.2251557856491218,3.2251557856495197,1
543000,2.2251805492372227,3.225180549237109,1
543060,2.225205310064041,3.2252053100642115,1
543120,2.2252300681309976,3.22523006813077,1
543180,2.2252548234406504,3.2252548234406504,1
543240,2.2252795759922606,3.2252795759922037,1
543300,2.2253043257838385,3.2253043257835543,1
543360,2.225329072815839,3.225329072816237,1
543420,2.2253538170928095,3.225353817093037,1
543480,2.2253785586160006,3.2253785586161143,1
543540,2.2254032973839344,3.2254032973841618,1
543600,2.225428033394678,3.225428033394735,1
543660,2.225452766648914,3.2254527666490844,1
543720,2.225477497150166,3.2254774971503934,1
543780,2.225502224900083,3.2255022249002536,1
543840,2.2255269498985513,3.2255269498988355,1
543900,2.22555167214432,3.225551672144263,1
543960,2.2255763916361957,3.2255763916367073,1
544020,2.225601108377475,3.2256011083777025,1
544080,2.225625822371171,3.2256258223713417,1
544140,2.225650533616374,3.2256505336162604,1
544200,2.225675242111322,3.225675242111322,1
544260,2.225699947856242,3.225699947856242,1
544320,2.225724650852726,3.225724650853124,1
544380,2.2257493511040707,3.225749351104696,1
544440,2.225774048610049,3.225774048610049,1
544500,2.225798743370092,3.2257987433703192,1
544560,2.2258234353829494,3.225823435383063,1
544620,2.2258481246503266,3.2258481246499855,1
544680,2.2258728111751225,3.2258728111751225,1
544740,2.2258974949585877,3.225897494958133,1
544800,2.225922175999017,3.225922175999017,1
544860,2.225946854294307,3.2259468542943637,1
544920,2.225971529847243,3.2259715298473566,1
544980,2.2259962026609514,3.225996202661065,1
545040,2.2260208727357735,3.226020872735319,1
545100,2.226045540070686,3.226045540071084,1
545160,2.226070204664893,3.2260702046651204,1
545220,2.226094866519304,3.2260948665194746,1
545280,2.226119525636534,3.2261195256364203,1
545340,2.2261441820189134,3.226144182018629,1
545400,2.2261688356644527,3.2261688356641685,1
545460,2.226193486572299,3.226193486572413,1
545520,2.2262181347423393,3.2262181347430783,1
545580,2.2262427801790636,3.226242780179007,1
545640,2.2262674228826427,3.2262674228826427,1
545700,2.226292062852906,3.2262920628534744,1
545760,2.2263167000895123,3.2263167000894555,1
545820,2.226341334592007,3.2263413345921776,1
545880,2.226365966361982,3.22636596636238,1
545940,2.2263905954031316,3.226390595402961,1
546000,2.2264152217142623,3.2264152217148307,1
546060,2.2264398452945784,3.2264398452948626,1
546120,2.226464466143568,3.2264644661434545,1
546180,2.226489084263278,3.226489084263619,1
546240,2.2265136996560386,3.22651369965655,1
546300,2.2265383123226457,3.226538312322532,1
546360,2.226562922260996,3.2265629222611665,1
546420,2.226587529471942,3.2265875294718853,1
546480,2.2266121339558254,3.2266121339561096,1
546540,2.2266367357163404,3.2266367357166814,1
546600,2.226661334753544,3.226661334753601,1
546660,2.2266859310666405,3.226685931066527,1
546720,2.2267105246535266,3.2267105246534697,1
546780,2.2267351155159645,3.2267351155160213,1
546840,2.2267597036585585,3.22675970365907,1
546900,2.22678428908182,3.2267842890820475,1
546960,2.2268088717834758,3.2268088717835894,1
547020,2.226833451762957,3.226833451762616,1
547080,2.226858029020889,3.2268580290209457,1
547140,2.226882603560682,3.2268826035611937,1
547200,2.2269071753835874,3.2269071753834737,1
547260,2.2269317444888657,3.2269317444889225,1
547320,2.226956310874641,3.2269563108748684,1
547380,2.226980874541823,3.226980874542221,1
547440,2.2270054354941067,3.22700543549405,1
547500,2.2270299937325717,3.2270299937322307,1
547560,2.2270545492564224,3.227054549256593,1
547620,2.2270791020646925,3.227079102064465,1
547680,2.2271036521568135,3.2271036521570977,1
547740,2.2271281995364802,3.227128199536196,1
547800,2.2271527442048864,3.2271527442049432,1
547860,2.2271772861619183,3.2271772861622026,1
547920,2.227201825406837,3.227201825406496,1
547980,2.2272263619383352,3.227226361938449,1
548040,2.227250895759596,3.227250895759653,1
548100,2.2272754268734616,3.2272754268738026,1
548160,2.227299955279477,3.227299955279193,1
548220,2.227324480976108,3.2273244809760513,1
548280,2.2273490039629564,3.2273490039628996,1
548340,2.227373524242296,3.2273735242417274,1
548400,2.2273980418152632,3.2273980418150927,1
548460,2.227422556683962,3.2274225566844166,1
548520,2.2274470688468,3.2274470688469705,1
548580,2.2274715783028114,3.227471578302641,1
548640,2.227496085053474,3.2274960850539287,1
548700,2.2275205891024825,3.227520589102255,1
548760,2.227545090449837,3.227545090449439,1
548820,2.2275695890937186,3.2275695890936618,1
548880,2.2275940850347524,3.2275940850347524,1
548940,2.22761857827345,3.2276185782728817,1
549000,2.227643068811119,3.2276430688112328,1
549060,2.2276675566508857,3.227667556651113,1
549120,2.227692041791215,3.2276920417917268,1
549180,2.227716524231255,3.227716524231653,1
549240,2.2277410039704932,3.2277410039711185,1
549300,2.227765481013421,3.227765481013762,1
549360,2.2277899553620273,3.2277899553618,1
549420,2.227814427013584,3.227814427014323,1
549480,2.2278388959675794,3.22783889596775,1
549540,2.227863362224184,3.2278633622236725,1
549600,2.2278878257865244,3.227887825787036,1
549660,2.2279122866566468,3.2279122866564194,1
549720,2.227936744833528,3.2279367448332437,1
549780,2.227961200316088,3.227961200316713,1
549840,2.22798565310444,3.227985653104952,1
549900,2.2280101032014272,3.228010103201939,1
549960,2.2280345506090384,3.2280345506089816,1
550020,2.2280589953269896,3.228058995327217,1
550080,2.2280834373536322,3.2280834373538596,1
550140,2.228107876688341,3.228107876688,1
550200,2.2281323133342426,3.228132313334413,1
550260,2.228156747293781,3.2281567472934967,1
550320,2.2281811785657055,3.2281811785657055,1
550380,2.2282056071504712,3.2282056071504144,1
550440,2.2282300330467706,3.2282300330471685,1
550500,2.2282544562567637,3.22825445625665,1
550560,2.2282788767822694,3.228278876782781,1
550620,2.2283032946249364,3.2283032946252206,1
550680,2.2283277097833434,3.228327709782832,1
550740,2.228352122255103,3.22835212225516,1
550800,2.228376532042148,3.228376532042489,1
550860,2.228400939149708,3.228400939149992,1
550920,2.228425343577328,3.2284253435776122,1
550980,2.2284497453230756,3.2284497453228482,1
551040,2.2284741443866096,3.2284741443869507,1
551100,2.228498540768271,3.2284985407681575,1
551160,2.228522934471414,3.2285229344714708,1
551220,2.228547325497175,3.228547325497516,1
551280,2.228571713845554,3.228571713845554,1
551340,2.2285960995134815,3.228596099513368,1
551400,2.2286204825023788,3.22862048250272,1
551460,2.228644862816793,3.2286448628170206,1
551520,2.2286692404571795,3.2286692404568385,1
551580,2.228693615421946,3.228693615421605,1
551640,2.2287179877105245,3.2287179877106382,1
551700,2.22874235732354,3.2287423573237675,1
551760,2.2287667242625275,3.2287667242632097,1
551820,2.2287910885308406,3.2287910885304427,1
551880,2.228815450127115,3.228815450127172,1
551940,2.228839809050328,3.2288398090504415,1
552000,2.228864165300024,3.228864165300365,1
552060,2.228888518878591,3.228888518878591,1
552120,2.228912869789724,3.2289128697898377,1
552180,2.228937218032854,3.2289372180330815,1
552240,2.228961563605594,3.228961563605594,1
552300,2.22898590650766,3.228985906508001,1
552360,2.2290102467422344,3.2290102467424617,1
552420,2.2290345843101136,3.2290345843100567,1
552480,2.2290589192131733,3.2290589192131165,1
552540,2.2290832514491967,3.229083251448799,1
552600,2.2291075810178427,3.2291075810181837,1
552660,2.2291319079208733,3.229131907920703,1
552720,2.229156232161529,3.2291562321611877,1
552780,2.229180553739809,3.229180553740548,1
552840,2.2292048726552594,3.2292048726547478,1
552900,2.2292291889046965,3.2292291889046396,1
552960,2.2292535024917584,3.229253502492213,1
553020,2.229277813418207,3.229277813418719,1
553080,2.2293021216859756,3.2293021216860893,1
553140,2.2293264272929605,3.2293264272933584,1
553200,2.2293507302392186,3.2293507302392186,1
553260,2.2293750305253184,3.22937503052583,1
553320,2.229399328153306,3.2293993281534767,1
553380,2.2294236231247737,3.2294236231251148,1
553440,2.22944791543938,3.229447915439607,1
553500,2.229472205095874,3.229472205095817,1
553560,2.2294964920938583,3.229496492093517,1
553620,2.2295207764370275,3.229520776437141,1
553680,2.229545058127428,3.229545058127826,1
553740,2.229569337164662,3.2295693371653442,1
553800,2.229593613545944,3.2295936135457737,1
553860,2.2296178872713313,3.229617887272184,1
553920,2.229642158344575,3.229642158344859,1
553980,2.2296664267676647,3.2296664267680057,1
554040,2.2296906925399753,3.2296906925399185,1
554100,2.2297149556605405,3.2297149556604836,1
554160,2.2297392161285643,3.2297392161284506,1
554220,2.2297634739463774,3.2297634739463206,1
554280,2.229787729116424,3.2297877291167083,1
554340,2.2298119816403528,3.2298119816405233,1
554400,2.229836231514355,3.2298362315144686,1
554460,2.229860478738658,3.229860478738601,1
554520,2.2298847233155357,3.2298847233155357,1
554580,2.229908965247205,3.2299089652476027,1
554640,2.229933204535314,3.2299332045350866,1
554700,2.229957441176907,3.2299574411771346,1
554760,2.2299816751724393,3.2299816751723824,1
554820,2.2300059065224787,3.230005906523047,1
554880,2.2300301352304928,3.230030135230436,1
554940,2.230054361297789,3.2300543612979595,1
555000,2.230078584722719,3.230078584722662,1
555060,2.2301028055031225,3.230102805503236,1
555120,2.2301270236411597,3.2301270236411597,1
555180,2.230151239139161,3.2301512391393885,1
555240,2.230175451999571,3.230175451999685,1
555300,2.230199662220002,3.230199662220798,1
555360,2.230223869801307,3.230223869801023,1
555420,2.230248074741837,3.230248074741837,1
555480,2.2302722770451737,3.230272277045799,1
555540,2.2302964767131925,3.230296476713306,1
555600,2.2303206737452683,3.2303206737451546,1
555660,2.2303448681395253,3.230344868139582,1
555720,2.230369059896077,3.2303690598967023,1
555780,2.2303932490183342,3.2303932490181637,1
555840,2.2304174355086275,3.2304174355085706,1
555900,2.230441619365706,3.2304416193659904,1
555960,2.2304658005890587,3.230465800588547,1
556020,2.230489979177321,3.2304899791770936,1
556080,2.230514155133619,3.2305141551335055,1
556140,2.230538328459488,3.230538328459147,1
556200,2.2305624991551554,3.2305624991558375,1
556260,2.23058666722045,3.230586667220223,1
556320,2.2306108326539515,3.230610832653838,1
556380,2.2306349954581037,3.2306349954581037,1
556440,2.2306591556343847,3.230659155634612,1
556500,2.230683313184727,3.230683313184784,1
556560,2.230707468107198,3.2307074681070276,1
556620,2.2307316204004906,3.2307316204001495,1
556680,2.230755770066196,3.2307557700666507,1
556740,2.2307799171074976,3.2307799171076113,1
556800,2.23080406152485,3.2308040615250206,1
556860,2.2308282033179125,3.230828203317685,1
556920,2.2308523424850932,3.2308523424852638,1
556980,2.2308764790280406,3.2308764790280975,1
557040,2.2309006129484032,3.2309006129486875,1
557100,2.230924744247943,3.230924744248057,1
557160,2.230948872925694,3.230948872926035,1
557220,2.230972998981258,3.230972998981315,1
557280,2.230997122413953,3.230997122414067,1
557340,2.2310212432271896,3.2310212432275307,1
557400,2.231045361423071,3.2310453614232983,1
557460,2.2310694770014834,3.2310694770014265,1
557520,2.2310935899590163,3.2310935899589595,1
557580,2.231117700296579,3.2311177002961244,1
557640,2.2311418080169574,3.231141808017071,1
557700,2.2311659131227657,3.23116591312305,1
557760,2.231190015613663,3.231190015613322,1
557820,2.2312141154877736,3.2312141154878873,1
557880,2.231238212744586,3.2312382127446995,1
557940,2.2312623073869418,3.231262307387624,1
558000,2.2312863994173995,3.231286399417286,1
558060,2.2313104888364705,3.231310488835959,1
558120,2.23133457564046,3.2313345756404033,1
558180,2.23135865983096,3.231358659831301,1
558240,2.2313827414091065,3.2313827414090497,1
558300,2.231406820377856,3.231406820377856,1
558360,2.2314308967372085,3.231430896737322,1
558420,2.231454970486652,3.231454970486652,1
558480,2.2314790416239134,3.231479041623288,1
558540,2.2315031101524596,3.23150311015263,1
558600,2.231527176073314,3.2315271760728024,1
558660,2.2315512393890913,3.231551239388864,1
558720,2.231575300097063,3.231575300097518,1
558780,2.231599358196547,3.2315993581967177,1
558840,2.2316234136886237,3.2316234136883395,1
558900,2.2316474665762485,3.23164746657568,1
558960,2.231671516860615,3.231671516860274,1
559020,2.2316955645407575,3.2316955645408143,1
559080,2.2317196096165617,3.231719609616448,1
559140,2.231743652087289,3.2317436520876868,1
559200,2.231767691955781,3.2317676919557243,1
559260,2.2317917292239144,3.231791729223744,1
559320,2.231815763890836,3.231815763890779,1
559380,2.2318397959559775,3.231839795956205,1
559440,2.2318638254179746,3.231863825418145,1
559500,2.231887852280863,3.231887852281318,1
559560,2.2319118765466897,3.23191187654686,1
559620,2.2319358982149993,3.231935898215056,1
559680,2.2319599172838025,3.2319599172838025,1
559740,2.2319839337534404,3.231983933753156,1
559800,2.232007947625732,3.232007947626073,1
559860,2.2320319589020983,3.2320319589019277,1
559920,2.232055967584472,3.23205596758487,1
559980,2.232079973670352,3.2320799736704657,1
560040,2.232103977160307,3.2321039771603637,1
560100,2.232127978054905,3.232127978055132,1
560160,2.232151976358068,3.232151976357784,1
560220,2.2321759720691148,3.232175972068717,1
560280,2.232199965187476,3.232199965187192,1
560340,2.2322239557101398,3.232223955710708,1
560400,2.2322479436408003,3.2322479436411413,1
560460,2.2322719289834936,3.232271928983664,1
560520,2.2322959117375945,3.2322959117378787,1
560580,2.23231989190117,3.232319891901625,1
560640,2.232343869473823,3.2323438694739366,1
560700,2.2323678444559505,3.232367844456519,1
560760,2.2323918168509067,3.232391816851589,1
560820,2.232415786661363,3.232415786661022,1
560880,2.2324397538838525,3.232439753884421,1
560940,2.2324637185187726,3.2324637185187726,1
561000,2.232487680565214,3.232487680565157,1
561060,2.2325116400278944,3.23251164002761,1
561120,2.2325355969081215,3.2325355969081784,1
561180,2.2325595512040195,3.2325595512044174,1
561240,2.2325835029155314,3.232583502915361,1
561300,2.232607452041691,3.232607452041691,1
561360,2.2326313985852266,3.2326313985856245,1
561420,2.2326553425489806,3.2326553425489237,1
561480,2.2326792839326117,3.2326792839326686,1
561540,2.232703222733619,3.232703222733676,1
561600,2.2327271589515476,3.232727158951718,1
561660,2.232751092590263,3.232751092590547,1
561720,2.232775023651925,3.232775023652323,1
561780,2.2327989521365907,3.23279895213642,1
561840,2.2328228780419863,3.2328228780416453,1
561900,2.232846801367316,3.2328468013678844,1
561960,2.2328707221162176,3.232870722116047,1
562020,2.2328946402886345,3.232894640288805,1
562080,2.232918555886897,3.2329185558866698,1
562140,2.2329424689095845,3.232942468909471,1
562200,2.2329663793556733,3.232966379355446,1
562260,2.2329902872266416,3.2329902872266416,1
562320,2.233014192525218,3.233014192525559,1
562380,2.2330380952531073,3.23303809525288,1
562440,2.233061995407013,3.233061995407297,1
562500,2.233085892987674,3.233085892986878,1
562560,2.2331097879946924,3.2331097879949198,1
562620,2.2331336804329567,3.233133680432786,1
562680,2.233157570301728,3.2331575703015005,1
562740,2.2331814576011197,3.233181457600608,1
562800,2.2332053423294838,3.2332053423296543,1
562860,2.2332292244885252,3.2332292244880705,1
562920,2.2332531040792105,3.233253104079438,1
562980,2.2332769811040976,3.23327698110387,1
563040,2.2333008555628453,3.2333008555631295,1
563100,2.233324727453123,3.233324727453123,1
563160,2.2333485967756133,3.2333485967748175,1
563220,2.2333724635329304,3.2333724635329304,1
563280,2.233396327727803,3.2333963277275757,1
563340,2.2334201893593786,3.233420189358867,1
563400,2.2334440484252696,3.2334440484252696,1
563460,2.2334679049263286,3.2334679049264423,1
563520,2.2334917588651706,3.233491758865341,1
563580,2.2335156102428755,3.233515610242762,1
563640,2.2335394590593296,3.2335394590600117,1
563700,2.2335633053151582,3.2335633053150445,1
563760,2.233587149008258,3.2335871490080876,1
563820,2.2336109901408463,3.233610990141301,1
563880,2.233634828715651,3.2336348287154237,1
563940,2.233658664732502,3.2336586647330137,1
564000,2.2336824981912287,3.233682498192195,1
564060,2.2337063290898413,3.2337063290900687,1
564120,2.233730157429875,3.233730157429818,1
564180,2.233753983215877,3.2337539832155358,1
564240,2.2337778064468807,3.2337778064469376,1
564300,2.2338016271222614,3.233801627122432,1
564360,2.233825445240484,3.233825445240427,1
564420,2.2338492608030833,3.2338492608030265,1
564480,2.2338730738126173,3.233873073812674,1
564540,2.2338968842702798,3.233896884270848,1
564600,2.233920692176241,3.233920692176355,1
564660,2.233944497527318,3.2339444975268634,1
564720,2.2339683003247046,3.233968300324193,1
564780,2.2339921005723795,3.233992100572209,1
564840,2.2340158982715366,3.234015898271366,1
564900,2.2340396934204136,3.2340396934211526,1
564960,2.2340634860187834,3.2340634860191244,1
565020,2.234087276066191,3.2340872760660773,1
565080,2.234111063565649,3.2341110635658765,1
565140,2.234134848518522,3.2341348485187495,1
565200,2.234158630925265,3.23415863092481,1
565260,2.234182410783376,3.2341824107830917,1
565320,2.234206188092628,3.2342061880931396,1
565380,2.2342299628570004,3.23422996285683,1
565440,2.234253735078312,3.2342537350784824,1
565500,2.234277504756335,3.234277504756051,1
565560,2.2343012718878867,3.234301271888228,1
565620,2.23432503647507,3.2343250364752976,1
565680,2.2343487985188517,3.2343487985189654,1
565740,2.2343725580210503,3.234372558021562,1
565800,2.2343963149825186,3.2343963149829733,1
565860,2.2344200694017218,3.234420069401665,1
565920,2.23444382127866,3.2344438212787736,1
565980,2.2344675706145836,3.2344675706146404,1
566040,2.2344913174120506,3.2344913174117096,1
566100,2.234515061671857,3.2345150616716865,1
566160,2.234538803392809,3.2345388033922404,1
566220,2.2345625425722915,3.2345625425726894,1
566280,2.234586279214284,3.2345862792150797,1
566340,2.234610013320321,3.2346100133203777,1
566400,2.234633744890914,3.234633744890857,1
566460,2.234657473925097,3.2346574739252674,1
566520,2.2346812004232675,3.234681200423495,1
566580,2.2347049243854826,3.2347049243851984,1
566640,2.234728645812936,3.2347286458131066,1
566700,2.234752364708754,3.2347523647085836,1
566760,2.234776081071516,3.2347760810715727,1
566820,2.2347997948995726,3.2347997948996863,1
566880,2.234823506193834,3.234823506193493,1
566940,2.2348472149566305,3.2348472149565737,1
567000,2.2348709211915434,3.2348709211916002,1
567060,2.2348946248961283,3.2348946248964126,1
567120,2.2349183260688505,3.234918326069078,1
567180,2.2349420247091984,3.234942024709369,1
567240,2.2349657208217195,3.2349657208216627,1
567300,2.2349894144068116,3.2349894144065843,1
567360,2.235013105465498,3.235013105465839,1
567420,2.235036793995846,3.235036793995903,1
567480,2.2350604799967186,3.235060479996946,1
567540,2.2350841634715835,3.235084163471754,1
567600,2.2351078444226005,3.235107844422771,1
567660,2.235131522849997,3.235131522849997,1
567720,2.235155198750988,3.235155198750874,1
567780,2.2351788721257435,3.2351788721261414,1
567840,2.235202542976481,3.235202542976424,1
567900,2.235226211305701,3.23522621130536,1
567960,2.2352498771131764,3.23524987711329,1
568020,2.235273540398566,3.235273540399021,1
568080,2.2352972011611314,3.235297201160904,1
568140,2.23532085940127,3.235320859400929,1
568200,2.2353445151218807,3.2353445151219375,1
568260,2.235368168325067,3.2353681683252944,1
568320,2.2353918190091235,3.2353918190092372,1
568380,2.2354154671711512,3.2354154671707533,1
568440,2.235439112814049,3.235439112813822,1
568500,2.235462755939807,3.23546275593975,1
568560,2.2354863965504137,3.2354863965504137,1
568620,2.2355100346445056,3.2355100346449035,1
568680,2.235533670221116,3.235533670221116,1
568740,2.2355573032804728,3.2355573032807,1
568800,2.235580933825645,3.2355809338258155,1
568860,2.2356045618571443,3.235604561857542,1
568920,2.235628187375994,3.235628187376676,1
568980,2.2356518103798066,3.2356518103798066,1
569040,2.2356754308681275,3.2356754308678433,1
569100,2.2356990488441966,3.2356990488445376,1
569160,2.235722664311595,3.2357226643110266,1
569220,2.2357462772676513,3.2357462772678787,1
569280,2.235769887712138,3.235769887712138,1
569340,2.2357934956442023,3.2357934956441454,1
569400,2.2358171010668,3.235817101067312,1
569460,2.235840703980955,3.2358407039811254,1
569520,2.235864304387235,3.235864304387519,1
569580,2.2358879022846736,3.2358879022846736,1
569640,2.2359114976734986,3.2359114976731007,1
569700,2.2359350905542783,3.2359350905538236,1
569760,2.235958680929457,3.2359586809295138,1
569820,2.2359822688009103,3.235982268801422,1
569880,2.236005854165967,3.2360058541665353,1
569940,2.2360294370231486,3.2360294370232623,1
570000,2.236053017375184,3.2360530173749567,1
570060,2.236076595225825,3.2360765952258816,1
570120,2.236100170574389,3.236100170574332,1
570180,2.236123743419739,3.236123743419512,1
570240,2.236147313760455,3.2361473137605685,1
570300,2.236170881598696,3.236170881598639,1
570360,2.2361944469361674,3.2361944469358264,1
570420,2.236218009774632,3.2362180097748023,1
570480,2.2362415701131795,3.2362415701134637,1
570540,2.2362651279503893,3.236265127950105,1
570600,2.2362886832854656,3.236288683286034,1
570660,2.2363122361242063,3.2363122361244905,1
570720,2.236335786466668,3.236335786467123,1
570780,2.2363593343121124,3.236359334311828,1
570840,2.2363828796589473,3.236382879658777,1
570900,2.2364064225070024,3.2364064225070592,1
570960,2.236429962859688,3.236429962859461,1
571020,2.2364535007186532,3.236453500718426,1
571080,2.2364770360832154,3.236477036083329,1
571140,2.236500568952124,3.236500568952124,1
571200,2.236524099325152,3.2365240993252087,1
571260,2.2365476272041747,3.2365476272053684,1
571320,2.2365711525935694,3.2365711525936263,1
571380,2.2365946754912898,3.236594675491517,1
571440,2.2366181958963125,3.2366181958965967,1
571500,2.236641713808069,3.2366417138082397,1
571560,2.23666522922872,3.236665229229061,1
571620,2.236688742160595,3.2366887421604815,1
571680,2.2367122526035814,3.236712252603354,1
571740,2.2367357605566554,3.23673576055711,1
571800,2.2367592660195896,3.2367592660196465,1
571860,2.2367827689940896,3.2367827689937485,1
571920,2.236806269482031,3.236806269481633,1
571980,2.2368297674843234,3.236829767484892,1
572040,2.236853263000512,3.2368532630003983,1
572100,2.236876756027641,3.2368767560280958,1
572160,2.2369002465685526,3.2369002465684957,1
572220,2.236923734625634,3.236923734625748,1
572280,2.2369472201999088,3.2369472201997382,1
572340,2.2369707032900124,3.236970703289842,1
572400,2.236994183895092,3.236994183895547,1
572460,2.2370176620168536,3.2370176620167967,1
572520,2.2370411376564903,3.237041137656149,1
572580,2.2370646108157644,3.2370646108161623,1
572640,2.2370880814939937,3.2370880814937095,1
572700,2.237111549690212,3.237111549690269,1
572760,2.2371350154036804,3.2371350154036804,1
572820,2.2371584786380936,3.237158478638378,1
572880,2.2371819393959527,3.2371819393960664,1
572940,2.2372053976754387,3.237205397675609,1
573000,2.237228853476097,3.2372288534755285,1
573060,2.237252306796506,3.237252306796506,1
573120,2.237275757640134,3.237275757640475,1
573180,2.2372992060084584,3.237299206008629,1
573240,2.2373226519014793,3.2373226519014793,1
573300,2.2373460953178324,3.237346095318628,1
573360,2.2373695362582566,3.237369536258086,1
573420,2.23739297472315,3.23739297472315,1
573480,2.237416410715298,3.237416410715639,1
573540,2.237439844236121,3.237439844236178,1
573600,2.2374632752829484,3.237463275282778,1
573660,2.2374867038543016,3.2374867038542448,1
573720,2.2375101299535345,3.237510129953307,1
573780,2.2375335535833756,3.237533553582864,1
573840,2.237556974743825,3.2375569747438817,1
573900,2.237580393433234,3.2375803934334613,1
573960,2.237603809651546,3.237603809651887,1
574020,2.2376272233988175,3.237627223398988,1
574080,2.2376506346781753,3.23765063467755,1
574140,2.237674043491097,3.237674043491211,1
574200,2.2376974498366735,3.237697449836503,1
574260,2.2377208537120623,3.2377208537127444,1
574320,2.237744255119651,3.23774425511931,1
574380,2.2377676540626226,3.2377676540626794,1
574440,2.23779105054183,3.2377910505417162,1
574500,2.2378144445549992,3.2378144445551698,1
574560,2.2378378361031537,3.2378378361028695,1
574620,2.237861225184872,3.237861225184645,1
574680,2.2378846118035085,3.2378846118035653,1
574740,2.2379079959605406,3.237907995960768,1
574800,2.237931377655684,3.2379313776560252,1
574860,2.2379547568877456,3.237954756887916,1
574920,2.237978133655588,3.237978133655247,1
574980,2.238001507962508,3.2380015079623377,1
575040,2.2380248798120874,3.2380248798120306,1
575100,2.2380482492014835,3.238048249201711,1
575160,2.2380716161309806,3.2380716161310374,1
575220,2.23809498059984,3.238094980600124,1
575280,2.2381183426096527,3.2381183426100506,1
575340,2.2381417021620678,3.2381417021621246,1
575400,2.2381650592583355,3.2381650592583924,1
575460,2.2381884138971486,3.2381884138971486,1
575520,2.238211766078223,3.238211766078564,1
575580,2.2382351158021834,3.23823511580224,1
575640,2.2382584630726683,3.238258463072384,1
575700,2.238281807889848,3.2382818078900755,1
575760,2.2383051502520175,3.2383051502524154,1
575820,2.2383284901581533,3.238328490158267,1
575880,2.238351827610188,3.2383518276099608,1
575940,2.2383751626102253,3.2383751626105095,1
576000,2.2383984951594584,3.238398495159231,1
576060,2.238421825256637,3.238421825256353,1
576120,2.238445152901761,3.2384451529019316,1
576180,2.23846847809466,3.2384684780947737,1
576240,2.2384918008382897,3.2384918008384034,1
576300,2.238515121133048,3.2385151211328775,1
576360,2.2385384389788783,3.2385384389788214,1
576420,2.238561754374473,3.2385617543747003,1
576480,2.2385850673202867,3.238585067320855,1
576540,2.238608377819105,3.2386083778193324,1
576600,2.238631685873372,3.2386316858733153,1
576660,2.2386549914821217,3.2386549914822353,1
576720,2.2386782946410335,3.2386782946413746,1
576780,2.2387015953530067,3.238701595352893,1
576840,2.2387248936204287,3.2387248936207698,1
576900,2.2387481894450616,3.2387481894447774,1
576960,2.238771482826337,3.238771482826678,1
577020,2.2387947737630043,3.238794773763118,1
577080,2.2388180622546088,3.23881806225495,1
577140,2.2388413483029126,3.2388413483032537,1
577200,2.2388646319119516,3.238864631912122,1
577260,2.2388879130808164,3.2388879130810437,1
577320,2.238911191806835,3.2389111918067783,1
577380,2.2389344680901786,3.2389344680908607,1
577440,2.238957741932893,3.238957741933575,1
577500,2.238981013338048,3.2389810133382753,1
577560,2.2390042823051317,3.2390042823055865,1
577620,2.2390275488334055,3.2390275488337466,1
577680,2.2390508129216755,3.239050812922187,1
577740,2.2390740745726134,3.239074074572045,1
577800,2.2390973337860487,3.2390973337865034,1
577860,2.239120590566017,3.2391205905661877,1
577920,2.239143844909279,3.2391438449095062,1
577980,2.2391670968152084,3.239167096815322,1
578040,2.239190346285284,3.2391903462850564,1
578100,2.239213593321267,3.2392135933217787,1
578160,2.239236837925091,3.239236837925205,1
578220,2.23926008009596,3.239260080095505,1
578280,2.239283319831941,3.2392833198323387,1
578340,2.2393065571345687,3.2393065571346256,1
578400,2.23932979200589,3.239329792005833,1
578460,2.2393530244469275,3.2393530244472686,1
578520,2.2393762544577385,3.2393762544580227,1
578580,2.2393994820372995,3.2393994820374132,1
578640,2.2394227071843034,3.2394227071845876,1
578700,2.2394459299025016,3.239445929902388,1
578760,2.239469150193713,3.23946915019377,1
578820,2.239492368058677,3.239492368057597,1
578880,2.2395155834926754,3.2395155834930733,1
578940,2.239538796498948,3.2395387964991755,1
579000,2.2395620070774953,3.239562007077552,1
579060,2.239585215231102,3.2395852152313864,1
579120,2.239608420959769,3.239608420959655,1
579180,2.2396316242626426,3.23963162426287,1
579240,2.2396548251390413,3.2396548251394393,1
579300,2.2396780235905,3.239678023590727,1
579360,2.239701219619633,3.2397012196194055,1
579420,2.2397244132267815,3.239724413226952,1
579480,2.239747604410411,3.2397476044109794,1
579540,2.239770793169839,3.2397707931697823,1
579600,2.239793979505748,3.239793979505407,1
579660,2.239817163422515,3.2398171634227424,1
579720,2.2398403449209354,3.2398403449208786,1
579780,2.239863523997826,3.239863523997826,1
579840,2.239886700653244,3.239886700653642,1
579900,2.2399098748882125,3.2399098748882693,1
579960,2.239933046705005,3.239933046705687,1
580020,2.2399562161058952,3.239956216106293,1
580080,2.2399793830891213,3.239979383089178,1
580140,2.240002547652864,3.240002547652921,1
580200,2.2400257097978624,3.2400257097977487,1
580260,2.2400488695277545,3.2400488695285503,1
580320,2.2400720268443024,3.2400720268443592,1
580380,2.240095181746142,3.2400951817458576,1
580440,2.240118334230772,3.240118334230999,1
580500,2.2401414842998975,3.2401414842999543,1
580560,2.2401646319559063,3.2401646319561337,1
580620,2.2401877772002194,3.2401877771998215,1
580680,2.2402109200323252,3.240210920032382,1
580740,2.2402340604501205,3.2402340604504047,1
580800,2.2402571984545148,3.2402571984549695,1
580860,2.2402803340482365,3.240280334048407,1
580920,2.2403034672335593,3.240303467233332,1
580980,2.240326598009119,3.2403265980093465,1
581040,2.240349726373836,3.2403497263744043,1
581100,2.240372852327937,3.2403728523283917,1
581160,2.2403959758727865,3.2403959758725023,1
581220,2.240419097009976,3.2404190970101467,1
581280,2.240442215740643,3.2404422157412114,1
581340,2.2404653320641046,3.240465332064275,1
581400,2.2404884459784853,3.2404884459784284,1
581460,2.240511557486002,3.240511557486002,1
581520,2.2405346665892694,3.2405346665894967,1
581580,2.240557773288913,3.240557773289197,1
581640,2.2405808775836817,3.2405808775836817,1
581700,2.2406039794716435,3.240603979471075,1
581760,2.240627078954617,3.240627078954674,1
581820,2.240650176035331,3.2406501760362403,1
581880,2.240673270715547,3.2406732707157744,1
581940,2.240696362992537,3.2406963629927077,1
582000,2.2407194528672107,3.240719452867495,1
582060,2.240742540339454,3.2407425403389425,1
582120,2.2407656254110293,3.240765625411086,1
582180,2.240788708083983,3.2407887080841533,1
582240,2.240811788357348,3.240811788357121,1
582300,2.2408348662296476,3.2408348662295907,1
582360,2.240857941701279,3.240857941701904,1
582420,2.240881014775937,3.240881014775823,1
582480,2.240904085454531,3.2409040854549858,1
582540,2.2409271537362656,3.240927153736095,1
582600,2.240950219619947,3.2409502196196627,1
582660,2.2409732831060296,3.2409732831056886,1
582720,2.2409963441960485,3.240996344196276,1
582780,2.241019402891709,3.2410194028918795,1
582840,2.2410424591927836,3.241042459192954,1
582900,2.241065513100125,3.2410655131002386,1
582960,2.241088564611175,3.2410885646114593,1
583020,2.2411116137290605,3.2411116137291174,1
583080,2.241134660454861,3.241134660454577,1
583140,2.2411577047903393,3.2411577047906803,1
583200,2.24118074673288,3.2411807467330505,1
583260,2.2412037862806073,3.2412037862808347,1
583320,2.241226823437273,3.24122682343733,1
583380,2.2412498582071976,3.241249858207368,1
583440,2.241272890589755,3.2412728905896984,1
583500,2.241295920581024,3.241295920581308,1
583560,2.241318948177252,3.2413189481770814,1
583620,2.2413419733842943,3.241341973384408,1
583680,2.24136499620937,3.2413649962099385,1
583740,2.2413880166500917,3.2413880166502054,1
583800,2.2414110347020255,3.2414110347023666,1
583860,2.241434050362784,3.2414340503633525,1
583920,2.241457063637256,3.2414570636378244,1
583980,2.241480074527715,3.241480074527601,1
584040,2.241503083035809,3.2415030830360365,1
584100,2.241526089159379,3.241526089159777,1
584160,2.241549092896662,3.241549092897003,1
584220,2.2415720942476014,3.2415720942472603,1
584280,2.2415950932172564,3.241595093217086,1
584340,2.2416180898080142,3.241618089808469,1
584400,2.2416410840167487,3.241641084016976,1
584460,2.2416640758416406,3.2416640758419817,1
584520,2.2416870652837133,3.241687065283827,1
584580,2.24171005234507,3.24171005234615,1
584640,2.2417330370292348,3.2417330370293485,1
584700,2.241756019333991,3.241756019334616,1
584760,2.2417789992582584,3.2417789992585995,1
584820,2.2418019768019803,3.241801976802094,1
584880,2.2418249519678852,3.2418249519678852,1
584940,2.241847924758531,3.2418479247580194,1
585000,2.2418708951728377,3.2418708951732356,1
585060,2.241893863209441,3.241893863209725,1
585120,2.241916828867943,3.241916828868341,1
585180,2.241939792150845,3.241939792150788,1
585240,2.2419627530599087,3.2419627530599087,1
585300,2.2419857115943955,3.241985711595021,1
585360,2.2420086677550444,3.242008667755158,1
585420,2.24203162154015,3.2420316215406046,1
585480,2.24205457295119,3.242054572950906,1
585540,2.242077521991007,3.2420775219908933,1
585600,2.242100468660567,3.2421004686603965,1
585660,2.2421234129575964,3.242123412957824,1
585720,2.2421463548812426,3.2421463548812994,1
585780,2.242169294433154,3.2421692944333245,1
585840,2.242192231616002,3.2421922316164,1
585900,2.242215166430242,3.2422151664303556,1
585960,2.2422380988754753,3.2422380988754753,1
586020,2.2422610289509635,3.2422610289509635,1
586080,2.242283956656763,3.2422839566570474,1
586140,2.242306881995205,3.242306881995603,1
586200,2.242329804967312,3.242329804967369,1
586260,2.2423527255734825,3.242352725573312,1
586320,2.242375643811556,3.242375643811215,1
586380,2.2423985596821012,3.242398559682158,1
586440,2.2424214731873917,3.24242147318688,1
586500,2.2424443843302697,3.2424443843299855,1
586560,2.2424672931092573,3.242467293109371,1
586620,2.242490199522365,3.242490199523104,1
586680,2.2425131035718096,3.242513103571582,1
586740,2.242536005257932,3.2425360052578185,1
586800,2.2425589045819265,3.24255890458204,1
586860,2.242581801545043,3.2425818015451,1
586920,2.2426046961460884,3.2426046961464863,1
586980,2.2426275883841527,3.2426275883846643,1
587040,2.242650478261794,3.2426504782622487,1
587100,2.242673365780547,3.2426733657803766,1
587160,2.2426962509413215,3.2426962509412647,1
587220,2.2427191337422983,3.242719133742696,1
587280,2.2427420141826246,3.242742014182454,1
587340,2.242764892263608,3.2427648922641197,1
587400,2.242787767988773,3.2427877679889434,1
587460,2.242810641358062,3.242810641358062,1
587520,2.242833512369941,3.242833512370396,1
587580,2.2428563810249784,3.2428563810250353,1
587640,2.2428792473230033,3.242879247323458,1
587700,2.2429021112666874,3.2429021112666305,1
587760,2.2429249728564855,3.242924972856997,1
587820,2.2429478320925114,3.242947832092966,1
587880,2.242970688973571,3.242970688973571,1
587940,2.242993543499665,3.2429935434995514,1
588000,2.2430163956735214,3.243016395672953,1
588060,2.2430392454968455,3.243039245496959,1
588120,2.2430620929691827,3.243062092969353,1
588180,2.243084938088657,3.243084938088657,1
588240,2.2431077808543023,3.2431077808549276,1
588300,2.243130621271007,3.24313062127095,1
588360,2.243153459339055,3.24315345933951,1
588420,2.2431762950586744,3.243176295058845,1
588480,2.2431991284282162,3.243199128427591,1
588540,2.243221959447453,3.2432219594469416,1
588600,2.2432447881188295,3.2432447881185453,1
588660,2.243267614443937,3.2432676144440507,1
588720,2.243290438423628,3.243290438424026,1
588780,2.2433132600552312,3.2433132600551744,1
588840,2.2433360793390875,3.243336079339201,1
588900,2.2433588962770727,3.2433588962771296,1
588960,2.2433817108711764,3.243381710871347,1
589020,2.243404523121683,3.24340452312191,1
589080,2.243427333028251,3.243427333028592,1
589140,2.243450140588834,3.243450140589232,1
589200,2.2434729458045695,3.2434729458048537,1
589260,2.243495748680118,3.2434957486804024,1
589320,2.2435185492154233,3.243518549215878,1
589380,2.2435413474076995,3.24354134740787,1
589440,2.243564143256606,3.243564143256947,1
589500,2.243586936764814,3.2435869367647,1
589560,2.2436097279329488,3.2436097279331193,1
589620,2.243632516762432,3.243632516762773,1
589680,2.243655303252865,3.2436553032529787,1
589740,2.243678087403282,3.243678087402486,1
589800,2.243700869213569,3.2437008692141376,1
589860,2.2437236486869097,3.243723648686739,1
589920,2.243746425823929,3.2437464258244404,1
589980,2.243769200625252,3.2437692006253087,1
590040,2.24379197308798,3.2437919730884346,1
590100,2.2438147432136475,3.2438147432132496,1
590160,2.243837511003562,3.2438375110033917,1
590220,2.2438602764597135,3.243860276460225,1
590280,2.243883039582272,3.2438830395817035,1
590340,2.2439058003695322,3.243905800369248,1
590400,2.243928558821665,3.2439285588218354,1
590460,2.2439513149408867,3.243951314940716,1
590520,2.2439740687288463,3.2439740687287326,1
590580,2.2439968201856573,3.24399682018543,1
590640,2.2440195693095006,3.244019569309444,1
590700,2.244042316100547,3.2440423161003196,1
590760,2.24406506055999,3.2440650605605583,1
590820,2.2440878026911264,3.244087802690956,1
590880,2.2441105424928196,3.244110542492251,1
590940,2.244133279964842,3.2441332799646148,1
591000,2.2441560151066824,3.2441560151069098,1
591060,2.2441787479194772,3.244178747919989,1
591120,2.244201478405273,3.2442014784057847,1
591180,2.24422420656515,3.2442242065649225,1
591240,2.2442469323973455,3.244246932397857,1
591300,2.2442696559014053,3.244269655901178,1
591360,2.244292377077727,3.244292377078011,1
591420,2.244315095930972,3.2443150959311424,1
591480,2.2443378124605147,3.244337812460799,1
591540,2.2443605266647637,3.2443605266647637,1
591600,2.2443832385438327,3.2443832385440032,1
591660,2.244405948097892,3.2444059480974374,1
591720,2.2444286553290453,3.2444286553293296,1
591780,2.2444513602390543,3.244451360239907,1
591840,2.2444740628278055,3.2444740628281465,1
591900,2.244496763092286,3.2444967630924566,1
591960,2.244519461034315,3.2445194610342583,1
592020,2.2445421566563937,3.2445421566561663,1
592080,2.2445648499597155,3.2445648499596587,1
592140,2.244587540943371,3.2445875409432006,1
592200,2.244610229606508,3.244610229606792,1
592260,2.2446329159495235,3.24463291594941,1
592320,2.2446555999741804,3.2446555999741804,1
592380,2.2446782816818995,3.2446782816818427,1
592440,2.2447009610725104,3.2447009610725104,1
592500,2.244723638145331,3.244723638145615,1
592560,2.2447463129004745,3.244746312900645,1
592620,2.2447689853386805,3.2447689853389647,1
592680,2.2447916554633593,3.2447916554633025,1
592740,2.244814323273374,3.244814323273431,1
592800,2.2448369887681565,3.244836988768327,1
592860,2.2448596519473654,3.2448596519476496,1
592920,2.244882312812365,3.244882312811967,1
592980,2.244904971364349,3.244904971364633,1
593040,2.244927627605307,3.2449276276054206,1
593100,2.244950281533363,3.2449502815332494,1
593160,2.2449729331480057,3.244972933147494,1
593220,2.244995582450315,3.2449955824500876,1
593280,2.2450182294426213,3.2450182294425076,1
593340,2.2450408741264027,3.2450408741261754,1
593400,2.245063516499499,3.245063516499613,1
593460,2.2450861565616833,3.2450861565620244,1
593520,2.245108794314092,3.2451087943139783,1
593580,2.245131429758544,3.2451314297583735,1
593640,2.2451540628961197,3.245154062896063,1
593700,2.2451766937258526,3.2451766937259663,1
593760,2.2451993222470037,3.2451993222471174,1
593820,2.2452219484601414,3.245221948460255,1
593880,2.2452445723679375,3.2452445723682786,1
593940,2.2452671939720403,3.2452671939723245,1
594000,2.2452898132701193,3.2452898132703467,1
594060,2.245312430262686,3.2453124302622314,1
594120,2.2453350449497975,3.2453350449502523,1
594180,2.2453576573329315,3.2453576573332157,1
594240,2.245380267413509,3.2453802674140775,1
594300,2.245402875192042,3.2454028751920987,1
594360,2.245425480667052,3.2454254806671656,1
594420,2.2454480838384256,3.245448083838312,1
594480,2.2454706847080956,3.2454706847084935,1
594540,2.24549328327862,3.245493283278506,1
594600,2.2455158795494867,3.2455158795491457,1
594660,2.24553847351865,3.2455384735188204,1
594720,2.2455610651867914,3.2455610651867914,1
594780,2.245583654555105,3.245583654555219,1
594840,2.245606241625808,3.2456062416259215,1
594900,2.2456288263995248,3.2456288263995816,1
594960,2.2456514088746076,3.245651408875176,1
595020,2.2456739890512267,3.2456739890509994,1
595080,2.245696566929837,3.2456965669296665,1
595140,2.24571914251311,3.245719142513849,1
595200,2.24574171580241,3.245741715802126,1
595260,2.2457642867954632,3.2457642867954064,1
595320,2.245786855491133,3.2457868554915876,1
595380,2.2458094218923748,3.2458094218922042,1
595440,2.2458319859997005,3.2458319859995868,1
595500,2.2458545478147016,3.245854547814929,1
595560,2.2458771073364687,3.2458771073369803,1
595620,2.2458996645639218,3.245899664564263,1
595680,2.2459222194985955,3.2459222194989366,1
595740,2.245944772141968,3.2459447721421952,1
595800,2.2459673224956305,3.245967322495801,1
595860,2.2459898705587307,3.2459898705590717,1
595920,2.2460124163291084,3.2460124163291084,1
595980,2.246034959808526,3.2460349598079006,1
596040,2.2460575009989725,3.2460575009999957,1
596100,2.246080039901699,3.246080039901699,1
596160,2.2461025765168188,3.2461025765169893,1
596220,2.246125110842627,3.246125110842627,1
596280,2.24614764287918,3.24614764287918,1
596340,2.2461701726288084,3.246170172628638,1
596400,2.24619270009282,3.246192700092365,1
596460,2.2462152252715555,3.246215225271669,1
596520,2.246237748163537,3.2462377481637077,1
596580,2.2462602687682534,3.24626026876831,1
596640,2.2462827870885462,3.2462827870883757,1
596700,2.246305303124984,3.246305303124643,1
596760,2.246327816878704,3.2463278168785905,1
596820,2.246350328348285,3.2463503283481714,1
596880,2.24637283753367,3.246372837533329,1
596940,2.246395344435598,3.2463953444353137,1
597000,2.246417849056968,3.2464178490567974,1
597060,2.2464403513976663,3.246440351397723,1
597120,2.246462851456556,3.2464628514568403,1
597180,2.2464853492328984,3.246485349233126,1
597240,2.2465078447281144,3.2465078447283986,1
597300,2.2465303379449892,3.2465303379448756,1
597360,2.246552828883864,3.2465528288840915,1
597420,2.246575317544341,3.246575317544057,1
597480,2.246597803923521,3.2465978039241463,1
597540,2.2466202880249284,3.246620288025042,1
597600,2.2466427698487337,3.246642769849302,1
597660,2.246665249396983,3.2466652493972674,1
597720,2.2466877266694496,3.246687726669734,1
597780,2.2467102016634612,3.2467102016636886,1
597840,2.2467326743806098,3.246732674380496,1
597900,2.246755144823453,3.246755144823396,1
597960,2.2467776129933554,3.246777612993526,1
598020,2.2468000788890663,3.246800078889578,1
598080,2.2468225425096193,3.2468225425095056,1
598140,2.2468450038556966,3.24684500385564,1
598200,2.2468674629290035,3.246867462929231,1
598260,2.246889919730961,3.2468899197309042,1
598320,2.246912374261399,3.246912374262081,1
598380,2.246934826519407,3.2469348265199187,1
598440,2.2469572765045314,3.246957276504702,1
598500,2.2469797242195,3.2469797242189884,1
598560,2.2470021696655635,3.2470021696652793,1
598620,2.2470246128429494,3.247024612843063,1
598680,2.247047053749668,3.247047053749668,1
598740,2.24706949238697,3.2470694923867427,1
598800,2.2470919287552533,3.2470919287556512,1
598860,2.24711436285628,3.247114362855882,1
598920,2.24713679469113,3.2471367946909027,1
598980,2.2471592242586667,3.24715922425861,1
599040,2.2471816515575824,3.247181651557298,1
599100,2.2472040765899237,3.247204076590492,1
599160,2.247226499358476,3.2472264993586464,1
599220,2.2472489198622725,3.2472489198630115,1
599280,2.247271338101257,3.247271338101257,1
599340,2.2472937540752014,3.2472937540751445,1
599400,2.2473161677844473,3.247316167784618,1
599460,2.247338579230643,3.247338579230245,1
599520,2.247360988415153,3.2473609884152665,1
599580,2.2473833953372377,3.247383395337465,1
599640,2.2474057999955335,3.2474057999958177,1
599700,2.2474282023916885,3.2474282023914043,1
599760,2.247450602528204,3.2474506025280334,1
599820,2.247473000404682,3.247473000404966,1
599880,2.2474953960210655,3.2474953960207245,1
599940,2.2475177893767295,3.247517789376559,1
600000,2.247540180472356,3.2475401804725834,1
600060,2.247562569309082,3.247562569309366,1
600120,2.2475849558886694,3.247584955888499,1
600180,2.247607340210834,3.247607340211175,1
600240,2.2476297222743824,3.247629722274837,1
600300,2.247652102079485,3.247652102079428,1
600360,2.2476744796283015,3.2476744796286994,1
600420,2.2476968549232765,3.2476968549233334,1
600480,2.2477192279627047,3.247719227963046,1
600540,2.247741598745961,3.2477415987463587,1
600600,2.2477639672732153,3.2477639672730447,1
600660,2.2477863335457755,3.2477863335453776,1
600720,2.2478086975659153,3.2478086975658016,1
600780,2.2478310593332367,3.2478310593335777,1
600840,2.247853418847228,3.2478534188467165,1
600900,2.2478757761070938,3.2478757761072643,1
600960,2.2478981311146526,3.2478981311142547,1
601020,2.247920483872008,3.247920483872065,1
601080,2.24794283437933,3.24794283437933,1
601140,2.247965182635369,3.2479651826355393,1
601200,2.2479875286396123,3.247987528639783,1
601260,2.24800987239405,3.24800987239405,1
601320,2.2480322138991937,3.2480322138991937,1
601380,2.2480545531570897,3.248054553156635,1
601440,2.24807689016626,3.2480768901663737,1
601500,2.2480992249263068,3.2480992249263636,1
601560,2.248121557437628,3.2481215574381963,1
601620,2.2481438877027244,3.2481438877031223,1
601680,2.2481662157230744,3.2481662157230176,1
601740,2.2481885414969724,3.248188541496745,1
601800,2.248210865023509,3.2482108650240775,1
601860,2.2482331863040486,3.2482331863040486,1
601920,2.2482555053405804,3.248255505340012,1
601980,2.2482778221338435,3.248277822133616,1
602040,2.2483001366825874,3.248300136682758,1
602100,2.2483224489876648,3.248322448987551,1
602160,2.248344759048166,3.2483447590482797,1
602220,2.248367066866308,3.248367066866706,1
602280,2.2483893724444783,3.248389372444308,1
602340,2.2484116757810284,3.2484116757814263,1
602400,2.2484339768748214,3.2484339768751056,1
602460,2.2484562757272784,3.248456275727392,1
602520,2.2484785723390246,3.2484785723390814,1
602580,2.248500866711936,3.2485008667117086,1
602640,2.248523158846183,3.248523158845728,1
602700,2.2485454487414245,3.248545448741254,1
602760,2.248567736396069,3.2485677363962395,1
602820,2.2485900218126176,3.248590021812504,1
602880,2.248612304992207,3.2486123049924345,1
602940,2.248634585936202,3.248634585936088,1
603000,2.248656864642726,3.2486568646420437,1
603060,2.2486791411109834,3.2486791411105855,1
603120,2.24870141534268,3.2487014153429072,1
603180,2.248723687340828,3.248723687340714,1
603240,2.248745957105257,3.2487459571050863,1
603300,2.248768224634489,3.2487682246343184,1
603360,2.248790489928524,3.248790489928524,1
603420,2.248812752988158,3.248812752988158,1
603480,2.248835013814812,3.248835013815494,1
603540,2.2488572724105325,3.2488572724105893,1
603600,2.2488795287735,3.2488795287736707,1
603660,2.248901782903374,3.248901782903772,1
603720,2.2489240348004955,3.2489240348008366,1
603780,2.2489462844683317,3.2489462844683317,1
603840,2.248968531906712,3.2489685319065416,1
603900,2.2489907771145567,3.248990777114841,1
603960,2.2490130200923204,3.2490130200923772,1
604020,2.2490352608394915,3.2490352608394915,1
604080,2.2490574993584005,3.2490574993581163,1
604140,2.2490797356498433,3.249079735650241,1
604200,2.2491019697143315,3.2491019697143315,1
604260,2.249124201550444,3.2491242015506714,1
604320,2.249146431157385,3.249146431157669,1
604380,2.2491686585387924,3.2491686585385082,1
604440,2.2491908836957464,3.2491908836957464,1
604500,2.2492131066279057,3.249213106628531,1
604560,2.2492353273335084,3.2492353273334516,1
604620,2.2492575458124406,3.249257545812327,1
604680,2.2492797620676015,3.2492797620675447,1
604740,2.2493019760996162,3.2493019760998436,1
604800,2.2493241879096217,3.2493241879104744,1
