t,gRef
0,0
60.005952971525,0.0179474922328409
120.01190594305,0.0313564423139889
180.017858914575,0.0392033590585332
240.0238118861,0.0457462012384224
300.029764857625,0.0519505617619702
360.03571782915,0.0579268381894463
420.041670800675,0.0636802263434727
480.0476237722,0.0692266166176131
540.053576743725,0.0746050732605199
600.059529715249,0.0798375626824009
660.065482686774,0.0849331192126783
720.071435658299,0.0899055923834333
780.077388629824,0.0947912125641775
840.083341601349,0.0995762712462556
900.089294572874,0.104271149575298
960.095247544399,0.108871790809334
1020.10120051592,0.113370759910291
1080.10715348745,0.117769607337141
1140.11310645897,0.122091314349058
1200.1190594305,0.126349823305746
1260.12501240202,0.13052844844205
1320.13096537355,0.134605551249105
1380.13691834507,0.138590298094233
1440.1428713166,0.142510236405961
1500.14882428812,0.14637074499905
1560.15477725965,0.150168871302077
1620.16073023117,0.153904684619089
1680.1666832027,0.157578011677266
1740.17263617422,0.161187976441247
1800.17858914575,0.164739749168547
1860.18454211727,0.168254942113873
1920.1904950888,0.171769418674379
1980.19644806032,0.175319775125483
2040.20240103185,0.178934433316742
2100.20835400337,0.182670868283836
2160.2143069749,0.186615165750658
2220.22025994642,0.190860902061104
2280.22621291795,0.195552488911737
2340.23216588947,0.200864229972632
2400.238118861,0.206984680471191
2460.24407183252,0.214095667319086
2520.25002480405,0.222419653736145
2580.25597777557,0.232164119617608
2640.2619307471,0.24353871489788
2700.26788371862,0.256608740364969
2760.27383669015,0.271206648713689
2820.27978966167,0.286941082806388
2880.2857426332,0.303315647920122
2940.29169560472,0.319909417685575
3000.29764857625,0.336253763446776
3060.30360154777,0.351997529618948
3120.3095545193,0.366864213039002
3180.31550749082,0.380787291685261
3240.32146046235,0.393744560174124
3300.32741343387,0.405808080046401
3360.3333664054,0.417111881642349
3420.33931937692,0.427852908077283
3480.34527234845,0.438216993298356
3540.35122531997,0.448337289227571
3600.3571782915,0.458217090551101
3660.36313126302,0.467846478762084
3720.36908423455,0.477207184349611
3780.37503720607,0.48628939098435
3840.3809901776,0.495101580824879
3900.38694314912,0.503654122801797
3960.39289612065,0.511886636835375
4020.39884909217,0.519951654463924
4080.4048020637,0.527863560539888
4140.41075503522,0.535680569869497
4200.41670800675,0.543367877695911
4260.42266097827,0.550915046722298
4320.4286139498,0.558319483870491
4380.43456692132,0.565583360359689
4440.44051989285,0.57271370070385
4500.44647286437,0.579715584164241
4560.4524258359,0.586559525134693
4620.45837880742,0.593318048050134
4680.46433177895,0.600000347199881
4740.47028475047,0.606637308080821
4800.476237722,0.613217957965942
4860.48219069352,0.619746941288631
4920.48814366505,0.626232222174434
4980.49409663657,0.632677076772774
5040.5000496081,0.639122697640783
5100.50600257962,0.645586014567049
5160.51195555115,0.652081006563009
5220.51790852267,0.65860481861589
5280.5238614942,0.665173775835351
5340.52981446572,0.671798529989851
5400.53576743725,0.678486366250216
5460.54172040877,0.685240249726199
5520.5476733803,0.692065858106506
5580.55362635182,0.698985509152555
5640.55957932335,0.705952092715189
5700.56553229487,0.712954218352918
5760.5714852664,0.719977953993084
5820.57743823792,0.727009786251026
5880.58339120945,0.73403975598952
5940.58934418097,0.741060678799623
6000.59529715249,0.748063897522162
6060.60125012402,0.755038235121902
6120.60720309554,0.761957957528361
6180.61315606707,0.768831019403966
6240.6191090386,0.775652796095437
6300.62506201012,0.782423164915386
6360.63101498164,0.789157776263631
6420.63696795317,0.79584276296643
6480.6429209247,0.802473769390943
6540.64887389622,0.809049438321486
6600.65482686774,0.815569656685196
6660.66077983927,0.822031052224559
6720.6667328108,0.828410315788613
6780.67268578232,0.834737536135586
6840.67863875385,0.841012355657939
6900.68459172537,0.847235519774332
6960.69054469689,0.853407783381971
7020.69649766842,0.859532194366797
7080.70245063994,0.865625124240765
7140.70840361147,0.871674801506502
7200.71435658299,0.877678206284484
7260.72030955452,0.883632268846559
7320.72626252604,0.889517651228215
7380.73221549757,0.895360925302553
7440.73816846909,0.901163124056367
7500.74412144062,0.906925963970072
7560.75007441214,0.912652597936129
7620.75602738367,0.91835605474419
7680.7619803552,0.92402827691333
7740.76793332672,0.929667680166057
7800.77388629824,0.93527280490384
7860.77983926977,0.940831486635167
7920.78579224129,0.946363118990687
7980.79174521282,0.951868930843691
8040.79769818434,0.957350427040797
8100.80365115587,0.962809830482427
8160.80960412739,0.96825525631432
8220.81555709892,0.973681802244338
8280.82151007044,0.979088234800144
8340.82746304197,0.984474545211269
8400.83341601349,0.989841096367025
8460.83936898502,0.995188196258842
8520.84532195654,1.00051603330373
8580.85127492807,1.00582529761113
8640.85722789959,1.01111683296426
8700.86318087112,1.01639084320579
8760.86913384264,1.02164692628607
8820.87508681417,1.02688448006603
8880.88103978569,1.03210302946404
8940.88699275722,1.03730190223253
9000.89294572874,1.04248060962232
9060.89889870027,1.04763902049632
9120.90485167179,1.05277705986252
9180.91080464332,1.05789375403336
9240.91675761484,1.06298840635958
9300.92271058637,1.06806175832677
9360.92866355789,1.073112861101
9420.93461652942,1.07813120373083
9480.94056950094,1.08312795552112
9540.94652247247,1.08810274762639
9600.95247544399,1.09305544157401
9660.95842841552,1.09798577996389
9720.96438138704,1.10289376495507
9780.97033435857,1.10777958697781
9840.97628733009,1.11264341341173
9900.98224030162,1.11748542739579
9960.98819327314,1.12230596154804
10020.9941462447,1.12710521822741
10081.0000992162,1.13188328197609
10141.0060521877,1.13664022769908
10201.0120051592,1.14137616768958
10261.0179581308,1.14609121739164
10321.0239111023,1.15078549778401
10381.0298640738,1.15545916622599
10441.0358170453,1.16011237454265
10501.0417700169,1.16474534523049
10561.0477229884,1.16935828442316
10621.0536759599,1.17395146726175
10681.0596289314,1.17852512061446
10741.065581903,1.18307953909198
10801.0715348745,1.18761497312059
10861.077487846,1.19213168663017
10921.0834408175,1.19662995573494
10981.0893937891,1.20111001663558
11041.0953467606,1.20557211205217
11101.1012997321,1.21001646945529
11161.1072527036,1.21444330583882
11221.1132056752,1.21885279015398
11281.1191586467,1.22324514139557
11341.1251116182,1.22762050676261
11401.1310645897,1.23197905190358
11461.1370175613,1.23632093006632
11521.1429705328,1.24064628142361
11581.1489235043,1.24495526327
11641.1548764758,1.2492480131067
11701.1608294474,1.25352467689771
11761.1667824189,1.25778539425957
11821.1727353904,1.26203031516914
11881.1786883619,1.26625957953681
11941.1846413335,1.27047332458199
12001.190594305,1.274671689296
12061.1965472765,1.27885481126262
12121.202500248,1.2830228196857
12181.2084532196,1.28717582174177
12241.2144061911,1.29131392691061
12301.2203591626,1.29543723436343
12361.2263121341,1.29954585828926
12421.2322651057,1.30363986587313
12481.2382180772,1.30771935558767
12541.2441710487,1.31178439580928
12601.2501240202,1.31583506316957
12661.2560769918,1.31987146331672
12721.2620299633,1.32389365767022
12781.2679829348,1.32790171628884
12841.2739359063,1.33189568036874
12901.2798888779,1.33587563321325
12961.2858418494,1.33984165150935
13021.2917948209,1.34379381389428
13081.2977477924,1.34773218991589
13141.303700764,1.35165685079923
13201.3096537355,1.35556788042603
13261.315606707,1.35946534599834
13321.3215596785,1.36334933589094
13381.3275126501,1.36721992713887
13441.3334656216,1.37107719643716
13501.3394185931,1.37492122593975
13561.3453715646,1.37875209903784
13621.3513245362,1.38256990427967
13681.3572775077,1.38637470896074
13741.3632304792,1.39016661775275
13801.3691834507,1.39394569263628
13861.3751364223,1.39771203858233
13921.3810893938,1.4014657236789
13981.3870423653,1.40520684074157
14041.3929953368,1.40893546502257
14101.3989483084,1.41265169224669
14161.4049012799,1.41635558688321
14221.4108542514,1.42004725157853
14281.4168072229,1.4237267596989
14341.4227601945,1.42739419636517
14401.428713166,1.43104963995177
14461.4346661375,1.43469317697733
14521.440619109,1.43832487993681
14581.4465720806,1.44194482546409
14641.4525250521,1.44555311190745
14701.4584780236,1.44914981077755
14761.4644309951,1.45273498214725
14821.4703839667,1.45630870597049
14881.4763369382,1.45987106479002
14941.4822899097,1.46342213362752
15001.4882428812,1.46696197407089
15061.4941958528,1.47049066308569
15121.5001488243,1.474008275114
15181.5061017958,1.47751487798562
15241.5120547673,1.48101052556978
15301.5180077389,1.48449528889455
15361.5239607104,1.48796923717347
15421.5299136819,1.49143243395301
15481.5358666534,1.49488494780575
15541.541819625,1.49832683485222
15601.5477725965,1.50175816558133
15661.553725568,1.50517899872718
15721.5596785395,1.50858939455453
15781.5656315111,1.51198940852048
15841.5715844826,1.51537910186847
15901.5775374541,1.51875853291538
15961.5834904256,1.52212775854813
16021.5894433972,1.52548683909355
16081.5953963687,1.52883582452633
16141.6013493402,1.53217478340416
16201.6073023117,1.53550377234812
16261.6132552833,1.53882284636375
16321.6192082548,1.54213205644224
16381.6251612263,1.54543145593568
16441.6311141978,1.54872110724425
16501.6370671694,1.55200106984663
16561.6430201409,1.55527138553112
16621.6489731124,1.55853213580775
16681.6549260839,1.56178339048631
16741.6608790555,1.56502519075092
16801.666832027,1.56825757234551
16861.6727849985,1.57148057141228
16921.67873797,1.57469423236982
16981.6846909416,1.57789860095069
17041.6906439131,1.5810937127985
17101.6965968846,1.58427962410922
17161.7025498561,1.58745638630765
17221.7085028277,1.59062407434918
17281.7144557992,1.59378271987198
17341.7204087707,1.59693239113382
17401.7263617422,1.60007313741598
17461.7323147138,1.60320501170275
17521.7382676853,1.60632807989057
17581.7442206568,1.60944237653251
17641.7501736283,1.61254795399025
17701.7561265999,1.61564484608774
17761.7620795714,1.61873310674946
17821.7680325429,1.62181276911018
17881.7739855144,1.62488390387604
17941.779938486,1.62794657149393
18001.7858914575,1.63100081396923
18061.791844429,1.63404668910571
18121.7977974005,1.63708422353251
18181.8037503721,1.64011346039504
18241.8097033436,1.64313442649736
18301.8156563151,1.64614717364543
18361.8216092866,1.64915172917145
18421.8275622582,1.65214814700463
18481.8335152297,1.65513645679053
18541.8394682012,1.65811668333507
18601.8454211727,1.66108888520024
18661.8513741443,1.66405309449987
18721.8573271158,1.66700935382811
18781.8632800873,1.66995770462591
18841.8692330588,1.67289820016611
18901.8751860304,1.67583087263013
18961.8811390019,1.67875577458721
19021.8870919734,1.68167293412873
19081.8930449449,1.68458239400516
19141.8989979165,1.68748418990373
19201.904950888,1.69037836389897
19261.9109038595,1.69326495860518
19321.916856831,1.69614401729313
19381.9228098026,1.69901557409734
19441.9287627741,1.70187964677636
19501.9347157456,1.70473627954339
19561.9406687171,1.70758551224616
19621.9466216887,1.7104273915802
19681.9525746602,1.71326195019938
19741.9585276317,1.71608922428953
19801.9644806032,1.71890925059541
19861.9704335748,1.7217220641545
19921.9763865463,1.72452770544848
19981.9823395178,1.7273261983167
20041.9882924893,1.73011759926539
20101.9942454609,1.73290191966258
20162.0001984324,1.73567919524886
20222.0061514039,1.73844947412149
20282.0121043754,1.74121277611751
20342.018057347,1.74396914296211
20402.0240103185,1.74671860951616
20462.02996329,1.74946120540028
20522.0359162615,1.75219696649276
20582.0418692331,1.7549259201432
20642.0478222046,1.75764811073803
20702.0537751761,1.7603635521942
20762.0597281476,1.76307229876625
20822.0656811192,1.765774366919
20882.0716340907,1.76846980170543
20942.0775870622,1.77115863422944
21002.0835400337,1.77384089065497
21062.0894930053,1.77651659098122
21122.0954459768,1.77918577231523
21182.1013989483,1.78184846306039
21242.1073519198,1.78450468500952
21302.1133048914,1.7871544729238
21362.1192578629,1.78979784941178
21422.1252108344,1.7924348764102
21482.1311638059,1.79506556704152
21542.1371167775,1.79768995494088
21602.143069749,1.80030806042729
21662.1490227205,1.8029199211293
21722.154975692,1.80552555347948
21782.1609286636,1.80812499154327
21842.1668816351,1.81071825410074
21902.1728346066,1.81330538123338
21962.1787875781,1.81588641404106
22022.1847405497,1.81846136087668
22082.1906935212,1.82103025322846
22142.1966464927,1.82359311594387
22202.2025994642,1.82614999366417
22262.2085524358,1.82870091541863
22322.2145054073,1.83124588807811
22382.2204583788,1.83378493943421
22442.2264113503,1.83631807952246
22502.2323643219,1.83884534210242
22562.2383172934,1.84136674327064
22622.2442702649,1.84388232923205
22682.2502232364,1.84639211592987
22742.256176208,1.84889613599844
22802.2621291795,1.85139441366123
22862.268082151,1.85388696432558
22922.2740351225,1.85637382335383
22982.2799880941,1.85885501804281
23042.2859410656,1.8613305801043
23102.2918940371,1.86380052847855
23162.2978470086,1.86626488696297
23222.3037999802,1.86872367239366
23282.3097529517,1.87117692459856
23342.3157059232,1.87362466165931
23402.3216588947,1.87606690856107
23462.3276118663,1.87850368546093
23522.3335648378,1.88093502135011
23582.3395178093,1.88336093289032
23642.3454707808,1.88578144239967
23702.3514237524,1.88819657575626
23762.3573767239,1.89060634531363
23822.3633296954,1.89301078684336
23882.3692826669,1.89540991998658
23942.3752356385,1.89780376106038
24002.38118861,1.90019234032738
24062.3871415815,1.9025756753087
24122.393094553,1.90495378679073
24182.3990475246,1.90732670094541
24242.4050004961,1.90969443975429
24302.4109534676,1.91205702211221
24362.4169064391,1.91441447410816
24422.4228594107,1.91676681532452
24482.4288123822,1.9191140537112
24542.4347653537,1.92145623028494
24602.4407183252,1.92379335172839
24662.4466712968,1.92612544936923
24722.4526242683,1.92845253482658
24782.4585772398,1.93077463621905
24842.4645302113,1.93309176624759
24902.4704831829,1.93540396071067
24962.4764361544,1.93771123415308
25022.4823891259,1.94001360157949
25082.4883420974,1.94231110086673
25142.494295069,1.944603747288
25202.5002480405,1.94689154423329
25262.506201012,1.94917450464835
25322.5121539835,1.9514526548109
25382.5181069551,1.95372601304798
25442.5240599266,1.95599460332117
25502.5300128981,1.95825843069103
25562.5359658696,1.96051752334071
25622.5419188412,1.96277191121041
25682.5478718127,1.96502160333243
25742.5538247842,1.96726661635046
25802.5597777557,1.96950696991847
25862.5657307273,1.97174269734269
25922.5716836988,1.97397380033153
25982.5776366703,1.97620031520657
26042.5835896418,1.97842224709885
26102.5895426134,1.98063961951282
26162.5954955849,1.98285244829546
26222.6014485564,1.9850607409135
26282.6074015279,1.98726453185365
26342.6133544995,1.98946382450067
26402.619307471,1.99165864887277
26462.6252604425,1.99384901646517
26522.631213414,1.99603493608563
26582.6371663856,1.99821643473618
26642.6431193571,2.00039352419116
26702.6490723286,2.00256622532165
26762.6550253001,2.00473456305075
26822.6609782717,2.00689854855483
26882.6669312432,2.00905820447236
26942.6728842147,2.01121353994723
27002.6788371862,2.01336457194589
27062.6847901578,2.01551131864529
27122.6907431293,2.01765378242176
27182.6966961008,2.01979197538119
27242.7026490723,2.02192592787154
27302.7086020439,2.02405566168061
27362.7145550154,2.02618119712106
27422.7205079869,2.02830253927212
27482.7264609584,2.03041971350616
27542.73241393,2.03253272437754
27602.7383669015,2.03464159362839
27662.744319873,2.03674634329249
27722.7502728445,2.03884698397896
27782.7562258161,2.04094354200392
27842.7621787876,2.04303602700043
27902.7681317591,2.04512444178073
27962.7740847306,2.04720880300928
28022.7800377022,2.04928913546448
28082.7859906737,2.05136544454786
28142.7919436452,2.05343774895545
28202.7978966167,2.05550606232127
28262.8038495883,2.05757038822834
28322.8098025598,2.05963075165961
28382.8157555313,2.06168716370272
28442.8217085028,2.06373965210565
28502.8276614744,2.06578822274647
28562.8336144459,2.06783289498573
28622.8395674174,2.0698736753206
28682.8455203889,2.07191059000856
28742.8514733605,2.0739436433892
28802.857426332,2.07597284848854
28862.8633793035,2.07799822586508
28922.869332275,2.08001978456861
28982.8752852466,2.08203754314024
29042.8812382181,2.08405150918571
29102.8871911896,2.0860617032958
29162.8931441611,2.08806813467999
29222.8990971326,2.0900708254588
29282.9050501042,2.09206976938487
29342.9110030757,2.09406498853331
29402.9169560472,2.09605650179864
29462.9229090188,2.09804431693954
29522.9288619903,2.10002845065177
29582.9348149618,2.10200891526794
29642.9407679333,2.10398572312783
29702.9467209049,2.1059588803113
29762.9526738764,2.10792840657616
29822.9586268479,2.10989430960913
29882.9645798194,2.11185660698472
29942.970532791,2.11381531438365
30002.9764857625,2.11577044821184
30062.982438734,2.1177220202498
30122.9883917055,2.11967003194431
30182.9943446771,2.12161451351453
30243.0002976486,2.12355546355497
30303.0062506201,2.12549289145338
30363.0122035916,2.1274268069518
30423.0181565631,2.12935722154027
30483.0241095347,2.1312841627562
30543.0300625062,2.13320763088694
30603.0360154777,2.13512764113534
30663.0419684492,2.13704419019594
30723.0479214208,2.13895730119998
30783.0538743923,2.14086699367875
30843.0598273638,2.14277327777411
30903.0657803354,2.14467615537144
30963.0717333069,2.1465756464642
31023.0776862784,2.14847176794901
31083.0836392499,2.15036451786106
31143.0895922215,2.15225391842827
31203.095545193,2.15413997481805
31263.1014981645,2.15602270754544
31323.107451136,2.15790211983372
31383.1134041075,2.15977823185545
31443.1193570791,2.16165104568139
31503.1253100506,2.16352056841263
31563.1312630221,2.16538682278722
31623.1372159937,2.1672498224753
31683.1431689652,2.1691095915504
31743.1491219367,2.17096612341756
31803.1550749082,2.17281943380023
31863.1610278797,2.1746695144082
31923.1669808513,2.17651638399054
31983.1729338228,2.17836005243112
32043.1788867943,2.18020051727442
32103.1848397659,2.18203780664944
32163.1907927374,2.18387192420726
32223.1967457089,2.1857028966193
32283.2026986804,2.18753071511239
32343.208651652,2.18935540598551
32403.2146046235,2.19117696280105
32463.220557595,2.19299540804739
32523.2265105665,2.19481075126605
32583.2324635381,2.19662298627428
32643.2384165096,2.19843214985358
32703.2443694811,2.20023823113658
32763.2503224526,2.2020412503515
32823.2562754242,2.20384121499742
32883.2622283957,2.20563813930259
32943.2681813672,2.20743202521762
33003.2741343387,2.20922289328318
33063.2800873102,2.21101074777969
33123.2860402818,2.21279559347844
33183.2919932533,2.21457745568387
33243.2979462248,2.21635632099097
33303.3038991964,2.21813220768317
33363.3098521679,2.21990512865972
33423.3158051394,2.2216750998192
33483.3217581109,2.22344211783721
33543.3277110824,2.2252062018154
33603.333664054,2.22696736251714
33663.3396170255,2.22872559851734
33723.345569997,2.23048092186004
33783.3515229685,2.23223334146304
33843.3574759401,2.23398287844276
33903.3634289116,2.23572953895056
33963.3693818831,2.23747332590577
34023.3753348546,2.23921425067098
34083.3812878262,2.24095232394287
34143.3872407977,2.24268755381315
34203.3931937692,2.24441993005295
34263.3991467407,2.24614948347042
34323.4050997123,2.24787621902092
34383.4110526838,2.24960015283659
34443.4170056553,2.25132127765241
34503.4229586268,2.25303961676875
34563.4289115984,2.25475516489658
34623.4348645699,2.25646793915223
34683.4408175414,2.2581779434754
34743.446770513,2.25988519355062
34803.4527234845,2.26158968894701
34863.458676456,2.26329144319141
34923.4646294275,2.26499046896851
34983.4705823991,2.26668676612474
35043.4765353706,2.26838034829139
35103.4824883421,2.27007123056884
35163.4884413136,2.27175941633529
35223.4943942851,2.27344491886955
35283.5003472567,2.27512773022047
35343.5063002282,2.2768078683641
35403.5122531997,2.2784853384039
35463.5182061712,2.28016014671139
35523.5241591428,2.28183230747246
35583.5301121143,2.28350182398217
35643.5360650858,2.2851687041975
35703.5420180573,2.28683296455333
35763.5479710289,2.2884946116368
35823.5539240004,2.29015364703015
35883.5598769719,2.29181008495103
35943.5658299435,2.29346392598392
36003.571782915,2.29511518407882
36063.5777358865,2.29676386040347
36123.583688858,2.29840996197853
36183.5896418295,2.30005351209331
36243.5955948011,2.30169449931582
36303.6015477726,2.30333294357002
36363.6075007441,2.30496884140765
36423.6134537156,2.30660220564178
36483.6194066872,2.30823304269073
36543.6253596587,2.30986136210539
36603.6313126302,2.3114871713243
36663.6372656017,2.31311047821552
36723.6432185733,2.31473128717972
36783.6491715448,2.31634961084365
36843.6551245163,2.31796545538156
36903.6610774878,2.31957882569119
36963.6670304594,2.32118974220215
37023.6729834309,2.32279819886408
37083.6789364024,2.32440420763037
37143.6848893739,2.32600777583332
37203.6908423455,2.3276088973337
37263.696795317,2.32920758641967
37323.7027482885,2.33080384830907
37383.70870126,2.33239769564998
37443.7146542316,2.33398913676112
37503.7206072031,2.33557817898841
37563.7265601746,2.33716482884198
37623.7325131461,2.33874909132931
37683.7384661177,2.34033096601314
37743.7444190892,2.34191046610163
37803.7503720607,2.34348759260366
37863.7563250322,2.3450623601992
37923.7622780038,2.34663477354917
37983.7682309753,2.34820484757311
38043.7741839468,2.3497725888733
38103.7801369184,2.3513379927378
38163.7860898899,2.35290106963393
38223.7920428614,2.35446182024384
38283.7979958329,2.35602026061999
38343.8039488044,2.35757639492085
38403.809901776,2.3591302407163
38463.8158547475,2.36068178268605
38523.821807719,2.36223103493007
38583.8277606905,2.36377800770524
38643.8337136621,2.36532271324714
38703.8396666336,2.36686514923115
38763.8456196051,2.36840532319849
38823.8515725766,2.36994324207733
38883.8575255482,2.37147890852857
38943.8634785197,2.3730123407279
39003.8694314912,2.37454353138636
39063.8753844627,2.37607249267129
39123.8813374343,2.37759923235388
39183.8872904058,2.37912374976908
39243.8932433773,2.38064606667566
39303.8991963488,2.38216617925527
39363.9051493204,2.383684096556
39423.9111022919,2.38519981683161
39483.9170552634,2.38671335158903
39543.9230082349,2.38822470242919
39603.9289612065,2.38973388069048
39663.934914178,2.39124089177871
39723.9408671495,2.3927457323011
39783.946820121,2.39424842323146
39843.9527730926,2.39574896360337
39903.9587260641,2.39724736944702
39963.9646790356,2.3987436284229
40023.9706320071,2.40023775853175
40083.9765849787,2.40172976044797
40143.9825379502,2.40321963730468
40203.9884909217,2.40470739971774
40263.9944438932,2.4061930562867
40324.0003968648,2.40767661193943
40384.0063498363,2.40915806484882
40444.0123028078,2.41063743234015
40504.0182557793,2.41211470749792
40564.0242087509,2.41358990303799
40624.0301617224,2.41506302311582
40684.0361146939,2.41653406917388
40744.0420676654,2.41800305407951
40804.048020637,2.41946997128528
40864.0539736085,2.42093484257105
40924.05992658,2.42239766683727
40984.0658795515,2.42385844899908
41044.0718325231,2.42531719858579
41104.0777854946,2.42677392718266
41164.0837384661,2.42822862603416
41224.0896914376,2.42968130422538
41284.0956444092,2.43113196351753
41344.1015973807,2.43258061057558
41404.1075503522,2.43402726116922
41464.1135033237,2.43547190790827
41524.1194562953,2.43691456224121
41584.1254092668,2.43835523610678
41644.1313622383,2.4397939236662
41704.1373152098,2.44123063104472
41764.1432681814,2.44266536948578
41824.1492211529,2.44409813915438
41884.1551741244,2.44552895043578
41944.1611270959,2.44695780379593
42004.1670800675,2.44838469877737
42064.173033039,2.44980965216637
42124.1789860105,2.4512326721624
42184.184938982,2.45265375517284
42244.1908919536,2.45407290486617
42304.1968449251,2.45549012263941
42364.2027978966,2.45690542035711
42424.2087508681,2.45831880824098
42484.2147038397,2.45973028878864
42544.2206568112,2.46113985776759
42604.2266097827,2.46254752927192
42664.2325627542,2.46395330307637
42724.2385157258,2.46535718429701
42784.2444686973,2.46675917777291
42844.2504216688,2.46815929408676
42904.2563746403,2.46955753830929
42964.2623276119,2.47095390143855
43024.2682805834,2.47234840160058
43084.2742335549,2.47374103681367
43144.2801865264,2.47513182172806
43204.286139498,2.47652075340516
43264.2920924695,2.4779078467417
43324.298045441,2.47929310077728
43384.3039984125,2.48067651467591
43444.3099513841,2.48205808641775
43504.3159043556,2.48343782583378
43564.3218573271,2.48481573830363
43624.3278102986,2.48619183607333
43684.3337632702,2.48756611823046
43744.3397162417,2.48893859140537
43804.3456692132,2.49030925990796
43864.3516221847,2.49167812282194
43924.3575751563,2.49304519258594
43984.3635281278,2.49441047219536
44044.3694810993,2.49577396821191
44104.3754340708,2.49713568488906
44164.3813870424,2.49849563052752
44224.3873400139,2.49985379637945
44284.3932929854,2.50121018607028
44344.3992459569,2.50256480887795
44404.4051989285,2.50391767637345
44464.4111519,2.5052687880818
44524.4171048715,2.50661814434697
44584.423057843,2.50796575937811
44644.4290108146,2.5093116349117
44704.4349637861,2.51065576121983
44764.4409167576,2.51199815590501
44824.4468697291,2.51333882029134
44884.4528227007,2.51467776790599
44944.4587756722,2.51601498584389
45004.4647286437,2.51735048590971
45064.4706816152,2.5186842753174
45124.4766345868,2.52001636459094
45184.4825875583,2.52134674569343
45244.4885405298,2.5226754303177
45304.4944935013,2.52400241709697
45364.5004464729,2.52532770837926
45424.5063994444,2.5266513176995
45484.5123524159,2.5279732353368
45544.5183053874,2.52929346933407
45604.524258359,2.53061203750256
45664.5302113305,2.53192893674385
45724.536164302,2.5332441734153
45784.5421172735,2.53455773961486
45844.5480702451,2.53586964649962
45904.5540232166,2.53717990132914
45964.5599761881,2.53848850225883
46024.5659291596,2.53979545516711
46084.5718821312,2.54110076774405
46144.5778351027,2.54240444711977
46204.5837880742,2.54370649152762
46264.5897410457,2.54500690451699
46324.5956940173,2.54630569022937
46384.6016469888,2.54760284951282
46444.6075999603,2.54889839432375
46504.6135529318,2.55019232461531
46564.6195059034,2.55148464606803
46624.6254588749,2.55277536043873
46684.6314118464,2.5540644715565
46744.6373648179,2.55535197381358
46804.6433177895,2.55663787422292
46864.649270761,2.55792218322956
46924.6552237325,2.55920491292659
46984.661176704,2.56048606291656
47044.6671296756,2.56176563114912
47104.6730826471,2.56304362384098
47164.6790356186,2.56432004496245
47224.6849885901,2.56559489948986
47284.6909415617,2.56686818152042
47344.6968945332,2.56813990356671
47404.7028475047,2.56941006458534
47464.7088004762,2.57067867154674
47524.7147534478,2.57194572572369
47584.7207064193,2.57321123265129
47644.7266593908,2.57447519011279
47704.7326123623,2.57573761424912
47764.7385653339,2.57699849717388
47824.7445183054,2.5782578472589
47884.7504712769,2.57951567478425
47944.7564242484,2.5807719777897
48004.76237722,2.58202675490072
48064.7683301915,2.5832800248339
48124.774283163,2.58453177618127
48184.7802361345,2.5857820217188
48244.7861891061,2.58703075167332
48304.7921420776,2.58827798172715
48364.7980950491,2.58952370067864
48424.8040480206,2.59076792688509
48484.8100009922,2.59201066222804
48544.8159539637,2.59325190793599
48604.8219069352,2.59449166933129
48664.8278599067,2.59572994846849
48724.8338128783,2.59696674468801
48784.8397658498,2.59820205728823
48844.8457188213,2.59943589676098
48904.8516717928,2.60066826650905
48964.8576247644,2.60189916987098
49024.8635777359,2.60312861507667
49084.8695307074,2.60435659608192
49144.8754836789,2.60558312817694
49204.8814366505,2.60680820633222
49264.887389622,2.60803183723728
49324.8933425935,2.60925402490442
49384.899295565,2.61047477276106
49444.9052485366,2.611694081855
49504.9112015081,2.61291194953888
49564.9171544796,2.61412838336586
49624.9231074511,2.61534338269192
49684.9290604227,2.61655695530451
49744.9350133942,2.61776910652421
49804.9409663657,2.61897983879383
49864.9469193372,2.62018914929285
49924.9528723088,2.62139704659298
49984.9588252803,2.62260353172002
50044.9647782518,2.62380861513904
50104.9707312233,2.62501229654096
50164.9766841949,2.62621457760358
50224.9826371664,2.62741546304677
50284.9885901379,2.62861494868028
50344.9945431094,2.62981304232349
50405.000496081,2.63100974892769
50465.0064490525,2.6322050705984
50525.012402024,2.63339900701149
50585.0183549955,2.63459156865218
50645.0243079671,2.63578275312775
50705.0302609386,2.63697255762517
50765.0362139101,2.63816099531883
50825.0421668816,2.63934807066265
50885.0481198532,2.64053377891493
50945.0540728247,2.64171812790629
51005.0600257962,2.64290111419252
51065.0659787677,2.64408274589593
51125.0719317393,2.64526302739145
51185.0778847108,2.64644195977484
51245.0838376823,2.64761954881369
51305.0897906538,2.64879579700268
51365.0957436254,2.64997070168014
51425.1016965969,2.65114427547364
51485.1076495684,2.65231651626134
51545.1136025399,2.65348742939748
51605.1195555115,2.65465701048864
51665.125508483,2.65582525919847
51725.1314614545,2.65699218889158
51785.137414426,2.65815779994629
51845.1433673976,2.65932209773038
51905.1493203691,2.66048508225125
51965.1552733406,2.66164675167448
52025.1612263121,2.66280711354108
52085.1671792837,2.66396616729179
52145.1731322552,2.66512391713244
52205.1790852267,2.66628036883204
52265.1850381982,2.66743552844741
52325.1909911698,2.66858939467031
52385.1969441413,2.66974196232149
52445.2028971128,2.67089324690615
52505.2088500843,2.67204324670098
52565.2148030559,2.67319196962772
52625.2207560274,2.67433941109302
52685.2267089989,2.6754855717301
52745.2326619704,2.67663046087897
52805.238614942,2.67777407353902
52865.2445679135,2.67891642259549
52925.250520885,2.68005749827451
52985.2564738565,2.68119731313361
53045.2624268281,2.6823358768435
53105.2683797996,2.68347317223311
53165.2743327711,2.68460921522625
53225.2802857426,2.68574400302492
53285.2862387142,2.68687754510276
53345.2921916857,2.68800984129983
53405.2981446572,2.68914090133126
53465.3040976287,2.69027070770697
53525.3100506003,2.69139928461235
53585.3160035718,2.69252661875515
53645.3219565433,2.69365270941243
53705.3279095148,2.69477757888865
53765.3338624864,2.69590121457553
53825.3398154579,2.6970236239952
53885.3457684294,2.69814481243941
53945.3517214009,2.69926478007292
54005.3576743725,2.70038352380603
54065.363627344,2.70150105748698
54125.3695803155,2.70261738275884
54185.375533287,2.7037324963669
54245.3814862586,2.70484639760055
54305.3874392301,2.70595909530248
54365.3933922016,2.7070705897153
54425.3993451731,2.70818087521297
54485.4052981447,2.70928996686966
54545.4112511162,2.71039786550485
54605.4172040877,2.71150456789123
54665.4231570592,2.7126100830784
54725.4291100308,2.71371439827089
54785.4350630023,2.71481753964626
54845.4410159738,2.71591950047018
54905.4469689453,2.71702028239034
54965.4529219169,2.71811988117294
55025.4588748884,2.7192183075132
55085.4648278599,2.72031555817588
55145.4707808314,2.72141163822953
55205.476733803,2.72250655637813
55265.4826867745,2.72360031152863
55325.488639746,2.72469290801446
55385.4945927175,2.72578434601677
55445.5005456891,2.72687463299662
55505.5064986606,2.72796376995611
55565.5124516321,2.72905175764709
55625.5184046036,2.73013859022204
55685.5243575752,2.73122427708416
55745.5303105467,2.73230881081178
55805.5362635182,2.7333922025368
55865.5422164897,2.73447445100085
55925.5481694613,2.73555554460497
55985.5541224328,2.73663550609668
56045.5600754043,2.73771432465028
56105.5660283758,2.73879202366602
56165.5719813474,2.73986859136439
56225.5779343189,2.74094402700033
56285.5838872904,2.7420183365618
56345.5898402619,2.74309151410353
56405.5957932335,2.74416357855715
56465.601746205,2.74523451610639
56525.6076991765,2.74630433764717
56585.613652148,2.74737304300159
56645.6196051196,2.74844063422372
56705.6255580911,2.74950711232255
56765.6315110626,2.75057248947814
56825.6374640341,2.7516367601673
56885.6434170057,2.75269993008475
56945.6493699772,2.75376199524494
57005.6553229487,2.75482295657332
57065.6612759202,2.75588282833303
57125.6672288918,2.75694160365779
57185.6731818633,2.75799928034541
57245.6791348348,2.75905585847889
57305.6850878063,2.76011135164598
57365.6910407779,2.76116576317956
57425.6969937494,2.76221909076183
57485.7029467209,2.76327133052648
57545.7088996924,2.76432250405514
57605.714852664,2.76537260299534
57665.7208056355,2.76642162682645
57725.726758607,2.76746957583041
57785.7327115785,2.76851644367296
57845.7386645501,2.7695622489617
57905.7446175216,2.7706069910136
57965.7505704931,2.7716506585058
58025.7565234646,2.77269325784146
58085.7624764362,2.77373480231121
58145.7684294077,2.77477528532259
58205.7743823792,2.77581472373201
58265.7803353507,2.77685310433251
58325.7862883222,2.77789043029844
58385.7922412938,2.77892671042164
58445.7981942653,2.77996193764596
58505.8041472368,2.78099611071341
58565.8101002084,2.78202924654836
58625.8160531799,2.78306134639027
58685.8220061514,2.78409240233353
58745.8279591229,2.78512242896566
58805.8339120945,2.78615141383367
58865.839865066,2.78717936750693
58925.8458180375,2.78820629194747
58985.851771009,2.78923219575462
59045.8577239806,2.79025706732461
59105.8636769521,2.79128090978717
59165.8696299236,2.79230372646824
59225.8755828951,2.79332551790991
59285.8815358666,2.79434627952526
59345.8874888382,2.79536602536668
59405.8934418097,2.79638476077001
59465.8993947812,2.79740248775041
59525.9053477528,2.79841920047254
59585.9113007243,2.79943490275022
59645.9172536958,2.80044960740946
59705.9232066673,2.80146329379916
59765.9291596389,2.80247598028208
59825.9351126104,2.8034876570663
59885.9410655819,2.80449833971203
59945.9470185534,2.80550802757278
60005.9529715249,2.80651671403186
60065.9589244965,2.80752440000629
60125.964877468,2.80853109022601
60185.9708304395,2.80953678903257
60245.9767834111,2.81054150199358
60305.9827363826,2.81154522966789
60365.9886893541,2.81254797380556
60425.9946423256,2.81354974492086
60486.0005952971,2.81455053000924
60546.0065482687,2.81555034007245
60606.0125012402,2.81654916519544
60666.0184542117,2.81754701364862
60726.0244071833,2.81854389117829
60786.0303601548,2.81953979346253
60846.0363131263,2.82053472409136
60906.0422660978,2.82152869589194
60966.0482190694,2.82252169843193
61026.0541720409,2.82351372759385
61086.0601250124,2.82450479880008
61146.0660779839,2.8254949103485
61206.0720309555,2.82648405494663
61266.077983927,2.82747224652016
61326.0839368985,2.82845947651554
61386.08988987,2.82944575742035
61446.0958428416,2.8304310859813
61506.1017958131,2.83141547059742
61566.1077487846,2.83239890065841
61626.1137017561,2.83338138957039
61686.1196547276,2.83436293049009
61746.1256076992,2.83534352960413
61806.1315606707,2.83632319019197
61866.1375136422,2.83730190439214
61926.1434666138,2.83827968306513
61986.1494195853,2.83925652643712
62046.1553725568,2.84023242822937
62106.1613255283,2.84120739039567
62166.1672784999,2.84218143350884
62226.1732314714,2.84315454175477
62286.1791844429,2.84412672186507
62346.1851374144,2.84509798070457
62406.191090386,2.84606831343456
62466.1970433575,2.84703773313875
62526.202996329,2.84800622208167
62586.2089493005,2.84897379675699
62646.2149022721,2.84994045239914
62706.2208552436,2.85090619057391
62766.2268082151,2.85187101861779
62826.2327611866,2.85283494072215
62886.2387141581,2.85379796111547
62946.2446671297,2.85476007771285
63006.2506201012,2.85572129949523
63066.2565730727,2.85668161162593
63126.2625260443,2.85764102883357
63186.2684790158,2.85859954408353
63246.2744319873,2.85955715929163
63306.2803849588,2.86051387704316
63366.2863379304,2.86146969875606
63426.2922909019,2.86242463341214
63486.2982438734,2.86337867208066
63546.3041968449,2.86433181791104
63606.3101498164,2.86528406535817
63666.316102788,2.8662354305154
63726.3220557595,2.86718590358246
63786.328008731,2.86813548589069
63846.3339617026,2.86908417889533
63906.3399146741,2.87003198990525
63966.3458676456,2.87097892656363
64026.3518206171,2.87192498235242
64086.3577735887,2.87287015828772
64146.3637265602,2.87381445615819
64206.3696795317,2.87475787987033
64266.3756325032,2.87570042269902
64326.3815854748,2.8766420941961
64386.3875384463,2.87758290092744
64446.3934914178,2.87852283726371
64506.3994443893,2.87946190505661
64566.4053973608,2.88040010588174
64626.4113503324,2.88133745456219
64686.4173033039,2.88227393877728
64746.4232562754,2.88320955346935
64806.429209247,2.88414431161559
64866.4351622185,2.88507820820616
64926.44111519,2.88601124749535
64986.4470681615,2.88694343018196
65046.453021133,2.88787475401868
65106.4589741046,2.88880523017131
65166.4649270761,2.8897348569457
65226.4708800476,2.89066363499521
65286.4768330191,2.89159157248868
65346.4827859907,2.89251866530908
65406.4887389622,2.89344490844309
65466.4946919337,2.89437030320449
65526.5006449053,2.89529486068335
65586.5065978768,2.89621858362758
65646.5125508483,2.89714146639372
65706.5185038198,2.8980635206257
65766.5244567914,2.89898473839641
65826.5304097629,2.89990512106935
65886.5363627344,2.90082466729154
65946.5423157059,2.90174338942495
66006.5482686774,2.90266127887965
66066.554221649,2.90357834355188
66126.5601746205,2.9044945738619
66186.566127592,2.90540997511937
66246.5720805636,2.90632455692199
66306.5780335351,2.90723831812281
66366.5839865066,2.90815126171947
66426.5899394781,2.90906338535907
66486.5958924497,2.90997469502385
66546.6018454212,2.91088518409642
66606.6077983927,2.91179485749268
66666.6137513642,2.912703713956
66726.6197043357,2.91361176076854
66786.6256573073,2.91451900230552
66846.6316102788,2.91542543397295
66906.6375632503,2.91633105562208
66966.6435162219,2.91723586976264
67026.6494691934,2.91813988410278
67086.6554221649,2.9190430948552
67146.6613751364,2.91994550043038
67206.6673281079,2.92084710042018
67266.6732810795,2.92174790151193
67326.679234051,2.9226479011531
67386.6851870225,2.92354709937158
67446.6911399941,2.9244455131375
67506.6970929656,2.92534313194393
67566.7030459371,2.92623995869941
67626.7089989086,2.92713599656914
67686.7149518801,2.92803124747214
67746.7209048517,2.92892571263118
67806.7268578232,2.92981938040034
67866.7328107947,2.93071225994802
67926.7387637662,2.93160435146371
67986.7447167378,2.93249566823563
68046.7506697093,2.93338619992389
68106.7566226808,2.93427595097283
68166.7625756523,2.93516492734486
68226.7685286239,2.93605312134118
68286.7744815954,2.93694053999807
68346.7804345669,2.93782718039598
68406.7863875384,2.93871304925506
68466.79234051,2.93959814639941
68526.7982934815,2.94048247428914
68586.804246453,2.94136603182551
68646.8101994246,2.94224882231303
68706.8161523961,2.94313084014028
68766.8221053676,2.94401209217858
68826.8280583391,2.9448925813567
68886.8340113106,2.94577230216421
68946.8399642822,2.94665125989549
69006.8459172537,2.94752946301937
69066.8518702252,2.94840691143233
69126.8578231968,2.94928359498105
69186.8637761683,2.9501595247935
69246.8697291398,2.95103469477056
69306.8756821113,2.95190910426848
69366.8816350829,2.95278276475837
69426.8875880544,2.95365566704936
69486.8935410259,2.9545278180569
69546.8994939974,2.95539922373431
69606.9054469689,2.95626988452491
69666.9113999405,2.95713979616094
69726.917352912,2.95800896260447
69786.9233058835,2.95887738677744
69846.929258855,2.95974507259479
69906.9352118266,2.96061201910921
69966.9411647981,2.96147821612138
70026.9471177696,2.96234366940074
70086.9530707411,2.96320838604028
70146.9590237127,2.9640723717463
70206.9649766842,2.96493561799696
70266.9709296557,2.96579813327589
70326.9768826272,2.96665990502802
70386.9828355988,2.96752094162016
70446.9887885703,2.96838125532825
70506.9947415418,2.96924084377582
70567.0006945134,2.97009970224381
70627.0066474849,2.97095783148042
70687.0126004564,2.97181524149093
70747.0185534279,2.97267192840749
70807.0245063995,2.97352788688962
70867.030459371,2.97438312101197
70927.0364123425,2.9752376294834
70987.042365314,2.97609141633647
71047.0483182856,2.97694448279764
71107.0542712571,2.97779683518907
71167.0602242286,2.97864847753035
71227.0661772001,2.97949940169227
71287.0721301716,2.98034960473793
71347.0780831432,2.9811990983046
71407.0840361147,2.98204787694232
71467.0899890862,2.98289593858488
71527.0959420577,2.98374329411507
71587.1018950293,2.98458994124643
71647.1078480008,2.98543588777462
71707.1138009723,2.98628112553
71767.1197539438,2.9871256537424
71827.1257069154,2.98796947781887
71887.1316598869,2.98881259743562
71947.1376128584,2.98965502339772
72007.1435658299,2.99049674166639
72067.1495188015,2.99133776193147
72127.155471773,2.99217808543418
72187.1614247445,2.99301771426309
72247.167377716,2.99385664917629
72307.1733306876,2.99469489014539
72367.1792836591,2.99553243562863
72427.1852366306,2.99636929148145
72487.1911896021,2.99720544807488
72547.1971425737,2.99804091033312
72607.2030955452,2.99887568343654
72667.2090485167,2.99970977149145
72727.2150014882,3.00054316922769
72787.2209544598,3.00137588182601
72847.2269074313,3.00220791703065
72907.2328604028,3.00303926330735
72967.2388133743,3.00386992970341
73027.2447663459,3.0046999120883
73087.2507193174,3.00552921895385
73147.2566722889,3.00635784158429
73207.2626252604,3.0071857844298
73267.268578232,3.00801305231038
73327.2745312035,3.00883964243907
73387.280484175,3.00966555590864
73447.2864371465,3.01049079561338
73507.2923901181,3.01131535730305
73567.2983430896,3.01213925111594
73627.3042960611,3.01296247577827
73687.3102490326,3.01378503363499
73747.3162020042,3.01460691945345
73807.3221549757,3.0154281434693
73867.3281079472,3.01624869820891
73927.3340609187,3.01706858776771
73987.3400138903,3.01788781432642
74047.3459668618,3.01870637772861
74107.3519198333,3.01952427342471
74167.3578728048,3.02034149884258
74227.3638257764,3.02115807332755
74287.3697787479,3.02197399111559
74347.3757317194,3.02278924722993
74407.3816846909,3.02360384427603
74467.3876376625,3.02441778988881
74527.393590634,3.02523107993873
74587.3995436055,3.02604371611124
74647.405496577,3.02685569337841
74707.4114495486,3.02766702433903
74767.4174025201,3.02847770568618
74827.4233554916,3.02928773513773
74887.4293084631,3.03009712093754
74947.4352614347,3.03090585155222
75007.4412144062,3.03171392878541
75067.4471673777,3.03252135778818
75127.4531203492,3.03332814452057
75187.4590733208,3.03413428803186
75247.4650262923,3.03493979607468
75307.4709792638,3.03574466571066
75367.4769322354,3.03654890281026
75427.4828852069,3.03735251158102
75487.4888381784,3.03815548698093
75547.4947911499,3.03895782614082
75607.5007441214,3.03975953160437
75667.506697093,3.04056060654207
75727.5126500645,3.04136104328207
75787.518603036,3.04216084835256
75847.5245560075,3.04296002540718
75907.5305089791,3.04375856280162
75967.5364619506,3.04455647010672
76027.5424149221,3.04535374166086
76087.5483678936,3.04615038736497
76147.5543208652,3.0469464075654
76207.5602738367,3.04774180073682
76267.5662268082,3.04853656560513
76327.5721797797,3.04933070190784
76387.5781327513,3.05012421600554
76447.5840857228,3.05091709676117
76507.5900386943,3.05170936109339
76567.5959916658,3.05250100308447
76627.6019446374,3.05329201951769
76687.6078976089,3.05408241280775
76747.6138505804,3.05487219227119
76807.6198035519,3.05566135511678
76867.6257565235,3.05644989692166
76927.631709495,3.05723783015327
76987.6376624665,3.05802514541453
77047.643615438,3.05881184939905
77107.6495684096,3.05959793641543
77167.6555213811,3.06038341296047
77227.6614743526,3.06116827304764
77287.6674273241,3.06195252032909
77347.6733802957,3.06273616797425
77407.6793332672,3.06351920415844
77467.6852862387,3.06430163218522
77527.6912392102,3.0650834519446
77587.6971921818,3.06586466834787
77647.7031451533,3.06664528373574
77707.7090981248,3.06742529950243
77767.7150510963,3.06820471020362
77827.7210040679,3.06898352031561
77887.7269570394,3.0697617231135
77947.7329100109,3.07053932511811
78007.7388629824,3.0713163270082
78067.744815954,3.07209273139643
78127.7507689255,3.0728685348322
78187.756721897,3.07364373824514
78247.7626748685,3.07441835178722
78307.7686278401,3.07519237351272
78367.7745808116,3.07596579973589
78427.7805337831,3.07673863438868
78487.7864867546,3.07751087068012
78547.7924397262,3.07828252381173
78607.7983926977,3.07905358985651
78667.8043456692,3.07982406451823
78727.8102986407,3.08059394644065
78787.8162516123,3.08136324259896
78847.8222045838,3.08213195228801
78907.8281575553,3.0829000765903
78967.8341105268,3.08366761298414
79027.8400634984,3.08443457137324
79087.8460164699,3.08520094560365
79147.8519694414,3.08596673311591
79207.8579224129,3.08673194390396
79267.8638753845,3.08749657202077
79327.869828356,3.08826061973251
79387.8757813275,3.08902408486754
79447.881734299,3.08978698011837
79507.8876872706,3.09054929993593
79567.8936402421,3.0913110340527
79627.8995932136,3.09207219304527
79687.9055461851,3.09283278272342
79747.9114991567,3.093592796985
79807.9174521282,3.09435223932319
79867.9234050997,3.0951111053672
79927.9293580712,3.09586939686475
79987.9353110428,3.09662712072131
80047.9412640143,3.09738428161231
80107.9472169858,3.09814086483606
80167.9531699573,3.09889688512471
80227.9591229289,3.09965234218593
80287.9650759004,3.10040722899488
80347.9710288719,3.10116155213401
80407.9769818434,3.10191531119259
80467.982934815,3.10266850634893
80527.9888877865,3.10342113798336
80587.994840758,3.10417320547096
80648.0007937295,3.10492471272129
80708.0067467011,3.10567565779698
80768.0126996726,3.10642604028582
80828.0186526441,3.10717586151306
80888.0246056156,3.10792512683033
80948.0305585872,3.10867383384513
81008.0365115587,3.10942198890469
81068.0424645302,3.11016958766524
81128.0484175017,3.11091663394132
81188.0543704733,3.11166312520832
81248.0603234448,3.11240906439248
81308.0662764163,3.11315445182155
81368.0722293878,3.11389928429776
81428.0781823594,3.11464356937204
81488.0841353309,3.11538730219224
81548.0900883024,3.1161304930164
81608.0960412739,3.11687314055689
81668.1019942455,3.11761523930337
81728.107947217,3.11835679189989
81788.1139001885,3.11909780614231
81848.11985316,3.11983827756795
81908.1258061316,3.12057819875495
81968.1317591031,3.12131757534859
82028.1377120746,3.12205640741499
82088.1436650461,3.12279470113148
82148.1496180177,3.12353244614949
82208.1555709892,3.12426964544017
82268.1615239607,3.12500629678927
82328.1674769322,3.12574241236359
82388.1734299037,3.12647798824666
82448.1793828753,3.12721303204246
82508.1853358468,3.12794753487092
82568.1912888183,3.1286815047822
82628.1972417899,3.12941493984738
82688.2031947614,3.13014784215931
82748.2091477329,3.13088020991557
82808.2151007044,3.13161203896209
82868.221053676,3.13234333336692
82928.2270066475,3.13307409428876
82988.232959619,3.13380432486167
83048.2389125905,3.13453402925949
83108.2448655621,3.13526320786792
83168.2508185336,3.13599185273528
83228.2567715051,3.13671998031875
83288.2627244766,3.13744757529127
83348.2686774482,3.1381746439086
83408.2746304197,3.13890118933975
83468.2805833912,3.13962720819475
83528.2865363627,3.14035270582303
83588.2924893343,3.14107767382525
83648.2984423058,3.14180211603599
83708.3043952773,3.14252604358036
83768.3103482488,3.14324944416657
83828.3163012204,3.14397232707713
83888.3222541919,3.14469469120936
83948.3282071634,3.14541653884296
84008.3341601349,3.14613786858146
84068.3401131064,3.14685867382267
84128.346066078,3.14757895959098
84188.3520190495,3.1482987345187
84248.357972021,3.14901799728344
84308.3639249926,3.14973674939775
84368.3698779641,3.15045498452067
84428.3758309356,3.15117270530139
84488.3817839071,3.1518899129353
84548.3877368787,3.15260661220174
84608.3936898502,3.15332279585014
84668.3996428217,3.15403846720588
84728.4055957932,3.15475363019881
84788.4115487648,3.15546828023125
84848.4175017363,3.15618242588948
84908.4234547078,3.15689607111741
84968.4294076793,3.15760921231671
85028.4353606509,3.15832184147648
85088.4413136224,3.15903396500674
85148.4472665939,3.15974558076884
85208.4532195654,3.16045669466686
85268.459172537,3.16116730555386
85328.4651255085,3.16187741523543
85388.47107848,3.16258702459294
85448.4770314515,3.1632961292873
85508.4829844231,3.16400473335744
85568.4889373946,3.16471283753219
85628.4948903661,3.1654204437065
85688.5008433376,3.16612755400481
85748.5067963092,3.16683416311074
85808.5127492807,3.16754027243798
85868.5187022522,3.16824588881693
85928.5246552237,3.16895100527316
85988.5306081953,3.16965562205572
86048.5365611668,3.17035974715231
86108.5425141383,3.17106338527535
86168.5484671098,3.17176652071111
86228.5544200814,3.17246917867397
86288.5603730529,3.17317134594733
86348.5663260244,3.1738730177084
86408.5722789959,3.17457419368207
86468.5782319675,3.17527488889571
86528.584184939,3.17597509162291
86588.5901379105,3.17667480037633
86648.596090882,3.17737402440234
86708.6020438535,3.17807276087366
86768.6079968251,3.17877100975625
86828.6139497966,3.17946877485922
86888.6199027681,3.18016605742294
86948.6258557397,3.18086285260703
87008.6318087112,3.18155916404597
87068.6377616827,3.18225499224346
87128.6437146542,3.18295034432818
87188.6496676258,3.18364521065136
87248.6556205973,3.18433959556298
87308.6615735688,3.1850334990139
87368.6675265403,3.18572692881683
87428.6734795119,3.18641988192674
87488.6794324834,3.18711234832939
87548.6853854549,3.18780433891506
87608.6913384264,3.18849585443156
87668.697291398,3.1891868927273
87728.7032443695,3.18987745159419
87788.709197341,3.19056753761655
87848.7151503125,3.19125715371793
87908.721103284,3.19194629120956
87968.7270562556,3.19263495173966
88028.7330092271,3.193323137554
88088.7389621986,3.19401085466671
88148.7449151702,3.19469810248884
88208.7508681417,3.19538487320293
88268.7568211132,3.19607117298085
88328.7627740847,3.19675700815878
88388.7687270562,3.19744237603579
88448.7746800278,3.19812727193127
88508.7806329993,3.19881169828087
88568.7865859708,3.19949566370437
88628.7925389424,3.20017916434104
88688.7984919139,3.2008621990227
88748.8044448854,3.20154476477646
88808.8103978569,3.20222685835886
88868.8163508285,3.20290849409163
88928.8223038,3.20358966339529
88988.8282567715,3.20427036992506
89048.834209743,3.20495061774094
89108.8401627146,3.20563040621888
89168.8461156861,3.2063097347734
89228.8520686576,3.20698860413967
89288.8580216291,3.20766701302821
89348.8639746007,3.20834495791654
89408.8699275722,3.20902244092823
89468.8758805437,3.20969947309103
89528.8818335152,3.21037603953988
89588.8877864868,3.21105215714152
89648.8937394583,3.21172781175608
89708.8996924298,3.21240301245571
89768.9056454013,3.21307775714567
89828.9115983729,3.21375205031825
89888.9175513444,3.21442589626711
89948.9235043159,3.21509928718163
90008.9294572874,3.21577222774415
90068.9354102589,3.21644471252528
90128.9413632305,3.21711674671498
90188.947316202,3.21778833387062
90248.9532691735,3.21845947053182
90308.9592221451,3.21913015299718
90368.9651751166,3.21980038569632
90428.9711280881,3.2204701720944
90488.9770810596,3.22113950750665
90548.9830340312,3.22180840248903
90608.9889870027,3.22247684806614
90668.9949399742,3.22314484763637
90729.0008929457,3.22381240067718
90789.0068459172,3.22447950507396
90849.0127988888,3.22514617428561
90909.0187518603,3.22581239438038
90969.0247048318,3.22647816936817
91029.0306578033,3.22714350207384
91089.0366107749,3.22780838712204
91149.0425637464,3.22847283502294
91209.0485167179,3.22913684208696
91269.0544696895,3.22980041280431
91329.060422661,3.23046354806911
91389.0663756325,3.23112623903192
91449.072328604,3.23178849041903
91509.0782815756,3.23245030522972
91569.0842345471,3.23311168188313
91629.0901875186,3.23377262194724
91689.0961404901,3.23443312339318
91749.1020934616,3.23509319689921
91809.1080464332,3.23575283511205
91869.1139994047,3.23641202855794
91929.1199523762,3.23707079517417
91989.1259053478,3.23772912542395
92049.1318583193,3.23838702217689
92109.1378112908,3.23904448699305
92169.1437642623,3.2397015196431
92229.1497172339,3.24035812392438
92289.1556702054,3.24101430613784
92349.1616231769,3.24167005644034
92409.1675761484,3.24232537243877
92469.1735291199,3.24298026243492
92529.1794820915,3.24363471869632
92589.185435063,3.2442887499321
92649.1913880345,3.24494235449013
92709.197341006,3.24559552622576
92769.2032939776,3.24624827111941
92829.2092469491,3.24690059594826
92889.2151999206,3.24755248867759
92949.2211528921,3.24820396231779
93009.2271058637,3.24885500839465
93069.2330588352,3.24950562918371
93129.2390118067,3.2501558271643
93189.2449647783,3.25080560463242
93249.2509177498,3.2514549628639
93309.2568707213,3.25210389721126
93369.2628236928,3.25275241591063
93429.2687766643,3.25340051193891
93489.2747296359,3.25404818448231
93549.2806826074,3.25469544028026
93609.2866355789,3.25534227828655
93669.2925885505,3.2559886981998
93729.298541522,3.25663470070711
93789.3044944935,3.25728029329129
93849.310447465,3.25792546877675
93909.3164004366,3.25857022312121
93969.3223534081,3.25921455503234
94029.3283063796,3.25985847316889
94089.3342593511,3.26050197556369
94149.3402123226,3.26114506823603
94209.3461652942,3.26178774517707
94269.3521182657,3.26243001260926
94329.3580712372,3.2630718674075
94389.3640242088,3.26371331184584
94449.3699771803,3.26435434432012
94509.3759301518,3.26499496882952
94569.3818831233,3.26563518539207
94629.3878360948,3.26627498382164
94689.3937890664,3.26691437357133
94749.3997420379,3.26755334918117
94809.4056950094,3.26819191315448
94869.411647981,3.26883006917642
94929.4176009525,3.26946782284481
94989.423553924,3.27010517265429
95049.4295068955,3.27074212383606
95109.435459867,3.27137867284838
95169.4414128386,3.27201481695547
95229.4473658101,3.27265055596694
95289.4533187816,3.27328587694269
95349.4592717531,3.2739208014579
95409.4652247247,3.27455532218834
95469.4711776962,3.27518944281284
95529.4771306677,3.27582315579657
95589.4830836393,3.27645646594286
95649.4890366108,3.27708937457113
95709.4949895823,3.2777218851238
95769.5009425538,3.27835399199866
95829.5068955253,3.2789856973947
95889.5128484969,3.27961700797397
95949.5188014684,3.28024792276257
96009.5247544399,3.28087843651383
96069.5307074115,3.28150855475722
96129.536660383,3.28213827967661
96189.5426133545,3.28276759999296
96249.548566326,3.28339652317861
96309.5545192975,3.28402505118848
96369.5604722691,3.28465318664774
96429.5664252406,3.28528092911577
96489.5723782121,3.28590827582687
96549.5783311837,3.2865352268289
96609.5842841552,3.28716178062827
96669.5902371267,3.28778794357024
96729.5961900982,3.28841370529815
96789.6021430698,3.28903907670508
96849.6080960413,3.28966406311074
96909.6140490128,3.29028865944106
96969.6200019843,3.29091286331998
97029.6259549558,3.29153668163912
97089.6319079274,3.29216011029281
97149.6378608989,3.29278314870763
97209.6438138704,3.29340580903056
97269.6497668419,3.29402807545652
97329.6557198135,3.2946499533317
97389.661672785,3.29527144657243
97449.6676257565,3.29589255101076
97509.673578728,3.29651326290079
97569.6795316996,3.29713359104863
97629.6854846711,3.29775353310302
97689.6914376426,3.29837309282001
97749.6973906142,3.29899226433948
97809.7033435857,3.2996110558565
97869.7092965572,3.30022946596138
97929.7152495287,3.30084749386471
97989.7212025002,3.30146513238268
98049.7271554718,3.30208238826946
98109.7331084433,3.30269926585105
98169.7390614148,3.30331575786732
98229.7450143864,3.30393187362326
98289.7509673579,3.30454760160448
98349.7569203294,3.30516295197585
98409.7628733009,3.30577792566558
98469.7688262725,3.30639252130013
98529.774779244,3.30700674037441
98589.7807322155,3.30762057978171
98649.786685187,3.30823404524834
98709.7926381585,3.30884713640931
98769.7985911301,3.3094598521394
98829.8045441016,3.31007218670984
98889.8104970731,3.31068414544369
98949.8164500446,3.31129572908285
99009.8224030162,3.31190693833298
99069.8283559877,3.31251776847709
99129.8343089592,3.31312822515594
99189.8402619307,3.31373831490925
99249.8462149023,3.31434803516403
99309.8521678738,3.31495738296295
99369.8581208453,3.31556635293964
99429.8640738169,3.31617495005568
99489.8700267884,3.31678318620635
99549.8759797599,3.31739104231332
99609.8819327314,3.31799852901188
99669.8878857029,3.31860564260408
99729.8938386745,3.31921238310839
99789.899791646,3.31981876346272
99849.9057446175,3.32042477257836
99909.9116975891,3.32103040636059
99969.9176505606,3.32163568060912
100029.923603532,3.32224059096469
100089.929556504,3.32284512920253
100149.935509475,3.32344929898694
100209.941462447,3.32405310205025
100269.947415418,3.32465653998936
100329.95336839,3.32525961685523
100389.959321361,3.32586233279957
100449.965274333,3.32646468363718
100509.971227304,3.32706666719594
100569.977180276,3.32766828969565
100629.983133247,3.32826955301882
100689.989086219,3.32887044225696
100749.99503919,3.32947097786627
100810.000992162,3.33007115453207
100870.006945133,3.33067096878088
100930.012898105,3.33127042435914
100990.018851077,3.33186951908202
101050.024804048,3.33246825127502
101110.03075702,3.33306662755677
101170.036709991,3.33366464034501
101230.042662963,3.33426229491435
101290.048615934,3.33485958861268
101350.054568906,3.3354565166157
101410.060521877,3.33605309172769
101470.066474849,3.33664931480591
101530.07242782,3.33724518419421
101590.078380792,3.33784070103775
101650.084333763,3.33843585837869
101710.090286735,3.33903066143686
101770.096239706,3.33962510955491
101830.102192678,3.34021920110745
101890.108145649,3.34081293984529
101950.114098621,3.34140632815291
102010.120051592,3.34199936273707
102070.126004564,3.34259204397237
102130.131957535,3.34318437479848
102190.137910507,3.34377635621515
102250.143863479,3.34436798690221
102310.14981645,3.34495926600512
102370.155769422,3.34555019193041
102430.161722393,3.34614076662863
102490.167675365,3.34673098466887
102550.173628336,3.34732085886412
102610.179581308,3.34791038697872
102670.185534279,3.34849956808444
102730.191487251,3.34908839504317
102790.197440222,3.34967687191399
102850.203393194,3.35026499977513
102910.209346165,3.35085278944086
102970.215299137,3.35144022941533
103030.221252108,3.35202731800058
103090.22720508,3.35261406211792
103150.233158051,3.35320046372022
103210.239111023,3.35378652592468
103270.245063994,3.35437224383898
103330.251016966,3.35495761434868
103390.256969937,3.35554264415739
103450.262922909,3.35612733065637
103510.268875881,3.35671167277054
103570.274828852,3.35729567415767
103630.280781824,3.35787932944929
103690.286734795,3.35846264317735
103750.292687767,3.35904561486302
103810.298640738,3.35962824821938
103870.30459371,3.36021053789364
103930.310546681,3.36079248768041
103990.316499653,3.36137409248831
104050.322452624,3.36195538062054
104110.328405596,3.3625363729222
104170.334358567,3.36311707722334
104230.340311539,3.36369749414365
104290.34626451,3.36427762761552
104350.352217482,3.3648574657385
104410.358170453,3.36543700072271
104470.364123425,3.36601622207686
104530.370076396,3.36659512418445
104590.376029368,3.36717369784839
104650.38198234,3.36775193478239
104710.387935311,3.36832984305323
104770.393888283,3.36890740618312
104830.399841254,3.36948462358429
104890.405794226,3.37006149556147
104950.411747197,3.37063801746293
105010.417700169,3.37121418593402
105070.42365314,3.37178999569956
105130.429606112,3.37236545806088
105190.435559083,3.37294057029371
105250.441512055,3.37351532702533
105310.447465026,3.3740897393505
105370.453417998,3.37466380308961
105430.459370969,3.37523751710513
105490.465323941,3.37581088298277
105550.471276912,3.37638389752242
105610.477229884,3.37695657191949
105670.483182855,3.37752890588134
105730.489135827,3.3781009061885
105790.495088798,3.37867257703761
105850.50104177,3.37924390643691
105910.506994742,3.37981489740645
105970.512947713,3.38038555817067
106030.518900685,3.38095587595587
106090.524853656,3.38152586637093
106150.530806628,3.38209553208876
106210.536759599,3.38266486454159
106270.542712571,3.38323387104086
106330.548665542,3.38380255301447
106390.554618514,3.38437090889504
106450.560571485,3.38493893606862
106510.566524457,3.38550664271068
106570.572477428,3.38607402792004
106630.5784304,3.38664109446405
106690.584383371,3.38720783495166
106750.590336343,3.38777425918977
106810.596289314,3.38834036317015
106870.602242286,3.38890615290982
106930.608195257,3.38947162421612
106990.614148229,3.39003677594659
107050.620101201,3.39060160988221
107110.626054172,3.39116611975567
107170.632007144,3.39173031343962
107230.637960115,3.39229419107497
107290.643913087,3.39285775669289
107350.649866058,3.39342100278348
107410.65581903,3.39398392628892
107470.661772001,3.3945465347634
107530.667724973,3.39510882747649
107590.673677944,3.3956708033932
107650.679630916,3.39623246657867
107710.685583887,3.39679381693712
107770.691536859,3.39735484273652
107830.69748983,3.39791555015738
107890.703442802,3.3984759452443
107950.709395773,3.39903601956516
108010.715348745,3.3995957745182
108070.721301716,3.4001552253951
108130.727254688,3.40071435817177
108190.73320766,3.40127317667138
108250.739160631,3.40183167948928
108310.745113603,3.40238986759578
108370.751066574,3.40294773911601
108430.757019546,3.40350529690228
108490.762972517,3.40406254091543
108550.768925489,3.40461946729486
108610.77487846,3.40517607040463
108670.780831432,3.40573236139545
108730.786784403,3.40628834098161
108790.792737375,3.4068440096569
108850.798690346,3.40739935469092
108910.804643318,3.40795439350161
108970.810596289,3.40850911786407
109030.816549261,3.40906353592296
109090.822502232,3.40961764263124
109150.828455204,3.41017144151795
109210.834408175,3.41072492754978
109270.840361147,3.4112780963497
109330.846314118,3.41183096236246
109390.85226709,3.4123835196767
109450.858220062,3.4129357627456
109510.864173033,3.41348770022385
109570.870126005,3.41403932515108
109630.876078976,3.41459064291181
109690.882031948,3.41514165612146
109750.887984919,3.41569236352569
109810.893937891,3.41624275670686
109870.899890862,3.41679284361062
109930.905843834,3.41734262495847
109990.911796805,3.4178921069183
110050.917749777,3.41844128765352
110110.923702748,3.41899016463752
110170.92965572,3.41953873293153
110230.935608691,3.42008700102275
110290.941561663,3.42063496294526
110350.947514634,3.421182622337
110410.953467606,3.42172997083376
110470.959420577,3.4222770159971
110530.965373549,3.4228237630671
110590.97132652,3.42337021000676
110650.977279492,3.42391635318578
110710.983232464,3.42446219332082
110770.989185435,3.42500774010431
110830.995138407,3.42555298367208
110891.001091378,3.42609793202769
110951.00704435,3.42664257985846
111011.012997321,3.42718692767161
111071.018950293,3.42773097881323
111131.024903264,3.42827472817891
111191.030856236,3.42881817961781
111251.036809207,3.42936133730205
111311.042762179,3.42990419890328
111371.04871515,3.43044675888297
111431.054668122,3.43098902188181
111491.060621093,3.43153098457042
111551.066574065,3.43207265322359
111611.072527036,3.43261402609189
111671.078480008,3.43315509566574
111731.084432979,3.43369587210426
111791.090385951,3.43423635608754
111851.096338923,3.43477654404708
111911.102291894,3.43531643759636
111971.108244866,3.43585603244302
112031.114197837,3.43639533561283
112091.120150809,3.43693434212038
112151.12610378,3.43747304189205
112211.132056752,3.4380114194058
112271.138009723,3.43854948363072
112331.143962695,3.43908724538038
112391.149915666,3.43962470819108
112451.155868638,3.44016186983009
112511.161821609,3.44069874016145
112571.167774581,3.44123532014604
112631.173727552,3.44177161643736
112691.179680524,3.44230763194559
112751.185633495,3.44284336587247
112811.191586467,3.44337881057596
112871.197539438,3.44391397098779
112931.20349241,3.44444884646002
112991.209445381,3.44498343486878
113051.215398353,3.44551774089351
113111.221351325,3.4460517564309
113171.227304296,3.44658549831327
113231.233257268,3.44711894989167
113291.239210239,3.447652117079
113351.245163211,3.44818500123584
113411.251116182,3.44871760240025
113471.257069154,3.44924991793639
113531.263022125,3.44978195295564
113591.268975097,3.45031370022527
113651.274928068,3.45084516507075
113711.28088104,3.45137634805622
113771.286834011,3.45190724840376
113831.292786983,3.45243785708212
113891.298739954,3.45296818728121
113951.304692926,3.45349823893137
114011.310645897,3.45402800517578
114071.316598869,3.45455749295015
114131.32255184,3.45508669842743
114191.328504812,3.45561561567764
114251.334457784,3.45614425719453
114311.340410755,3.4566726169563
114371.346363727,3.45720069689275
114431.352316698,3.45772849728883
114491.35826967,3.45825601865907
114551.364222641,3.45878325222798
114611.370175613,3.45931020966891
114671.376128584,3.45983688507338
114731.382081556,3.46036328831184
114791.388034527,3.46088940747436
114851.393987499,3.4614152480062
114911.39994047,3.4619408010088
114971.405893442,3.46246607562673
115031.411846413,3.46299108137481
115091.417799385,3.46351580550869
115151.423752356,3.46404024848984
115211.429705328,3.46456441194493
115271.435658299,3.46508830623177
115331.441611271,3.46561191995714
115391.447564242,3.46613525699339
115451.453517214,3.46665831922223
115511.459470186,3.4671811060402
115571.465423157,3.46770360973087
115631.471376129,3.46822584979601
115691.4773291,3.46874781148572
115751.483282072,3.46926949483729
115811.489235043,3.46979090994725
115871.495188015,3.470312048693
115931.501140986,3.47083290921366
115991.507093958,3.47135350059881
116051.513046929,3.47187381464868
116111.518999901,3.47239385761392
116171.524952872,3.47291362845364
116231.530905844,3.47343312565562
116291.536858815,3.47395235113393
116351.542811787,3.47447130759098
116411.548764758,3.47498999634436
116471.55471773,3.47550840859867
116531.560670701,3.47602655126914
116591.566623673,3.47654442926245
116651.572576644,3.477062035359
116711.578529616,3.47757936995049
116771.584482588,3.47809643606699
116831.590435559,3.47861323079194
116891.596388531,3.47912975279422
116951.602341502,3.47964601041874
117011.608294474,3.48016199747661
117071.614247445,3.48067771716146
117131.620200417,3.48119316908037
117191.626153388,3.48170835628142
117251.63210636,3.4822232752217
117311.638059331,3.48273792683158
117371.644012303,3.48325231227864
117431.649965274,3.48376643095465
117491.655918246,3.48428027806733
117551.661871217,3.48479386681882
117611.667824189,3.48530719325969
117671.67377716,3.48582024762857
117731.679730132,3.48633303480294
117791.685683103,3.48684555699388
117851.691636075,3.48735781025916
117911.697589047,3.48786980154028
117971.703542018,3.48838152583438
118031.70949499,3.48889299187829
118091.715447961,3.48940419966839
118151.721400933,3.48991514774875
118211.727353904,3.4904258285843
118271.733306876,3.49093624333221
118331.739259847,3.49144639372898
118391.745212819,3.49195628652592
118451.75116579,3.49246591311136
118511.757118762,3.49297527608601
118571.763071733,3.49348437475484
118631.769024705,3.49399321618756
118691.774977676,3.49450179658224
118751.780930648,3.49501011755739
118811.786883619,3.49551818359186
118871.792836591,3.49602598781926
118931.798789562,3.49653353020156
118991.804742534,3.49704081247735
119051.810695506,3.49754784560129
119111.816648477,3.49805461431603
119171.822601449,3.49856112149619
119231.82855442,3.49906736142374
119291.834507392,3.4995733468644
119351.840460363,3.50007907434653
119411.846413335,3.50058454956563
119471.852366306,3.50108976306307
119531.858319278,3.50159471564251
119591.864272249,3.50209940407078
119651.870225221,3.50260381037225
119711.876178192,3.5031079372932
119771.882131164,3.50361179598147
119831.888084135,3.50411538784875
119891.894037107,3.50461871468975
119951.899990078,3.50512179881359
120011.90594305,3.50562461327289
120071.911896021,3.50612717654585
120131.917848993,3.50662948756833
120191.923801964,3.50713154402869
120251.929754936,3.50763335075205
120311.935707908,3.5081349031355
120371.941660879,3.50863620912141
120431.947613851,3.50913727172542
120491.953566822,3.50963808063125
120551.959519794,3.51013863553558
120611.965472765,3.51063893127948
120671.971425737,3.51113898076549
120731.977378708,3.51163877838383
120791.98333168,3.5121383184243
120851.989284651,3.5126376073097
120911.995237623,3.51313664918103
120972.001190594,3.51363544340081
121032.007143566,3.51413398626301
121092.013096537,3.51463227941278
121152.019049509,3.5151303211473
121212.02500248,3.51562811569034
121272.030955452,3.51612565558259
121332.036908423,3.51662294554516
121392.042861395,3.51711999136062
121452.048814367,3.51761678551708
121512.054767338,3.5181133310336
121572.06072031,3.5186096310277
121632.066673281,3.51910567601524
121692.072626253,3.5196014732662
121752.078579224,3.52009702267225
121812.084532196,3.52059232047504
121872.090485167,3.52108737895251
121932.096438139,3.5215821884428
121992.10239111,3.52207675328185
122052.108344082,3.52257106243268
122112.114297053,3.52306513015426
122172.120250025,3.52355894801632
122232.126202996,3.52405251973548
122292.132155968,3.52454584222113
122352.138108939,3.52503892171675
122412.144061911,3.52553175718599
122472.150014882,3.5260243422599
122532.155967854,3.52651668369183
122592.161920825,3.52700878220165
122652.167873797,3.52750063024973
122712.173826769,3.5279922349681
122772.17977974,3.52848359572535
122832.185732712,3.52897470799402
122892.191685683,3.52946557916712
122952.197638655,3.52995621063581
123012.203591626,3.53044659497477
123072.209544598,3.53093673486429
123132.215497569,3.53142663215447
123192.221450541,3.53191628487423
123252.227403512,3.5324056906764
123312.233356484,3.53289485414615
123372.239309455,3.53338378064837
123432.245262427,3.53387246594389
123492.251215398,3.53436090868678
123552.25716837,3.53484911663432
123612.263121341,3.53533708386592
123672.269074313,3.53582480761757
123732.275027284,3.53631229116238
123792.280980256,3.53679953294708
123852.286933228,3.53728653368132
123912.292886199,3.53777329034954
123972.298839171,3.5382598111152
124032.304792142,3.53874609557904
124092.310745114,3.53923214235675
124152.316698085,3.53971794685649
124212.322651057,3.54020350948754
124272.328604028,3.54068883355065
124332.334557,3.54117391730847
124392.340509971,3.54165876919861
124452.346462943,3.54214337525521
124512.352415914,3.54262774623258
124572.358368886,3.54311188588805
124632.364321857,3.54359578976461
124692.370274829,3.54407945006656
124752.3762278,3.54456288097605
124812.382180772,3.54504607332766
124872.388133743,3.54552902642149
124932.394086715,3.54601174289732
124992.400039686,3.54649422032403
125052.405992658,3.5469764679419
125112.41194563,3.54745848205069
125172.417898601,3.5479402553361
125232.423851573,3.54842179088859
125292.429804544,3.54890308832428
125352.435757516,3.54938416344032
125412.441710487,3.54986500483987
125472.447663459,3.55034561135376
125532.45361643,3.55082598477015
125592.459569402,3.5513061210826
125652.465522373,3.55178602709812
125712.471475345,3.55226569878544
125772.477428316,3.552745137448
125832.483381288,3.55322434209189
125892.489334259,3.5537033169195
125952.495287231,3.55418206161148
126012.501240202,3.55466056978606
126072.507193174,3.55513884529691
126132.513146145,3.55561689461524
126192.519099117,3.5560947118505
126252.525052089,3.55657229368055
126312.53100506,3.55704964702927
126372.536958032,3.55752676533695
126432.542911003,3.55800365603871
126492.548863975,3.5584803193055
126552.554816946,3.55895674848717
126612.560769918,3.55943295125788
126672.566722889,3.55990892648647
126732.572675861,3.56038466853063
126792.578628832,3.56086017869567
126852.584581804,3.56133546685507
126912.590534775,3.5618105247291
126972.596487747,3.56228535278202
127032.602440718,3.56275995340589
127092.60839369,3.56323432774838
127152.614346661,3.56370847187609
127212.620299633,3.56418239253975
127272.626252604,3.56465608094259
127332.632205576,3.5651295428665
127392.638158547,3.5656027769249
127452.644111519,3.56607578817853
127512.650064491,3.56654857068388
127572.656017462,3.56702113020949
127632.661970434,3.56749345956582
127692.667923405,3.56796556294006
127752.673876377,3.56843743855464
127812.679829348,3.56890908414984
127872.68578232,3.56938051507918
127932.691735291,3.56985171778102
127992.697688263,3.57032269685257
128052.703641234,3.57079345298037
128112.709594206,3.57126398226103
128172.715547177,3.57173428895569
128232.721500149,3.572204367704
128292.72745312,3.57267422319569
128352.733406092,3.57314385587397
128412.739359063,3.57361326569835
128472.745312035,3.57408245711849
128532.751265006,3.57455142433029
128592.757217978,3.5750201734259
128652.76317095,3.5754887053868
128712.769123921,3.57595701487168
128772.775076893,3.57642510742192
128832.781029864,3.57689298298939
128892.786982836,3.57736063297146
128952.792935807,3.57782806193764
129012.798888779,3.57829527146555
129072.80484175,3.57876225816309
129132.810794722,3.5792290254103
129192.816747693,3.5796955760207
129252.822700665,3.5801619015639
129312.828653636,3.58062799640642
129372.834606608,3.58109387738805
129432.840559579,3.58155954824554
129492.846512551,3.58202498953243
129552.852465522,3.58249021479453
129612.858418494,3.58295522402791
129672.864371465,3.5834200096969
129732.870324437,3.58388457641889
129792.876277408,3.58434892427068
129852.88223038,3.58481305337131
129912.888183352,3.58527696214263
129972.894136323,3.58574065446816
130032.900089295,3.58620412960552
130092.906042266,3.58666738656612
130152.911995238,3.58713042344963
130212.917948209,3.58759324473955
130272.923901181,3.58805585058477
130332.929854152,3.58851824066443
130392.935807124,3.58898041087379
130452.941760095,3.58944236730381
130512.947713067,3.58990410474059
130572.953666038,3.59036562836814
130632.95961901,3.59082693998013
130692.965571981,3.59128802925315
130752.971524953,3.59174890377624
130812.977477924,3.59220956427018
130872.983430896,3.59267000993098
130932.989383867,3.59313023739407
130992.995336839,3.59359025230913
131053.001289811,3.59405005605967
131113.007242782,3.59450964647734
131173.013195754,3.59496902542227
131233.019148725,3.59542819752209
131293.025101697,3.5958871486635
131353.031054668,3.59634587910907
131413.03700764,3.59680439891688
131473.042960611,3.5972627069808
131533.048913583,3.5977208016511
131593.054866554,3.59817868637673
131653.060819526,3.59863636423929
131713.066772497,3.59909382765998
131773.072725469,3.59955108165219
131833.07867844,3.60000812495362
131893.084631412,3.60046495375441
131953.090584383,3.6009215651962
132013.096537355,3.60137796574506
132073.102490326,3.60183415939436
132133.108443298,3.60229014371144
132193.114396269,3.60274591219909
132253.120349241,3.60320147023263
132313.126302213,3.60365681728257
132373.132255184,3.60411195540657
132433.138208156,3.60456688383762
132493.144161127,3.6050216121328
132553.150114099,3.60547612494037
132613.15606707,3.60593042745221
132673.162020042,3.60638452141246
132733.167973013,3.60683840368619
132793.173925985,3.60729208202595
132853.179878956,3.60774555415929
132913.185831928,3.60819881612659
132973.191784899,3.6086518716787
133033.197737871,3.60910471789764
133093.203690842,3.60955735266306
133153.209643814,3.61000977625141
133213.215596785,3.61046199245543
133273.221549757,3.610914003504
133333.227502728,3.6113658125393
133393.2334557,3.61181741616282
133453.239408671,3.61226881452678
133513.245361643,3.61272000098435
133573.251314615,3.61317098052874
133633.257267586,3.61362175891362
133693.263220558,3.614072331683
133753.269173529,3.61452269508908
133813.275126501,3.61497285718898
133873.281079472,3.61542280359691
133933.287032444,3.61587255097472
133993.292985415,3.61632209617819
134053.298938387,3.61677143692692
134113.304891358,3.61722056664535
134173.31084433,3.61766949528182
134233.316797301,3.61811822585169
134293.322750273,3.61856673898877
134353.328703244,3.61901505561771
134413.334656216,3.61946317126379
134473.340609187,3.61991107892894
134533.346562159,3.62035878310993
134593.35251513,3.62080628932439
134653.358468102,3.62125359011781
134713.364421074,3.62170068830893
134773.370374045,3.62214758483352
134833.376327017,3.62259427591718
134893.382279988,3.62304076612825
134953.38823296,3.62348705581696
135013.394185931,3.62393314192505
135073.400138903,3.62437902374428
135133.406091874,3.62482470604969
135193.412044846,3.6252701879001
135253.417997817,3.6257154725705
135313.423950789,3.62616055564299
135373.42990376,3.62660543480875
135433.435856732,3.62705011447412
135493.441809703,3.62749459194814
135553.447762675,3.62793887118169
135613.453715646,3.62838295058583
135673.459668618,3.62882682969673
135733.465621589,3.6292705033318
135793.471574561,3.62971398601214
135853.477527532,3.63015726938535
135913.483480504,3.63060034777932
135973.489433476,3.63104322944535
136033.495386447,3.63148591523025
136093.501339419,3.63192839444043
136153.50729239,3.63237068106378
136213.513245362,3.63281277893074
136273.519198333,3.63325466790717
136333.525151305,3.63369635625082
136393.531104276,3.63413784934426
136453.537057248,3.6345791474251
136513.543010219,3.63502024279636
136573.548963191,3.6354611403142
136633.554916162,3.63590184766351
136693.560869134,3.6363423604065
136753.566822105,3.63678267234707
136813.572775077,3.63722279062989
136873.578728048,3.63766271733173
136933.58468102,3.63810243504027
136993.590633991,3.63854195951255
137053.596586963,3.63898129036464
137113.602539935,3.63942042604741
137173.608492906,3.63985936250216
137233.614445878,3.64029810499736
137293.620398849,3.64073665044532
137353.626351821,3.64117499954136
137413.632304792,3.64161316162224
137473.638257764,3.64205112926587
137533.644210735,3.64248889668028
137593.650163707,3.6429264746538
137653.656116678,3.64336385859608
137713.66206965,3.64380104799587
137773.668022621,3.64423803960098
137833.673975593,3.64467483672753
137893.679928564,3.64511144152219
137953.685881536,3.64554785479391
138013.691834507,3.64598407268874
138073.697787479,3.64642009636737
138133.70374045,3.64685592784773
138193.709693422,3.64729157223577
138253.715646394,3.64772703183241
138313.721599365,3.64816228951488
138373.727552337,3.64859735102026
138433.733505308,3.64903222203912
138493.73945828,3.64946690350159
138553.745411251,3.64990139547536
138613.751364223,3.65033569403508
138673.757317194,3.65076980494642
138733.763270166,3.65120372232923
138793.769223137,3.65163744189208
138853.775176109,3.65207097058005
138913.78112908,3.65250431211778
138973.787082052,3.65293746558302
139033.793035023,3.65337042901239
139093.798987995,3.65380320053698
139153.804940966,3.65423578062422
139213.810893938,3.65466816729128
139273.816846909,3.65510037259072
139333.822799881,3.65553238588665
139393.828752852,3.65596421346194
139453.834705824,3.65639584900913
139513.840658796,3.6568272928909
139573.846611767,3.65725855425856
139633.852564739,3.65768963031827
139693.85851771,3.65812051648839
139753.864470682,3.65855120792788
139813.870423653,3.65898171261968
139873.876376625,3.65941202838639
139933.882329596,3.65984215478466
139993.888282568,3.66027208982166
140053.894235539,3.66070183863581
140113.900188511,3.66113140194971
140173.906141482,3.66156078223415
140233.912094454,3.6619899763086
140293.918047425,3.66241897853355
140353.924000397,3.66284779447371
140413.929953368,3.66327642580008
140473.93590634,3.66370486749192
140533.941859311,3.66413312506329
140593.947812283,3.66456119790295
140653.953765254,3.66498908450006
140713.959718226,3.66541678525532
140773.965671198,3.66584430538136
140833.971624169,3.66627163430539
140893.977577141,3.66669877872478
140953.983530112,3.66712573855425
141013.989483084,3.66755250731896
141073.995436055,3.66797909454355
141134.001389027,3.66840550635668
141194.007341998,3.66883172625287
141254.01329497,3.66925776323958
141314.019247941,3.66968361491045
141374.025200913,3.67010928381283
141434.031153884,3.67053476837048
141494.037106856,3.67096006886853
141554.043059827,3.67138518071196
141614.049012799,3.67181011495088
141674.05496577,3.67223486276796
141734.060918742,3.67265942748258
141794.066871713,3.67308380686326
141854.072824685,3.67350800182827
141914.078777657,3.67393201974345
141974.084730628,3.674355858263
142034.0906836,3.67477951341181
142094.096636571,3.67520298450943
142154.102589543,3.67562627755452
142214.108542514,3.67604938989736
142274.114495486,3.67647232066934
142334.120448457,3.67689507321713
142394.126401429,3.67731763264537
142454.1323544,3.67774001170737
142514.138307372,3.6781622092373
142574.144260343,3.67858422247264
142634.150213315,3.67900605898575
142694.156166286,3.67942772277451
142754.162119258,3.67984920469548
142814.168072229,3.68027049553915
142874.174025201,3.68069161057918
142934.179978172,3.68111255511321
142994.185931144,3.68153331399942
143054.191884115,3.68195389105072
143114.197837087,3.68237429037716
143174.203790059,3.68279450447863
143234.20974303,3.6832145405599
143294.215696002,3.68363439805462
143354.221648973,3.68405407860392
143414.227601945,3.68447358017427
143474.233554916,3.68489290569322
143534.239507888,3.68531205537448
143594.245460859,3.68573102498557
143654.251413831,3.68614981628467
143714.257366802,3.68656842661321
143774.263319774,3.68698686359512
143834.269272745,3.68740512049245
143894.275225717,3.68782319812534
143954.281178688,3.6882410999292
144014.28713166,3.68865882772963
144074.293084631,3.68907637143825
144134.299037603,3.68949374353307
144194.304990574,3.68991093736637
144254.310943546,3.69032795409763
144314.316896517,3.69074478782889
144374.322849489,3.69116144626782
144434.328802461,3.69157793482518
144494.334755432,3.6919942458137
144554.340708404,3.69241037798311
144614.346661375,3.69282633409508
144674.352614347,3.69324211538015
144734.358567318,3.69365771972158
144794.36452029,3.69407314632401
144854.370473261,3.69448840339362
144914.376426233,3.69490348795304
144974.382379204,3.69531839752786
145034.388332176,3.69573313497977
145094.394285147,3.69614769369295
145154.400238119,3.69656207849191
145214.40619109,3.69697628889516
145274.412144062,3.69739032212301
145334.418097033,3.69780418555282
145394.424050005,3.69821786829666
145454.430002976,3.69863137005005
145514.435955948,3.69904470112246
145574.44190892,3.69945786379315
145634.447861891,3.69987084932378
145694.453814863,3.70028366623508
145754.459767834,3.70069631587605
145814.465720806,3.70110879224278
145874.471673777,3.70152109770866
145934.477626749,3.7019332285958
145994.48357972,3.7023451867565
146054.489532692,3.70275696382285
146114.495485663,3.70316857088258
146174.501438635,3.7035800061432
146234.507391606,3.70399126753343
146294.513344578,3.7044023619514
146354.519297549,3.70481328746637
146414.525250521,3.70522404263669
146474.531203492,3.7056346223277
146534.537156464,3.70604503258758
146594.543109435,3.70645526434833
146654.549062407,3.70686532732578
146714.555015379,3.70727521833124
146774.56096835,3.70768494337396
146834.566921322,3.70809449863982
146894.572874293,3.70850388234626
146954.578827265,3.70891309996447
147014.584780236,3.70932214297543
147074.590733208,3.70973101633285
147134.596686179,3.71013971337827
147194.602639151,3.71054824100646
147254.608592122,3.71095660275307
147314.614545094,3.71136479238088
147374.620498065,3.71177281637495
147434.626451037,3.71218066990477
147494.632404008,3.71258836236814
147554.63835698,3.71299588958929
147614.644309951,3.7134032402558
147674.650262923,3.71381042587154
147734.656215894,3.71421744168683
147794.662168866,3.71462428709772
147854.668121837,3.71503095785537
147914.674074809,3.7154374599706
147974.680027781,3.71584380305542
148034.685980752,3.71624997365621
148094.691933724,3.71665597696771
148154.697886695,3.71706181710744
148214.703839667,3.71746748020487
148274.709792638,3.71787297910873
148334.71574561,3.71827831082894
148394.721698581,3.71868347974194
148454.727651553,3.7190884862326
148514.733604524,3.71949332629225
148574.739557496,3.71989799405692
148634.745510467,3.72030249460159
148694.751463439,3.72070682937813
148754.75741641,3.72111099628195
148814.763369382,3.72151500266167
148874.769322353,3.72191884059665
148934.775275325,3.72232251355242
148994.781228296,3.7227260217108
149054.787181268,3.72312936841359
149114.79313424,3.72353254371513
149174.799087211,3.72393555368039
149234.805040183,3.72433839765201
149294.810993154,3.72474107165966
149354.816946126,3.72514357695031
149414.822899097,3.72554592714281
149474.828852069,3.72594811639727
149534.83480504,3.72635013595859
149594.840758012,3.72675199690779
149654.846710983,3.72715369236926
149714.852663955,3.72755522656781
149774.858616926,3.72795659274877
149834.864569898,3.72835779480725
149894.870522869,3.7287588401368
149954.876475841,3.72915971795251
150014.882428812,3.7295604303419
150074.888381784,3.72996098401578
150134.894334755,3.73036136908573
150194.900287727,3.73076158746808
150254.906240698,3.73116164591063
150314.91219367,3.73156153643105
150374.918146642,3.7319612677869
150434.924099613,3.73236083880972
150494.930052585,3.73276024597634
150554.936005556,3.73315949270479
150614.941958528,3.73355857916732
150674.947911499,3.73395750677051
150734.953864471,3.7343562681015
150794.959817442,3.73475486971429
150854.965770414,3.73515331294679
150914.971723385,3.73555158863516
150974.977676357,3.73594970708959
151034.983629328,3.7363476586361
151094.9895823,3.73674544868571
151154.995535271,3.73714308297566
151215.001488243,3.7375405603307
151275.007441214,3.73793787179407
151335.013394186,3.73833502281197
151395.019347157,3.73873201117805
151455.025300129,3.7391288404914
151515.031253101,3.73952551248426
151575.037206072,3.73992202332643
151635.043159044,3.74031837405321
151695.049112015,3.74071456326156
151755.055064987,3.74111058929087
151815.061017958,3.7415064550589
151875.06697093,3.74190217008051
151935.072923901,3.74229772783753
151995.078876873,3.74269311916931
152055.084829844,3.74308835306305
152115.090782816,3.74348343397609
152175.096735787,3.74387835258402
152235.102688759,3.74427311208443
152295.10864173,3.74466771089565
152355.114594702,3.74506215276337
152415.120547673,3.745456435559
152475.126500645,3.74585055993119
152535.132453616,3.7462445248165
152595.138406588,3.74663833094591
152655.144359559,3.74703198482941
152715.150312531,3.74742548557689
152775.156265503,3.74781882299957
152835.162218474,3.74821199905848
152895.168171446,3.74860502165169
152955.174124417,3.74899788377528
153015.180077389,3.74939059008043
153075.18603036,3.74978314445843
153135.191983332,3.75017554327013
153195.197936303,3.75056778163279
153255.203889275,3.75095986144174
153315.209842246,3.75135178410907
153375.215795218,3.75174354663432
153435.221748189,3.75213516531767
153495.227701161,3.75252662597987
153555.233654132,3.75291792643416
153615.239607104,3.75330906883356
153675.245560075,3.75370005328193
153735.251513047,3.75409089051596
153795.257466018,3.75448157231066
153855.26341899,3.75487209820218
153915.269371962,3.75526246640633
153975.275324933,3.75565268544842
154035.281277905,3.75604274450786
154095.287230876,3.75643264537303
154155.293183848,3.75682238759725
154215.299136819,3.75721197929262
154275.305089791,3.75760141936028
154335.311042762,3.75799071118327
154395.316995734,3.75837984820549
154455.322948705,3.75876882495291
154515.328901677,3.75915764812963
154575.334854648,3.75954631678964
154635.34080762,3.75993483652053
154695.346760591,3.76032319640412
154755.352713563,3.76071140278509
154815.358666534,3.7610994573345
154875.364619506,3.76148735738144
154935.370572477,3.76187510866355
154995.376525449,3.76226270366858
155055.38247842,3.76265014253911
155115.388431392,3.76303743633163
155175.394384364,3.7634245749758
155235.400337335,3.76381156513226
155295.406290307,3.76419840717646
155355.412243278,3.76458509217575
155415.41819625,3.7649716233729
155475.424149221,3.76535800156356
155535.430102193,3.76574422816069
155595.436055164,3.7661303036575
155655.442008136,3.76651622575678
155715.447961107,3.76690199309768
155775.453914079,3.76728761136099
155835.45986705,3.76767307139256
155895.465820022,3.76805838667422
155955.471772993,3.76844354974887
156015.477725965,3.76882856059384
156075.483678936,3.76921342938203
156135.489631908,3.76959814441798
156195.495584879,3.76998270690105
156255.501537851,3.77036711781082
156315.507490822,3.77075137875473
156375.513443794,3.77113548682808
156435.519396766,3.77151944313154
156495.525349737,3.77190326131691
156555.531302709,3.77228692868532
156615.53725568,3.77267044082032
156675.543208652,3.7730538078314
156735.549161623,3.77343702007381
156795.555114595,3.7738200793035
156855.561067566,3.77420299051643
156915.567020538,3.77458575373396
156975.572973509,3.77496836931591
157035.578926481,3.77535083338391
157095.584879452,3.7757331520281
157155.590832424,3.7761153172905
157215.596785395,3.77649733520787
157275.602738367,3.7768792048592
157335.608691338,3.77726092384593
157395.61464431,3.77764249548972
157455.620597281,3.77802392039588
157515.626550253,3.77840519768416
157575.632503225,3.77878632973013
157635.638456196,3.77916730914445
157695.644409168,3.77954814095791
157755.650362139,3.77992882919641
157815.656315111,3.78030937311815
157875.662268082,3.78068977307211
157935.668221054,3.78107001935466
157995.674174025,3.78145011950005
158055.680126997,3.78183007037955
158115.686079968,3.78220987421168
158175.69203294,3.78258953542014
158235.697985911,3.78296904077345
158295.703938883,3.78334840460244
158355.709891854,3.78372762262335
158415.715844826,3.78410669131047
158475.721797797,3.78448561584406
158535.727750769,3.7848643968803
158595.73370374,3.78524302407833
158655.739656712,3.78562150840661
158715.745609684,3.78599985192372
158775.751562655,3.78637804374786
158835.757515627,3.78675609249248
158895.763468598,3.78713399682985
158955.76942157,3.78751175117753
159015.775374541,3.78788935914076
159075.781327513,3.78826682860701
159135.787280484,3.78864415209985
159195.793233456,3.78902132806382
159255.799186427,3.78939836077216
159315.805139399,3.78977524912531
159375.81109237,3.79015199023696
159435.817045342,3.79052858915173
159495.822998313,3.79090504779038
159555.828951285,3.79128136171454
159615.834904256,3.79165752892598
159675.840857228,3.79203354879155
159735.846810199,3.79240942746112
159795.852763171,3.79278516015377
159855.858716142,3.79316074752338
159915.864669114,3.79353620084499
159975.870622086,3.79391150888443
160035.876575057,3.79428666899075
160095.882528029,3.79466168628114
160155.888481,3.7950365551823
160215.894433972,3.79541128211778
160275.900386943,3.79578586889851
160335.906339915,3.79616031181108
160395.912292886,3.79653461099351
160455.918245858,3.79690876608004
160515.924198829,3.79728278315129
160575.930151801,3.79765665721439
160635.936104772,3.7980303866038
160695.942057744,3.79840397321356
160755.948010715,3.79877742131207
160815.953963687,3.79915072395903
160875.959916658,3.79952388966388
160935.96586963,3.79989691072604
160995.971822601,3.80026978790505
161055.977775573,3.80064253029408
161115.983728544,3.80101512630861
161175.989681516,3.80138757907705
161235.995634488,3.8017598917685
161296.001587459,3.80213206285944
161356.007540431,3.80250409403279
161416.013493402,3.80287598222151
161476.019446374,3.80324773420936
161536.025399345,3.80361934128377
161596.031352317,3.80399081347834
161656.037305288,3.80436214523306
161716.04325826,3.8047333329399
161776.049211231,3.80510437803649
161836.055164203,3.80547528725212
161896.061117174,3.8058460536496
161956.067070146,3.80621667591276
162016.073023117,3.80658716112671
162076.078976089,3.80695750894066
162136.08492906,3.8073277136874
162196.090882032,3.80769777881972
162256.096835003,3.80806770795839
162316.102787975,3.8084374987163
162376.108740947,3.80880715975256
162436.114693918,3.80917667543167
162496.12064689,3.80954604160075
162556.126599861,3.80991526739689
162616.132552833,3.81028436263644
162676.138505804,3.81065331587259
162736.144458776,3.81102212963611
162796.150411747,3.81139080720977
162856.156364719,3.81175934350276
162916.16231769,3.81212774497895
162976.168270662,3.81249600207311
163036.174223633,3.81286412684942
163096.180176605,3.81323211474799
163156.186129576,3.813599966952
163216.192082548,3.81396767469061
163276.198035519,3.81433524231668
163336.203988491,3.8147026781231
163396.209941462,3.81506997616146
163456.215894434,3.81543713601661
163516.221847405,3.81580415975492
163576.227800377,3.81617104727982
163636.233753349,3.81653779442214
163696.23970632,3.81690440991733
163756.245659292,3.81727088249598
163816.251612263,3.81763722089058
163876.257565235,3.81800342228815
163936.263518206,3.81836948488421
163996.269471178,3.8187354143884
164056.275424149,3.81910120976026
164116.281377121,3.81946686602451
164176.287330092,3.81983238207419
164236.293283064,3.82019776143689
164296.299236035,3.82056300727114
164356.305189007,3.82092811941607
164416.311141978,3.82129310042327
164476.31709495,3.82165794441216
164536.323047921,3.82202264768239
164596.329000893,3.82238722112998
164656.334953864,3.82275165094176
164716.340906836,3.82311594007757
164776.346859807,3.8234800997319
164836.352812779,3.82384412239962
164896.358765751,3.8242080119598
164956.364718722,3.82457177242841
165016.370671694,3.82493539614379
165076.376624665,3.82529888483306
165136.382577637,3.82566224113937
165196.388530608,3.82602546142278
165256.39448358,3.8263885475467
165316.400436551,3.826751502561
165376.406389523,3.82711431789971
165436.412342494,3.82747699445068
165496.418295466,3.82783953413052
165556.424248437,3.82820194781856
165616.430201409,3.82856423325675
165676.43615438,3.82892637781884
165736.442107352,3.82928838878691
165796.448060323,3.8296502659157
165856.454013295,3.83001201114824
165916.459966266,3.83037362374782
165976.465919238,3.83073510408247
166036.47187221,3.83109644572097
166096.477825181,3.8314576581281
166156.483778153,3.83181874096354
166216.489731124,3.83217968795401
166276.495684096,3.83254050058431
166336.501637067,3.83290118216671
166396.507590039,3.83326173612924
166456.51354301,3.83362215653029
166516.519495982,3.83398243821337
166576.525448953,3.83434258609709
166636.531401925,3.83470260605853
166696.537354896,3.83506249581813
166756.543307868,3.83542225183935
166816.549260839,3.83578187535698
166876.555213811,3.83614136443674
166936.561166782,3.83650072028339
166996.567119754,3.83685994790827
167056.573072725,3.83721904399623
167116.579025697,3.8375780063277
167176.584978669,3.83793684156146
167236.59093164,3.83829554249285
167296.596884612,3.83865411783104
167356.602837583,3.83901255734766
167416.608790555,3.83937086515231
167476.614743526,3.83972904881763
167536.620696498,3.84008709553624
167596.626649469,3.84044500611542
167656.632602441,3.84080279105635
167716.638555412,3.84116044610219
167776.644508384,3.84151797016591
167836.650461355,3.84187536118585
167896.656414327,3.84223262812875
167956.662367298,3.84258976698467
168016.66832027,3.84294677198777
168076.674273241,3.8433036494427
168136.680226213,3.84366039335654
168196.686179184,3.84401701054483
168256.692132156,3.84437350085907
168316.698085127,3.84472986045523
168376.704038099,3.84508608358083
168436.709991071,3.84544217747881
168496.715944042,3.84579814340103
168556.721897014,3.84615398176028
168616.727849985,3.84650969137295
168676.733802957,3.84686527266701
168736.739755928,3.84722072148746
168796.7457089,3.84757603791462
168856.751661871,3.84793123127649
168916.757614843,3.84828629624429
168976.763567814,3.84864123137976
169036.769520786,3.84899603728797
169096.775473757,3.8493507191399
169156.781426729,3.849705272057
169216.7873797,3.85005969681995
169276.793332672,3.85041399526124
169336.799285643,3.85076816122613
169396.805238615,3.85112220133806
169456.811191586,3.85147611658494
169516.817144558,3.85182989817692
169576.82309753,3.85218355415177
169636.829050501,3.85253708066069
169696.835003473,3.8528904807556
169756.840956444,3.85324375570527
169816.846909416,3.8535969000377
169876.852862387,3.85394991489219
169936.858815359,3.85430280600458
169996.86476833,3.8546555747535
170056.870721302,3.85500821862638
170116.876674273,3.85536072926532
170176.882627245,3.85571311690863
170236.888580216,3.85606537630777
170296.894533188,3.8564175064888
170356.900486159,3.85676950802519
170416.906439131,3.85712138504519
170476.912392102,3.85747314214476
170536.918345074,3.85782476546085
170596.924298045,3.85817626611728
170656.930251017,3.85852763681869
170716.936203989,3.85887888713412
170776.94215696,3.8592300111235
170836.948109932,3.85958100756034
170896.954062903,3.8599318813199
170956.960015875,3.86028262906952
171016.965968846,3.86063324940809
171076.971921818,3.86098374206838
171136.977874789,3.861334112648
171196.983827761,3.86168435880002
171256.989780732,3.86203447615259
171316.995733704,3.86238446641733
171377.001686675,3.86273433968331
171437.007639647,3.863084079854
171497.013592618,3.86343369720091
171557.01954559,3.86378319384622
171617.025498561,3.86413256576079
171677.031451533,3.86448181048053
171737.037404504,3.86483093037645
171797.043357476,3.86517992943875
171857.049310447,3.86552880284902
171917.055263419,3.86587754771717
171977.061216391,3.86622617337532
172037.067169362,3.86657467031869
172097.073122334,3.8669230414477
172157.079075305,3.86727129717507
172217.085028277,3.86761942969676
172277.090981248,3.86796743172329
172337.09693422,3.8683153143998
172397.102887191,3.86866307700184
172457.108840163,3.86901071160578
172517.114793134,3.86935821984787
172577.120746106,3.86970560515446
172637.126699077,3.87005287038109
172697.132652049,3.87040001098855
172757.13860502,3.8707470271566
172817.144557992,3.87109392340325
172877.150510963,3.87144069761618
172937.156463935,3.87178734869631
172997.162416906,3.87213387663729
173057.168369878,3.87248028554717
173117.17432285,3.87282657445987
173177.180275821,3.87317273753911
173237.186228793,3.87351878033373
173297.192181764,3.87386469553357
173357.198134736,3.87421048723911
173417.204087707,3.87455615546068
173477.210040679,3.87490170360696
173537.21599365,3.87524712842706
173597.221946622,3.87559243293164
173657.227899593,3.87593762015345
173717.233852565,3.87628268186085
173777.239805536,3.87662762287798
173837.245758508,3.87697244513185
173897.251711479,3.87731714136336
173957.257664451,3.87766172232808
174017.263617422,3.87800618739895
174077.269570394,3.87835052691759
174137.275523365,3.87869474647929
174197.281476337,3.87903884647602
174257.287429308,3.87938282509936
174317.29338228,3.87972667648148
174377.299335252,3.8800704050412
174437.305288223,3.88041401418365
174497.311241195,3.88075750496972
174557.317194166,3.88110087465165
174617.323147138,3.88144412258703
174677.329100109,3.88178725175747
174737.335053081,3.88213025810743
174797.341006052,3.88247314454801
174857.346959024,3.8828159137945
174917.352911995,3.88315856265681
174977.358864967,3.88350109607127
175037.364817938,3.8838435053645
175097.37077091,3.88418579324294
175157.376723881,3.88452796571363
175217.382676853,3.88487001616739
175277.388629824,3.8852119448857
175337.394582796,3.88555375394311
175397.400535767,3.88589545114732
175457.406488739,3.88623702636124
175517.41244171,3.88657848208397
175577.418394682,3.88691982360201
175637.424347654,3.88726104349535
175697.430300625,3.88760214197833
175757.436253597,3.88794312062022
175817.442206568,3.88828398267134
175877.44815954,3.88862472082304
175937.454112511,3.88896534512488
175997.460065483,3.88930585672486
176057.466018454,3.88964624381015
176117.471971426,3.889986514395
176177.477924397,3.89032666370665
176237.483877369,3.89066669391712
176297.48983034,3.89100660549344
176357.495783312,3.89134639955941
176417.501736283,3.89168607755557
176477.507689255,3.89202564190324
176537.513642226,3.8923650864208
176597.519595198,3.89270441261219
176657.525548169,3.89304362148048
176717.531501141,3.89338271357115
176777.537454112,3.89372168358612
176837.543407084,3.894060539858
176897.549360056,3.89439927408221
176957.555313027,3.8947378885967
177017.561265999,3.8950763895374
177077.56721897,3.89541478245076
177137.573171942,3.89575305911978
177197.579124913,3.89609121399001
177257.585077885,3.89642925215185
177317.591030856,3.89676717183669
177377.596983828,3.89710497789753
177437.602936799,3.89744266824388
177497.608889771,3.89778023549489
177557.614842742,3.89811769069843
177617.620795714,3.89845503119425
177677.626748685,3.89879225284807
177737.632701657,3.89912935815694
177797.638654628,3.8994663443249
177857.6446076,3.89980321494212
177917.650560571,3.90013998028662
177977.656513543,3.90047663167672
178037.662466515,3.90081315832574
178097.668419486,3.90114956971748
178157.674372458,3.90148586835015
178217.680325429,3.90182204591362
178277.686278401,3.9021581066598
178337.692231372,3.90249405314206
178397.698184344,3.90282988196066
178457.704137315,3.90316559949235
178517.710090287,3.90350120444575
178577.716043258,3.90383669368342
178637.72199623,3.90417207093036
178697.727949201,3.9045073323515
178757.733902173,3.9048424779253
178817.739855144,3.90517750578694
178877.745808116,3.90551241966031
178937.751761087,3.90584722385239
178997.757714059,3.90618191269283
179057.76366703,3.90651648230162
179117.769620002,3.90685093228257
179177.775572974,3.90718527041758
179237.781525945,3.90751950074952
179297.787478917,3.90785361371317
179357.793431888,3.90818761092312
179417.79938486,3.90852149799852
179477.805337831,3.90885526987824
179537.811290803,3.9091889311476
179597.817243774,3.90952248095169
179657.823196746,3.90985591496502
179717.829149717,3.91018923518311
179777.835102689,3.91052244018429
179837.84105566,3.91085552402063
179897.847008632,3.91118850223734
179957.852961603,3.91152137195688
180017.858914575,3.91185411960266
180077.864867546,3.91218675792098
180137.870820518,3.91251928873393
180197.876773489,3.91285170554671
180257.882726461,3.91318400713948
180317.888679432,3.91351619636856
180377.894632404,3.91384827266886
180437.900585376,3.91418023355872
180497.906538347,3.9145120842214
180557.912491319,3.91484382017299
180617.91844429,3.91517544092557
180677.924397262,3.915506948089
180737.930350233,3.91583834405719
180797.936303205,3.91616962725442
180857.942256176,3.9165008025677
180917.948209148,3.91683186758268
180977.954162119,3.91716282295057
181037.960115091,3.91749366632303
181097.966068062,3.91782439847445
181157.972021034,3.91815501016751
181217.977974005,3.91848551768939
181277.983926977,3.91881591361572
181337.989879948,3.91914619734277
181397.99583292,3.91947637089989
181458.001785891,3.91980643061793
181518.007738863,3.92013637608699
181578.013691834,3.9204662120682
181638.019644806,3.9207959388703
181698.025597778,3.92112555162011
181758.031550749,3.92145505140294
181818.037503721,3.92178443842873
181878.043456692,3.92211371777642
181938.049409664,3.922442884988
181998.055362635,3.92277194111967
182058.061315607,3.92310088810016
182118.067268578,3.92342972769279
182178.07322155,3.92375846058932
182238.079174521,3.92408708576899
182298.085127493,3.92441559613144
182358.091080464,3.92474399219787
182418.097033436,3.92507227710002
182478.102986407,3.92540045536271
182538.108939379,3.92572852354156
182598.11489235,3.92605648176434
182658.120845322,3.92638432883905
182718.126798293,3.92671206739968
182778.132751265,3.92703969576112
182838.138704237,3.92736721224247
182898.144657208,3.9276946237633
182958.15061018,3.92802192377649
183018.156563151,3.92834911183303
183078.162516123,3.92867618527436
183138.168469094,3.92900315203045
183198.174422066,3.92933000456373
183258.180375037,3.92965675280995
183318.186328009,3.92998339386726
183378.19228098,3.9303099280663
183438.198233952,3.93063635840252
183498.204186923,3.93096267935952
183558.210139895,3.93128888768221
183618.216092866,3.93161498929576
183678.222045838,3.93194098415222
183738.227998809,3.93226686853889
183798.233951781,3.93259263976561
183858.239904752,3.93291830815322
183918.245857724,3.93324386686137
183978.251810696,3.93356931245077
184038.257763667,3.93389464961002
184098.263716639,3.93421987484257
184158.26966961,3.9345449933373
184218.275622582,3.93487001101662
184278.281575553,3.93519492203396
184338.287528525,3.9355197215199
184398.293481496,3.93584441014408
184458.299434468,3.9361689974801
184518.305387439,3.93649347334253
184578.311340411,3.93681784236896
184638.317293382,3.93714210429287
184698.323246354,3.93746625691633
184758.329199325,3.9377903057405
184818.335152297,3.93811424602303
184878.341105268,3.93843807694446
184938.34705824,3.93876180394908
184998.353011211,3.93908542061819
185058.358964183,3.93940893328718
185118.364917154,3.93973233480846
185178.370870126,3.94005562751157
185238.376823098,3.94037882106981
185298.382776069,3.94070190758731
185358.388729041,3.9410248846211
185418.394682012,3.94134775583714
185478.400634984,3.94167051235288
185538.406587955,3.94199316776449
185598.412540927,3.94231571894499
185658.418493898,3.94263815991984
185718.42444687,3.94296050183637
185778.430399841,3.94328273646245
185838.436352813,3.94360486133033
185898.442305784,3.94392688173132
185958.448258756,3.94424879375923
186018.454211727,3.94457060409489
186078.460164699,3.94489230537655
186138.46611767,3.94521390184898
186198.472070642,3.94553539139174
186258.478023613,3.94585677188422
186318.483976585,3.94617805132997
186378.489929557,3.94649922630567
186438.495882528,3.94682029516712
186498.5018355,3.94714125679253
186558.507788471,3.94746211162851
186618.513741443,3.94778286646638
186678.519694414,3.94810351388911
186738.525647386,3.94842405588046
186798.531600357,3.94874449641654
186858.537553329,3.9490648279355
186918.5435063,3.94938505500391
186978.549459272,3.94970517745479
187038.555412243,3.95002519546499
187098.561365215,3.95034511069623
187158.567318186,3.95066491564768
187218.573271158,3.95098461683159
187278.579224129,3.95130421686488
187338.585177101,3.95162371221784
187398.591130072,3.95194310281493
187458.597083044,3.95226239350199
187518.603036015,3.95258157480873
187578.608988987,3.95290065164465
187638.614941959,3.95321962618865
187698.62089493,3.95353849387263
187758.626847902,3.95385725645451
187818.632800873,3.95417591273201
187878.638753845,3.95449446778636
187938.644706816,3.9548129206979
187998.650659788,3.95513127092825
188058.656612759,3.95544951785732
188118.662565731,3.95576766186271
188178.668518702,3.95608570531393
188238.674471674,3.95640364234096
188298.680424645,3.95672147854029
188358.686377617,3.95703921124776
188418.692330588,3.957356840558
188478.69828356,3.95767436803007
188538.704236531,3.95799178512944
188598.710189503,3.9583090940516
188658.716142474,3.9586263078889
188718.722095446,3.95894342185483
188778.728048418,3.95926043298411
188838.734001389,3.95957734174571
188898.739954361,3.95989414251658
188958.745907332,3.96021084188409
189018.751860304,3.96052744215336
189078.757813275,3.96084394231708
189138.763766247,3.96116033537243
189198.769719218,3.96147662349512
189258.77567219,3.96179281435482
189318.781625161,3.96210890033335
189378.787578133,3.9624248859505
189438.793531104,3.96274077261
189498.799484076,3.9630565518532
189558.805437047,3.96337223025581
189618.811390019,3.96368780602364
189678.81734299,3.96400327888692
189738.823295962,3.96431865140918
189798.829248933,3.96463391766506
189858.835201905,3.96494908364546
189918.841154876,3.96526414985164
189978.847107848,3.96557911538657
190038.85306082,3.96589397692587
190098.859013791,3.96620874102002
190158.864966763,3.96652340879225
190218.870919734,3.96683797551608
190278.876872706,3.96715243161011
190338.882825677,3.96746678338697
190398.888778649,3.96778103890513
190458.89473162,3.9680951971117
190518.900684592,3.9684092526204
190578.906637563,3.96872320920288
190638.912590535,3.96903706938203
190698.918543506,3.96935082332658
190758.924496478,3.96966447517836
190818.930449449,3.96997802441784
190878.936402421,3.97029146945823
190938.942355392,3.9706048222217
190998.948308364,3.97091807239249
191058.954261335,3.97123121820363
191118.960214307,3.97154426573125
191178.966167279,3.97185720894641
191238.97212025,3.97217005334704
191298.978073222,3.97248280141328
191358.984026193,3.97279544826677
191418.989979165,3.97310799783152
191478.995932136,3.9734204429134
191539.001885108,3.97373278935435
191599.007838079,3.97404504088939
191659.013791051,3.97435719103064
191719.019744022,3.97466924117438
191779.025696994,3.9749811886751
191839.031649965,3.97529303432732
191899.037602937,3.97560477925561
191959.043555908,3.97591642555052
192019.04950888,3.9762279755052
192079.055461851,3.9765394288217
192139.061414823,3.97685078282126
192199.067367794,3.9771620389715
192259.073320766,3.97747319520187
192319.079273738,3.97778424677625
192379.085226709,3.97809520236654
192439.091179681,3.9784060614797
192499.097132652,3.97871681533787
192559.103085624,3.97902747127362
192619.109038595,3.97933803614501
192679.114991567,3.97964850608575
192739.120944538,3.97995887221884
192799.12689751,3.98026913485395
192859.132850481,3.98057930220388
192919.138803453,3.98088937184569
192979.144756424,3.98119933910171
193039.150709396,3.9815092079703
193099.156662367,3.98181897877023
193159.162615339,3.98212865302546
193219.16856831,3.98243822665202
193279.174521282,3.98274770526424
193339.180474253,3.98305708177457
193399.186427225,3.98336636241443
193459.192380196,3.98367555137253
193519.198333168,3.98398463810984
193579.20428614,3.98429362979528
193639.210239111,3.98460252471363
193699.216192083,3.98491132280668
193759.222145054,3.98522001920751
193819.228098026,3.98552861669552
193879.234050997,3.98583711878537
193939.240003969,3.98614552306673
193999.24595694,3.98645382879471
194059.251909912,3.98676203782724
194119.257862883,3.98707014787259
194179.263815855,3.98737815881005
194239.269768826,3.98768607352712
194299.275721798,3.98799389263227
194359.281674769,3.98830161595182
194419.287627741,3.9886092431426
194479.293580712,3.98891677782808
194539.299533684,3.98922421584373
194599.305486655,3.98953155556889
194659.311439627,3.98983879621243
194719.317392598,3.99014594018626
194779.32334557,3.99045298636969
194839.329298542,3.99075993253109
194899.335251513,3.99106678591523
194959.341204485,3.99137354253654
195019.347157456,3.99168020179407
195079.353110428,3.99198676389992
195139.359063399,3.9922932324873
195199.365016371,3.99259960444782
195259.370969342,3.99290587681964
195319.376922314,3.993212054897
195379.382875285,3.99351814060203
195439.388828257,3.99382412842486
195499.394781228,3.99413002210176
195559.4007342,3.99443582346161
195619.406687171,3.99474152171362
195679.412640143,3.99504712897895
195739.418593114,3.99535264512018
195799.424546086,3.99565806223276
195859.430499057,3.99596338775412
195919.436452029,3.99626861553609
195979.442405,3.99657373971022
196039.448357972,3.99687877082637
196099.454310944,3.99718370678105
196159.460263915,3.99748854776694
196219.466216887,3.99779329273503
196279.472169858,3.99809794482987
196339.47812283,3.99840250886162
196399.484075801,3.99870697509998
196459.490028773,3.99901134342907
196519.495981744,3.99931561159897
196579.501934716,3.9996197848159
196639.507887687,3.99992386697214
196699.513840659,4.00022785771551
196759.51979363,4.00053175612421
196819.525746602,4.00083555362964
196879.531699573,4.00113925617918
196939.537652545,4.00144286983661
196999.543605516,4.00174638393841
197059.549558488,4.00204980061908
197119.555511459,4.00235313203542
197179.561464431,4.00265636900361
197239.567417402,4.00295950837214
197299.573370374,4.00326255411835
197359.579323346,4.00356550950594
197419.585276317,4.00386837049214
197479.591229289,4.00417113603903
197539.59718226,4.00447380591455
197599.603135232,4.00477637978479
197659.609088203,4.00507886313564
197719.615041175,4.00538125273894
197779.620994146,4.00568354542323
197839.626947118,4.00598574156418
197899.632900089,4.00628784912701
197959.638853061,4.00658986414181
198019.644806032,4.00689178284391
198079.650759004,4.00719361213152
198139.656711975,4.00749535080428
198199.662664947,4.00779699650683
198259.668617918,4.00809854547563
198319.67457089,4.00840000146129
198379.680523861,4.00870136938996
198439.686476833,4.00900264335484
198499.692429805,4.00930382157627
198559.698382776,4.00960490697833
198619.704335748,4.00990590068595
198679.710288719,4.0102067950508
198739.716241691,4.01050759509456
198799.722194662,4.01080830703365
198859.728147634,4.01110892201998
198919.734100605,4.01140944185646
198979.740053577,4.01170987989616
199039.746006548,4.01201022398671
199099.75195952,4.01231047687188
199159.757912491,4.01261063745455
199219.763865463,4.01291070324512
199279.769818434,4.01321068001968
199339.775771406,4.01351056002243
199399.781724377,4.0138103476075
199459.787677349,4.01411004403476
199519.79363032,4.01440965065095
199579.799583292,4.01470916747393
199639.805536264,4.01500858717696
199699.811489235,4.01530791770832
199759.817442207,4.015607154504
199819.823395178,4.01590630042247
199879.82934815,4.01620536562279
199939.835301121,4.0165043357341
199999.841254093,4.0168032074762
200059.847207064,4.01710198645416
200119.853160036,4.01740067049091
200179.859113007,4.01769926689142
200239.865065979,4.01799777496525
200299.87101895,4.01829619190151
200359.876971922,4.01859451860513
200419.882924893,4.01889275074415
200479.888877865,4.01919089068872
200539.894830836,4.01948894000675
200599.900783808,4.01978690033503
200659.906736779,4.0200847685488
200719.912689751,4.02038254405434
200779.918642722,4.02068022693462
200839.924595694,4.02097781829483
200899.930548666,4.02127532813881
200959.936501637,4.0215727524504
201019.942454609,4.02187008153189
201079.94840758,4.02216732019701
201139.954360552,4.02246446539734
201199.960313523,4.02276151577897
201259.966266495,4.02305847678837
201319.972219466,4.02335534522863
201379.978172438,4.02365212188391
201439.984125409,4.02394881112663
201499.990078381,4.02424541301778
201559.996031352,4.02454192608841
201620.001984324,4.02483834820159
201680.007937295,4.02513468379754
201740.013890267,4.02543093342284
201800.019843238,4.02572709082836
201860.02579621,4.02602315251247
201920.031749181,4.02631912236619
201980.037702153,4.02661500453199
202040.043655125,4.02691079968566
202100.049608096,4.02720650131188
202160.055561068,4.02750211360808
202220.061514039,4.02779763429511
202280.067467011,4.0280930668717
202340.073419982,4.02838840960547
202400.079372954,4.02868366022707
202460.085325925,4.02897882711392
202520.091278897,4.02927391164232
202580.097231868,4.02956890782507
202640.10318484,4.02986380926474
202700.109137811,4.03015862424474
202760.115090783,4.03045335622871
202820.121043754,4.03074799122443
202880.126996726,4.03104253441374
202940.132949697,4.03133698788877
203000.138902669,4.03163134844415
203060.14485564,4.03192562103893
203120.150808612,4.03221980844287
203180.156761583,4.03251390218565
203240.162714555,4.03280791224456
203300.168667527,4.03310183688698
203360.174620498,4.0333956720261
203420.18057347,4.03368941742832
203480.186526441,4.03398307667752
203540.192479413,4.03427664566248
203600.198432384,4.03457012400665
203660.204385356,4.03486351621956
203720.210338327,4.03515681897066
203780.216291299,4.03545003812087
203840.22224427,4.0357431716472
203900.228197242,4.03603621796966
203960.234150213,4.03632917511129
204020.240103185,4.03662204061303
204080.246056156,4.03691481680009
204140.252009128,4.03720750365291
204200.257962099,4.03750009927652
204260.263915071,4.03779261106645
204320.269868042,4.03808503925513
204380.275821014,4.03837738303095
204440.281773986,4.03866963417166
204500.287726957,4.03896179578098
204560.293679929,4.03925386964767
204620.2996329,4.03954585403385
204680.305585872,4.03983775333312
204740.311538843,4.0401295694414
204800.317491815,4.04042129525767
204860.323444786,4.040712935736
204920.329397758,4.04100449078083
204980.335350729,4.04129595737478
205040.341303701,4.04158733542473
205100.347256672,4.0418786264711
205160.353209644,4.04216983452378
205220.359162615,4.0424609543274
205280.365115587,4.04275198438215
205340.371068558,4.04304292717883
205400.37702153,4.04333378434701
205460.382974501,4.04362455400074
205520.388927473,4.04391523454415
205580.394880445,4.04420583055267
205640.400833416,4.04449634450344
205700.406786388,4.04478677045741
205760.412739359,4.0450771095693
205820.418692331,4.04536735872732
205880.424645302,4.04565751893718
205940.430598274,4.04594760052722
206000.436551245,4.04623759336475
206060.442504217,4.04652749547117
206120.448457188,4.04681731249386
206180.45441016,4.04710704711
206240.460363131,4.04739669834362
206300.466316103,4.0476862573135
206360.472269074,4.04797573246299
206420.478222046,4.04826512905045
206480.484175017,4.0485544415474
206540.490127989,4.04884366237249
206600.49608096,4.04913279704608
206660.502033932,4.04942184823251
206720.507986903,4.04971081076103
206780.513939875,4.04999968585713
206840.519892847,4.05028847385741
206900.525845818,4.05057717469714
206960.53179879,4.05086579305716
207020.537751761,4.05115432819402
207080.543704733,4.05144277468366
207140.549657704,4.05173113740576
207200.555610676,4.05201941783666
207260.561563647,4.05230761485057
207320.567516619,4.05259572759279
207380.57346959,4.05288375712546
207440.579422562,4.05317170227502
207500.585375533,4.05345955741246
207560.591328505,4.0537473216583
207620.597281476,4.05403500606873
207680.603234448,4.0543226068347
207740.609187419,4.0546101210122
207800.615140391,4.05489754907235
207860.621093362,4.0551848886809
207920.627046334,4.05547215102686
207980.632999306,4.05575933216848
208040.638952277,4.05604642092196
208100.644905249,4.05633342360942
208160.65085822,4.05662034867896
208220.656811192,4.05690718998399
208280.662764163,4.05719394197367
208340.668717135,4.05748061198392
208400.674670106,4.05776719925712
208460.680623078,4.05805369709783
208520.686576049,4.05834011383874
208580.692529021,4.058626452524
208640.698481992,4.05891270072971
208700.704434964,4.0591988650277
208760.710387935,4.05948494444578
208820.716340907,4.05977093686494
208880.722293878,4.0600568510568
208940.72824685,4.06034267876831
209000.734199821,4.06062842311836
209060.740152793,4.06091408365235
209120.746105764,4.0611996613405
209180.752058736,4.06148515640891
209240.758011708,4.06177057232603
209300.763964679,4.0620559059392
209360.769917651,4.06234115101502
209420.775870622,4.06262631518606
209480.781823594,4.06291139335369
209540.787776565,4.06319638747552
209600.793729537,4.06348130311813
209660.799682508,4.06376613180728
209720.80563548,4.06405087624582
209780.811588451,4.06433553736581
209840.817541423,4.06462011212237
209900.823494394,4.06490460371683
209960.829447366,4.06518901311614
210020.835400337,4.06547334081268
210080.841353309,4.06575758639007
210140.84730628,4.06604175360308
210200.853259252,4.06632583808259
210260.859212223,4.06660983517186
210320.865165195,4.06689375131512
210380.871118166,4.06717758750362
210440.877071138,4.0674613380736
210500.88302411,4.06774500683896
210560.888977081,4.06802859038559
210620.894930053,4.06831209864694
210680.900883024,4.06859552009464
210740.906835996,4.06887885516888
210800.912788967,4.06916211461001
210860.918741939,4.06944529270009
210920.92469491,4.06972838651886
210980.930647882,4.07001139310498
211040.936600853,4.07029431960639
211100.942553825,4.0705771634503
211160.948506796,4.07085992392695
211220.954459768,4.07114260410433
211280.960412739,4.07142520561743
211340.966365711,4.07170772520199
211400.972318682,4.07199016409338
211460.978271654,4.07227252539111
211520.984224625,4.07255480169782
211580.990177597,4.07283699359495
211640.996130568,4.07311910762769
211701.00208354,4.07340113998435
211761.008036512,4.0736830833025
211821.013989483,4.07396493963629
211881.019942455,4.0742467201196
211941.025895426,4.07452842415191
212001.031848398,4.07481004603
212061.037801369,4.07509158371622
212121.043754341,4.07537304014821
212181.049707312,4.07565441589369
212241.055660284,4.07593571301028
212301.061613255,4.07621692425881
212361.067566227,4.07649805475242
212421.073519198,4.07677911255054
212481.07947217,4.07706008731136
212541.085425141,4.07734097719191
212601.091378113,4.07762178706059
212661.097331084,4.07790251648295
212721.103284056,4.07818316472633
212781.109237028,4.07846372792048
212841.115189999,4.07874420769333
212901.121142971,4.07902461061519
212961.127095942,4.07930493902394
213021.133048914,4.07958518510483
213081.139001885,4.07986535221546
213141.144954857,4.08014544029289
213201.150907828,4.0804254413856
213261.1568608,4.0807053621965
213321.162813771,4.08098520569125
213381.168766743,4.08126496708458
213441.174719714,4.08154465208011
213501.180672686,4.08182426011222
213561.186625657,4.08210378226337
213621.192578629,4.0823832298143
213681.1985316,4.08266259122523
213741.204484572,4.08294186029568
213801.210437543,4.08322105701004
213861.216390515,4.08350018141022
213921.222343486,4.08377922415108
213981.228296458,4.08405818574802
214041.23424943,4.08433706983925
214101.240202401,4.08461587443494
214161.246155373,4.08489459791894
214221.252108344,4.08517324531826
214281.258061316,4.08545181072285
214341.264014287,4.08573029019953
214401.269967259,4.08600869306936
214461.27592023,4.08628701793838
214521.281873202,4.0865652618647
214581.287826173,4.08684342410175
214641.293779145,4.08712150549164
214701.299732116,4.08739950934761
214761.305685088,4.08767743934285
214821.311638059,4.08795529227294
214881.317591031,4.08823306094836
214941.323544002,4.08851075769417
215001.329496974,4.0887883748419
215061.335449945,4.08906590177979
215121.341402917,4.08934335158445
215181.347355888,4.08962072626906
215241.35330886,4.08989802476453
215301.359261832,4.09017524315463
215361.365214803,4.09045238458792
215421.371167775,4.09072944506861
215481.377120746,4.09100642139949
215541.383073718,4.09128332089734
215601.389026689,4.09156014478895
215661.394979661,4.09183689434673
215721.400932632,4.09211356352775
215781.406885604,4.09239015162671
215841.412838575,4.09266666218789
215901.418791547,4.09294309409375
215961.424744518,4.09321944792413
216021.43069749,4.09349571950768
216081.436650461,4.09377191270033
216141.442603433,4.09404803104098
216201.448556404,4.0943240695203
216261.454509376,4.09460002743255
216321.460462347,4.09487590908435
216381.466415319,4.09515171562659
216441.47236829,4.09542744468207
216501.478321262,4.09570309351131
216561.484274234,4.09597866707328
216621.490227205,4.09625416708433
216681.496180177,4.09652958226223
216741.502133148,4.09680491987367
216801.50808612,4.09708018524252
216861.514039091,4.09735536616925
216921.519992063,4.09763046665849
216981.525945034,4.09790549322
217041.531898006,4.09818044049024
217101.537850977,4.09845531276866
217161.543803949,4.09873011270318
217221.54975692,4.09900483372042
217281.555709892,4.09927947764853
217341.561662863,4.09955404049937
217401.567615835,4.09982852550786
217461.573568806,4.10010293173014
217521.579521778,4.10037726280894
217581.585474749,4.10065152212704
217641.591427721,4.1009257015041
217701.597380693,4.10119980244659
217761.603333664,4.10147382718211
217821.609286636,4.10174777823654
217881.615239607,4.10202164327789
217941.621192579,4.10229543344494
218001.62714555,4.10256914933161
218061.633098522,4.10284278096524
218121.639051493,4.10311634175294
218181.645004465,4.10338982582148
218241.650957436,4.1036632313559
218301.656910408,4.1039365630578
218361.662863379,4.10420982186124
218421.668816351,4.10448300222407
218481.674769322,4.10475610381186
218541.680722294,4.10502913364558
218601.686675265,4.1053020850111
218661.692628237,4.105574957506
218721.698581208,4.10584775346518
218781.70453418,4.10612046978916
218841.710487152,4.1063931123674
218901.716440123,4.1066656814761
218961.722393095,4.10693817280672
219021.728346066,4.10721058441681
219081.734299038,4.10748292193668
219141.740252009,4.10775518551742
219201.746204981,4.10802737039277
219261.752157952,4.10829947845244
219321.758110924,4.10857151496073
219381.764063895,4.1088434762985
219441.770016867,4.10911535969561
219501.775969838,4.10938717125216
219561.78192281,4.109658910748
219621.787875781,4.10993056798486
219681.793828753,4.11020214134352
219741.799781724,4.11047364208091
219801.805734696,4.11074506600545
219861.811687667,4.11101641301994
219921.817640639,4.11128768927042
219981.82359361,4.11155889007403
220041.829546582,4.11183001673871
220101.835499554,4.11210107080712
220161.841452525,4.11237205046462
220221.847405497,4.11264295260488
220281.853358468,4.11291377426641
220341.85931144,4.11318452208509
220401.865264411,4.11345519534394
220461.871217383,4.11372579091878
220521.877170354,4.1139963107562
220581.883123326,4.11426675834953
220641.889076297,4.11453713452414
220701.895029269,4.11480743964785
220761.90098224,4.1150776698348
220821.906935212,4.11534782035226
220881.912888183,4.11561789259439
220941.918841155,4.11588789604319
221001.924794126,4.11615782339049
221061.930747098,4.11642767320492
221121.936700069,4.11669744870352
221181.942653041,4.11696714552785
221241.948606013,4.1172367660369
221301.954558984,4.1175063160931
221361.960511956,4.11777578968665
221421.966464927,4.11804518600821
221481.972417899,4.11831451715344
221541.97837087,4.11858377829921
221601.984323842,4.1188529575772
221661.990276813,4.11912206321732
221721.996229785,4.11939109782086
221782.002182756,4.11966005473064
221842.008135728,4.1199289344245
221902.014088699,4.12019773885397
221962.020041671,4.12046647265071
222022.025994642,4.12073513094938
222082.031947614,4.12100371682292
222142.037900585,4.12127222985302
222202.043853557,4.1215406679838
222262.049806528,4.12180903340974
222322.0557595,4.1220773250796
222382.061712471,4.12234553874759
222442.067665443,4.12261368110502
222502.073618415,4.12288175041451
222562.079571386,4.12314974642451
222622.085524358,4.12341766833155
222682.091477329,4.12368551376971
222742.097430301,4.12395329070141
222802.103383272,4.12422099687084
222862.109336244,4.12448862218366
222922.115289215,4.12475617037337
222982.121242187,4.12502365075043
223042.127195158,4.12529106052266
223102.13314813,4.12555839325363
223162.139101101,4.12582564962018
223222.145054073,4.12609283749908
223282.151007044,4.12635994756842
223342.156960016,4.12662698484663
223402.162912987,4.12689395737186
223462.168865959,4.12716085482724
223522.17481893,4.12742767320348
223582.180771902,4.127694418972
223642.186724874,4.12796109386928
223702.192677845,4.12822769567435
223762.198630817,4.12849422042873
223822.204583788,4.12876067510202
223882.21053676,4.12902706251367
223942.216489731,4.12929337159734
224002.222442703,4.12955961148198
224062.228395674,4.1298257826616
224122.234348646,4.13009187098555
224182.240301617,4.1303578873209
224242.246254589,4.13062383880936
224302.25220756,4.13088971323905
224362.258160532,4.13115550984559
224422.264113503,4.13142123563131
224482.270066475,4.13168689008294
224542.276019446,4.1319524712118
224602.281972418,4.13221798051256
224662.287925389,4.13248341652276
224722.293878361,4.13274878749398
224782.299831332,4.13301408244396
224842.305784304,4.13327929857847
224902.311737276,4.13354444693031
224962.317690247,4.1338095244654
225022.323643219,4.13407453260654
225082.32959619,4.13433947161545
225142.335549162,4.13460433790153
225202.341502133,4.13486912960055
225262.347455105,4.13513385117759
225322.353408076,4.13539849964696
225382.359361048,4.13566307043469
225442.365314019,4.13592757156346
225502.371266991,4.13619200175287
225562.377219962,4.13645635846574
225622.383172934,4.13672065048795
225682.389125905,4.13698487258135
225742.395078877,4.13724901920676
225802.401031848,4.1375130888104
225862.40698482,4.13777708669012
225922.412937791,4.13804101321657
225982.418890763,4.13830486670588
226042.424843735,4.13856865173531
226102.430796706,4.13883236668569
226162.436749678,4.1390960109327
226222.442702649,4.13935958586576
226282.448655621,4.13962309149917
226342.454608592,4.13988651932311
226402.460561564,4.14014987673752
226462.466514535,4.14041316285038
226522.472467507,4.14067637315945
226582.478420478,4.14093951827334
226642.48437345,4.14120259477543
226702.490326421,4.1414655952311
226762.496279393,4.14172852248008
226822.502232364,4.14199138136707
226882.508185336,4.14225416961536
226942.514138307,4.14251688892897
227002.520091279,4.14277953840416
227062.52604425,4.14304211480502
227122.531997222,4.14330462103209
227182.537950194,4.14356705608179
227242.543903165,4.14382942078972
227302.549856137,4.14409171455499
227362.555809108,4.14435393486989
227422.56176208,4.14461609025322
227482.567715051,4.14487817465892
227542.573668023,4.14514018416796
227602.579620994,4.14540212470291
227662.585573966,4.14566399593011
227722.591526937,4.14592579585016
227782.597479909,4.14618752537282
227842.60343288,4.14644918438908
227902.609385852,4.14671077203584
227962.615338823,4.1469722919328
228022.621291795,4.14723374132795
228082.627244766,4.14749512097142
228142.633197738,4.14775642883493
228202.639150709,4.14801766501276
228262.645103681,4.14827883207316
228322.651056652,4.14853992800628
228382.657009624,4.14880095190037
228442.662962596,4.149061908159
228502.668915567,4.14932279777727
228562.674868539,4.14958362012354
228622.68082151,4.14984437009011
228682.686774482,4.15010505085347
228742.692727453,4.15036566369117
228802.698680425,4.15062620175225
228862.704633396,4.15088667313021
228922.710586368,4.15114707080104
228982.716539339,4.15140740008583
229042.722492311,4.15166766103273
229102.728445282,4.15192785194316
229162.734398254,4.1521879773359
229222.740351225,4.15244802903574
229282.746304197,4.1527080120502
229342.752257168,4.15296792768514
229402.75821014,4.15322777611202
229462.764163111,4.15348755473719
229522.770116083,4.15374726367517
229582.776069054,4.15400690020861
229642.782022026,4.15426646041593
229702.787974998,4.15452595278537
229762.793927969,4.15478537927852
229822.799880941,4.15504473509023
229882.805833912,4.15530402202716
229942.811786884,4.1555632463746
230002.817739855,4.15582240548514
230062.823692827,4.15608149341148
230122.829645798,4.15634051118487
230182.83559877,4.15659945762304
230242.841551741,4.15685833231206
230302.847504713,4.15711713760838
230362.853457684,4.15737587460501
230422.859410656,4.15763454165286
230482.865363627,4.15789314794088
230542.871316599,4.15815168555186
230602.87726957,4.15841015107674
230662.883222542,4.15866854932104
230722.889175513,4.1589268769887
230782.895128485,4.159185136468
230842.901081456,4.15944332519663
230902.907034428,4.15970144979857
230962.9129874,4.15995950219666
231022.918940371,4.1602174851986
231082.924893343,4.16047540305663
231142.930846314,4.16073324864491
231202.936799286,4.16099102349625
231262.942752257,4.16124873273948
231322.948705229,4.16150637684999
231382.9546582,4.16176395109546
231442.960611172,4.1620214601691
231502.966564143,4.16227890619398
231562.972517115,4.16253628052697
231622.978470086,4.1627935858974
231682.984423058,4.16305082609745
231742.990376029,4.16330799501239
231802.996329001,4.16356509069681
231863.002281972,4.1638221222722
231923.008234944,4.16407908535117
231983.014187915,4.16433597891987
232043.020140887,4.16459280362781
232103.026093858,4.16484956126637
232163.03204683,4.16510625703818
232223.037999802,4.16536288874921
232283.043952773,4.16561945006011
232343.049905745,4.16587594393718
232403.055858716,4.16613237333649
232463.061811688,4.16638872784995
232523.067764659,4.16664501119635
232583.073717631,4.16690122942048
232643.079670602,4.16715737966041
232703.085623574,4.1674134573494
232763.091576545,4.16766947482531
232823.097529517,4.16792542799594
232883.103482488,4.16818130932983
232943.10943546,4.16843712525428
233003.115388431,4.16869287473964
233063.121341403,4.16894855628178
233123.127294374,4.16920417263156
233183.133247346,4.16945972461632
233243.139200317,4.16971520470952
233303.145153289,4.16997061978164
233363.151106261,4.17022596823433
233423.157059232,4.17048124343308
233483.163012204,4.17073645002927
233543.168965175,4.1709915996457
233603.174918147,4.1712466853972
233663.180871118,4.17150170114129
233723.18682409,4.17175664791647
233783.192777061,4.17201152296859
233843.198730033,4.17226633284848
233903.204683004,4.17252107496055
233963.210635976,4.17277575085645
234023.216588947,4.1730303637005
234083.222541919,4.17328491204231
234143.22849489,4.17353938862376
234203.234447862,4.17379379723641
234263.240400833,4.17404814375667
234323.246353805,4.17430242310338
234383.252306776,4.17455663771694
234443.258259748,4.17481078823161
234503.26421272,4.17506486621608
234563.270165691,4.17531887533782
234623.276118663,4.17557282587637
234683.282071634,4.17582670730165
234743.288024606,4.17608052445576
234803.293977577,4.1763342780391
234863.299930549,4.17658795978459
234923.30588352,4.17684157780176
234983.311836492,4.17709512643129
235043.317789463,4.17734860331853
235103.323742435,4.17760201876163
235163.329695406,4.17785537317132
235223.335648378,4.17810866171802
235283.341601349,4.1783618825973
235343.347554321,4.17861504073257
235403.353507292,4.17886813467117
235463.359460264,4.17912115742184
235523.365413235,4.1793741139306
235583.371366207,4.1796270100093
235643.377319178,4.17987983830389
235703.38327215,4.18013259814641
235763.389225122,4.18038528916778
235823.395178093,4.18063791153582
235883.401131065,4.18089047484991
235943.407084036,4.18114297426727
236003.413037008,4.18139540735488
236063.418989979,4.18164777619401
236123.424942951,4.18190008152584
236183.430895922,4.18215231771396
236243.436848894,4.18240448216702
236303.442801865,4.1826565875287
236363.448754837,4.18290862741262
236423.454707808,4.18316060391749
236483.46066078,4.18341250984394
236543.466613751,4.18366434836675
236603.472566723,4.18391612828871
236663.478519694,4.18416784155006
236723.484472666,4.18441949214063
236783.490425637,4.18467108022367
236843.496378609,4.18492260676049
236903.502331581,4.18517406257216
236963.508284552,4.1854254472824
237023.514237524,4.1856767686736
237083.520190495,4.18592803289907
237143.526143467,4.1861792353854
237203.532096438,4.18643036691096
237263.53804941,4.18668143170354
237323.544002381,4.18693243090935
237383.549955353,4.18718336650387
237443.555908324,4.18743423785591
237503.561861296,4.18768503948911
237563.567814267,4.18793577829417
237623.573767239,4.18818645650568
237683.57972021,4.1884370709783
237743.585673182,4.18868761827165
237803.591626153,4.18893809756346
237863.597579125,4.18918851436099
237923.603532096,4.18943886935134
237983.609485068,4.18968916157693
238043.61543804,4.1899393871174
238103.621391011,4.1901895473012
238163.627343983,4.19043964991036
238223.633296954,4.19068968249362
238283.639249926,4.19093964521457
238343.645202897,4.19118954982485
238403.651155869,4.19143939294427
238463.65710884,4.19168917163554
238523.663061812,4.19193888054319
238583.669014783,4.19218852617957
238643.674967755,4.19243811070396
238703.680920726,4.19268762974543
238763.686873698,4.19293708578185
238823.692826669,4.19318647073299
238883.698779641,4.19343579444953
238943.704732612,4.19368505913637
239003.710685584,4.19393425709257
239063.716638555,4.19418339608296
239123.722591527,4.19443247346465
239183.728544498,4.1946814862612
239243.73449747,4.19493043270863
239303.740450442,4.19517931228706
239363.746403413,4.19542813167141
239423.752356385,4.19567688865907
239483.758309356,4.19592557722138
239543.764262328,4.19617420663633
239603.770215299,4.19642277519574
239663.776168271,4.19667127581056
239723.782121242,4.19691971177258
239783.788074214,4.19716808822418
239843.794027185,4.19741640146904
239903.799980157,4.19766464957496
239963.805933128,4.19791283134705
240023.8118861,4.19816094620665
240083.817839071,4.19840899956216
240143.823792043,4.19865699219195
240203.829745014,4.19890492204024
240263.835697986,4.19915278946868
240323.841650957,4.19940059433411
240383.847603929,4.1996483370987
240443.8535569,4.19989601005105
240503.859509872,4.2001436193388
240563.865462844,4.20039116683693
240623.871415815,4.20063865372711
240683.877368787,4.20088608205434
240743.883321758,4.20113344528367
240803.88927473,4.20138074973708
240863.895227701,4.20162799016985
240923.901180673,4.20187516176192
240983.907133644,4.20212227850296
241043.913086616,4.20236933313482
241103.919039587,4.20261631859417
241163.924992559,4.20286324299366
241223.93094553,4.20311010419318
241283.936898502,4.20335690131315
241343.942851473,4.2036036347737
241403.948804445,4.20385030617414
241463.954757416,4.20409691309135
241523.960710388,4.20434345847456
241583.966663359,4.20458994085753
241643.972616331,4.20483636091584
241703.978569302,4.20508272041968
241763.984522274,4.20532901955749
241823.990475246,4.20557525950642
241883.996428217,4.20582143677949
241944.002381189,4.2060675491798
242004.00833416,4.20631359749648
242064.014287132,4.20655957990792
242124.020240103,4.20680550069919
242184.026193075,4.20705136335301
242244.032146046,4.20729716711609
242304.038099018,4.20754290485227
242364.044051989,4.20778858216942
242424.050004961,4.20803419809823
242484.055957932,4.20827975080287
242544.061910904,4.20852523891266
242604.067863875,4.20877066452613
242664.073816847,4.20901603342088
242724.079769818,4.20926133507806
242784.08572279,4.20950657471102
242844.091675762,4.20975175687458
242904.097628733,4.20999687871158
242964.103581704,4.2102419359918
243024.109534676,4.21048693299653
243084.115487648,4.21073187078558
243144.121440619,4.21097674009852
243204.127393591,4.21122154353432
243264.133346562,4.2114662895095
243324.139299534,4.21171097780714
243384.145252505,4.21195560303242
243444.151205477,4.21220017075515
243504.157158448,4.212444678879
243564.16311142,4.21268912230923
243624.169064391,4.2129335042834
243684.175017363,4.21317782415528
243744.180970334,4.21342207993762
243804.186923306,4.21366626928534
243864.192876277,4.21391039894825
243924.198829249,4.21415447055845
243984.20478222,4.21439848522006
244044.210735192,4.2146424345165
244104.216688164,4.21488632406916
244164.222641135,4.21513015394509
244224.228594107,4.21537391410256
244284.234547078,4.21561761878739
244344.24050005,4.2158612651565
244404.246453021,4.21610484808416
244464.252405993,4.21634837621264
244524.258358964,4.21659184036828
244584.264311936,4.21683524163759
244644.270264907,4.21707858516887
244704.276217879,4.21732186482189
244764.28217085,4.21756508577523
244824.288123822,4.21780824491192
244884.294076793,4.21805134443227
244944.300029765,4.21829438150293
245004.305982736,4.21853735187955
245064.311935708,4.21878026082102
245124.317888679,4.21902311284473
245184.323841651,4.21926590936651
245244.329794622,4.21950864529272
245304.335747594,4.21975132258318
245364.341700566,4.21999393936748
245424.347653537,4.22023649011546
245484.353606509,4.22047898009964
245544.35955948,4.22072140843788
245604.365512452,4.22096377998069
245664.371465423,4.22120608430976
245724.377418395,4.22144833111033
245784.383371366,4.2216905278608
245844.389324338,4.22193266108923
245904.395277309,4.22217473152643
245964.401230281,4.22241674242018
246024.407183252,4.2226586935217
246084.413136224,4.22290058111719
246144.419089195,4.22314240578167
246204.425042167,4.22338416723026
246264.430995138,4.22362587250004
246324.43694811,4.22386751897762
246384.442901081,4.22410910400943
246444.448854053,4.22435063084247
246504.454807025,4.22459209806573
246564.460759996,4.22483350596055
246624.466712968,4.22507485251946
246684.472665939,4.22531613788378
246744.478618911,4.22555736522089
246804.484571882,4.22579853347905
246864.490524854,4.22603964106245
246924.496477825,4.22628069067952
246984.502430797,4.2265216779859
247044.508383768,4.22676260378698
247104.51433674,4.22700347143483
247164.520289711,4.22724428625422
247224.526242683,4.22748503910427
247284.532195654,4.22772572771967
247344.538148626,4.2279663641851
247404.544101597,4.22820693552029
247464.550054569,4.22844744606269
247524.55600754,4.22868789907122
247584.561960512,4.22892829192444
247644.567913484,4.22916862798271
247704.573866455,4.22940890721135
247764.579819427,4.22964912317861
247824.585772398,4.22988927808355
247884.59172537,4.23012937447681
247944.597678341,4.23036940551335
248004.603631313,4.23060938008378
248064.609584284,4.23084929999656
248124.615537256,4.23108916063987
248184.621490227,4.23132895429206
248244.627443199,4.23156868877896
248304.63339617,4.23180837203675
248364.639349142,4.23204799602249
248424.645302113,4.23228755914576
248484.651255085,4.2325270632303
248544.657208056,4.23276651367566
248604.663161028,4.23300590118584
248664.669113999,4.23324523039681
248724.675066971,4.23348450164591
248784.681019942,4.23372370641441
248844.686972914,4.23396285407631
248904.692925886,4.23420194153861
248964.698878857,4.23444097482639
249024.704831829,4.23467995340599
249084.7107848,4.23491887450428
249144.716737772,4.23515773724183
249204.722690743,4.23539653987037
249264.728643715,4.23563528468577
249324.734596686,4.23587396480248
249384.740549658,4.23611258232288
249444.746502629,4.23635114463122
249504.752455601,4.23658964537901
249564.758408572,4.2368280917252
249624.764361544,4.23706648306062
249684.770314515,4.23730481587208
249744.776267487,4.23754309070604
249804.782220458,4.23778130402921
249864.78817343,4.23801945775498
249924.794126401,4.23825755581634
249984.800079373,4.23849559511584
250044.806032344,4.23873357148809
250104.811985316,4.2389714910349
250164.817938288,4.23920935145845
250224.823891259,4.23944715749618
250284.829844231,4.23968490802261
250344.835797202,4.23992260194611
250404.841750174,4.24016023820726
250464.847703145,4.24039781247907
250524.853656117,4.24063532617038
250584.859609088,4.24087278103848
250644.86556206,4.2411101782895
250704.871515031,4.24134751617822
250764.877468003,4.24158480038488
250824.883420974,4.24182202622521
250884.889373946,4.24205919201229
250944.895326917,4.2422963003243
251004.901279889,4.24253335137145
251064.90723286,4.24277034506561
251124.913185832,4.24300727759506
251184.919138803,4.24324415086987
251244.925091775,4.24348096764907
251304.931044747,4.2437177288926
251364.936997718,4.24395443714358
251424.94295069,4.24419109115379
251484.948903661,4.24442768476934
251544.954856633,4.24466421863631
251604.960809604,4.24490069149437
251664.966762576,4.24513711054988
251724.972715547,4.24537347825599
251784.978668519,4.24560978186917
251844.98462149,4.24584602431014
251904.990574462,4.24608220957053
251964.996527433,4.24631833605237
252025.002480405,4.24655440593491
252085.008433376,4.24679042420355
252145.014386348,4.24702638280702
252205.020339319,4.2472622850284
252265.026292291,4.24749812889859
252325.032245262,4.24773391585234
252385.038198234,4.24796964666045
252445.044151205,4.24820531705503
252505.050104177,4.24844093535803
252565.056057149,4.24867649847202
252625.06201012,4.24891200050223
252685.067963092,4.24914744060199
252745.073916063,4.24938282731129
252805.079869035,4.24961815841442
252865.085822006,4.24985342772667
252925.091774978,4.25008864320022
252985.097727949,4.25032379656967
253045.103680921,4.25055890090832
253105.109633892,4.25079395328234
253165.115586864,4.25102893992095
253225.121539835,4.25126387471213
253285.127492807,4.25149875419682
253345.133445778,4.25173357076578
253405.13939875,4.25196832864453
253465.145351721,4.2522030348882
253525.151304693,4.25243767895968
253585.157257664,4.25267226406562
253645.163210636,4.25290679709383
253705.169163608,4.2531412776718
253765.175116579,4.25337570285213
253825.181069551,4.25361006923119
253885.187022522,4.25384437682482
253945.192975494,4.254078629575
254005.198928465,4.25431282573255
254065.204881437,4.25454696656082
254125.210834408,4.25478104950226
254185.21678738,4.25501507628378
254245.222740351,4.25524905101244
254305.228693323,4.25548296561464
254365.234646294,4.25571681912432
254425.240599266,4.25595061911717
254485.246552237,4.25618436801268
254545.252505209,4.25641806195947
254605.25845818,4.25665170078322
254665.264411152,4.25688527424311
254725.270364123,4.25711878862509
254785.276317095,4.25735225112005
254845.282270066,4.2575856594009
254905.288223038,4.2578190096044
254965.29417601,4.25805230530907
255025.300128981,4.25828554643724
255085.306081953,4.2585187328393
255145.312034924,4.2587518653225
255205.317987896,4.25898494126481
255265.323940867,4.25921795798482
255325.329893839,4.2594509182407
255385.33584681,4.25968382236985
255445.341799782,4.25991666922053
255505.347752753,4.26014946248201
255565.353705725,4.26038219938994
255625.359658696,4.2606148747329
255685.365611668,4.26084749967661
255745.371564639,4.26108007123625
255805.377517611,4.26131258735662
255865.383470582,4.26154505157173
255925.389423554,4.26177745804577
255985.395376525,4.26200980692814
256045.401329497,4.26224209405641
256105.407282468,4.26247432600491
256165.41323544,4.26270650756806
256225.419188412,4.26293863403253
256285.425141383,4.26317070695997
256345.431094355,4.2634027236202
256405.437047326,4.26363468683723
256465.443000298,4.26386659222827
256525.448953269,4.26409843640194
256585.454906241,4.2643302267905
256645.460859212,4.26456196186037
256705.466812184,4.264793644805
256765.472765155,4.26502527424169
256825.478718127,4.26525684912034
256885.484671098,4.26548837316876
256945.49062407,4.26571983614224
257005.496577041,4.26595124276115
257065.502530013,4.26618259369367
257125.508482984,4.26641389066525
257185.514435956,4.2666451325928
257245.520388927,4.26687632231711
257305.526341899,4.26710745529369
257365.53229487,4.26733853150247
257425.538247842,4.26756954916627
257485.544200814,4.2678005101
257545.550153785,4.26803142117582
257605.556106757,4.2682622758259
257665.562059728,4.26849307993694
257725.5680127,4.26872382630047
257785.573965671,4.26895451897321
257845.579918643,4.26918516033618
257905.585871614,4.26941574170566
257965.591824586,4.26964627043159
258025.597777557,4.26987675057587
258085.603730529,4.27010717522169
258145.6096835,4.270337543926
258205.615636472,4.27056785817331
258265.621589443,4.27079811348879
258325.627542415,4.27102831058832
258385.633495386,4.27125845441964
258445.639448358,4.27148855081792
258505.64540133,4.27171859230126
258565.651354301,4.27194857222324
258625.657307273,4.27217849501065
258685.663260244,4.27240836934171
258745.669213216,4.27263819349832
258805.675166187,4.27286795835222
258865.681119159,4.27309766906149
258925.68707213,4.27332732725041
258985.693025102,4.27355693163299
259045.698978073,4.27378648062929
259105.704931045,4.27401597387423
259165.710884016,4.27424540897385
259225.716836988,4.27447479301407
259285.722789959,4.27470412622328
259345.728742931,4.27493340221107
259405.734695902,4.27516262618492
259465.740648874,4.27539179612858
259525.746601845,4.27562091103193
259585.752554817,4.27584997280857
259645.758507789,4.27607898461682
259705.76446076,4.27630794162964
259765.770413732,4.27653684070693
259825.776366703,4.27676568521413
259885.782319675,4.27699447607192
259945.788272646,4.27722321476214
260005.794225618,4.27745190070276
260065.800178589,4.27768052837665
260125.806131561,4.27790910273483
260185.812084532,4.27813762172578
260245.818037504,4.27836608572976
260305.823990475,4.27859450142934
260365.829943447,4.27882286307981
260425.835896418,4.27905117340754
260485.84184939,4.27927943271828
260545.847802361,4.27950762983114
260605.853755333,4.2797357714689
260665.859708304,4.27996386220052
260725.865661276,4.28019190305887
260785.871614247,4.280419892455
260845.877567219,4.28064782990352
260905.883520191,4.28087571103106
260965.889473162,4.28110353537385
261025.895426134,4.28133130780762
261085.901379105,4.28155902799408
261145.907332077,4.28178669139345
261205.913285048,4.28201430471142
261265.91923802,4.2822418674352
261325.925190991,4.28246937300985
261385.931143963,4.28269682727467
261445.937096934,4.28292422728444
261505.943049906,4.2831515745043
261565.949002877,4.28337886623182
261625.954955849,4.28360610314074
261685.96090882,4.28383329019977
261745.966861792,4.28406042532408
261805.972814763,4.28428750394676
261865.978767735,4.28451452933842
261925.984720706,4.28474150044798
261985.990673678,4.28496842021941
262045.996626649,4.28519529345078
262106.002579621,4.28542211191617
262166.008532593,4.28564887370526
262226.014485564,4.28587558761365
262286.020438536,4.28610225017483
262346.026391507,4.28632885488339
262406.032344479,4.28655540301058
262466.03829745,4.28678189741679
262526.044250422,4.28700833962473
262586.050203393,4.28723472999591
262646.056156365,4.28746107192344
262706.062109336,4.28768736007104
262766.068062308,4.28791358996682
262826.074015279,4.28813976560464
262886.079968251,4.28836589113951
262946.085921222,4.28859196225453
263006.091874194,4.28881798638544
263066.097827165,4.28904395888505
263126.103780137,4.28926987736732
263186.109733108,4.28949574448086
263246.11568608,4.28972155783443
263306.121639051,4.28994731850241
263366.127592023,4.29017302386651
263426.133544995,4.29039867753988
263486.139497966,4.2906242795368
263546.145450938,4.29084982739212
263606.151403909,4.29107532711197
263666.157356881,4.29130077649802
263726.163309852,4.29152616915575
263786.169262824,4.29175151009606
263846.175215795,4.29197680165858
263906.181168767,4.29220203681331
263966.187121738,4.29242721887406
264026.19307471,4.29265235306224
264086.199027681,4.29287743851806
264146.204980653,4.29310247099606
264206.210933624,4.29332744932061
264266.216886596,4.29355237258606
264326.222839567,4.29377724362966
264386.228792539,4.29400206731024
264446.23474551,4.29422683723087
264506.240698482,4.29445155388164
264566.246651453,4.2946762209423
264626.252604425,4.29490083016815
264686.258557397,4.29512538635769
264746.264510368,4.29534989534947
264806.27046334,4.29557435079985
264866.276416311,4.29579875337847
264926.282369283,4.29602310477057
264986.288322254,4.29624741572796
265046.294275226,4.29647166699513
265106.300228197,4.29669586506927
265166.306181169,4.29692001598837
265226.31213414,4.29714410765847
265286.318087112,4.29736814887286
265346.324040083,4.29759213735351
265406.329993055,4.29781607007655
265466.335946026,4.2980399565551
265526.341898998,4.29826379345505
265586.347851969,4.29848757618835
265646.353804941,4.29871130866042
265706.359757913,4.29893498851243
265766.365710884,4.29915861657623
265826.371663856,4.29938219021786
265886.377616827,4.29960571635618
265946.383569799,4.29982918974272
266006.38952277,4.30005261232194
266066.395475742,4.30027598389946
266126.401428713,4.30049930001486
266186.407381685,4.30072257005979
266246.413334656,4.30094578916766
266306.419287628,4.30116895243581
266366.425240599,4.30139206884906
266426.431193571,4.30161513361427
266486.437146542,4.30183814552761
266546.443099514,4.30206110687662
266606.449052485,4.30228401911084
266666.455005457,4.30250687560653
266726.460958428,4.3027296867829
266786.4669114,4.30295244996833
266846.472864371,4.30317515894982
266906.478817343,4.30339781580896
266966.484770315,4.30362041942738
267026.490723286,4.30384297215353
267086.496676258,4.30406547107197
267146.502629229,4.30428791729953
267206.508582201,4.30451031967782
267266.514535172,4.30473266829616
267326.520488144,4.30495496479884
267386.526441115,4.305177211947
267446.532394087,4.30539940629665
267506.538347058,4.30562155333551
267566.54430003,4.3058436490688
267626.550253001,4.30606569777206
267686.556205973,4.3062876968221
267746.562158944,4.30650964061214
267806.568111916,4.30673153294654
267866.574064887,4.3069533739657
267926.580017859,4.30717515939101
267986.58597083,4.30739689597798
268046.591923802,4.30761858499301
268106.597876774,4.30784022367471
268166.603829745,4.3080618145325
268226.609782717,4.30828335367575
268286.615735688,4.30850483988775
268346.62168866,4.30872627223961
268406.627641631,4.30894765735197
268466.633594603,4.30916899076874
268526.639547574,4.30939027188429
268586.645500546,4.30961150966806
268646.651453517,4.30983269859052
268706.657406489,4.31005383436316
268766.66335946,4.31027492096814
268826.669312432,4.31049595569492
268886.675265403,4.3107169346952
268946.681218375,4.31093786089284
269006.687171346,4.31115873804114
269066.693124318,4.31137956942696
269126.699077289,4.3116003510917
269186.705030261,4.311821081039
269246.710983232,4.31204176071119
269306.716936204,4.31226239459716
269366.722889176,4.31248298591686
269426.728842147,4.31270352104622
269486.734795119,4.31292400168226
269546.74074809,4.31314442755615
269606.746701062,4.31336480644987
269666.752654033,4.3135851368815
269726.758607005,4.31380541634836
269786.764559976,4.31402564852517
269846.770512948,4.314245827387
269906.776465919,4.31446595575622
269966.782418891,4.31468603802143
270026.788371862,4.31490606821574
270086.794324834,4.31512604621416
270146.800277805,4.31534597249047
270206.806230777,4.31556585928884
270266.812183748,4.31578569396722
270326.81813672,4.31600547431185
270386.824089691,4.31622521061227
270446.830042663,4.3164448975434
270506.835995634,4.31666452732716
270566.841948606,4.31688411158726
270626.847901578,4.31710365041275
270686.853854549,4.31732313473062
270746.859807521,4.31754256063256
270806.865760492,4.31776194275739
270866.871713464,4.31798127839371
270926.877666435,4.3182005604575
270986.883619407,4.31841979758395
271046.889572378,4.31863898721333
271106.89552535,4.31885812547174
271166.901478321,4.31907721261977
271226.907431293,4.31929625089795
271286.913384264,4.31951524295593
271346.919337236,4.31973418311303
271406.925290207,4.31995307491706
271466.931243179,4.32017191682436
271526.93719615,4.32039070985192
271586.943149122,4.32060945504599
271646.949102093,4.32082814690723
271706.955055065,4.32104679166807
271766.961008037,4.32126539159069
271826.966961008,4.32148393551921
271886.97291398,4.3217024237816
271946.978866951,4.32192086456355
272006.984819923,4.32213925930642
272066.990772894,4.32235761097124
272126.996725866,4.32257590951805
272187.002678837,4.32279416044434
272247.008631809,4.32301236312575
272307.01458478,4.32323051514994
272367.020537752,4.32344862022607
272427.026490723,4.32366667480189
272487.032443695,4.32388468400739
272547.038396666,4.32410264245495
272607.044349638,4.32432054620803
272667.050302609,4.32453840242335
272727.056255581,4.32475621326371
272787.062208552,4.32497397300319
272847.068161524,4.32519168483128
272907.074114495,4.32540934430407
272967.080067467,4.32562695162762
273027.086020439,4.32584450914204
273087.09197341,4.32606202707771
273147.097926382,4.32627950369236
273207.103879353,4.32649693019983
273267.109832325,4.32671429990119
273327.115785296,4.32693162539254
273387.121738268,4.32714890333437
273447.127691239,4.32736612265572
273507.133644211,4.32758329503711
273567.139597182,4.32780042248323
273627.145550154,4.32801750008254
273687.151503125,4.32823453261032
273747.157456097,4.32845151329789
273807.163409068,4.32866844376462
273867.16936204,4.32888533314911
273927.175315011,4.32910217421106
273987.181267983,4.32931896879087
274047.187220954,4.32953571612972
274107.193173926,4.32975241003654
274167.199126897,4.32996905211695
274227.205079869,4.33018564446719
274287.211032841,4.33040218694311
274347.216985812,4.33061867715672
274407.222938784,4.33083511825728
274467.228891755,4.33105151739658
274527.234844727,4.33126786745359
274587.240797698,4.33148416738553
274647.24675067,4.3317004239581
274707.252703641,4.33191663464497
274767.258656613,4.33213279696858
274827.264609584,4.33234890489383
274887.270562556,4.3325649733166
274947.276515527,4.33278099491693
275007.282468499,4.33299695943982
275067.28842147,4.33321288330946
275127.294374442,4.33342876121881
275187.300327413,4.33364458154857
275247.306280385,4.33386035307757
275307.312233356,4.33407607542073
275367.318186328,4.33429175556625
275427.3241393,4.33450738843472
275487.330092271,4.33472297342048
275547.336045243,4.33493851484651
275607.341998214,4.33515400851028
275667.347951186,4.33536944891079
275727.353904157,4.33558483913956
275787.359857129,4.33580018591147
275847.3658101,4.33601548210517
275907.371763072,4.33623072717659
275967.377716043,4.3364459286233
276027.383669015,4.33666108304521
276087.389621986,4.3368761880726
276147.395574958,4.3370912451435
276207.401527929,4.33730625555379
276267.407480901,4.33752121802741
276327.413433872,4.33773613397681
276387.419386844,4.33795100276603
276447.425339815,4.33816582226541
276507.431292787,4.33838059217237
276567.437245758,4.33859531957172
276627.44319873,4.338809999439
276687.449151702,4.33902463037055
276747.455104673,4.33923921697595
276807.461057645,4.33945375054377
276867.467010616,4.33966823379722
276927.472963588,4.33988267182795
276987.478916559,4.34009706715259
277047.484869531,4.34031141105889
277107.490822502,4.34052570860479
277167.496775474,4.34073996325114
277227.502728445,4.34095416964264
277287.508681417,4.34116832912188
277347.514634388,4.34138243791245
277407.52058736,4.3415964985381
277467.526540331,4.34181051836993
277527.532493303,4.34202448944119
277587.538446274,4.34223841130668
277647.544399246,4.34245228664602
277707.550352217,4.34266611962568
277767.556305189,4.34287989993103
277827.56225816,4.34309362990876
277887.568211132,4.34330731207221
277947.574164104,4.34352094599379
278007.580117075,4.34373453280002
278067.586070047,4.34394807324948
278127.592023018,4.34416156897015
278187.59797599,4.34437501938502
278247.603928961,4.34458842227082
278307.609881933,4.34480177693094
278367.615834904,4.34501508526373
278427.621787876,4.34522834928764
278487.627740847,4.34544157177957
278547.633693819,4.34565473978218
278607.63964679,4.34586786231108
278667.645599762,4.34608093578292
278727.651552733,4.34629396071498
278787.657505705,4.34650693595735
278847.663458676,4.34671986622899
278907.669411648,4.34693276047164
278967.67536462,4.34714560736488
279027.681317591,4.34735840729196
279087.687270563,4.34757115732635
279147.693223534,4.34778385928697
279207.699176506,4.3479965136121
279267.705129477,4.34820912245472
279327.711082449,4.34842168531847
279387.71703542,4.34863419980985
279447.722988392,4.3488466686226
279507.728941363,4.34905908688622
279567.734894335,4.3492714593907
279627.740847306,4.34948378834668
279687.746800278,4.34969607204972
279747.752753249,4.34990831413507
279807.758706221,4.35012050472867
279867.764659192,4.35033264885796
279927.770612164,4.35054474804387
279987.776565135,4.35075680051193
280047.782518107,4.35096880503223
280107.788471078,4.35118076008577
280167.79442405,4.35139267081914
280227.800377022,4.35160453458212
280287.806329993,4.35181635279769
280347.812282965,4.35202812868297
280407.818235936,4.35223985982333
280467.824188908,4.35245154161141
280527.830141879,4.35266317376517
280587.836094851,4.35287475966025
280647.842047822,4.35308629644899
280707.848000794,4.3532977887376
280767.853953765,4.3535092400439
280827.859906737,4.35372064767677
280887.865859708,4.35393200119651
280947.87181268,4.35414330824303
281007.877765651,4.35435457576886
281067.883718623,4.35456579746619
281127.889671594,4.35477697724901
281187.895624566,4.35498810839199
281247.901577537,4.35519919403235
281307.907530509,4.35541023338972
281367.91348348,4.35562122421535
281427.919436452,4.35583216820211
281487.925389424,4.35604306602633
281547.931342395,4.35625392106525
281607.937295367,4.35646472551571
281667.943248338,4.3566754825961
281727.94920131,4.35688619414114
281787.955154281,4.35709686354523
281847.961107253,4.35730748698024
281907.967060224,4.35751806739245
281967.973013196,4.35772860137546
282027.978966167,4.35793908571225
282087.984919139,4.3581495185168
282147.99087211,4.35835991111465
282207.996825082,4.35857026246811
282268.002778053,4.35878056747734
282328.008731025,4.35899082627797
282388.014683996,4.35920103905373
282448.020636968,4.35941120824911
282508.026589939,4.35962132763718
282568.032542911,4.35983139568986
282628.038495882,4.36004143092619
282688.044448854,4.36025142125487
282748.050401826,4.36046135618501
282808.056354797,4.36067125203597
282868.062307769,4.36088110416227
282928.06826074,4.36109090448634
282988.074213712,4.36130065933482
283048.080166683,4.36151037041044
283108.086119655,4.36172004450168
283168.092072626,4.36192966762374
283228.098025598,4.36213924517059
283288.103978569,4.36234877765183
283348.109931541,4.36255826256884
283408.115884512,4.3627677056504
283468.121837484,4.36297710165782
283528.127790455,4.36318645518246
283588.133743427,4.36339576543885
283648.139696398,4.3636050271444
283708.14564937,4.36381424396112
283768.151602342,4.36402341102793
283828.157555313,4.36423253405378
283888.163508284,4.36444160991626
283948.169461256,4.36465064154201
284008.175414228,4.36485963113217
284068.181367199,4.36506856805769
284128.187320171,4.36527746842653
284188.193273142,4.36548632812223
284248.199226114,4.36569514354024
284308.205179085,4.36590391183869
284368.211132057,4.36611263808812
284428.217085028,4.36632131170217
284488.223038,4.36652993981514
284548.228990971,4.36673852619595
284608.234943943,4.36694706711612
284668.240896914,4.36715556052394
284728.246849886,4.36736400556678
284788.252802857,4.36757241301817
284848.258755829,4.36778077414636
284908.2647088,4.3679890855069
284968.270661772,4.36819735430193
285028.276614744,4.36840558121572
285088.282567715,4.3686137726452
285148.288520687,4.36882191512128
285208.294473658,4.36903000862503
285268.30042663,4.36923805701787
285328.306379601,4.36944606622172
285388.312332573,4.36965402732189
285448.318285544,4.36986194072203
285508.324238516,4.37006981036799
285568.330191487,4.3702776339406
285628.336144459,4.37048541534175
285688.34209743,4.37069315520981
285748.348050402,4.37090085266531
285808.354003373,4.37110850084206
285868.359956345,4.37131610730446
285928.365909316,4.37152367058132
285988.371862288,4.37173118380036
286048.37781526,4.37193865003272
286108.383768231,4.37214607023541
286168.389721202,4.37235345150525
286228.395674174,4.37256078850223
286288.401627146,4.37276808211681
286348.407580117,4.37297533264379
286408.413533089,4.37318253142987
286468.41948606,4.3733896874836
286528.425439032,4.37359680136422
286588.431392003,4.3738038722932
286648.437344975,4.37401089855428
286708.443297946,4.37421787852169
286768.449250918,4.37442482327129
286828.455203889,4.37463172014609
286888.461156861,4.37483856947346
286948.467109832,4.37504537546263
287008.473062804,4.37525213410256
287068.479015775,4.3754588574441
287128.484968747,4.37566553216499
287188.490921718,4.37587216195648
287248.49687469,4.37607875041085
287308.502827662,4.37628529538715
287368.508780633,4.37649179177335
287428.514733605,4.37669824403759
287488.520686576,4.37690465122631
287548.526639548,4.37711101560933
287608.532592519,4.3773173425864
287668.538545491,4.37752361962932
287728.544498462,4.37772985482727
287788.550451434,4.37793604851949
287848.556404405,4.37814219963417
287908.562357377,4.37834830346204
287968.568310348,4.37855435814227
288028.57426332,4.37876037249585
288088.580216291,4.37896634638222
288148.586169263,4.37917228100085
288208.592122234,4.37937816786818
288268.598075206,4.37958400726228
288328.604028177,4.37978980264069
288388.609981149,4.3799955573345
288448.61593412,4.38020126553744
288508.621887092,4.38040692657465
288568.627840064,4.38061255400422
288628.633793035,4.38081813844349
288688.639746007,4.38102367623404
288748.645698978,4.38122916595291
288808.65165195,4.38143461688473
288868.657604921,4.38164002718403
288928.663557893,4.38184538716698
288988.669510864,4.3820507018355
289048.675463836,4.38225597425676
289108.681416807,4.38246120154012
289168.687369779,4.38266638475234
289228.69332275,4.38287152969607
289288.699275722,4.38307663530873
289348.705228693,4.38328169983906
289408.711181665,4.38348671593284
289468.717134636,4.38369168661355
289528.723087608,4.38389660575321
289588.729040579,4.38410148249368
289648.734993551,4.38430631805169
289708.740946522,4.38451111623704
289768.746899494,4.38471587749839
289828.752852466,4.38492059298438
289888.758805437,4.38512525845189
289948.764758409,4.38532987787795
290008.77071138,4.38553445716361
290068.776664352,4.38573899965247
290128.782617323,4.38594349146304
290188.788570295,4.3861479432185
290248.794523266,4.38635235474917
290308.800476238,4.38655672225958
290368.806429209,4.38676104785201
290428.812382181,4.38696533174927
290488.818335152,4.38716957214185
290548.824288124,4.38737376169903
290608.830241095,4.38757791147839
290668.836194067,4.38778201949254
290728.842147038,4.38798607984261
290788.84810001,4.3881901015031
290848.854052981,4.38839408652063
290908.860005953,4.38859802226631
290968.865958924,4.38880190899698
291028.871911896,4.38900576476297
291088.877864868,4.38920957686494
291148.883817839,4.38941334385245
291208.889770811,4.38961706515902
291268.895723782,4.38982073977421
291328.901676754,4.39002436810429
291388.907629725,4.39022795758322
291448.913582697,4.39043150416564
291508.919535668,4.3906350126885
291568.92548864,4.39083848191502
291628.931441611,4.39104190764824
291688.937394583,4.39124529202253
291748.943347554,4.39144863324848
291808.949300526,4.39165193129497
291868.955253497,4.3918551842194
291928.961206469,4.39205839186316
291988.96715944,4.39226156054999
292048.973112412,4.39246468746025
292108.979065383,4.3926677692454
292168.985018355,4.39287080970248
292228.990971327,4.39307381157968
292288.996924298,4.3932767617889
292349.00287727,4.39347967451994
292409.008830241,4.39368253827507
292469.014783213,4.3938853545189
292529.020736184,4.39408813306923
292589.026689156,4.39429087576412
292649.032642127,4.39449357502076
292709.038595099,4.39469623802167
292769.04454807,4.39489885890101
292829.050501042,4.39510143700136
292889.056454013,4.3953039734254
292949.062406985,4.39550645702282
293009.068359956,4.39570890228486
293069.074312928,4.39591130637025
293129.080265899,4.39611366354686
293189.086218871,4.39631597616309
293249.092171842,4.39651825473342
293309.098124814,4.39672049329518
293369.104077786,4.39692268534443
293429.110030757,4.39712483403188
293489.115983729,4.39732694562266
293549.1219367,4.39752901178308
293609.127889672,4.39773103426523
293669.133842643,4.39793301870361
293729.139795615,4.39813496053001
293789.145748586,4.39833686171663
293849.151701558,4.39853871348487
293909.157654529,4.39874052428474
293969.163607501,4.39894229597298
294029.169560472,4.39914402737394
294089.175513444,4.39934571381915
294149.181466415,4.3995473550257
294209.187419387,4.39974896083896
294269.193372358,4.39995052266779
294329.19932533,4.40015204010967
294389.205278301,4.40035351648572
294449.211231273,4.40055494933835
294509.217184244,4.40075634506095
294569.223137216,4.40095769907246
294629.229090188,4.40115902112265
294689.235043159,4.40136029671863
294749.240996131,4.40156152416418
294809.246949102,4.4017627102806
294869.252902074,4.40196385288569
294929.258855045,4.40216495456016
294989.264808017,4.40236601127216
295049.270760988,4.4025670317288
295109.27671396,4.40276801303726
295169.282666931,4.40296894873926
295229.288619903,4.40316984431817
295289.294572874,4.40337069822207
295349.300525846,4.40357150151122
295409.306478817,4.40377226574098
295469.312431789,4.40397299354666
295529.31838476,4.40417367956728
295589.324337732,4.40437432259182
295649.330290703,4.40457492613318
295709.336243675,4.4047754875283
295769.342196646,4.40497601066796
295829.348149618,4.40517648875507
295889.35410259,4.40537692780305
295949.360055561,4.40557732547622
296009.366008533,4.4057776719472
296069.371961504,4.40597797749237
296129.377914476,4.40617824793283
296189.383867447,4.4063784781554
296249.389820419,4.40657866386506
296309.39577339,4.40677880785241
296369.401726362,4.40697891731934
296429.407679333,4.40717898432006
296489.413632305,4.40737901315519
296549.419585276,4.40757899644526
296609.425538248,4.40777893512085
296669.431491219,4.40797883164555
296729.437444191,4.40817869323154
296789.443397162,4.40837851258374
296849.449350134,4.40857828641907
296909.455303105,4.40877802475944
296969.461256077,4.40897772046908
297029.467209049,4.40917737227431
297089.47316202,4.40937698659629
297149.479114992,4.40957655951966
297209.485067963,4.40977608563016
297269.491020935,4.40997557056341
297329.496973906,4.41017501626196
297389.502926878,4.41037441810784
297449.508879849,4.41057378242419
297509.514832821,4.41077310588585
297569.520785792,4.4109723874026
297629.526738764,4.41117163177293
297689.532691735,4.41137083352968
297749.538644707,4.41156999271408
297809.544597678,4.41176910980214
297869.55055065,4.41196819001
297929.556503621,4.41216723100659
297989.562456593,4.41236622811893
298049.568409564,4.41256518465359
298109.574362536,4.41276409893413
298169.580315507,4.4129629717371
298229.586268479,4.41316180432182
298289.592221451,4.41336059839171
298349.598174422,4.41355935429939
298409.604127394,4.41375806618128
298469.610080365,4.41395673620659
298529.616033337,4.41415536785702
298589.621986308,4.41435395880448
298649.62793928,4.41455250347912
298709.633892251,4.41475101079917
298769.639845223,4.41494947254157
298829.645798194,4.41514788931023
298889.651751166,4.41534627139019
298949.657704137,4.41554461768363
299009.663657109,4.41574292528447
299069.66961008,4.41594119095767
299129.675563052,4.41613941712238
299189.681516023,4.41633760027494
299249.687468995,4.41653574523279
299309.693421966,4.4167338516791
299369.699374938,4.41693191456862
299429.705327909,4.41712993735775
299489.711280881,4.41732792105767
299549.717233853,4.41752585775987
299609.723186824,4.41772375774793
299669.729139796,4.41792161679615
299729.735092767,4.41811943213876
299789.741045739,4.41831721127915
299849.74699871,4.41851495048362
299909.752951682,4.41871265091247
299969.758904653,4.41891031379723
300029.764857625,4.4191079315002
300089.770810596,4.41930550280312
300149.776763568,4.41950303533346
300209.782716539,4.41970052697266
300269.788669511,4.41989798500304
300329.794622482,4.42009539967164
300389.800575454,4.42029277560668
300449.806528425,4.42049011162101
300509.812481397,4.42068740822126
300569.818434369,4.4208846624607
300629.82438734,4.42108187605218
300689.830340312,4.42127904949069
300749.836293283,4.42147618803881
300809.842246255,4.42167328320713
300869.848199226,4.4218703389098
300929.854152198,4.42206735489146
300989.860105169,4.42226433335541
301049.866058141,4.42246126858653
301109.872011112,4.422658165519
301169.877964084,4.4228550199961
301229.883917055,4.42305183364736
301289.889870027,4.42324860690112
301349.895822998,4.42344533725121
301409.90177597,4.42364203429521
301469.907728941,4.42383868798859
301529.913681913,4.42403529873989
301589.919634884,4.42423186890683
301649.925587856,4.42442840364778
301709.931540827,4.42462490364815
301769.937493799,4.42482136020471
301829.943446771,4.42501777369518
301889.949399742,4.42521415345852
301949.955352714,4.42541048732654
302009.961305685,4.42560678301197
302069.967258657,4.42580304347533
302129.973211628,4.42599925500346
302189.9791646,4.42619543378926
302249.985117571,4.42639157916078
302309.991070543,4.42658767848309
302369.997023514,4.4267837388941
302430.002976486,4.42697975969527
302490.008929457,4.42717573596243
302550.014882429,4.42737167461559
302610.0208354,4.42756757150369
302670.026788372,4.42776342915694
302730.032741343,4.42795924777454
302790.038694315,4.42815502719035
302850.044647286,4.42835076729329
302910.050600258,4.42854646947147
302970.056553229,4.42874213221379
303030.062506201,4.42893775369588
303090.068459173,4.42913333635524
303150.074412144,4.42932887684591
303210.080365116,4.42952437656468
303270.086318087,4.42971984224469
303330.092271059,4.42991527340572
303390.09822403,4.43011065639023
303450.104177002,4.43030600531207
303510.110129973,4.43050131989536
303570.116082945,4.43069658862539
303630.122035916,4.43089181257396
303690.127988888,4.4310870007381
303750.133941859,4.43128214923926
303810.139894831,4.43147726183058
303870.145847802,4.43167233055807
303930.151800774,4.43186735808039
303990.157753745,4.43206234858912
304050.163706717,4.43225730667194
304110.169659688,4.43245222145621
304170.17561266,4.43264709689264
304230.181565631,4.43284193682736
304290.187518603,4.43303673427117
304350.193471575,4.43323148918367
304410.199424546,4.43342620605928
304470.205377518,4.43362089174779
304530.211330489,4.43381553553727
304590.217283461,4.43401013497345
304650.223236432,4.43420469297579
304710.229189404,4.43439921398183
304770.235142375,4.43459369873116
304830.241095347,4.4347881412492
304890.247048318,4.43498254693526
304950.25300129,4.43517691644741
305010.258954261,4.43537124567548
305070.264907233,4.43556553550714
305130.270860204,4.43575978939397
305190.276813176,4.43595400276353
305250.282766147,4.43614817281278
305310.288719119,4.43634230471871
305370.294672091,4.43653640482373
305430.300625062,4.43673045944253
305490.306578034,4.43692447249753
305550.312531005,4.43711844673813
305610.318483977,4.43731238186883
305670.324436948,4.43750627632579
305730.33038992,4.43770013911006
305790.336342891,4.43789396005023
305850.342295863,4.43808774400932
305910.348248834,4.43828149048156
305970.354201806,4.43847519508749
306030.360154777,4.43866886435441
306090.366107749,4.43886249691144
306150.37206072,4.43905609172646
306210.378013692,4.43924964674381
306270.383966663,4.43944316390756
306330.389919635,4.43963663909764
306390.395872606,4.43983007181649
306450.401825578,4.44002346614105
306510.407778549,4.4402168247005
306570.413731521,4.44041014451031
306630.419684493,4.44060342410805
306690.425637464,4.44079666529195
306750.431590436,4.44098986426853
306810.437543407,4.44118303070454
306870.443496379,4.44137615704417
306930.44944935,4.44156924444373
306990.455402322,4.44176229825521
307050.461355293,4.44195531397684
307110.467308265,4.44214829236716
307170.473261236,4.44234122328802
307230.479214208,4.44253411462798
307290.485167179,4.44272697328368
307350.491120151,4.44291979771812
307410.497073122,4.44311257548538
307470.503026094,4.44330531149265
307530.508979065,4.44349801077623
307590.514932037,4.4436906747264
307650.520885008,4.44388330111364
307710.52683798,4.44407589505891
307770.532790951,4.44426844968712
307830.538743923,4.44446096484954
307890.544696895,4.44465344501872
307950.550649866,4.44484587908086
308010.556602838,4.44503827548677
308070.562555809,4.44523062886206
308130.568508781,4.44542294579545
308190.574461752,4.44561522929463
308250.580414724,4.44580748145203
308310.586367695,4.44599969273597
308370.592320667,4.44619186381479
308430.598273638,4.44638399068143
308490.60422661,4.44657608401687
308550.610179581,4.44676813276506
308610.616132553,4.44696014493288
308670.622085524,4.44715212328941
308730.628038496,4.44734406069187
308790.633991467,4.44753596118513
308850.639944439,4.44772782620761
308910.64589741,4.44791965452782
308970.651850382,4.44811144638464
309030.657803354,4.44830320538492
309090.663756325,4.44849491781163
309150.669709297,4.44868659518701
309210.675662268,4.44887823253821
309270.68161524,4.44906983214949
309330.687568211,4.44926139655226
309390.693521183,4.4494529165084
309450.699474154,4.44964440583711
309510.705427126,4.44983585249629
309570.711380097,4.45002726146682
309630.717333069,4.45021863389098
309690.72328604,4.45040996156663
309750.729239012,4.45060124831462
309810.735191983,4.45079250321708
309870.741144955,4.45098372330586
309930.747097926,4.45117490300358
309990.753050898,4.45136604862227
310050.759003869,4.45155715774799
310110.764956841,4.45174822988327
310170.770909812,4.45193926079429
310230.776862784,4.45213025519803
310290.782815756,4.45232121643303
310350.788768727,4.45251213564431
310410.794721699,4.45270301749919
310470.80067467,4.45289386465944
310530.806627642,4.45308467222301
310590.812580613,4.45327544073421
310650.818533585,4.45346617178753
310710.824486556,4.45365685724689
310770.830439528,4.45384751142809
310830.836392499,4.45403812899472
310890.842345471,4.45422870632029
310950.848298442,4.45441925165112
311010.854251414,4.45460976105821
311070.860204385,4.45480022754473
311130.866157357,4.45499065206818
311190.872110328,4.45518104244574
311250.8780633,4.45537139660066
311310.884016271,4.45556171000488
311370.889969243,4.45575199001906
311430.895922214,4.45594223498902
311490.901875186,4.4561324453741
311550.907828158,4.45632261634717
311610.913781129,4.45651275348285
311670.919734101,4.45670284639441
311730.925687072,4.45689290066733
311790.931640044,4.45708291841726
311850.937593015,4.45727289876227
311910.943545987,4.45746284386895
311970.949498958,4.45765275635925
312030.95545193,4.45784262437651
312090.961404901,4.45803245827831
312150.967357873,4.45822225520111
312210.973310844,4.45841201329732
312270.979263816,4.45860173164794
312330.985216787,4.45879141626136
312390.991169759,4.4589810695695
312450.99712273,4.45917068227995
312511.003075702,4.45936025141122
312571.009028673,4.45954978191049
312631.014981645,4.45973927752853
312691.020934617,4.45992873965298
312751.026887588,4.4601181647347
312811.03284056,4.46030755593765
312871.038793531,4.46049691164132
312931.044746503,4.46068622664066
312991.050699474,4.46087550320394
313051.056652446,4.46106474446179
313111.062605417,4.46125394818542
313171.068558389,4.46144311254942
313231.07451136,4.46163223816672
313291.080464332,4.46182133115973
313351.086417303,4.4620103888794
313411.092370275,4.46219941255912
313471.098323246,4.4623883918755
313531.104276218,4.46257732957475
313591.110229189,4.4627662378386
313651.116182161,4.46295510715874
313711.122135132,4.46314394455653
313771.128088104,4.46333274794133
313831.134041076,4.4635215069831
313891.139994047,4.46371022924931
313951.145947019,4.46389891411613
314011.15189999,4.46408756055217
314071.157852962,4.46427617053204
314131.163805933,4.46446474806464
314191.169758905,4.46465329382011
314251.175711876,4.46484179541129
314311.181664848,4.46503025928964
314371.187617819,4.46521868940643
314431.193570791,4.4654070854754
314491.199523762,4.46559544193952
314551.205476734,4.46578375825062
314611.211429705,4.46597204086263
314671.217382677,4.46616029323455
314731.223335648,4.46634850541802
314791.22928862,4.46653667662025
314851.235241591,4.46672481448148
314911.241194563,4.46691291916548
314971.247147534,4.46710098332337
315031.253100506,4.46728900837919
315091.259053478,4.46747700082047
315151.265006449,4.46766495224084
315211.270959421,4.46785287007684
315271.276912392,4.46804075247072
315331.282865364,4.46822859845358
315391.288818335,4.46841640611069
315451.294771307,4.46860417468992
315511.300724278,4.46879190853412
315571.30667725,4.46897960992135
315631.312630221,4.46916727642046
315691.318583193,4.46935490365015
315751.324536164,4.4695424961389
315811.330489136,4.4697300482644
315871.336442107,4.46991756614202
315931.342395079,4.47010504264094
315991.34834805,4.47029248658508
316051.354301022,4.47047989963324
316111.360253993,4.47066727411049
316171.366206965,4.47085461134245
316231.372159936,4.47104190859408
316291.378112908,4.47122917223053
316351.38406588,4.47141640570463
316411.390018851,4.47160360056311
316471.395971823,4.47179075585271
316531.401924794,4.47197787777934
316591.407877766,4.47216495668009
316651.413830737,4.47235199919528
316711.419783709,4.47253900624862
316771.42573668,4.47272598057054
316831.431689652,4.47291292245423
316891.437642623,4.47309982492157
316951.443595595,4.47328669186582
317011.449548566,4.47347352292127
317071.455501538,4.47366031400209
317131.461454509,4.47384706980643
317191.467407481,4.4740337911636
317251.473360452,4.47422047405995
317311.479313424,4.47440711851645
317371.485266395,4.47459373461811
317431.491219367,4.47478031440231
317491.497172338,4.47496685715224
317551.50312531,4.47515336883354
317611.509078282,4.47533983619039
317671.515031253,4.47552626914653
317731.520984225,4.47571266894415
317791.526937196,4.47589902973412
317851.532890168,4.47608535257019
317911.538843139,4.47627164180864
317971.544796111,4.47645790009664
318031.550749082,4.4766441183868
318091.556702054,4.47683030432545
318151.562655025,4.47701645194125
318211.568607997,4.47720256645963
318271.574560968,4.47738864631333
318331.58051394,4.47757468845422
318391.586466911,4.47776069246419
318451.592419883,4.47794666532011
318511.598372854,4.47813259306403
318571.604325826,4.47831848692476
318631.610278798,4.47850434283844
318691.616231769,4.47869017237458
318751.62218474,4.4788759659113
318811.628137712,4.47906172748846
318871.634090684,4.4792474512672
318931.640043655,4.47943313798453
318991.645996627,4.47961878432837
319051.651949598,4.47980439482462
319111.65790257,4.47998997303165
319171.663855541,4.48017550391175
319231.669808513,4.48036100732944
319291.675761484,4.48054647762687
319351.681714456,4.48073191216719
319411.687667427,4.48091731359922
319471.693620399,4.48110267613207
319531.69957337,4.48128800697143
319591.705526342,4.48147329867412
319651.711479313,4.4816585563214
319711.717432285,4.48184377930876
319771.723385256,4.48202896014139
319831.729338228,4.48221411057476
319891.7352912,4.48239922682452
319951.741244171,4.48258431078051
320011.747197143,4.48276935754702
320071.753150114,4.48295437071895
320131.759103086,4.48313934687624
320191.765056057,4.48332428479117
320251.771009029,4.4835091842303
320311.776962,4.48369404733922
320371.782914972,4.48387887660212
320431.788867943,4.48406367505159
320491.794820915,4.48424843643922
320551.800773886,4.484433163033
320611.806726858,4.48461785419436
320671.812679829,4.48480251419948
320731.818632801,4.48498713759546
320791.824585772,4.48517172577296
320851.830538744,4.48535628387101
320911.836491716,4.48554079803263
320971.842444687,4.48572528143978
321031.848397658,4.4859097269497
321091.85435063,4.48609413044629
321151.860303602,4.48627850336412
321211.866256573,4.48646285170836
321271.872209545,4.48664715312572
321331.878162516,4.48683142562755
321391.884115488,4.48701566345281
321451.890068459,4.48719986440326
321511.896021431,4.48738403440904
321571.901974402,4.48756816350583
321631.907927374,4.48775225156089
321691.913880345,4.48793631112371
321751.919833317,4.48812033511718
321811.925786288,4.48830432193932
321871.93173926,4.48848827397419
321931.937692231,4.48867219167189
321991.943645203,4.48885607626715
322051.949598174,4.48903993326789
322111.955551146,4.48922374775465
322171.961504118,4.48940752711205
322231.967457089,4.48959127064822
322291.973410061,4.48977498410148
322351.979363032,4.48995865790637
322411.985316004,4.49014230330709
322471.991268975,4.49032590719602
322531.997221947,4.49050947744281
322592.003174918,4.49069301346872
322652.00912789,4.49087651536931
322712.015080861,4.49105998306987
322772.021033833,4.49124342076304
322832.026986804,4.49142681873973
322892.032939776,4.49161018614642
322952.038892747,4.49179351678971
323012.044845719,4.49197680730004
323072.05079869,4.49216006399658
323132.056751662,4.4923432887165
323192.062704633,4.49252647646679
323252.068657605,4.49270962895121
323312.074610576,4.49289274737929
323372.080563548,4.49307583314573
323432.08651652,4.49325887957519
323492.092469491,4.49344189994762
323552.098422463,4.4936248845576
323612.104375434,4.49380783071925
323672.110328406,4.4939907462981
323732.116281377,4.49417362694494
323792.122234349,4.49435647115087
323852.12818732,4.49453927896492
323912.134140292,4.49472205392866
323972.140093263,4.49490479435784
324032.146046235,4.49508750532291
324092.151999206,4.49527017364332
324152.157952178,4.49545280766228
324212.163905149,4.49563540308506
324272.169858121,4.49581796924715
324332.175811092,4.49600049647119
324392.181764064,4.49618299195555
324452.187717035,4.49636545763934
324512.193670007,4.49654789574421
324572.199622978,4.49673029421367
324632.20557595,4.49691265775212
324692.211528922,4.49709498675512
324752.217481893,4.49727727340437
324812.223434865,4.49745952707033
324872.229387836,4.49764174655777
324932.235340808,4.49782393928804
324992.241293779,4.49800609731526
325052.247246751,4.49818821365335
325112.253199722,4.49837029991632
325172.259152694,4.49855235357673
325232.265105665,4.49873436821781
325292.271058637,4.49891635581937
325352.277011608,4.49909831001003
325412.28296458,4.49928022465426
325472.288917551,4.49946210406195
325532.294870523,4.49964395459552
325592.300823494,4.49982576578737
325652.306776466,4.5000075463337
325712.312729437,4.50018929845638
325772.318682409,4.50037100619846
325832.32463538,4.50055267951957
325892.330588352,4.50073432235976
325952.336541324,4.5009159229986
326012.342494295,4.5010974933315
326072.348447267,4.5012790309729
326132.354400238,4.50146054003026
326192.36035321,4.50164201478154
326252.366306181,4.50182345424993
326312.372259153,4.50200485706013
326372.378212124,4.50218622742839
326432.384165096,4.50236756368368
326492.390118067,4.50254886896794
326552.396071039,4.50273013920204
326612.40202401,4.50291137334524
326672.407976982,4.50309257648293
326732.413929953,4.5032737451004
326792.419882925,4.50345487448747
326852.425835896,4.50363597167281
326912.431788868,4.50381703112668
326972.43774184,4.50399806173888
327032.443694811,4.50417905729058
327092.449647783,4.50436002135883
327152.455600754,4.50454095470405
327212.461553726,4.50472185160206
327272.467506697,4.50490271436511
327332.473459669,4.5050835437463
327392.47941264,4.50526433821701
327452.485365612,4.50544509677699
327512.491318583,4.50562582155722
327572.497271555,4.50580652004545
327632.503224526,4.50598718089714
327692.509177498,4.50616780239228
327752.515130469,4.50634839133834
327812.521083441,4.50652894818546
327872.527036412,4.50670947214125
327932.532989384,4.50688996214813
327992.538942355,4.50707041765774
328052.544895327,4.50725084582426
328112.550848298,4.50743123693429
328172.55680127,4.50761159514312
328232.562754242,4.50779191330184
328292.568707213,4.50797220138629
328352.574660185,4.50815245774677
328412.580613156,4.50833268307386
328472.586566128,4.50851287120327
328532.592519099,4.50869302799115
328592.598472071,4.50887314807702
328652.604425042,4.50905323749002
328712.610378014,4.50923329167887
328772.616330985,4.50941331126203
328832.622283957,4.50959329665873
328892.628236928,4.50977325392029
328952.6341899,4.50995317656108
329012.640142871,4.51013306213978
329072.646095843,4.51031290901648
329132.652048814,4.51049273385486
329192.658001786,4.51067252160722
329252.663954757,4.51085227916034
329312.669907729,4.51103199895095
329372.6758607,4.51121168216048
329432.681813672,4.51139133167458
329492.687766644,4.51157095190604
329552.693719615,4.51175054032691
329612.699672587,4.51193009880416
329672.705625558,4.51210961709108
329732.71157853,4.51228910096689
329792.717531501,4.51246855027054
329852.723484473,4.51264796607733
329912.729437444,4.51282735363367
329972.735390416,4.51300670346476
330032.741343387,4.51318602779651
330092.747296359,4.51336531972497
330152.75324933,4.51354456913931
330212.759202302,4.51372378829424
330272.765155273,4.51390297627935
330332.771108245,4.5140821315684
330392.777061216,4.51426125182377
330452.783014188,4.51444033952148
330512.788967159,4.51461939522019
330572.794920131,4.5147984161521
330632.800873103,4.51497740557233
330692.806826074,4.51515636367613
330752.812779046,4.51533528249238
330812.818732017,4.51551417201485
330872.824684989,4.51569302743266
330932.83063796,4.51587185175505
330992.836590932,4.51605064263234
331052.842543903,4.51622940193279
331112.848496875,4.51640812321985
331172.854449846,4.51658681197581
331232.860402818,4.51676547067355
331292.866355789,4.51694410011441
331352.872308761,4.51712269588377
331412.878261732,4.51730125346484
331472.884214704,4.51747977631286
331532.890167675,4.51765827030124
331592.896120647,4.51783673125748
331652.902073618,4.51801515986483
331712.90802659,4.51819355898069
331772.913979561,4.51837191869636
331832.919932533,4.51855024532544
331892.925885505,4.51872854232343
331952.931838476,4.51890680588652
332012.937791448,4.51908503611318
332072.943744419,4.51926323380644
332132.949697391,4.51944140159523
332192.955650362,4.51961953445659
332252.961603334,4.51979762988675
332312.967556305,4.5199756966907
332372.973509277,4.52015372882134
332432.979462248,4.5203317304904
332492.98541522,4.52050970160942
332552.991368191,4.520687639425
332612.997321163,4.52086554100213
332673.003274134,4.52104341214577
332733.009227106,4.52122125916079
332793.015180077,4.52139906861589
332853.021133049,4.5215768270995
332913.02708602,4.52175455990194
332973.033038992,4.52193226799661
333033.038991963,4.52210994153242
333093.044944935,4.52228758384106
333153.050897907,4.52246519409911
333213.056850878,4.52264277041808
333273.06280385,4.52282031533425
333333.068756821,4.52299782470231
333393.074709793,4.52317530713947
333453.080662764,4.52335275255218
333513.086615736,4.52353016366761
333573.092568707,4.52370754478499
333633.098521679,4.52388489549096
333693.10447465,4.5240622142472
333753.110427622,4.52423949266436
333813.116380593,4.52441673759822
333873.122333565,4.52459395161878
333933.128286536,4.52477113908732
333993.134239508,4.52494829337478
334053.140192479,4.52512541070371
334113.146145451,4.52530249992355
334173.152098422,4.52547955471386
334233.158051394,4.52565658270192
334293.164004366,4.52583357336174
334353.169957337,4.52601053001986
334413.175910309,4.52618745903844
334473.18186328,4.52636435244627
334533.187816252,4.52654121315005
334593.193769223,4.52671804484771
334653.199722195,4.52689483988405
334713.205675166,4.52707160422287
334773.211628138,4.52724833874426
334833.217581109,4.52742504045556
334893.223534081,4.52760171377597
334953.229487052,4.52777834844494
335013.235440024,4.52795495397047
335073.241392995,4.52813152904191
335133.247345967,4.52830807191265
335193.253298938,4.52848458028406
335253.25925191,4.52866105622146
335313.265204881,4.52883749561356
335373.271157853,4.529013906485
335433.277110824,4.52919029608976
335493.283063796,4.5293666438859
335553.289016768,4.52954295646215
335613.294969739,4.52971923810193
335673.300922711,4.52989548700287
335733.306875682,4.53007170293639
335793.312828654,4.53024789284572
335853.318781625,4.53042405075084
335913.324734597,4.53060017153106
335973.330687568,4.53077625961955
336033.33664054,4.53095231784442
336093.342593511,4.53112834122209
336153.348546483,4.53130433567219
336213.354499454,4.53148029433024
336273.360452426,4.53165621829875
336333.366405397,4.53183211273667
336393.372358369,4.53200797937901
336453.37831134,4.53218381308224
336513.384264312,4.53235961112973
336573.390217283,4.53253537924717
336633.396170255,4.53271111748541
336693.402123226,4.53288682579905
336753.408076198,4.53306249787017
336813.41402917,4.53323813697462
336873.419982141,4.53341375114721
336933.425935113,4.53358932942981
336993.431888084,4.53376487547418
337053.437841056,4.53394039522136
337113.443794027,4.53411587950328
337173.449746999,4.53429132838791
337233.45569997,4.53446674325398
337293.461652942,4.53464213418546
337353.467605913,4.534817484009
337413.473558885,4.53499281285743
337473.479511856,4.53516810696419
337533.485464828,4.53534337165489
337593.491417799,4.53551860085726
337653.497370771,4.53569380100531
337713.503323742,4.53586896303609
337773.509276714,4.53604409281091
337833.515229685,4.53621919285
337893.521182657,4.53639426347399
337953.527135629,4.53656930120656
338013.5330886,4.53674430922605
338073.539041572,4.53691928751741
338133.544994543,4.53709423312584
338193.550947515,4.53726914776785
338253.556900486,4.53744403155822
338313.562853458,4.53761887875267
338373.568806429,4.53779369716748
338433.574759401,4.53796847825074
338493.580712372,4.53814322932449
338553.586665344,4.53831795465663
338613.592618315,4.53849264583083
338673.598571287,4.5386673084091
338733.604524258,4.53884193286479
338793.61047723,4.5390165256383
338853.616430201,4.53919108879677
338913.622383173,4.53936562773303
338973.628336144,4.53954012853612
339033.634289116,4.53971459784446
339093.640242087,4.53988903201456
339153.646195059,4.54006342824622
339213.652148031,4.54023780108016
339273.658101002,4.54041214689466
339333.664053974,4.54058646251779
339393.670006945,4.54076074807204
339453.675959917,4.54093500317279
339513.681912888,4.54110922585496
339573.68786586,4.54128341266739
339633.693818831,4.54145757114932
339693.699771803,4.5416316978464
339753.705724774,4.54180579492293
339813.711677746,4.54197985266332
339873.717630717,4.54215388483231
339933.723583689,4.54232788633234
339993.72953666,4.54250185147458
340053.735489632,4.54267578285547
340113.741442603,4.54284968785159
340173.747395575,4.54302356662053
340233.753348547,4.54319740801412
340293.759301518,4.54337121460708
340353.76525449,4.54354499326366
340413.771207461,4.54371874214569
340473.777160433,4.5438924510802
340533.783113404,4.54406613867618
340593.789066376,4.54423979880311
340653.795019347,4.54441343079893
340713.800972319,4.54458702979364
340773.80692529,4.54476059488701
340833.812878262,4.54493412985969
340893.818831233,4.54510762911126
340953.824784205,4.54528109531288
341013.830737176,4.54545453482983
341073.836690148,4.54562794261537
341133.842643119,4.54580131739235
341193.848596091,4.54597466124849
341253.854549062,4.54614797230143
341313.860502034,4.54632125268226
341373.866455005,4.54649450229859
341433.872407977,4.54666772307587
341493.878360949,4.54684091454717
341553.88431392,4.54701406631224
341613.890266892,4.54718719815651
341673.896219863,4.54736029601553
341733.902172835,4.54753336733121
341793.908125806,4.54770639823506
341853.914078778,4.54787940047579
341913.920031749,4.54805237315827
341973.925984721,4.5482253115462
342033.931937692,4.54839822539902
342093.937890664,4.5485711069263
342153.943843635,4.54874395047095
342213.949796607,4.54891676686136
342273.955749578,4.54908955552882
342333.96170255,4.54926231231016
342393.967655521,4.54943503706842
342453.973608493,4.54960774068522
342513.979561464,4.54978040731217
342573.985514436,4.54995304081235
342633.991467407,4.55012563747235
342693.997420379,4.5502982088451
342754.003373351,4.55047074766603
342814.009326322,4.55064325651688
342874.015279294,4.55081573246093
342934.021232265,4.55098818074936
342994.027185237,4.55116059785021
343054.033138208,4.55133298518577
343114.03909118,4.55150534555894
343174.045044151,4.55167766944178
343234.050997123,4.55184996518501
343294.056950094,4.55202223176488
343354.062903066,4.55219446772782
343414.068856037,4.55236666752061
343474.074809009,4.55253883607763
343534.08076198,4.55271097672219
343594.086714952,4.55288308990123
343654.092667923,4.55305516649986
343714.098620895,4.55322721876034
343774.104573866,4.5533992434421
343834.110526838,4.55357123832921
343894.11647981,4.55374320263449
343954.122432781,4.55391512966793
344014.128385753,4.55408702513684
344074.134338724,4.55425888436535
344134.140291696,4.55443071162396
344194.146244667,4.55460251142363
344254.152197639,4.5547742889492
344314.15815061,4.55494603284452
344374.164103582,4.55511774719653
344434.170056553,4.55528943758152
344494.176009525,4.55546109447781
344554.181962496,4.55563271729193
344614.187915468,4.55580430773941
344674.193868439,4.5559758693191
344734.199821411,4.55614739916434
344794.205774382,4.55631889911389
344854.211727354,4.55649036513675
344914.217680325,4.55666180331818
344974.223633297,4.55683321708971
345034.229586268,4.55700459504102
345094.23553924,4.55717594237461
345154.241492212,4.55734725973956
345214.247445183,4.55751854740924
345274.253398155,4.55768980450462
345334.259351126,4.55786103409711
345394.265304098,4.55803222841778
345454.271257069,4.55820339759964
345514.277210041,4.55837453342246
345574.283163012,4.55854562994327
345634.289115984,4.55871670469164
345694.295068955,4.55888775253471
345754.301021927,4.55905876762691
345814.306974898,4.55922975454903
345874.31292787,4.55940071536268
345934.318880841,4.55957163920819
345994.324833813,4.55974253617129
346054.330786784,4.55991340347427
346114.336739756,4.56008423494792
346174.342692727,4.56025504099645
346234.348645699,4.56042581833344
346294.354598671,4.56059656708328
346354.360551642,4.56076728092576
346414.366504614,4.56093796158919
346474.372457585,4.56110861366244
346534.378410557,4.56127924012682
346594.384363528,4.56144983007321
346654.3903165,4.56162039148962
346714.396269471,4.56179092256817
346774.402222443,4.56196141812759
346834.408175414,4.56213189795649
346894.414128386,4.56230234439751
346954.420081357,4.56247275461194
347014.426034329,4.56264313348078
347074.4319873,4.56281348379578
347134.437940272,4.56298380254734
347194.443893243,4.56315409841147
347254.449846215,4.56332436135063
347314.455799186,4.56349459151033
347374.461752158,4.56366478832205
347434.467705129,4.56383496094343
347494.473658101,4.56400510652901
347554.479611073,4.56417522332849
347614.485564044,4.56434530777168
347674.491517016,4.56451536095565
347734.497469987,4.56468539048901
347794.503422959,4.56485538444365
347854.50937593,4.56502534944616
347914.515328902,4.56519528033241
347974.521281873,4.56536518364706
348034.527234845,4.56553505863216
348094.533187816,4.56570490054966
348154.539140788,4.56587471914244
348214.545093759,4.56604449738668
348274.551046731,4.56621424682705
348334.556999702,4.56638396763224
348394.562952674,4.56655366206587
348454.568905645,4.5667233282369
348514.574858617,4.56689296826264
348574.580811588,4.56706257550801
348634.58676456,4.56723215708824
348694.592717531,4.56740170472048
348754.598670503,4.56757121869173
348814.604623475,4.56774070231163
348874.610576446,4.56791015409938
348934.616529418,4.56807957930757
348994.622482389,4.56824897873062
349054.628435361,4.56841834315331
349114.634388332,4.56858767619509
349174.640341304,4.56875697942724
349234.646294275,4.56892625749393
349294.652247247,4.56909550611608
349354.658200218,4.56926472892271
349414.66415319,4.56943392601152
349474.670106161,4.56960308355186
349534.676059133,4.56977221843406
349594.682012104,4.56994132735493
349654.687965076,4.57011040699725
349714.693918047,4.57027945174451
349774.699871019,4.5704484694178
349834.70582399,4.57061745109174
349894.711776962,4.57078640303391
349954.717729934,4.57095532910256
350014.723682905,4.5711242245437
350074.729635877,4.57129308648467
350134.735588848,4.57146191951836
350194.74154182,4.57163072193185
350254.747494791,4.57179949671379
350314.753447763,4.57196825147342
350374.759400734,4.57213697055611
350434.765353706,4.57230565925345
350494.771306677,4.57247431492912
350554.777259649,4.57264294042623
350614.78321262,4.57281154149791
350674.789165592,4.57298011295908
350734.795118563,4.57314864942811
350794.801071535,4.57331716451312
350854.807024506,4.57348564729095
350914.812977478,4.57365410278773
350974.818930449,4.5738225240073
351034.824883421,4.57399092209693
351094.830836392,4.57415929005507
351154.836789364,4.57432762435953
351214.842742336,4.57449593265684
351274.848695307,4.57466421058991
351334.854648279,4.5748324582527
351394.86060125,4.57500067215068
351454.866554222,4.57516885878253
351514.872507193,4.57533702223694
351574.878460165,4.57550515093841
351634.884413136,4.57567325431473
351694.890366108,4.57584132947928
351754.896319079,4.57600936857941
351814.902272051,4.57617738440848
351874.908225022,4.57634537125525
351934.914177994,4.57651332149745
351994.920130965,4.57668124402317
352054.926083937,4.57684914284526
352114.932036908,4.57701701396847
352174.93798988,4.57718485685786
352234.943942852,4.57735267108249
352294.949895823,4.57752045340023
352354.955848794,4.57768820230288
352414.961801766,4.57785591919883
352474.967754738,4.57802361210025
352534.973707709,4.57819128074681
352594.979660681,4.57835891934386
352654.985613652,4.57852652684192
352714.991566624,4.57869410388912
352774.997519595,4.57886165412653
352835.003472567,4.57902917447929
352895.009425538,4.57919666848618
352955.01537851,4.57936412328074
353015.021331481,4.57953154969315
353075.027284453,4.57969895582768
353135.033237424,4.57986633593459
353195.039190396,4.58003368402531
353255.045143367,4.58020100020394
353315.051096339,4.5803682893633
353375.05704931,4.5805355490267
353435.063002282,4.58070277739275
353495.068955254,4.5808699743876
353555.074908225,4.5810371467773
353615.080861197,4.58120428094469
353675.086814168,4.58137139170756
353735.09276714,4.58153847619241
353795.098720111,4.58170554077587
353855.104673083,4.5818725674843
353915.110626054,4.58203955662426
353975.116579026,4.58220653142028
354035.122531997,4.58237347643994
354095.128484969,4.58254039109159
354155.13443794,4.58270727246717
354215.140390912,4.58287413229078
354275.146343883,4.58304095844224
354335.152296855,4.58320775477191
354395.158249826,4.5833745210786
354455.164202798,4.58354125659344
354515.170155769,4.58370796937536
354575.176108741,4.5838746454661
354635.182061712,4.58404129605386
354695.188014684,4.58420791836527
354755.193967656,4.58437451289236
354815.199920627,4.58454108379014
354875.205873599,4.58470762467213
354935.21182657,4.58487413327171
354995.217779542,4.58504061778816
355055.223732513,4.58520707202656
355115.229685485,4.58537349983694
355175.235638456,4.58553989918269
355235.241591428,4.58570626540743
355295.247544399,4.58587259739834
355355.253497371,4.58603890473666
355415.259450342,4.58620518320735
355475.265403314,4.58637143145113
355535.271356285,4.58653765380134
355595.277309257,4.58670385351103
355655.283262228,4.58687002105759
355715.2892152,4.5870361552487
355775.295168171,4.58720225853581
355835.301121143,4.58736833917009
355895.307074115,4.58753439301399
355955.313027086,4.58770041818361
356015.318980058,4.58786641856634
356075.324933029,4.58803239168856
356135.330886001,4.58819833246445
356195.336838972,4.58836423990338
356255.342791944,4.58853011851313
356315.348744915,4.58869596261078
356375.354697887,4.58886178822036
356435.360650858,4.58902758098558
356495.36660383,4.58919335692837
356555.372556801,4.58935909338189
356615.378509773,4.58952480239175
356675.384462744,4.589690477711
356735.390415716,4.58985613383383
356795.396368687,4.5900217644858
356855.402321659,4.59018736897439
356915.40827463,4.59035293840732
356975.414227602,4.59051847633192
357035.420180573,4.59068399102163
357095.426133545,4.59084947325914
357155.432086517,4.59101492151103
357215.438039488,4.59118035032768
357275.44399246,4.59134575010851
357335.449945431,4.59151111989281
357395.455898403,4.59167646490806
357455.461851374,4.59184177775001
357515.467804346,4.59200705868617
357575.473757317,4.59217230868207
357635.479710289,4.59233753867951
357695.48566326,4.59250274044395
357755.491616232,4.59266790864686
357815.497569203,4.59283305665685
357875.503522175,4.59299817644146
357935.509475146,4.59316327116435
357995.515428118,4.59332833313905
358055.521381089,4.59349336339936
358115.527334061,4.59365836843666
358175.533287032,4.59382334021205
358235.539240004,4.5939882820055
358295.545192975,4.5941531981413
358355.551145947,4.59431808986588
358415.557098919,4.5944829523126
358475.56305189,4.59464778826534
358535.569004862,4.59481259342782
358595.574957833,4.59497736757565
358655.580910805,4.59514211752074
358715.586863776,4.59530684157959
358775.592816748,4.5954715363736
358835.598769719,4.59563620020628
358895.604722691,4.59580084330831
358955.610675662,4.59596544987167
359015.616628634,4.59613003020978
359075.622581605,4.59629458483521
359135.628534577,4.59645911562164
359195.634487548,4.59662361248134
359255.64044052,4.5967880822918
359315.646393491,4.59695252594324
359375.652346463,4.59711693577701
359435.658299434,4.59728132216142
359495.664252406,4.59744568174421
359555.670205378,4.59761001027708
359615.676158349,4.59777431250488
359675.682111321,4.59793858665768
359735.688064292,4.59810283536334
359795.694017264,4.59826705298599
359855.699970235,4.59843124501163
359915.705923207,4.59859541009671
359975.711876178,4.59875954658985
360035.71782915,4.59892365178286
360095.723782121,4.59908773287495
360155.729735093,4.59925178395639
360215.735688064,4.59941580431298
360275.741641036,4.59957979634341
360335.747594007,4.59974376020048
360395.753546979,4.59990769591841
360455.75949995,4.60007160670932
360515.765452922,4.60023549221193
360575.771405893,4.60039935230026
360635.777358865,4.60056317660625
360695.783311836,4.60072697960195
360755.789264808,4.60089075884691
360815.79521778,4.60105450781247
360875.801170751,4.60121822486321
360935.807123723,4.60138191817482
360995.813076694,4.60154557743476
361055.819029666,4.60170921271103
361115.824982637,4.60187282022118
361175.830935609,4.60203639847482
361235.83688858,4.6021999461068
361295.842841552,4.60236347249877
361355.848794523,4.6025269685506
361415.854747495,4.60269043804655
361475.860700466,4.60285388410201
361535.866653438,4.60301729406523
361595.872606409,4.60318067487689
361655.878559381,4.60334403304181
361715.884512352,4.60350735785846
361775.890465324,4.6036706620488
361835.896418296,4.60383393915248
361895.902371267,4.60399719395238
361955.908324238,4.60416041679556
362015.91427721,4.604323605454
362075.920230182,4.60448676656985
362135.926183153,4.60464990047081
362195.932136125,4.6048130055143
362255.938089096,4.6049760906047
362315.944042068,4.60513914628702
362375.949995039,4.60530217432096
362435.955948011,4.60546517801544
362495.961900982,4.60562814874771
362555.967853954,4.60579109419691
362615.973806925,4.60595401397495
362675.979759897,4.60611690333177
362735.985712868,4.6062797654439
362795.99166584,4.60644260014052
362855.997618811,4.60660540875405
362916.003571783,4.60676818433991
362976.009524754,4.60693093721798
363036.015477726,4.60709366360812
363096.021430698,4.60725636730897
363156.027383669,4.60741904140217
363216.033336641,4.60758168095893
363276.039289612,4.60774429633496
363336.045242584,4.60790688220019
363396.051195555,4.6080694373244
363456.057148527,4.60823197085736
363516.063101498,4.60839448302464
363576.06905447,4.60855696410806
363636.075007441,4.60871942257969
363696.080960413,4.60888184958843
363756.086913384,4.60904424826566
363816.092866356,4.60920661480781
363876.098819327,4.60936895384609
363936.104772299,4.60953126584882
363996.11072527,4.60969355470892
364056.116678242,4.60985581339651
364116.122631213,4.61001804285985
364176.128584185,4.61018025353732
364236.134537156,4.61034243568587
364296.140490128,4.61050459265562
364356.1464431,4.61066671943123
364416.152396071,4.61082881313631
364476.158349043,4.61099088658125
364536.164302014,4.61115293098437
364596.170254986,4.61131495103197
364656.176207957,4.61147693696652
364716.182160929,4.61163889839836
364776.1881139,4.611800828329
364836.194066872,4.61196273908173
364896.200019843,4.61212461552436
364956.205972815,4.6122864674487
365016.211925786,4.61244829150705
365076.217878758,4.61261008708912
365136.223831729,4.61277185358867
365196.229784701,4.6129335957981
365256.235737672,4.61309531219891
365316.241690644,4.61325700098053
365376.247643615,4.61341866730806
365436.253596587,4.61358030607989
365496.259549559,4.61374191652379
365556.26550253,4.61390349918669
365616.271455502,4.61406506090336
365676.277408473,4.61422658722721
365736.283361445,4.61438809078205
365796.289314416,4.61454956327421
365856.295267388,4.61471101257646
365916.301220359,4.61487243784807
365976.307173331,4.61503383531793
366036.313126302,4.61519520438782
366096.319079274,4.61535654057802
366156.325032245,4.61551784982719
366216.330985217,4.61567913691526
366276.336938188,4.61584040015594
366336.34289116,4.6160016306529
366396.348844131,4.6161628349265
366456.354797103,4.61632402239286
366516.360750074,4.61648518077528
366576.366703046,4.61664631118454
366636.372656017,4.61680741022624
366696.378608989,4.61696848289041
366756.384561961,4.61712951739834
366816.390514932,4.6172905385954
366876.396467904,4.61745152983702
366936.402420875,4.61761249594302
366996.408373847,4.61777343158961
367056.414326818,4.61793433713785
367116.42027979,4.61809522215141
367176.426232761,4.61825607560692
367236.432185733,4.61841691280512
367296.438138704,4.61857772385119
367356.444091676,4.61873849786768
367416.450044647,4.61889925250217
367476.455997619,4.61905998180586
367536.46195059,4.61922067536995
367596.467903562,4.61938134513605
367656.473856533,4.61954198523952
367716.479809505,4.61970259910413
367776.485762476,4.61986319065787
367836.491715448,4.62002375211057
367896.497668419,4.62018429311306
367956.503621391,4.62034480840098
368016.509574363,4.62050528811915
368076.515527334,4.62066574973327
368136.521480306,4.62082618300288
368196.527433277,4.62098658812677
368256.533386249,4.62114696393572
368316.53933922,4.62130730844406
368376.545292192,4.62146762863529
368436.551245163,4.62162792180676
368496.557198135,4.6217881874343
368556.563151106,4.62194843014045
368616.569104078,4.62210864805045
368676.575057049,4.62226883863126
368736.581010021,4.62242900583337
368796.586962992,4.62258914562216
368856.592915964,4.6227492633426
368916.598868935,4.62290934442934
368976.604821907,4.62306940308231
369036.610774878,4.62322943626986
369096.61672785,4.62338944433599
369156.622680821,4.62354942757609
369216.628633793,4.62370937831935
369276.634586765,4.62386930497183
369336.640539736,4.62402920638095
369396.646492708,4.62418908503635
369456.652445679,4.62434893025738
369516.658398651,4.62450875304344
369576.664351622,4.62466855215775
369636.670304594,4.62482832129246
369696.676257565,4.62498806662668
369756.682210537,4.62514778146306
369816.688163508,4.62530746887736
369876.69411648,4.6254671319227
369936.700069451,4.6256267590368
369996.706022423,4.62578636811011
370056.711975394,4.62594595156899
370116.717928366,4.62610550731517
370176.723881337,4.62626503659797
370236.729834309,4.62642454184374
370296.73578728,4.62658402026009
370356.741740252,4.62674347654561
370416.747693223,4.62690290033859
370476.753646195,4.62706230171878
370536.759599167,4.6272216752727
370596.765552138,4.62738102251282
370656.77150511,4.62754034237946
370716.777458081,4.62769963830513
370776.783411053,4.62785889621762
370836.789364024,4.62801813258243
370896.795316996,4.62817734233741
370956.801269967,4.62833653310641
371016.807222939,4.62849569575176
371076.81317591,4.62865483279402
371136.819128882,4.62881394484227
371196.825081853,4.62897302253872
371256.831034825,4.62913208050444
371316.836987796,4.6292911161153
371376.842940768,4.62945012504998
371436.848893739,4.62960910328505
371496.854846711,4.62976805744801
371556.860799683,4.62992698959854
371616.866752654,4.63008589397996
371676.872705626,4.63024476992314
371736.878658597,4.6304036158256
371796.884611569,4.63056243899297
371856.89056454,4.63072123778579
371916.896517512,4.6308800081361
371976.902470483,4.63103874655091
372036.908423455,4.63119746013889
372096.914376426,4.63135614770002
372156.920329398,4.63151481067965
372216.926282369,4.63167344857509
372276.932235341,4.63183206325607
372336.938188312,4.63199065445867
372396.944141284,4.63214921646822
372456.950094255,4.63230775486393
372516.956047227,4.63246626721694
372576.962000198,4.63262475796326
372636.96795317,4.63278321683683
372696.973906141,4.6329416516133
372756.979859113,4.63310005732062
372816.985812085,4.63325843076423
372876.991765056,4.63341678772897
372936.997718028,4.63357511713565
372997.003670999,4.63373342260651
373057.009623971,4.63389170110256
373117.015576942,4.6340499472542
373177.021529914,4.63420816882005
373237.027482885,4.63436636472516
373297.033435857,4.63452454202617
373357.039388828,4.63468268518059
373417.0453418,4.63484080751505
373477.051294771,4.63499890252107
373537.057247743,4.63515697455598
373597.063200714,4.63531502262022
373657.069153686,4.6354730361974
373717.075106657,4.63563102745599
373777.081059629,4.63578898904211
373837.087012601,4.63594692405261
373897.092965572,4.63610484123559
373957.098918543,4.63626272770327
374017.104871515,4.63642058984962
374077.110824487,4.63657842885946
374137.116777458,4.63673623985544
374197.12273043,4.63689402266922
374257.128683401,4.63705178479603
374317.134636373,4.63720952072305
374377.140589344,4.63736722868072
374437.146542316,4.63752491464138
374497.152495287,4.63768256823542
374557.158448259,4.63784019616895
374617.16440123,4.63799780523084
374677.170354202,4.63815538577366
374737.176307173,4.63831293683857
374797.182260145,4.63847046495689
374857.188213116,4.6386279709105
374917.194166088,4.63878544912002
374977.200119059,4.63894289417228
375037.206072031,4.63910031733455
375097.212025003,4.63925772000856
375157.217977974,4.6394150957403
375217.223930946,4.63957244212215
375277.229883917,4.63972976639973
375337.235836889,4.63988706132417
375397.24178986,4.64004433319588
375457.247742832,4.64020158269517
375517.253695803,4.64035880712228
375577.259648775,4.64051600264397
375637.265601746,4.6406731729993
375697.271554718,4.64083031091995
375757.277507689,4.64098742725756
375817.283460661,4.64114452206004
375877.289413632,4.64130158803639
375937.295366604,4.64145862640766
375997.301319575,4.64161564775695
376057.307272547,4.64177264036833
376117.313225518,4.6419296045096
376177.31917849,4.64208654097855
376237.325131461,4.6422434502992
376297.331084433,4.64240034112112
376357.337037405,4.64255720322914
376417.342990376,4.64271403802677
376477.348943348,4.64287084825451
376537.354896319,4.64302763907456
376597.360849291,4.64318440209256
376657.366802262,4.64334113775293
376717.372755234,4.64349784988689
376777.378708205,4.6436545300064
376837.384661177,4.64381118457799
376897.390614148,4.64396782342985
376957.39656712,4.64412442677567
377017.402520091,4.64428100694223
377077.408473063,4.64443756577553
377137.414426034,4.64459409306995
377197.420379006,4.64475060526661
377257.426331977,4.64490709145335
377317.432284949,4.64506354932782
377377.43823792,4.64521998153437
377437.444190892,4.64537639549113
377497.450143863,4.64553277683561
377557.456096835,4.64568912709168
377617.462049807,4.64584545208155
377677.468002778,4.64600175637613
377737.47395575,4.64615803194482
377797.479908721,4.64631428212957
377857.485861693,4.6464705101023
377917.491814664,4.64662671365793
377977.497767636,4.64678289515783
378037.503720607,4.6469390450622
378097.509673579,4.64709517405871
378157.51562655,4.64725127100078
378217.521579522,4.64740734708501
378277.527532493,4.647563399614
378337.533485465,4.64771942902109
378397.539438436,4.64787543224058
378457.545391408,4.64803140670653
378517.551344379,4.64818735339627
378577.557297351,4.6483432870668
378637.563250322,4.64849919082471
378697.569203294,4.6486550670225
378757.575156265,4.64881091987182
378817.581109237,4.64896674198156
378877.587062209,4.64912254524055
378937.59301518,4.64927832120642
378997.598968152,4.6494340659863
379057.604921123,4.64958979363587
379117.610874095,4.64974549515728
379177.616827066,4.6499011718669
379237.622780038,4.65005681915483
379297.628733009,4.65021244230369
379357.634685981,4.65036803940734
379417.640638952,4.65052361860225
379477.646591924,4.65067917233517
379537.652544895,4.65083469318556
379597.658497867,4.65099018961278
379657.664450838,4.65114566463165
379717.67040381,4.65130111530045
379777.676356781,4.65145654068119
379837.682309753,4.651611941011
379897.688262724,4.65176731921988
379957.694215696,4.65192266777443
380017.700168667,4.65207799200622
380077.706121639,4.65223329839816
380137.712074611,4.65238856846874
380197.718027582,4.65254381198491
380257.723980554,4.65269903480932
380317.729933525,4.65285423309467
380377.735886497,4.65300940806173
380437.741839468,4.65316456018827
380497.74779244,4.65331968610399
380557.753745411,4.65347478624215
380617.759698383,4.65362986374587
380677.765651354,4.65378491119204
380737.771604326,4.65393993276
380797.777557297,4.65409493730378
380857.783510269,4.65424991110767
380917.78946324,4.65440486073292
380977.795416212,4.65455978682286
381037.801369183,4.65471468929969
381097.807322155,4.65486956424541
381157.813275127,4.65502441266314
381217.819228098,4.65517923703748
381277.825181069,4.65533404383225
381337.831134041,4.65548881789043
381397.837087013,4.65564357036577
381457.843039984,4.65579830317901
381517.848992956,4.6559530002355
381577.854945927,4.65610767655709
381637.860898899,4.65626233381957
381697.86685187,4.65641695873984
381757.872804842,4.65657156006889
381817.878757813,4.65672613649959
381877.884710785,4.65688069088019
381937.890663756,4.65703521291608
381997.896616728,4.65718971793151
382057.902569699,4.65734420069231
382117.908522671,4.65749866493657
382177.914475642,4.657653103471
382237.920428614,4.65780750791082
382297.926381585,4.65796189312945
382357.932334557,4.65811624571359
382417.938287529,4.65827057085388
382477.9442405,4.65842487052754
382537.950193472,4.65857915144326
382597.956146443,4.65873340983301
382657.962099415,4.65888763936858
382717.968052386,4.65904185011358
382777.974005358,4.65919603508286
382837.979958329,4.65935019503097
382897.985911301,4.65950432937576
382957.991864272,4.65965843968816
383017.997817244,4.65981253417565
383078.003770215,4.65996659192796
383138.009723187,4.66012062785719
383198.015676158,4.6602746459665
383258.02162913,4.66042863214844
383318.027582101,4.66058258768816
383378.033535073,4.66073652038467
383438.039488045,4.66089043632625
383498.045441016,4.66104432750775
383558.051393987,4.66119818813201
383618.057346959,4.6613520275186
383678.063299931,4.66150583984037
383738.069252902,4.66165963214165
383798.075205874,4.66181339700657
383858.081158845,4.6619671362539
383918.087111817,4.66212086012989
383978.093064788,4.66227455178341
384038.09901776,4.66242822467858
384098.104970731,4.66258186705022
384158.110923703,4.6627354869906
384218.116876674,4.66288908501677
384278.122829646,4.66304265450092
384338.128782617,4.66319620459829
384398.134735589,4.6633497246696
384458.14068856,4.66350322537097
384518.146641532,4.66365669820083
384578.152594503,4.66381015045098
384638.158547475,4.66396357571659
384698.164500447,4.66411696920447
384758.170453418,4.66427034525891
384818.17640639,4.66442369764813
384878.182359361,4.66457702622086
384938.188312333,4.66473033086396
384998.194265304,4.66488360398428
385058.200218276,4.6650368521497
385118.206171247,4.6651900814387
385178.212124219,4.66534328371463
385238.21807719,4.66549646475179
385298.224030162,4.66564962246515
385358.229983133,4.66580275768181
385418.235936105,4.6659558612564
385478.241889076,4.66610894754157
385538.247842048,4.66626200801125
385598.253795019,4.66641504565165
385658.259747991,4.66656805610648
385718.265700962,4.66672104467747
385778.271653934,4.66687400248868
385838.277606905,4.667026941228
385898.283559877,4.6671798618775
385958.289512849,4.66733275330158
386018.29546582,4.6674856255578
386078.301418792,4.66763846650121
386138.307371763,4.66779127623826
386198.313324735,4.66794407135839
386258.319277706,4.66809683903167
386318.325230678,4.66824958501868
386378.331183649,4.66840230744374
386438.337136621,4.66855499817998
386498.343089592,4.66870766926572
386558.349042564,4.66886031857437
386618.354995535,4.66901294949905
386678.360948507,4.66916555259114
386738.366901478,4.66931812896858
386798.37285445,4.66947067655247
386858.378807421,4.669623197208
386918.384760393,4.66977569741289
386978.390713364,4.66992817973496
387038.396666336,4.67008064493691
387098.402619307,4.67023307962101
387158.408572279,4.6703854851933
387218.414525251,4.67053787111671
387278.420478222,4.67069023178736
387338.426431194,4.67084256371255
387398.432384165,4.67099487548107
387458.438337137,4.67114715122414
387518.444290108,4.67129941684887
387578.45024308,4.67145165579724
387638.456196051,4.6716038717834
387698.462149023,4.67175606435134
387758.468101994,4.67190823265906
387818.474054966,4.6720603822773
387878.480007937,4.67221249776689
387938.485960909,4.67236459004083
387998.49191388,4.67251666513216
388058.497866852,4.67266870931479
388118.503819823,4.67282072952082
388178.509772795,4.67297273417485
388238.515725766,4.67312471095078
388298.521678738,4.67327666107198
388358.527631709,4.67342859461385
388418.533584681,4.67358050186839
388478.539537653,4.67373237374243
388538.545490624,4.67388422761421
388598.551443596,4.67403605563458
388658.557396567,4.67418786527043
388718.563349539,4.67433964482315
388778.56930251,4.67449140660457
388838.575255482,4.67464314443457
388898.581208453,4.67479486197695
388958.587161425,4.67494654616596
389018.593114396,4.67509821907154
389078.599067368,4.67524986613361
389138.605020339,4.67540148455512
389198.610973311,4.6755530745108
389258.616926282,4.67570464018667
389318.622879254,4.67585619072322
389378.628832225,4.67600770843676
389438.634785197,4.67615921263782
389498.640738168,4.67631069197981
389558.64669114,4.67646213486231
389618.652644111,4.67661356067237
389678.658597083,4.67676495801762
389738.664550055,4.67691633782649
389798.670503026,4.67706769297162
389858.676455998,4.67721902400281
389918.682408969,4.67737033198436
389978.688361941,4.67752162058419
390038.694314912,4.67767288682294
390098.700267884,4.67782412945656
390158.706220855,4.67797534673172
390218.712173827,4.67812653114645
390278.718126798,4.67827769781471
390338.72407977,4.67842884060163
390398.730032741,4.67857996166312
390458.735985713,4.67873105477024
390518.741938684,4.67888212679584
390578.747891656,4.67903317089575
390638.753844627,4.67918419147585
390698.759797599,4.67933519332186
390758.76575057,4.67948617787625
390818.771703542,4.67963713890212
390878.777656513,4.67978806980133
390938.783609485,4.67993897094455
390998.789562457,4.68008985683922
391058.795515428,4.68024071602426
391118.8014684,4.68039155434912
391178.807421371,4.68054236908259
391238.813374343,4.68069315819613
391298.819327314,4.68084392699473
391358.825280286,4.68099467097686
391418.831233257,4.68114538605323
391478.837186229,4.68129607767983
391538.8431392,4.68144674758459
391598.849092172,4.68159739547859
391658.855045143,4.68174802225035
391718.860998115,4.68189862530485
391778.866951086,4.68204919722008
391838.872904058,4.68219975013931
391898.878857029,4.6823502814091
391958.884810001,4.68250078677277
392018.890762973,4.68265127236586
392078.896715944,4.68280173070693
392138.902668916,4.68295216281293
392198.908621887,4.68310257554234
392258.914574859,4.68325295875893
392318.92052783,4.68340332085276
392378.926480802,4.68355367275101
392438.932433773,4.68370399290444
392498.938386745,4.68385428877244
392558.944339716,4.6840045586761
392618.950292688,4.6841548129508
392678.956245659,4.68430503673181
392738.962198631,4.68445523784005
392798.968151602,4.68460541803834
392858.974104574,4.6847555709565
392918.980057545,4.68490570972841
392978.986010517,4.68505582023437
393038.991963488,4.68520590514872
393098.99791646,4.68535596844506
393159.003869432,4.6855060126403
393219.009822403,4.6856560251415
393279.015775375,4.68580601753793
393339.021728346,4.6859559798482
393399.027681318,4.68610592165698
393459.033634289,4.686255841345
393519.039587261,4.68640574321118
393579.045540232,4.6865556225489
393639.051493204,4.68670547772135
393699.057446175,4.686855307179
393759.063399147,4.68700511314022
393819.069352118,4.68715489620873
393879.07530509,4.687304652388
393939.081258061,4.68745439151464
393999.087211033,4.68760410093574
394059.093164004,4.68775378790881
394119.099116976,4.68790345510275
394179.105069947,4.68805309154673
394239.111022919,4.6882027132454
394299.11697589,4.68835231698301
394359.122928862,4.68850189710294
394419.128881834,4.68865145254708
394479.134834805,4.68880098197468
394539.140787777,4.68895048580797
394599.146740748,4.68909995895241
394659.15269372,4.68924941739429
394719.158646691,4.68939886148172
394779.164599663,4.68954827980572
394839.170552634,4.68969766776652
394899.176505606,4.68984703185371
394959.182458577,4.68999637790795
395019.188411549,4.69014570191384
395079.19436452,4.6902950004924
395139.200317492,4.69044427311352
395199.206270463,4.69059351576907
395259.212223435,4.69074273882438
395319.218176406,4.69089193506594
395379.224129378,4.69104111438681
395439.230082349,4.69119027407403
395499.236035321,4.6913394081897
395559.241988292,4.69148852240044
395619.247941264,4.69163761084393
395679.253894236,4.69178667683261
395739.259847207,4.6919357240865
395799.265800179,4.69208474798178
395859.27175315,4.69223374876245
395919.277706122,4.69238272694648
395979.283659093,4.69253167761902
396039.289612065,4.69268060129826
396099.295565036,4.69282950893503
396159.301518008,4.69297838947548
396219.307470979,4.69312725138424
396279.313423951,4.69327608614302
396339.319376922,4.69342489871086
396399.325329894,4.69357368277615
396459.331282865,4.69372245271169
396519.337235837,4.6938712008054
396579.343188808,4.6940199243418
396639.34914178,4.6941686172657
396699.355094751,4.69431729709245
396759.361047723,4.69446595411624
396819.367000695,4.69461457690054
396879.372953666,4.6947631847136
396939.378906638,4.69491176835769
396999.384859609,4.69506032708863
397059.390812581,4.69520886442583
397119.396765552,4.69535737750985
397179.402718524,4.69550586689072
397239.408671495,4.69565433513607
397299.414624467,4.69580278224943
397359.420577438,4.69595120885231
397419.42653041,4.69609960951817
397479.432483381,4.69624799215134
397539.438436353,4.69639635325116
397599.444389324,4.69654468722586
397659.450342296,4.69669300040337
397719.456295267,4.69684129039339
397779.462248239,4.69698955389837
397839.46820121,4.69713779055534
397899.474154182,4.69728600776673
397959.480107153,4.69743419904963
398019.486060125,4.69758236505307
398079.492013097,4.69773051811693
398139.497966068,4.6978786469468
398199.50391904,4.69802675710597
398259.509872011,4.69817483891984
398319.515824983,4.69832290697113
398379.521777954,4.69847094950694
398439.527730926,4.69861896733157
398499.533683897,4.69876696048404
398559.539636869,4.6989149242333
398619.54558984,4.69906287547484
398679.551542812,4.69921079635261
398739.557495783,4.69935869805762
398799.563448755,4.69950657437142
398859.569401726,4.69965442481822
398919.575354698,4.69980225761889
398979.581307669,4.69995006268459
399039.587260641,4.700097851986
399099.593213612,4.70024561376712
399159.599166584,4.70039335175977
399219.605119555,4.70054107129226
399279.611072527,4.70068877009964
399339.617025499,4.70083644091845
399399.62297847,4.70098409275109
399459.628931442,4.7011317318127
399519.634884413,4.70127934713925
399579.640837385,4.70142693710547
399639.646790356,4.70157449926014
399699.652743328,4.70172203967719
399759.658696299,4.70186955377188
399819.664649271,4.70201704291916
399879.670602242,4.70216451511996
399939.676555214,4.70231196554963
399999.682508185,4.70245939605714
400059.688461157,4.7026067943613
400119.694414128,4.70275417982058
400179.7003671,4.7029015394149
400239.706320071,4.7030488756095
400299.712273043,4.70319618951479
400359.718226014,4.70334348449532
400419.724178986,4.70349075558005
400479.730131958,4.70363799725172
400539.736084929,4.70378522514225
400599.742037901,4.70393242570852
400659.747990872,4.70407960478701
400719.753943844,4.70422675564099
400779.759896815,4.70437389045552
400839.765849787,4.70452100523373
400899.771802758,4.70466810223051
400959.77775573,4.70481517237548
401019.783708701,4.70496221897475
401079.789661673,4.70510923879992
401139.795614644,4.705256235597
401199.801567616,4.70540321510204
401259.807520587,4.70555017059239
401319.813473559,4.70569709460115
401379.81942653,4.70584400317379
401439.825379502,4.70599089028364
401499.831332473,4.70613774791883
401559.837285445,4.70628458854494
401619.843238416,4.70643141275065
401679.849191388,4.70657821814247
401739.85514436,4.70672499521567
401799.861097331,4.70687174976122
401859.867050303,4.70701848744513
401919.873003274,4.70716520014215
401979.878956246,4.70731189054595
402039.884909217,4.70745855372617
402099.890862189,4.70760520327238
402159.89681516,4.70775181933275
402219.902768132,4.70789841492248
402279.908721103,4.70804498402052
402339.914674075,4.70819154077076
402399.920627046,4.7083380710784
402459.926580018,4.70848457926696
402519.932532989,4.70863107062439
402579.938485961,4.70877754077501
402639.944438932,4.70892398738054
402699.950391904,4.70907040874504
402759.956344876,4.70921680823744
402819.962297847,4.70936317944382
402879.968250818,4.70950952428028
402939.97420379,4.70965585533075
402999.980156762,4.70980215980067
403059.986109733,4.70994844858759
403119.992062705,4.71009471577354
403179.998015676,4.7102409610743
403240.003968648,4.7103871801978
403300.009921619,4.71053338295999
403360.015874591,4.71067955451757
403420.021827562,4.71082570392444
403480.027780534,4.71097183378789
403540.033733505,4.71111794071018
403600.039686477,4.71126402696082
403660.045639448,4.71141009796237
403720.05159242,4.71155614568983
403780.057545391,4.71170216854201
403840.063498363,4.71184817335336
403900.069451334,4.71199415021153
403960.075404306,4.71214010519781
404020.081357278,4.71228604752394
404080.087310249,4.71243195997172
404140.093263221,4.7125778501584
404200.099216192,4.71272371083844
404260.105169164,4.7128695535726
404320.111122135,4.71301537834073
404380.117075107,4.71316117687168
404440.123028078,4.71330695552833
404500.12898105,4.71345272017575
404560.134934021,4.71359845416544
404620.140886993,4.71374416116736
404680.146839964,4.71388984678654
404740.152792936,4.71403551208343
404800.158745907,4.71418115859783
404860.164698879,4.71432678322467
404920.17065185,4.71447238857073
404980.176604822,4.71461797452509
405040.182557793,4.71476353227868
405100.188510765,4.71490907070667
405160.194463736,4.71505458484539
405220.200416708,4.7152000785314
405280.20636968,4.71534554828783
405340.212322651,4.71549100084569
405400.218275623,4.71563642527276
405460.224228594,4.71578183318312
405520.230181566,4.71592721785691
405580.236134537,4.71607257433379
405640.242087509,4.71621791148614
405700.24804048,4.71636322765733
405760.253993452,4.71650852906056
405820.259946423,4.71665380091479
405880.265899395,4.71679905400641
405940.271852366,4.71694428408026
406000.277805338,4.71708949139182
406060.283758309,4.71723468412421
406120.289711281,4.71737985268636
406180.295664252,4.71752499863003
406240.301617224,4.71767012098121
406300.307570195,4.71781521530194
406360.313523167,4.71796029171172
406420.319476139,4.71810535128392
406480.32542911,4.71825038553725
406540.331382082,4.71839539801183
406600.337335053,4.71854039049954
406660.343288025,4.71868535962385
406720.349240996,4.71883030675044
406780.355193968,4.71897522693588
406840.361146939,4.71912012720165
406900.367099911,4.71926500587106
406960.373052882,4.71940986214679
407020.379005854,4.71955470375714
407080.384958825,4.7196995225507
407140.390911797,4.71984431189869
407200.396864768,4.71998908162968
407260.40281774,4.72013383500187
407320.408770711,4.72027856307358
407380.414723683,4.72042327081184
407440.420676654,4.72056796450728
407500.426629626,4.72071263435239
407560.432582597,4.7208572755024
407620.438535569,4.72100189723615
407680.444488541,4.72114650256718
407740.450441512,4.72129108046027
407800.456394484,4.72143563445137
407860.462347455,4.72158016304946
407920.468300427,4.72172467521107
407980.474253398,4.72186915997476
408040.48020637,4.72201363326012
408100.486159341,4.72215807988712
408160.492112313,4.72230250518263
408220.498065284,4.72244690874052
408280.504018256,4.72259129029032
408340.509971227,4.72273565146525
408400.515924199,4.72287999448199
408460.52187717,4.72302431543015
408520.527830142,4.72316861294123
408580.533783113,4.72331289023732
408640.539736085,4.72345714687082
408700.545689056,4.72360137813182
408760.551642028,4.72374558605443
408820.557594999,4.72388978008851
408880.563547971,4.72403394483173
408940.569500943,4.72417809116377
409000.575453914,4.72432221866354
409060.581406886,4.72446632336981
409120.587359857,4.72461040569665
409180.593312829,4.72475445682195
409240.5992658,4.72489849378563
409300.605218772,4.72504251142927
409360.611171743,4.7251865043539
409420.617124715,4.72533047659866
409480.623077686,4.72547442779088
409540.629030658,4.72561835905151
409600.634983629,4.72576226942715
409660.640936601,4.72590615711479
409720.646889572,4.72605002337397
409780.652842544,4.7261938677823
409840.658795515,4.72633769300971
409900.664748487,4.72648149300516
409960.670701458,4.72662527305368
410020.67665443,4.72676903190942
410080.682607402,4.72691277591316
410140.688560373,4.72705649204069
410200.694513345,4.72720019112445
410260.700466316,4.7273438614963
410320.706419288,4.72748751246939
410380.712372259,4.72763113993766
410440.718325231,4.72777474879144
410500.724278202,4.72791833746086
410560.730231174,4.72806190076155
410620.736184145,4.72820544896538
410680.742137117,4.7283489780224
410740.748090088,4.72849248790414
410800.75404306,4.72863596658278
410860.759996031,4.72877942359058
410920.765949003,4.72892285937244
410980.771901974,4.72906627993193
411040.777854946,4.72920967883008
411100.783807917,4.72935305341803
411160.789760889,4.72949640605877
411220.79571386,4.72963973336097
411280.801666832,4.7297830449186
411340.807619804,4.72992633329699
411400.813572775,4.73006960445855
411460.819525747,4.73021284732263
411520.825478718,4.73035607471483
411580.83143169,4.73049927855904
411640.837384661,4.73064246236795
411700.843337633,4.73078562491835
411760.849290604,4.73092876408387
411820.855243576,4.73107188518756
411880.861196547,4.73121498107589
411940.867149519,4.73135805369869
412000.87310249,4.73150111606656
412060.879055462,4.73164414586097
412120.885008433,4.73178716077286
412180.890961405,4.73193015417418
412240.896914376,4.73207312734596
412300.902867348,4.73221607756374
412360.908820319,4.73235900864863
412420.914773291,4.73250191607478
412480.920726262,4.73264480327772
412540.926679234,4.73278766661838
412600.932632206,4.73293051103182
412660.938585177,4.73307332543011
412720.944538149,4.73321613410073
412780.95049112,4.73335892036326
412840.956444092,4.73350168301349
412900.962397063,4.73364441782605
412960.968350035,4.73378713552153
413020.974303006,4.733929825131
413080.980255978,4.73407250382738
413140.986208949,4.73421515625659
413200.992161921,4.73435778601848
413260.998114892,4.73450039942112
413321.004067864,4.73464299103647
413381.010020835,4.73478555956548
413441.015973807,4.7349281019337
413501.021926778,4.73507062897531
413561.02787975,4.73521313386055
413621.033832722,4.7353556272005
413681.039785693,4.73549808937256
413741.045738665,4.73564052575002
413801.051691636,4.73578295409107
413861.057644608,4.73592535810049
413921.063597579,4.73606774210372
413981.069550551,4.73621009938039
414041.075503522,4.73635243088171
414101.081456494,4.73649475276383
414161.087409465,4.7366370477055
414221.093362437,4.73677932386332
414281.099315408,4.7369215839087
414341.10526838,4.73706381689042
414401.111221351,4.73720602681299
414461.117174323,4.73734821858903
414521.123127294,4.73749038451658
414581.129080266,4.73763254239491
414641.135033237,4.73777466622119
414701.140986209,4.73791677599753
414761.146939181,4.73805885907784
414821.152892152,4.73820092207591
414881.158845124,4.738342973363
414941.164798095,4.73848499551683
415001.170751067,4.73862700066181
415061.176704038,4.73876898212864
415121.18265701,4.73891094463615
415181.188609981,4.73905288526961
415241.194562953,4.73919479958039
415301.200515924,4.7393366943
415361.206468896,4.73947858091329
415421.212421867,4.73962044359811
415481.218374839,4.73976228507273
415541.22432781,4.73990409748146
415601.230280782,4.74004588172807
415661.236233753,4.74018765081373
415721.242186725,4.74032939482953
415781.248139696,4.74047112794018
415841.254092668,4.74061284230354
415901.260045639,4.74075453171909
415961.265998611,4.74089620075602
416021.271951583,4.74103785646453
416081.277904554,4.7411794812782
416141.283857526,4.74132109265469
416201.289810497,4.74146267163254
416261.295763469,4.74160423803576
416321.30171644,4.74174578322022
416381.307669412,4.74188730705041
416441.313622383,4.74202881081449
416501.319575355,4.74217029426256
416561.325528326,4.74231176009592
416621.331481298,4.74245320006618
416681.337434269,4.74259462632333
416741.343387241,4.74273602499646
416801.349340212,4.74287740537689
416861.355293184,4.74301876360919
416921.361246155,4.74316009792457
416981.367199127,4.7433014098179
417041.373152098,4.74344270194799
417101.37910507,4.74358397855277
417161.385058041,4.74372522858152
417221.391011013,4.74386646541833
417281.396963985,4.7440076788312
417341.402916956,4.74414886959348
417401.408869928,4.74429004187341
417461.414822899,4.74443119375718
417521.420775871,4.74457232470207
417581.426728842,4.74471343284601
417641.432681814,4.74485453040116
417701.438634785,4.7449956062202
417761.444587757,4.74513665133887
417821.450540728,4.74527767380877
417881.4564937,4.74541867620158
417941.462446671,4.74555966184699
418001.468399643,4.74570063341131
418061.474352614,4.74584157727127
418121.480305586,4.74598250036111
418181.486258557,4.74612340543748
418241.492211529,4.74626429592477
418301.4981645,4.74640515699591
418361.504117472,4.74654599722774
418421.510070443,4.74668681674286
418481.516023415,4.74682761982492
418541.521976387,4.74696840050101
418601.527929358,4.74710916702991
418661.53388233,4.74724990280242
418721.539835301,4.74739062146359
418781.545788273,4.74753132328746
418841.551741244,4.74767199566225
418901.557694216,4.74781265494891
418961.563647187,4.7479532932729
419021.569600159,4.74809390667797
419081.57555313,4.74823450762011
419141.581506102,4.74837508259996
419201.587459073,4.74851563192499
419261.593412045,4.74865616862911
419321.599365016,4.74879668287431
419381.605317988,4.74893717270954
419441.611270959,4.74907764446399
419501.617223931,4.7492180999529
419561.623176902,4.7493585310655
419621.629129874,4.7494989408296
419681.635082845,4.74963932722495
419741.641035817,4.74977970179438
419801.646988789,4.74992005157204
419861.65294176,4.75006037592676
419921.658894732,4.75020068654436
419981.664847703,4.75034097710124
420041.670800675,4.75048124783103
420101.676753646,4.75062149437787
420161.682706618,4.75076172564515
420221.688659589,4.75090193008001
420281.694612561,4.75104211590924
420341.700565532,4.75118228201357
420401.706518504,4.75132243484425
420461.712471475,4.75146256296054
420521.718424447,4.75160265874863
420581.724377418,4.75174274688162
420641.73033039,4.7518828075117
420701.736283361,4.75202284816112
420761.742236333,4.7521628763145
420821.748189304,4.75230287629527
420881.754142276,4.75244286389887
420941.760095248,4.75258282582143
421001.766048219,4.75272277252868
421061.772001191,4.75286269818434
421121.777954162,4.75300260301502
421181.783907134,4.75314248265862
421241.789860105,4.7532823453224
421301.795813077,4.75342219150169
421361.801766048,4.75356201720654
421421.80771902,4.75370181806127
421481.813671991,4.75384160103588
421541.819624963,4.75398136197466
421601.825577934,4.75412110077571
421661.831530906,4.7542608132528
421721.837483877,4.7544005153681
421781.843436849,4.75454019328161
421841.84938982,4.75467985604321
421901.855342792,4.75481949711684
421961.861295763,4.75495911145407
422021.867248735,4.75509870234881
422081.873201707,4.75523828104111
422141.879154678,4.7553778349098
422201.88510765,4.75551737087845
422261.891060621,4.75565688575518
422321.897013593,4.75579638819921
422381.902966564,4.7559358698669
422441.908919536,4.75607533265591
422501.914872507,4.75621476310231
422561.920825479,4.75635418051616
422621.92677845,4.75649357084506
422681.932731422,4.7566329433361
422741.938684393,4.75677229758394
422801.944637365,4.75691163139383
422861.950590336,4.75705095065797
422921.956543308,4.75719025580425
422981.962496279,4.75732953568832
423041.968449251,4.75746879614846
423101.974402222,4.7576080309183
423161.980355194,4.75774724642481
423221.986308165,4.7578864500506
423281.992261137,4.75802562766036
423341.998214109,4.75816477999768
423402.00416708,4.75830391490592
423462.010120052,4.75844302942989
423522.016073023,4.75858212240746
423582.022025995,4.75872119963898
423642.027978966,4.75886024953329
423702.033931938,4.75899928179585
423762.039884909,4.75913830101113
423822.045837881,4.75927730286787
423882.051790852,4.75941627431023
423942.057743824,4.7595552241197
424002.063696795,4.75969415860099
424062.069649767,4.7598330762409
424122.075602738,4.75997197643979
424182.08155571,4.76011085424023
424242.087508681,4.76024970563848
424302.093461653,4.76038854486869
424362.099414625,4.7605273597501
424422.105367596,4.76066615618185
424482.111320567,4.760804936515
424542.117273539,4.76094368981748
424602.123226511,4.76108242069925
424662.129179482,4.76122113469389
424722.135132454,4.76135982623337
424782.141085425,4.76149849510672
424842.147038397,4.76163715188999
424902.152991368,4.76177579181829
424962.15894434,4.7619144142462
425022.164897311,4.76205300676369
425082.170850283,4.7621915777751
425142.176803254,4.76233012929919
425202.182756226,4.76246866732708
425262.188709197,4.76260717549072
425322.194662169,4.76274568098898
425382.20061514,4.76288415646763
425442.206568112,4.76302261486027
425502.212521083,4.76316105371683
425562.218474055,4.76329947577195
425622.224427027,4.76343787374387
425682.230379998,4.7635762477729
425742.23633297,4.76371460526852
425802.242285941,4.76385294508493
425862.248238913,4.76399126475038
425922.254191884,4.76412955752122
425982.260144856,4.76426782926192
426042.266097827,4.76440608554247
426102.272050799,4.76454432328275
426162.27800377,4.76468254634306
426222.283956742,4.76482074139613
426282.289909713,4.76495891498011
426342.295862685,4.76509707581148
426402.301815656,4.76523520471478
426462.307768628,4.76537332446475
426522.313721599,4.76551143250395
426582.319674571,4.76564951254207
426642.325627542,4.76578757103541
426702.331580514,4.76592561735051
426762.337533485,4.76606364179866
426822.343486457,4.76620164354
426882.349439429,4.76633963390837
426942.3553924,4.76647759606749
427002.361345372,4.76661553981786
427062.367298343,4.76675345848433
427122.373251315,4.76689135816062
427182.379204286,4.7670292364385
427242.385157258,4.76716709441362
427302.391110229,4.76730493257432
427362.397063201,4.7674427607156
427422.403016172,4.7675805650892
427482.408969144,4.76771835197898
427542.414922115,4.7678561142081
427602.420875087,4.76799385985876
427662.426828058,4.76813158337015
427722.43278103,4.76826928190616
427782.438734001,4.76840695918458
427842.444686973,4.76854462742682
427902.450639944,4.76868228059368
427962.456592916,4.76881990702601
428022.462545887,4.76895751680068
428082.468498859,4.7690951011752
428142.474451831,4.76923266744329
428202.480404802,4.76937021863249
428262.486357774,4.76950775191957
428322.492310745,4.76964525844321
428382.498263717,4.76978274868018
428442.504216688,4.76992021780223
428502.51016966,4.77005766849383
428562.516122631,4.77019509663361
428622.522075603,4.77033250707731
428682.528028574,4.77046989727236
428742.533981546,4.77060726451367
428802.539934517,4.77074462441635
428862.545887489,4.77088195782833
428922.55184046,4.77101926493795
428982.557793432,4.77115655305651
429042.563746403,4.7712938300653
429102.569699375,4.77143108307755
429162.575652346,4.77156832488947
429222.581605318,4.77170554363979
429282.587558289,4.77184273842744
429342.593511261,4.77197991664608
429402.599464233,4.77211707854166
429462.605417204,4.77225421591263
429522.611370176,4.77239133162555
429582.617323147,4.77252843069261
429642.623276119,4.7726655141102
429702.62922909,4.77280256275974
429762.635182062,4.77293960264006
429822.641135033,4.77307662886849
429882.647088005,4.77321362089844
429942.653040976,4.77335060030934
430002.658993948,4.77348756363723
430062.664946919,4.77362450945435
430122.670899891,4.77376143254119
430182.676852862,4.77389833434545
430242.682805834,4.77403521793782
430302.688758805,4.77417207862029
430362.694711777,4.77430892750476
430422.700664748,4.77444575258088
430482.70661772,4.77458256380457
430542.712570692,4.77471935219376
430602.718523663,4.77485611601784
430662.724476635,4.77499286604499
430722.730429606,4.77512959320098
430782.736382578,4.77526630216729
430842.742335549,4.77540299698939
430902.748288521,4.77553966205511
430962.754241492,4.7756763190486
431022.760194464,4.77581294428118
431082.766147435,4.77594955206664
431142.772100407,4.77608614244408
431202.778053378,4.77622271656013
431262.78400635,4.77635927203194
431322.789959321,4.77649581118666
431382.795912293,4.77663233098593
431442.801865264,4.77676883079216
431502.807818236,4.77690530714354
431562.813771207,4.77704175998435
431622.819724179,4.77717819618861
431682.825677151,4.77731461091131
431742.831630122,4.7774510098986
431802.837583094,4.7775873894576
431862.843536065,4.77772375234736
431922.849489037,4.77786009955691
431982.855442008,4.77799642914723
432042.86139498,4.77813273520303
432102.867347951,4.77826902295514
432162.873300923,4.77840528572879
432222.879253894,4.77854153410681
432282.885206866,4.77867775624607
432342.891159837,4.77881396115163
432402.897112809,4.77895015105182
432462.90306578,4.77908632351494
432522.909018752,4.77922247682774
432582.914971723,4.77935861239806
432642.920924695,4.77949472622855
432702.926877666,4.77963082193069
432762.932830638,4.77976689021848
432822.938783609,4.77990294230433
432882.944736581,4.78003897117577
432942.950689553,4.78017498440541
433002.956642524,4.78031097204528
433062.962595496,4.78044695104424
433122.968548467,4.78058291164354
433182.974501439,4.78071885542398
433242.98045441,4.7808547712378
433302.986407382,4.78099067575839
433362.992360353,4.78112656103119
433422.998313325,4.7812624152349
433483.004266296,4.78139825854714
433543.010219268,4.78153408070918
433603.016172239,4.78166988028327
433663.022125211,4.78180566058876
433723.028078182,4.78194142384982
433783.034031154,4.78207716792597
433843.039984125,4.7822128966101
433903.045937097,4.78234861254772
433963.051890068,4.78248430585792
434023.05784304,4.78261997411673
434083.063796011,4.78275563169369
434143.069748983,4.78289126825123
434203.075701955,4.78302688736442
434263.081654926,4.78316248910376
434323.087607898,4.78329806527066
434383.093560869,4.78343361942632
434443.099513841,4.78356914515912
434503.105466812,4.78370465845434
434563.111419784,4.78384015616763
434623.117372755,4.78397564065938
434683.123325727,4.78411109593943
434743.129278698,4.78424653329022
434803.13523167,4.78438196272055
434863.141184641,4.78451737135541
434923.147137613,4.78465276092173
434983.153090584,4.7847881272774
435043.159043556,4.78492347983942
435103.164996527,4.78505880002395
435163.170949499,4.78519410913622
435223.176902471,4.785329401423
435283.182855442,4.78546467298844
435343.188808414,4.78559992518156
435403.194761385,4.78573516147314
435463.200714357,4.78587037103878
435523.206667328,4.78600557235307
435583.2126203,4.78614074715633
435643.218573271,4.78627591266929
435703.224526243,4.78641105026023
435763.230479214,4.78654616725452
435823.236432186,4.78668126656776
435883.242385157,4.78681634512806
435943.248338129,4.78695140408695
436003.2542911,4.787086447244
436063.260244072,4.787221468721
436123.266197043,4.78735647061633
436183.272150015,4.78749146006587
436243.278102986,4.78762643069295
436303.284055958,4.78776137884668
436363.290008929,4.78789631289714
436423.295961901,4.78803122239154
436483.301914873,4.78816612093599
436543.307867844,4.7883009941283
436603.313820816,4.78843584677743
436663.319773787,4.78857068774929
436723.325726759,4.78870550220054
436783.33167973,4.78884030720995
436843.337632702,4.78897507861614
436903.343585673,4.78910983714995
436963.349538645,4.78924457269207
437023.355491616,4.78937929399098
437083.361444588,4.78951399918945
437143.367397559,4.78964868332053
437203.373350531,4.78978335138807
437263.379303502,4.78991799773068
437323.385256474,4.79005262609452
437383.391209445,4.79018722997397
437443.397162417,4.79032182706948
437503.403115388,4.79045640199514
437563.40906836,4.79059095582371
437623.415021331,4.79072549609829
437683.420974303,4.7908600070362
437743.426927275,4.79099450273127
437803.432880246,4.79112897752701
437863.438833218,4.79126344215651
437923.444786189,4.79139788197102
437983.450739161,4.79153230176295
438043.456692132,4.79166670830416
438103.462645104,4.79180109710307
438163.468598075,4.79193547046097
438223.474551047,4.79206981640195
438283.480504018,4.79220414227471
438343.48645699,4.79233845302056
438403.492409961,4.79247274236086
438463.498362933,4.79260701469634
438523.504315904,4.79274127463013
438583.510268876,4.792875509563
438643.516221847,4.79300972457759
438703.522174819,4.79314391870809
438763.52812779,4.7932780971469
438823.534080762,4.79341225937947
438883.540033733,4.7935463978587
438943.545986705,4.79368051656953
439003.551939677,4.79381462276458
439063.557892648,4.79394871220499
439123.56384562,4.79408277563081
439183.569798591,4.79421682696911
439243.575751563,4.79435085564793
439303.581704534,4.79448486448296
439363.587657506,4.79461885543001
439423.593610477,4.79475282826373
439483.599563449,4.79488678189098
439543.60551642,4.79502072512228
439603.611469392,4.79515464688556
439663.617422363,4.79528854487892
439723.623375335,4.79542243216929
439783.629328306,4.79555629612839
439843.635281278,4.79569013647623
439903.641234249,4.79582395544288
439963.647187221,4.79595775955871
440023.653140192,4.79609155042866
440083.659093164,4.79622531722157
440143.665046136,4.79635907650564
440203.670999107,4.7964928093594
440263.676952079,4.79662652617651
440323.68290505,4.79676021683034
440383.688858022,4.79689389112746
440443.694810993,4.79702754878901
440503.700763965,4.7971611915845
440563.706716936,4.79729481002467
440623.712669908,4.79742841258722
440683.718622879,4.79756199371481
440743.724575851,4.79769555954207
440803.730528822,4.79782910238813
440863.736481794,4.79796263363055
440923.742434765,4.79809614516006
440983.748387737,4.79822964710588
441043.754340708,4.79836311509904
441103.76029368,4.79849657138942
441163.766246651,4.79863000329515
441223.772199623,4.79876342640868
441283.778152594,4.79889682688719
441343.784105566,4.79903020950661
441403.790058538,4.7991635726459
441463.796011509,4.79929691558436
441523.801964481,4.79943023863846
441583.807917452,4.79956354164358
441643.813870424,4.79969684092936
441703.819823395,4.7998301079773
441763.825776367,4.79996336021326
441823.831729338,4.80009659428454
441883.83768231,4.80022980768636
441943.843635281,4.80036301106214
442003.849588253,4.80049619089244
442063.855541224,4.8006293429237
442123.861494196,4.80076248672033
442183.867447167,4.80089560817341
442243.873400139,4.80102871057965
442303.87935311,4.80116179842198
442363.885306082,4.80129486165544
442423.891259053,4.80142791102669
442483.897212025,4.80156093694578
442543.903164996,4.80169395257926
442603.909117968,4.80182695247372
442663.91507094,4.80195993155905
442723.921023911,4.80209288887377
442783.926976883,4.80222582364529
442843.932929854,4.80235874306389
442903.938882826,4.80249164469875
442963.944835797,4.80262453128794
443023.950788769,4.80275739425778
443083.95674174,4.80289024556758
443143.962694712,4.80302307115257
443203.968647683,4.80315587833314
443263.974600655,4.80328867188936
443323.980553626,4.80342144348739
443383.986506598,4.80355420375523
443443.992459569,4.80368694175905
443503.998412541,4.80381966578245
443564.004365512,4.80395237278147
443624.010318484,4.80408505708469
443684.016271456,4.80421771689532
443744.022224427,4.80435036587286
443804.028177398,4.80448299319578
443864.03413037,4.80461560000857
443924.040083342,4.80474818538525
443984.046036313,4.80488076354139
444044.051989285,4.80501331440324
444104.057942256,4.80514585918922
444164.063895228,4.80527837938154
444224.069848199,4.8054108840576
444284.075801171,4.80554336396705
444344.081754142,4.80567583010379
444404.087707114,4.80580827902997
444464.093660085,4.80594070241076
444524.099613057,4.80607310676053
444584.105566028,4.80620549756472
444644.111519,4.80633787502491
444704.117471971,4.80647023174655
444764.123424943,4.80660257131277
444824.129377914,4.80673489186919
444884.135330886,4.80686719418329
444944.141283858,4.80699948473597
445004.147236829,4.80713174508161
445064.153189801,4.8072639959475
445124.159142772,4.80739622537406
445184.165095744,4.80752842736351
445244.171048715,4.80766061814238
445304.177001687,4.80779278887707
445364.182954658,4.80792494521327
445424.18890763,4.80805707808284
445484.194860601,4.80818919790561
445544.200813573,4.80832130082823
445604.206766544,4.80845337992579
445664.212719516,4.80858544124276
445724.218672487,4.80871748361474
445784.224625459,4.80884951326083
445844.23057843,4.80898152966135
445904.236531402,4.80911352530607
445964.242484373,4.80924550390252
446024.248437345,4.80937746146649
446084.254390316,4.80950940315546
446144.260343288,4.80964132037187
446204.26629626,4.80977321854098
446264.272249231,4.8099051019119
446324.278202203,4.81003696523228
446384.284155174,4.81016881510296
446444.290108146,4.81030065143968
446504.296061117,4.81043246448695
446564.302014089,4.81056425965465
446624.30796706,4.81069603808381
446684.313920032,4.81082779877725
446744.319873003,4.81095953828669
446804.325825975,4.81109126174396
446864.331778946,4.81122296431175
446924.337731918,4.81135464985118
446984.343684889,4.81148631435416
447044.349637861,4.81161796230253
447104.355590832,4.81174959931184
447164.361543804,4.81188121337646
447224.367496775,4.81201280863859
447284.373449747,4.81214438964133
447344.379402719,4.81227595213886
447404.38535569,4.81240749830635
447464.391308662,4.81253902607769
447524.397261633,4.81267053206404
447584.403214605,4.81280201247538
447644.409167576,4.8129334870572
447704.415120548,4.81306493518589
447764.421073519,4.81319636995778
447824.427026491,4.81332778934775
447884.432979462,4.81345918619826
447944.438932434,4.81359056524581
448004.444885405,4.81372192827081
448064.450838377,4.81385327835586
448124.456791348,4.81398460660468
448184.46274432,4.81411590938726
448244.468697291,4.81424719412491
448304.474650263,4.81437847200319
448364.480603234,4.81450972463339
448424.486556206,4.81464096653649
448484.492509177,4.81477218607253
448544.498462149,4.81490339099756
448604.504415121,4.81503458013294
448664.510368092,4.81516575112162
448724.516321064,4.81529689366933
448784.522274035,4.81542802841736
448844.528227007,4.81555913820678
448904.534179978,4.81569023715652
448964.54013295,4.81582130916713
449024.546085921,4.81595236763815
449084.552038893,4.8160834118454
449144.557991864,4.8162144370551
449204.563944836,4.81634544624352
449264.569897807,4.81647643730454
449324.575850779,4.81660741364086
449384.58180375,4.81673836732163
449444.587756722,4.8168693057421
449504.593709693,4.81700021581268
449564.599662665,4.81713111167472
449624.605615636,4.81726198610374
449684.611568608,4.8173928477784
449744.61752158,4.81752369109612
449804.623474551,4.81765451899342
449864.629427523,4.81778532933365
449924.635380494,4.81791612129144
449984.641333466,4.81804690285644
450044.647286437,4.81817766578544
450104.653239409,4.81830840259249
450164.65919238,4.81843912089541
450224.665145352,4.81856981982651
450284.671098323,4.8187005065675
450344.677051295,4.81883117631665
450404.683004266,4.81896183569258
450464.688957238,4.81909246380104
450524.694910209,4.81922308135039
450584.700863181,4.81935367634663
450644.706816152,4.81948424961981
450704.712769124,4.81961480541057
450764.718722095,4.81974535075365
450824.724675067,4.81987588115152
450884.730628038,4.82000638839361
450944.73658101,4.82013688320883
451004.742533982,4.82026735845773
451064.748486953,4.82039782039761
451124.754439925,4.82052825918624
451184.760392896,4.82065867903368
451244.766345868,4.82078908537621
451304.772298839,4.82091946484243
451364.778251811,4.82104983340426
451424.784204782,4.82118018365313
451484.790157754,4.82131051447814
451544.796110725,4.82144083727045
451604.802063697,4.82157113533714
451664.808016668,4.82170140852741
451724.81396964,4.8218316727554
451784.819922611,4.82196191907254
451844.825875583,4.82209214797605
451904.831828554,4.82222236043983
451964.837781526,4.82235254781854
452024.843734497,4.82248272150589
452084.849687469,4.82261287838887
452144.85564044,4.82274302320771
452204.861593412,4.82287314478811
452264.867546384,4.82300325051816
452324.873499355,4.82313333848587
452384.879452327,4.82326341374505
452444.885405298,4.8233934576731
452504.89135827,4.82352349098932
452564.897311241,4.82365350440582
452624.903264213,4.82378350015918
452684.909217184,4.82391348482063
452744.915170156,4.82404344743102
452804.921123127,4.82417339114722
452864.927076099,4.82430332189366
452924.93302907,4.82443323480886
452984.938982042,4.82456313193243
453044.944935013,4.8246930077361
453104.950887985,4.82482287463387
453164.956840956,4.82495271382408
453224.962793928,4.82508253177816
453284.9687469,4.82521233331086
453344.974699871,4.82534212569168
453404.980652842,4.82547189815706
453464.986605814,4.82560165134911
453524.992558786,4.82573138221728
453584.998511757,4.82586110677352
453645.004464729,4.82599080166131
453705.0104177,4.82612048372042
453765.016370672,4.82625015715828
453825.022323643,4.82637980990866
453885.028276615,4.82650943800298
453945.034229586,4.82663905408592
454005.040182558,4.82676864121578
454065.046135529,4.82689822473097
454125.052088501,4.8270277760416
454185.058041472,4.82715732669203
454245.063994444,4.82728685726234
454305.069947415,4.82741636816468
454365.075900387,4.82754586182015
454425.081853358,4.82767534457796
454485.08780633,4.82780480129605
454545.093759302,4.82793424091779
454605.099712273,4.82806366390123
454665.105665245,4.82819306887382
454725.111618216,4.82832245378887
454785.117571188,4.82845182604008
454845.123524159,4.82858118808086
454905.129477131,4.82871051814689
454965.135430102,4.82883983241462
455025.141383074,4.82896913338091
455085.147336045,4.82909841141601
455145.153289017,4.82922767578435
455205.159241988,4.82935692754293
455265.16519496,4.82948615563115
455325.171147931,4.82961537382803
455385.177100903,4.8297445769246
455445.183053874,4.8298737543754
455505.189006846,4.83000291670523
455565.194959817,4.83013206435418
455625.200912789,4.830261197278
455685.20686576,4.83039030573246
455745.212818732,4.83051939730154
455805.218771704,4.83064847216204
455865.224724675,4.83077752985631
455925.230677647,4.8309065747318
455985.236630618,4.83103559254448
456045.24258359,4.83116458985538
456105.248536561,4.83129358028505
456165.254489533,4.83142254631073
456225.260442504,4.83155150174765
456285.266395476,4.8316804364873
456345.272348447,4.83180936005568
456405.278301419,4.83193826222771
456465.28425439,4.83206714865328
456525.290207362,4.83219601900505
456585.296160333,4.83232488129003
456645.302113305,4.83245372064586
456705.308066276,4.83258254348508
456765.314019248,4.8327113428305
456825.319972219,4.83284012446792
456885.325925191,4.83296888851693
456945.331878163,4.83309763144792
457005.337831134,4.83322636069964
457065.343784106,4.83335507443914
457125.349737077,4.8334837711063
457185.355690049,4.83361244987681
457245.36164302,4.83374111324084
457305.367595992,4.83386976192542
457365.373548963,4.83399839265995
457425.379501935,4.8341270060291
457485.385454906,4.83425559021358
457545.391407878,4.83438416722617
457605.397360849,4.83451272112673
457665.403313821,4.83464126719415
457725.409266792,4.83476979140846
457785.415219764,4.83489829883443
457845.421172735,4.83502679033544
457905.427125707,4.83515526883913
457965.433078678,4.83528372578803
458025.43903165,4.83541216948332
458085.444984621,4.83554059051163
458145.450937593,4.83566899429713
458205.456890565,4.83579737917757
458265.462843536,4.83592574287491
458325.468796508,4.83605409601755
458385.474749479,4.8361824296851
458445.480702451,4.83631075282799
458505.486655422,4.83643905683436
458565.492608394,4.83656734234887
458625.498561365,4.83669561661096
458685.504514337,4.83682387068222
458745.510467308,4.8369521064348
458805.51642028,4.83708032167946
458865.522373251,4.83720851308513
458925.528326223,4.83733669886323
458985.534279194,4.83746486866114
459045.540232166,4.83759301652144
459105.546185137,4.83772115115874
459165.552138109,4.83784926285368
459225.55809108,4.83797736349384
459285.564044052,4.83810543730775
459345.569997024,4.83823350327979
459405.575949995,4.83836155114207
459465.581902967,4.83848957772669
459525.587855938,4.83861759491491
459585.59380891,4.83874558910458
459645.599761881,4.83887356533539
459705.605714853,4.83900153350731
459765.611667824,4.83912947772683
459825.617620796,4.83925740507632
459885.623573767,4.83938531571451
459945.629526739,4.83951320947654
460005.63547971,4.83964107912493
460065.641432682,4.83976894183917
460125.647385653,4.83989678686925
460185.653338625,4.84002460984601
460245.659291596,4.84015241478222
460305.665244568,4.84028021369583
460365.671197539,4.8404079946772
460425.677150511,4.84053575070731
460485.683103482,4.84066349200924
460545.689056454,4.84079121353087
460605.695009426,4.84091892482902
460665.700962397,4.84104661112597
460725.706915369,4.84117427879247
460785.71286834,4.84130192779292
460845.718821312,4.84142957063483
460905.724774283,4.84155719638179
460965.730727255,4.84168480025718
461025.736680226,4.84181238742902
461085.742633198,4.84193996070355
461145.748586169,4.84206751905542
461205.754539141,4.84219505875682
461265.760492112,4.84232258118827
461325.766445084,4.84245008935845
461385.772398055,4.84257758088022
461445.778351027,4.84270505648374
461505.784303998,4.84283250830436
461565.79025697,4.84295994724524
461625.796209941,4.84308737107815
461685.802162913,4.84321476974224
461745.808115885,4.84334215684908
461805.814068856,4.84346952661624
461865.820021828,4.84359687612488
461925.825974799,4.84372420947383
461985.831927771,4.84385152768421
462045.837880742,4.84397882929087
462105.843833714,4.84410611151046
462165.849786685,4.8442333827627
462225.855739657,4.84436063335503
462285.861692628,4.84448786792618
462345.8676456,4.84461508107992
462405.873598571,4.8447422917335
462465.879551543,4.84486947820759
462525.885504514,4.84499663965799
462585.891457486,4.84512379058515
462645.897410457,4.84525092594264
462705.903363429,4.84537804222167
462765.9093164,4.84550514901047
462825.915269372,4.84563223878913
462885.921222343,4.84575930693849
462945.927175315,4.84588634911422
463005.933128287,4.84601338910602
463065.939081258,4.84614039873742
463125.94503423,4.84626740650172
463185.950987201,4.84639438734658
463245.956940173,4.84652135625014
463305.962893144,4.84664831066571
463365.968846116,4.84677524271774
463425.974799087,4.84690215226361
463485.980752059,4.84702904899586
463545.98670503,4.84715593322195
463605.992658002,4.84728279931124
463665.998610973,4.84740965449387
463726.004563945,4.84753648886976
463786.010516916,4.84766331033151
463846.016469888,4.84779010720569
463906.022422859,4.84791688465882
463966.028375831,4.84804364591791
464026.034328802,4.84817039197694
464086.040281774,4.84829712227645
464146.046234745,4.84842383610678
464206.052187717,4.84855054134642
464266.058140689,4.8486772209467
464326.06409366,4.84880388852171
464386.070046632,4.8489305484563
464446.075999603,4.84905718541249
464506.081952575,4.84918380318777
464566.087905546,4.84931039642458
464626.093858518,4.84943698235094
464686.099811489,4.84956354569562
464746.105764461,4.84969009889971
464806.111717432,4.84981662731261
464866.117670404,4.84994314619007
464926.123623375,4.85006964645522
464986.129576347,4.85019613169728
465046.135529318,4.8503225992115
465106.14148229,4.85044904750539
465166.147435261,4.85057547883384
465226.153388233,4.85070189283324
465286.159341205,4.8508282938648
465346.165294176,4.8509546786081
465406.171247147,4.85108105592703
465466.177200119,4.85120740265416
465526.183153091,4.8513337406874
465586.189106062,4.85146005326924
465646.195059034,4.85158635707321
465706.201012005,4.85171263770858
465766.206964977,4.85183890475604
465826.212917948,4.85196515015196
465886.21887092,4.85209138362907
465946.224823891,4.85221760656771
466006.230776863,4.85234381303799
466066.236729834,4.85246999470704
466126.242682806,4.85259616153591
466186.248635777,4.85272231739795
466246.254588749,4.85284845340985
466306.26054172,4.85297458438352
466366.266494692,4.85310068376159
466426.272447663,4.85322676356865
466486.278400635,4.85335283374789
466546.284353607,4.85347887823523
466606.290306578,4.8536049098901
466666.29625955,4.85373093088207
466726.302212521,4.85385693327318
466786.308165493,4.85398291424326
466846.314118464,4.85410889064364
466906.320071436,4.85423484703285
466966.326024407,4.8543607902711
467026.331977379,4.85448670553262
467086.33793035,4.85461262008184
467146.343883322,4.85473850395307
467206.349836293,4.85486437864518
467266.355789265,4.85499023469865
467326.361742236,4.85511607777918
467386.367695208,4.85524190110532
467446.373648179,4.85536770515026
467506.379601151,4.85549349906237
467566.385554122,4.85561926879148
467626.391507094,4.85574502047061
467686.397460065,4.85587076320795
467746.403413037,4.85599648862972
467806.409366009,4.85612219375033
467866.41531898,4.85624788376351
467926.421271952,4.85637355752702
467986.427224923,4.85649921924925
468046.433177895,4.8566248683869
468106.439130866,4.85675049216827
468166.445083838,4.85687609695599
468226.451036809,4.85700169074719
468286.456989781,4.85712726794991
468346.462942752,4.85725282786117
468406.468895724,4.85737837293738
468466.474848695,4.85750389959901
468526.480801667,4.85762941988381
468586.486754638,4.85775490458325
468646.49270761,4.85788038272944
468706.498660581,4.85800584975959
468766.504613553,4.8581312923551
468826.510566524,4.85825671813706
468886.516519496,4.85838213360225
468946.522472468,4.85850753487286
469006.528425439,4.85863291311735
469066.534378411,4.85875827625024
469126.540331382,4.85888361817345
469186.546284354,4.85900894950566
469246.552237325,4.85913427317014
469306.558190297,4.85925957447322
469366.564143268,4.85938486354001
469426.57009624,4.85951012909967
469486.576049211,4.8596353722743
469546.582002183,4.85976060292009
469606.587955154,4.85988581589879
469666.593908126,4.86001101651646
469726.599861097,4.86013620054516
469786.605814069,4.86026136945341
469846.61176704,4.86038651840328
469906.617720012,4.86051165812346
469966.623672983,4.86063677811712
470026.629625955,4.86076188411337
470086.635578926,4.86088696992805
470146.641531898,4.86101204579842
470206.64748487,4.8611370991794
470266.653437841,4.86126213196737
470326.659390813,4.86138715827155
470386.665343784,4.86151216643567
470446.671296756,4.86163715850404
470506.677249727,4.86176213134301
470566.683202699,4.86188709144661
470626.68915567,4.8620120265249
470686.695108642,4.86213695093197
470746.701061613,4.8622618636041
470806.707014585,4.86238675776539
470866.712967556,4.8625116347609
470926.718920528,4.86263649104188
470986.724873499,4.86276132862113
471046.730826471,4.8628861619758
471106.736779442,4.86301097209764
471166.742732414,4.86313577346636
471226.748685385,4.86326055654337
471286.754638357,4.86338532432591
471346.760591328,4.86351007359487
471406.7665443,4.86363480163753
471466.772497272,4.86375951256816
471526.778450243,4.86388420728464
471586.784403215,4.86400889060958
471646.790356186,4.86413356161004
471706.796309158,4.86425820969585
471766.802262129,4.86438284238476
471826.808215101,4.86450746200278
471886.814168072,4.86463206419024
471946.820121044,4.86475664509264
472006.826074015,4.86488121167674
472066.832026987,4.86500576630112
472126.837979958,4.86513030617517
472186.84393293,4.86525482404241
472246.849885901,4.86537933431503
472306.855838873,4.86550382633369
472366.861791844,4.8656283031328
472426.867744816,4.86575275896809
472486.873697787,4.86587720651148
472546.879650759,4.86600163017162
472606.885603731,4.86612602891697
472666.891556702,4.86625042492296
472726.897509674,4.86637480195383
472786.903462645,4.86649916485496
472846.909415617,4.8666235016894
472906.915368588,4.86674783684535
472966.92132156,4.86687214704955
473026.927274531,4.86699644651283
473086.933227503,4.86712072561577
473146.939180474,4.86724498834626
473206.945133446,4.86736923679899
473266.951086417,4.86749347179269
473326.957039389,4.86761768253821
473386.96299236,4.86774188625381
473446.968945332,4.86786606197994
473506.974898303,4.86799023729498
473566.980851275,4.86811438532928
473626.986804246,4.86823852452297
473686.992757218,4.86836265143507
473746.998710189,4.86848675550394
473807.004663161,4.86861084143554
473867.010616133,4.86873490910127
473927.016569104,4.868858961484
473987.022522076,4.8689830069227
474047.028475047,4.8691070279837
474107.034428019,4.86923103843549
474167.04038099,4.86935502734747
474227.046333962,4.86947900493111
474287.052286933,4.86960296357903
474347.058239905,4.8697269091555
474407.064192876,4.86985083884596
474467.070145848,4.8699747496745
474527.076098819,4.87009864648224
474587.082051791,4.87022251732452
474647.088004762,4.87034638314287
474707.093957734,4.87047023576302
474767.099910705,4.87059407338117
474827.105863677,4.87071789700745
474887.111816649,4.87084170013882
474947.11776962,4.87096548245045
475007.123722591,4.87108926126443
475067.129675563,4.87121300344772
475127.135628535,4.87133674210148
475187.141581506,4.87146047277328
475247.147534478,4.87158417506316
475307.153487449,4.87170786367647
475367.159440421,4.87183153332859
475427.165393392,4.87195518777977
475487.171346364,4.87207883079185
475547.177299335,4.87220246551579
475607.183252307,4.87232607340749
475667.189205278,4.87244967123058
475727.19515825,4.8725732390904
475787.201111221,4.87269680114143
475847.207064193,4.87282034781949
475907.213017164,4.87294387915603
475967.218970136,4.87306739780635
476027.224923107,4.8731908962991
476087.230876079,4.8733143848783
476147.236829051,4.87343785056254
476207.242782022,4.87356130507285
476267.248734994,4.87368473969801
476327.254687965,4.87380816028915
476387.260640937,4.87393156301184
476447.266593908,4.87405495038458
476507.27254688,4.87417832279641
476567.278499851,4.87430168393585
476627.284452823,4.87442503182324
476687.290405794,4.87454835361502
476747.296358766,4.8746716639518
476807.302311737,4.87479495831014
476867.308264709,4.87491824004287
476927.31421768,4.87504149797176
476987.320170652,4.87516474188876
477047.326123623,4.87528798037933
477107.332076595,4.875411192151
477167.338029566,4.87553439460587
477227.343982538,4.87565757426377
477287.34993551,4.87578074160068
477347.355888481,4.87590389401521
477407.361841453,4.876027029545
477467.367794424,4.87615015208783
477527.373747396,4.8762732556195
477587.379700367,4.87639634423924
477647.385653339,4.87651941362249
477707.39160631,4.87664247180062
477767.397559282,4.87676551835412
477827.403512253,4.87688853938755
477887.409465225,4.8770115442916
477947.415418196,4.87713454549407
478007.421371168,4.87725752436877
478067.427324139,4.87738048849514
478127.433277111,4.87750344108988
478187.439230082,4.877626370716
478247.445183054,4.87774928709091
478307.451136025,4.87787218750101
478367.457088997,4.87799507125272
478427.463041968,4.87811793375264
478487.46899494,4.87824078278017
478547.474947912,4.87836362587428
478607.480900883,4.87848645220291
478667.486853855,4.8786092657092
478727.492806826,4.87873205952366
478787.498759798,4.87885482904291
478847.504712769,4.87897759286506
478907.510665741,4.8791003405181
478967.516618712,4.87922306984469
479027.522571684,4.87934578625718
479087.528524655,4.87946848473552
479147.534477627,4.87959117089617
479207.540430598,4.87971384074459
479267.54638357,4.87983648542053
479327.552336541,4.87995911585113
479387.558289513,4.88008172786616
479447.564242484,4.88020433587076
479507.570195456,4.88032692548272
479567.576148427,4.88044949506374
479627.582101399,4.8805720503055
479687.58805437,4.88069459364804
479747.594007342,4.88081711438475
479807.599960314,4.88093962036436
479867.605913285,4.88106211648033
479927.611866257,4.88118459862129
479987.617819228,4.8813070671476
480047.6237722,4.88142951459779
480107.629725171,4.88155194806013
480167.635678143,4.88167436173388
480227.641631114,4.88179675793863
480287.647584086,4.88191914113413
480347.653537057,4.8820415114269
480407.659490029,4.88216386080232
480467.665443,4.88228620275875
480527.671395972,4.8824085253244
480587.677348943,4.8825308335676
480647.683301915,4.88265312305618
480707.689254886,4.88277539866841
480767.695207858,4.88289764890506
480827.701160829,4.88301989572627
480887.707113801,4.88314212603909
480947.713066772,4.88326434037268
481007.719019744,4.88338654073311
481067.724972716,4.88350871803362
481127.730925687,4.88363089164722
481187.736878659,4.88375304996778
481247.74283163,4.88387519529039
481307.748784602,4.8839973228548
481367.754737573,4.8841194266203
481427.760690545,4.88424151262696
481487.766643516,4.88436358987293
481547.772596488,4.88448564532659
481607.778549459,4.88460768550544
481667.784502431,4.88472971333174
481727.790455402,4.88485173168158
481787.796408374,4.88497372638672
481847.802361345,4.88509570547313
481907.808314317,4.88521766981282
481967.814267288,4.88533961697338
482027.82022026,4.88546155035191
482087.826173231,4.88558346320146
482147.832126203,4.88570537607458
482207.838079174,4.88582726531807
482267.844032146,4.88594914849816
482327.849985118,4.88607100623668
482387.855938089,4.88619284915432
482447.861891061,4.88631468046251
482507.867844032,4.88643649071517
482567.873797004,4.88655828875112
482627.879749975,4.8866800738664
482687.885702947,4.88680184034512
482747.891655918,4.88692358942475
482807.89760889,4.8870453255594
482867.903561861,4.8871670470179
482927.909514833,4.88728874603534
482987.915467804,4.88741044085927
483047.921420776,4.8875321183729
483107.927373747,4.88765377091979
483167.933326719,4.88777541074882
483227.93927969,4.88789703791123
483287.945232662,4.88801864893474
483347.951185634,4.88814024695411
483407.957138605,4.88826183319393
483467.963091576,4.8883833995644
483527.969044548,4.88850494679589
483587.97499752,4.88862648257806
483647.980950491,4.88874800587495
483707.986903463,4.88886950787599
483767.992856434,4.88899100381753
483827.998809406,4.88911248045455
483888.004762377,4.88923392867691
483948.010715349,4.88935537733859
484008.01666832,4.88947680544662
484068.022621292,4.88959822444086
484128.028574263,4.8897196256965
484188.034527235,4.88984100798907
484248.040480206,4.88996237592779
484308.046433178,4.89008372917664
484368.052386149,4.89020506428468
484428.058339121,4.89032638442288
484488.064292092,4.89044768957807
484548.070245064,4.89056897961184
484608.076198036,4.89069025262633
484668.082151007,4.8908115175109
484728.088103979,4.89093276112856
484788.09405695,4.89105398311311
484848.100009922,4.89117519688232
484908.105962893,4.89129639768317
484968.111915865,4.89141758686133
485028.117868836,4.89153875530021
485088.123821808,4.89165990631554
485148.129774779,4.89178104239566
485208.135727751,4.89190216441442
485268.141680722,4.89202326771607
485328.147633694,4.8921443543885
485388.153586665,4.89226543620231
485448.159539637,4.89238649940275
485508.165492608,4.89250754466471
485568.17144558,4.89262857286869
485628.177398551,4.89274958470727
485688.183351523,4.89287058542744
485748.189304494,4.89299157830434
485808.195257466,4.89311254837005
485868.201210438,4.89323351530829
485928.207163409,4.89335444983388
485988.213116381,4.89347537847607
486048.219069352,4.89359628674086
486108.225022324,4.89371718163619
486168.230975295,4.89383806455983
486228.236928267,4.89395892756348
486288.242881238,4.89407978428883
486348.24883421,4.89420061969455
486408.254787181,4.89432143787056
486468.260740153,4.8944422329114
486528.266693124,4.89456302354144
486588.272646096,4.89468379273065
486648.278599067,4.89480455159695
486708.284552039,4.89492529442647
486768.29050501,4.89504602531286
486828.296457982,4.89516674194156
486888.302410954,4.89528745101408
486948.308363925,4.89540813447867
487008.314316896,4.89552879653881
487068.320269868,4.8956494494283
487128.32622284,4.89577007738095
487188.332175811,4.89589070588052
487248.338128783,4.89601131601789
487308.344081754,4.89613190711293
487368.350034726,4.89625248508818
487428.355987697,4.89637304025601
487488.361940669,4.8964935847375
487548.36789364,4.89661411963611
487608.373846612,4.89673463660949
487668.379799583,4.89685513759712
487728.385752555,4.89697562455012
487788.391705526,4.89709609639268
487848.397658498,4.89721655235399
487908.403611469,4.89733699527906
487968.409564441,4.89745741637939
488028.415517412,4.89757782695231
488088.421470384,4.89769822383645
488148.427423356,4.89781860778067
488208.433376327,4.89793896887272
488268.439329299,4.89805932079381
488328.44528227,4.89817965062944
488388.451235242,4.89829997313524
488448.457188213,4.89842028582857
488508.463141185,4.89854058117016
488568.469094156,4.8986608511149
488628.475047128,4.89878111288954
488688.481000099,4.89890135584459
488748.486953071,4.89902158274895
488808.492906042,4.89914179653066
488868.498859014,4.89926199840192
488928.504811985,4.89938217716159
488988.510764957,4.89950235763649
489048.516717928,4.89962251073292
489108.5226709,4.89974266037549
489168.528623871,4.89986278275346
489228.534576843,4.89998289035472
489288.540529814,4.90010298623251
489348.546482786,4.90022306425715
489408.552435758,4.90034312693027
489468.558388729,4.90046317673059
489528.564341701,4.90058321221059
489588.570294672,4.9007032410079
489648.576247644,4.9008232480457
489708.582200615,4.90094323804513
489768.588153587,4.9010632107207
489828.594106558,4.9011831723722
489888.60005953,4.90130312205174
489948.606012501,4.90142306083455
490008.611965473,4.90154297702192
490068.617918444,4.90166287669061
490128.623871416,4.9017827637229
490188.629824387,4.90190262657663
490248.635777359,4.90202248002719
490308.64173033,4.90214232571843
490368.647683302,4.90226214770904
490428.653636273,4.90238196146626
490488.659589245,4.90250175412897
490548.665542216,4.90262154073167
490608.671495188,4.90274130960224
490668.67744816,4.90286106043586
490728.683401131,4.90298079988282
490788.689354103,4.90310052785441
490848.695307074,4.90322023177744
490908.701260046,4.90333992254329
490968.707213017,4.90345959741149
491028.713165989,4.90357925682934
491088.71911896,4.90369891047125
491148.725071932,4.90381854437981
491208.731024903,4.90393816015743
491268.736977875,4.90405776567598
491328.742930846,4.90417735453267
491388.748883818,4.9042969292847
491448.754836789,4.90441648320745
491508.760789761,4.90453602464585
491568.766742732,4.90465556112049
491628.772695704,4.90477507634062
491688.778648675,4.90489456903052
491748.784601647,4.90501405268193
491808.790554618,4.90513351832883
491868.79650759,4.90525297205532
491928.802460562,4.90537240860788
491988.808413533,4.90549183523479
492048.814366505,4.90561124597727
492108.820319476,4.90573064447657
492168.826272448,4.90585002814623
492228.832225419,4.90596940073478
492288.838178391,4.90608875363899
492348.844131362,4.90620809218686
492408.850084334,4.90632741594207
492468.856037305,4.90644672437456
492528.861990277,4.90656602417269
492588.867943248,4.90668529920637
492648.87389622,4.90680456047641
492708.879849191,4.90692381629993
492768.885802163,4.9070430421648
492828.891755135,4.90716226059397
492888.897708106,4.90728146530743
492948.903661077,4.90740064818545
493008.909614049,4.90751981863457
493068.91556702,4.90763897428168
493128.921519992,4.9077581178856
493188.927472964,4.90787724730653
493248.933425935,4.90799636591807
493308.939378907,4.90811546844745
493368.945331878,4.90823455787047
493428.95128485,4.90835364153897
493488.957237821,4.90847269376151
493548.963190793,4.90859173111387
493608.969143764,4.90871075881839
493668.975096736,4.90882976464405
493728.981049707,4.90894875907747
493788.987002679,4.90906773661364
493848.99295565,4.90918670799019
493908.998908622,4.90930565867583
493969.004861593,4.90942460221655
494029.010814565,4.909543518912
494089.016767537,4.90966243524748
494149.022720508,4.90978132404425
494209.02867348,4.90990020935393
494269.034626451,4.91001907898934
494329.040579422,4.9101379296506
494389.046532394,4.91025677007587
494449.052485366,4.9103755919045
494509.058438337,4.9104943963944
494569.064391309,4.91061318802556
494629.07034428,4.91073196247026
494689.076297252,4.91085072586715
494749.082250223,4.9109694795774
494809.088203195,4.91108820906322
494869.094156166,4.91120693444882
494929.100109138,4.91132564120723
494989.106062109,4.91144432594391
495049.112015081,4.91156299924809
495109.117968052,4.91168165875135
495169.123921024,4.91180030733873
495229.129873995,4.91191893014033
495289.135826967,4.91203754356666
495349.141779939,4.91215614194529
495409.14773291,4.91227472832516
495469.153685882,4.91239330581804
495529.159638853,4.91251185867165
495589.165591825,4.91263039796108
495649.171544796,4.91274892528763
495709.177497768,4.91286744559671
495769.183450739,4.91298594617667
495829.189403711,4.91310443878688
495889.195356682,4.91322290636179
495949.201309654,4.91334136487003
496009.207262625,4.91345980340658
496069.213215597,4.91357822790031
496129.219168568,4.91369663935955
496189.22512154,4.91381503095946
496249.231074511,4.91393341207328
496309.237027483,4.9140517844224
496369.242980454,4.91417014425052
496429.248933426,4.91428847487966
496489.254886398,4.91440679712966
496549.260839369,4.91452510827406
496609.266792341,4.91464341072461
496669.272745312,4.91476169517015
496729.278698284,4.91487996579113
496789.284651255,4.91499821619181
496849.290604227,4.91511645655697
496909.296557198,4.91523468313886
496969.30251017,4.91535289173841
497029.308463141,4.91547107819164
497089.314416113,4.91558926136221
497149.320369084,4.91570742304506
497209.326322056,4.91582557128871
497269.332275027,4.91594370662055
497329.338227999,4.91606183284691
497389.34418097,4.91617994239204
497449.350133942,4.91629803796068
497509.356086913,4.91641611438392
497569.362039885,4.91653417683121
497629.367992856,4.91665222526394
497689.373945828,4.91677025268439
497749.3798988,4.91688827568488
497809.385851771,4.91700628528707
497869.391804743,4.91712427378782
497929.397757714,4.91724224609519
497989.403710686,4.91736021236077
498049.409663657,4.91747816279098
498109.415616629,4.91759609432745
498169.4215696,4.91771401253149
498229.427522572,4.91783191807563
498289.433475543,4.9179498025327
498349.439428515,4.91806767192519
498409.445381486,4.9181855290121
498469.451334458,4.9183033773323
498529.457287429,4.91842120971824
498589.463240401,4.91853903203734
498649.469193372,4.91865683155151
498709.475146344,4.91877462251509
498769.481099315,4.91889240493409
498829.487052287,4.91901016642821
498889.493005258,4.91912790985254
498949.49895823,4.91924564197148
499009.504911202,4.91936336126884
499069.510864173,4.91948106980649
499129.516817145,4.91959875330058
499189.522770116,4.91971642268649
499249.528723088,4.91983407671349
499309.534676059,4.91995172685162
499369.540629031,4.92006936214841
499429.546582002,4.92018698054775
499489.552534974,4.92030458675095
499549.558487945,4.92042217632565
499609.564440917,4.92053974479786
499669.570393888,4.9206573019432
499729.57634686,4.92077484322598
499789.582299831,4.92089237639709
499849.588252803,4.92100988890069
499909.594205774,4.92112738788517
499969.600158746,4.92124488128881
500029.606111717,4.92136234768457
500089.612064689,4.92147980482182
500149.618017661,4.92159725112876
500209.623970632,4.92171468132161
500269.629923604,4.92183209852299
500329.635876575,4.92194950663795
500389.641829547,4.92206689715758
500449.647782518,4.92218426856163
500509.65373549,4.92230161890237
500569.659688461,4.92241896193153
500629.665641433,4.92253628823675
500689.671594404,4.92265360446873
500749.677547376,4.92277090574822
500809.683500347,4.92288818707358
500869.689453319,4.92300546011505
500929.69540629,4.92312271640856
500989.701359262,4.92323996251394
501049.707312233,4.92335719091944
501109.713265205,4.92347440405866
501169.719218176,4.92359160337621
501229.725171148,4.92370878668839
501289.731124119,4.92382595660309
501349.737077091,4.92394312165235
501409.743030063,4.92406027383737
501469.748983034,4.92417740733656
501529.754936006,4.92429452053227
501589.760888977,4.92441162182074
501649.766841949,4.92452870478256
501709.77279492,4.92464578591154
501769.778747892,4.92476284545595
501829.784700863,4.92487988559238
501889.790653835,4.92499691488196
501949.796606806,4.92511392396937
502009.802559778,4.92523092619965
502069.808512749,4.92534790627383
502129.814465721,4.92546488237508
502189.820418692,4.92558183950802
502249.826371664,4.92569878564928
502309.832324635,4.92581571879074
502369.838277607,4.92593264196499
502429.844230578,4.92604954028929
502489.85018355,4.92616643223323
502549.856136521,4.92628330652794
502609.862089493,4.92640016755278
502669.868042465,4.92651701483932
502729.873995436,4.92663384404209
502789.879948408,4.92675065518659
502849.885901379,4.92686746032725
502909.891854351,4.92698424556907
502969.897807322,4.92710101270692
503029.903760294,4.92721777345579
503089.909713265,4.92733452652768
503149.915666237,4.92745126568098
503209.921619208,4.92756798403585
503269.92757218,4.92768468701811
503329.933525151,4.92780137932728
503389.939478123,4.92791804653379
503449.945431094,4.92803471130208
503509.951384066,4.92815136152332
503569.957337037,4.92826799658351
503629.963290009,4.92838461579324
503689.96924298,4.92850122089523
503749.975195952,4.92861780602665
503809.981148923,4.92873438595144
503869.987101895,4.92885094503248
503929.993054867,4.92896750307444
503989.999007838,4.9290840382186
504050.00496081,4.92920056145782
504110.010913781,4.92931706255041
504170.016866753,4.92943355254275
504230.022819724,4.92955003355364
504290.028772696,4.92966649278826
504350.034725667,4.92978294150285
504410.040678639,4.92989938667059
504470.04663161,4.93001580402262
504530.052584582,4.93013221101145
504590.058537553,4.93024859714297
504650.064490525,4.93036497700155
504710.070443496,4.93048133918707
504770.076396468,4.93059768798162
504830.082349439,4.93071403093848
504890.088302411,4.93083035997009
504950.094255383,4.93094667027093
505010.100208354,4.9310629605741
505070.106161325,4.93117923142221
505130.112114297,4.9312954994358
505190.118067269,4.93141174534707
505250.12402024,4.93152798828944
505310.129973212,4.93164421319994
505370.135926183,4.93176043021972
505430.141879155,4.93187663037644
505490.147832126,4.93199280553404
505550.153785098,4.93210897453908
505610.159738069,4.93222512440436
505670.165691041,4.93234126935421
505730.171644012,4.93245739738412
505790.177596984,4.93257350749357
505850.183549955,4.93268960541659
505910.189502927,4.9328056854598
505970.195455898,4.93292175730333
506030.20140887,4.93303781134077
506090.207361841,4.93315385727054
506150.213314813,4.93326989025034
506210.219267785,4.93338590236525
506270.225220756,4.93350190421526
506330.231173728,4.93361788933035
506390.237126699,4.93373385920572
506450.243079671,4.93384981631675
506510.249032642,4.93396575315562
506570.254985614,4.93408168499032
506630.260938585,4.934197604992
506690.266891557,4.93431351083875
506750.272844528,4.93442940379975
506810.2787975,4.93454528575395
506870.284750471,4.93466114382927
506930.290703443,4.93477699563885
506990.296656414,4.93489282682271
507050.302609386,4.93500864056603
507110.308562357,4.93512445047005
507170.314515329,4.93524024156893
507230.3204683,4.93535601852049
507290.326421272,4.93547177352345
507350.332374243,4.9355875232249
507410.338327215,4.93570325721245
507470.344280187,4.93581898008755
507530.350233158,4.93593468213664
507590.35618613,4.93605037379756
507650.362139101,4.93616605777968
507710.368092073,4.936281720781
507770.374045044,4.93639737650058
507830.379998016,4.93651301649674
507890.385950987,4.9366286432992
507950.391903959,4.93674425531313
508010.39785693,4.93685985113134
508070.403809902,4.93697543406254
508130.409762873,4.93709100382695
508190.415715845,4.9372065608365
508250.421668816,4.93732209881908
508310.427621788,4.93743762653814
508370.433574759,4.93755314055853
508430.439527731,4.93766863546098
508490.445480702,4.93778411329698
508550.451433674,4.93789958796434
508610.457386645,4.93801504401372
508670.463339617,4.93813048378511
508730.469292589,4.9382459116002
508790.47524556,4.93836133147995
508850.481198532,4.93847673426359
508910.487151503,4.93859212514165
508970.493104475,4.93870750291002
509030.499057446,4.93882286480605
509090.505010418,4.93893821662846
509150.510963389,4.93905354462953
509210.516916361,4.93916886326691
509270.522869332,4.93928417020997
509330.528822304,4.93939945811421
509390.534775275,4.93951473761258
509450.540728247,4.9396300145989
509510.546681218,4.93974525863281
509570.55263419,4.93986048740265
509630.558587161,4.93997571200459
509690.564540133,4.94009092090003
509750.570493104,4.94020611762867
509810.576446076,4.94032129759256
509870.582399048,4.94043646038884
509930.588352019,4.94055161903023
509990.594304991,4.94066675795713
510050.600257962,4.94078188560511
510110.606210934,4.94089700046051
510170.612163905,4.94101210117452
510230.618116877,4.94112718705207
510290.624069848,4.94124225869694
510350.63002282,4.94135732059582
510410.635975791,4.94147236058015
510470.641928763,4.94158738525331
510530.647881734,4.94170239806138
510590.653834706,4.94181739769238
510650.659787677,4.94193238638407
510710.665740649,4.94204737010803
510770.67169362,4.94216232609396
510830.677646592,4.94227727159543
510890.683599563,4.9423922123528
510950.689552535,4.94250713535152
511010.695505506,4.94262203502658
511070.701458478,4.94273692973823
511130.70741145,4.94285180939962
511190.713364421,4.94296667625247
511250.719317393,4.9430815249694
511310.725270364,4.94319635879459
511370.731223336,4.94331117839287
511430.737176307,4.94342598813418
511490.743129279,4.94354078492964
511550.74908225,4.94365556752118
511610.755035222,4.94377034030362
511670.760988193,4.94388509594152
511730.766941165,4.94399984070773
511790.772894136,4.94411457033699
511850.778847108,4.94422928711276
511910.784800079,4.94434398974587
511970.790753051,4.94445867756254
512030.796706022,4.94457334941499
512090.802658994,4.94468800302135
512150.808611966,4.94480264776571
512210.814564937,4.94491727532281
512270.820517908,4.94503189693682
512330.82647088,4.94514650957909
512390.832423852,4.945261099499
512450.838376823,4.94537567106534
512510.844329795,4.94549023576809
512570.850282766,4.94560478354213
512630.856235738,4.94571931902991
512690.862188709,4.945833847686
512750.868141681,4.94594836337712
512810.874094652,4.94606285416752
512870.880047624,4.94617733862635
512930.886000595,4.94629181133361
512990.891953567,4.94640627094748
513050.897906538,4.94652071170671
513110.90385951,4.94663514145583
513170.909812481,4.94674955207803
513230.915765453,4.94686394877088
513290.921718424,4.9469783342947
513350.927671396,4.94709270607665
513410.933624368,4.947207057544
513470.939577339,4.94732141018952
513530.945530311,4.94743573874135
513590.951483282,4.94755006439429
513650.957436254,4.94766436913267
513710.963389225,4.94777866466523
513770.969342197,4.94789294144194
513830.975295168,4.94800720201611
513890.98124814,4.94812144661406
513950.987201111,4.94823568893367
514010.993154083,4.94834992565759
514070.999107054,4.94846413625315
514131.005060026,4.94857833890838
514191.011012997,4.94869252367413
514251.016965969,4.94880669018235
514311.02291894,4.94892084781456
514371.028871912,4.94903499029745
514431.034824883,4.94914912291702
514491.040777855,4.94926324243985
514551.046730826,4.94937734513616
514611.052683798,4.94949143368054
514671.05863677,4.94960550341691
514731.064589741,4.94971955599379
514791.070542713,4.94983360641749
514851.076495684,4.9499476370125
514911.082448656,4.95006166650323
514971.088401627,4.95017566719157
515031.094354599,4.95028966558618
515091.10030757,4.95040364626801
515151.106260542,4.9505176127324
515211.112213513,4.95063156632092
515271.118166485,4.95074550994307
515331.124119456,4.95085943635966
515391.130072428,4.95097335799652
515451.136025399,4.95108725455385
515511.141978371,4.95120113818957
515571.147931342,4.95131500459523
515631.153884314,4.95142886617796
515691.159837285,4.95154270765026
515751.165790257,4.95165653922143
515811.171743229,4.95177035678927
515871.1776962,4.95188416517705
515931.183649172,4.9519979608624
515991.189602143,4.95211173131441
516051.195555115,4.95222549782026
516111.201508086,4.95233925030115
516171.207461058,4.95245298288827
516231.213414029,4.95256670828333
516291.219367001,4.95268041582336
516351.225319972,4.95279411932916
516411.231272944,4.95290780783555
516471.237225915,4.95302147242735
516531.243178887,4.95313513174553
516591.249131858,4.95324877930231
516651.25508483,4.95336241276303
516711.261037801,4.95347602532635
516771.266990773,4.95358963161428
516831.272943744,4.95370323016459
516891.278896716,4.95381680976645
516951.284849687,4.95393037518105
517011.290802659,4.95404392375079
517071.296755631,4.95415745911463
517131.302708602,4.95427098263178
517191.308661574,4.95438449406379
517251.314614545,4.95449798260361
517311.320567517,4.95461146686491
517371.326520488,4.95472494239921
517431.33247346,4.95483839895935
517491.338426431,4.95495184328354
517551.344379403,4.95506527784567
517611.350332374,4.95517868926227
517671.356285346,4.95529208877612
517731.362238317,4.95540547310619
517791.368191289,4.95551884853897
517851.37414426,4.95563221688823
517911.380097232,4.95574556443053
517971.386050203,4.95585890093909
518031.392003175,4.9559722202711
518091.397956146,4.95608553072627
518151.403909118,4.95619882905127
518211.409862089,4.95631211355678
518271.415815061,4.95642538290322
518331.421768033,4.95653863739026
518391.427721004,4.95665187971045
518451.433673976,4.95676510722293
518511.439626947,4.95687831766594
518571.445579919,4.95699152390006
518631.45153289,4.9571047193921
518691.457485862,4.95721789573321
518751.463438833,4.95733105917013
518811.469391805,4.95744421347121
518871.475344776,4.95755734996005
518931.481297748,4.95767047326864
518991.487250719,4.95778358068453
519051.493203691,4.95789668411928
519111.499156662,4.95800976745245
519171.505109634,4.95812283690142
519231.511062605,4.95823589317373
519291.517015577,4.95834893766819
519351.522968548,4.95846195793875
519411.52892152,4.95857497731108
519471.534874492,4.95868798158591
519531.540827463,4.95880097403978
519591.546780435,4.95891394746223
519651.552733406,4.95902691469818
519711.558686378,4.95913986613022
519771.564639349,4.95925280537937
519831.570592321,4.95936573179429
519891.576545292,4.95947864510633
519951.582498264,4.95959153355982
520011.588451235,4.95970441278141
520071.594404207,4.95981727915931
520131.600357178,4.95993013755028
520191.60631015,4.96004297980264
520251.612263121,4.96015580916434
520311.618216093,4.96026863236023
520371.624169064,4.96038144277147
520431.630122036,4.96049423603704
520491.636075007,4.96060701244252
520551.642027979,4.96071977563055
520611.64798095,4.96083253300914
520671.653933922,4.96094527039005
520731.659886894,4.96105800156559
520791.665839865,4.96117072096154
520851.671792837,4.96128342122878
520911.677745808,4.96139610161924
520971.68369878,4.96150877080373
521031.689651751,4.96162142916137
521091.695604723,4.96173407334651
521151.701557694,4.96184670868977
521211.707510666,4.96195933005802
521271.713463637,4.96207193625241
521331.719416609,4.96218453061372
521391.72536958,4.96229710780706
521451.731322552,4.96240967414273
521511.737275523,4.96252222732621
521571.743228495,4.9626347666768
521631.749181466,4.96274729084366
521691.755134438,4.96285980617983
521751.76108741,4.9629723034938
521811.767040381,4.96308479765539
521871.772993352,4.96319726999383
521931.778946324,4.96330973514011
521991.784899296,4.96342218546505
522051.790852267,4.96353462363873
522111.796805239,4.96364704295503
522171.80275821,4.96375945511544
522231.808711182,4.96387184544287
522291.814664153,4.9639842267273
522351.820617125,4.96409659785435
522411.826570096,4.96420895815068
522471.832523068,4.96432130531119
522531.838476039,4.96443363260925
522591.844429011,4.96454595373249
522651.850381982,4.96465825803429
522711.856334954,4.96477055015039
522771.862287925,4.96488283244269
522831.868240897,4.96499509674518
522891.874193868,4.9651073468541
522951.88014684,4.96521958914118
523011.886099812,4.9653318102864
523071.892052783,4.96544401554934
523131.898005755,4.96555621463758
523191.903958726,4.96566840191661
523251.909911698,4.96578057101401
523311.915864669,4.96589273528156
523371.921817641,4.96600487653637
523431.927770612,4.96611701761143
523491.933723584,4.96622914187272
523551.939676555,4.96634125495807
523611.945629527,4.96645335622686
523671.951582498,4.96656543532707
523731.95753547,4.96667750457009
523791.963488441,4.96678955865579
523851.969441413,4.96690159989155
523911.975394384,4.96701363012747
523971.981347356,4.96712564620896
524031.987300327,4.96723764644322
524091.993253299,4.96734963550069
524151.99920627,4.96746161573324
524212.005159242,4.96757357579177
524272.011112214,4.96768553300865
524332.017065185,4.9677974700788
524392.023018157,4.96790939428594
524452.028971128,4.96802131149603
524512.0349241,4.96813321256325
524572.040877071,4.9682450927752
524632.046830043,4.96835696580929
524692.052783014,4.96846882800676
524752.058735986,4.96858068004488
524812.064688957,4.96869251825394
524872.070641929,4.96880433628579
524932.0765949,4.96891615148604
524992.082547872,4.96902793768705
525052.088500843,4.9691397177098
525112.094453815,4.96925148189634
525172.100406786,4.96936323491087
525232.106359758,4.96947498109152
525292.112312729,4.96958670810051
525352.118265701,4.96969843827252
525412.124218673,4.9698101442964
525472.130171644,4.96992183347073
525532.136124616,4.97003350763703
525592.142077587,4.97014517263887
525652.148030558,4.97025682479985
525712.15398353,4.97036846680117
525772.159936502,4.97048008896027
525832.165889473,4.97059170095143
525892.171842445,4.97070330410241
525952.177795416,4.97081489409082
526012.183748388,4.97092647423923
526072.189701359,4.97103803438509
526132.195654331,4.97114958236589
526192.201607302,4.9712611195044
526252.207560274,4.97137265148149
526312.213513245,4.9714841526156
526372.219466217,4.97159565058684
526432.225419189,4.97170713471615
526492.23137216,4.97181860868224
526552.237325132,4.97193006680586
526612.243278103,4.97204151292871
526672.249231074,4.97215295088449
526732.255184046,4.97226436199978
526792.261137018,4.97237577195634
526852.267089989,4.97248716606521
526912.273042961,4.97259854501368
526972.278995932,4.97270991412226
527032.284948904,4.97282127206537
527092.290901875,4.97293261516635
527152.296854847,4.97304394726451
527212.302807818,4.97315526419614
527272.30876079,4.97326656528414
527332.314713761,4.97337785021646
527392.320666733,4.97348912830757
527452.326619704,4.97360039123443
527512.332572676,4.97371164532411
527572.338525647,4.97382288924857
527632.344478619,4.973934121319
527692.35043159,4.9740453323824
527752.356384562,4.97415652828945
527812.362337534,4.97426770936374
527872.368290505,4.9743788832743
527932.374243477,4.9744900413428
527992.380196448,4.97460119226155
528052.38614942,4.97471233632432
528112.392102391,4.9748234632128
528172.398055363,4.97493457525984
528232.404008334,4.97504567131302
528292.409961306,4.9751567582072
528352.415914277,4.97526783124196
528412.421867249,4.97537888511892
528472.42782022,4.9754899281872
528532.433773192,4.97560097107355
528592.439726163,4.97571199209914
528652.445679135,4.97582300298496
528712.451632106,4.97593400401476
528772.457585078,4.9760449880416
528832.463538049,4.97615596189533
528892.469491021,4.97626691389734
528952.475443993,4.97637785178702
529012.481396964,4.97648879081838
529072.487349936,4.97659970866364
529132.493302907,4.97671061667914
529192.499255879,4.97682150953269
529252.50520885,4.9769323925711
529312.511161822,4.97704327155359
529372.517114793,4.97715411936222
529432.523067765,4.97726495837239
529492.529020736,4.97737578421039
529552.534973708,4.97748659720259
529612.540926679,4.97759739603248
529672.546879651,4.97770818205915
529732.552832622,4.97781896789777
529792.558785594,4.9779297318846
529852.564738565,4.97804049184199
529912.570691537,4.97815122164857
529972.576644508,4.97826195067097
530032.58259748,4.97837266946419
530092.588550451,4.97848336543738
530152.594503423,4.97859405826587
530212.600456394,4.97870473425351
530272.606409366,4.97881540706481
530332.612362338,4.97892605900158
530392.618315309,4.97903669795017
530452.624268281,4.97914732074107
530512.630221252,4.97925793169129
530572.636174224,4.97936852750206
530632.642127195,4.97947911743895
530692.648080167,4.97958968423879
530752.654033138,4.97970025119946
530812.65998611,4.97981079699849
530872.665939081,4.97992134195225
530932.671892053,4.9800318658344
530992.677845024,4.98014237063374
531052.683797996,4.98025287458732
531112.689750967,4.98036335932551
531172.695703939,4.98047382925171
531232.70165691,4.9805842880322
531292.707609882,4.98069473599537
531352.713562853,4.98080517875837
531412.719515825,4.98091560162421
531472.725468797,4.98102600656863
531532.731421768,4.98113641033137
531592.73737474,4.98124679224649
531652.743327711,4.98135717098247
531712.749280683,4.98146752484178
531772.755233654,4.98157786763368
531832.761186626,4.98168820659158
531892.767139597,4.98179853628553
531952.773092569,4.98190884010014
532012.77904554,4.98201912701962
532072.784998512,4.98212941074058
532132.790951483,4.98223967063803
532192.796904455,4.98234993039843
532252.802857426,4.98246017228455
532312.808810398,4.98257040705852
532372.814763369,4.98268063393811
532432.820716341,4.98279084361698
532492.826669312,4.98290103746744
532552.832622284,4.98301121733937
532612.838575255,4.98312138606687
532672.844528227,4.98323154390629
532732.850481199,4.98334168263673
532792.85643417,4.98345181952403
532852.862387142,4.98356193819368
532912.868340113,4.98367204407433
532972.874293085,4.98378214175825
533032.880246056,4.98389222059073
533092.886199028,4.98400228946255
533152.892151999,4.98411234713354
533212.898104971,4.98422238798012
533272.904057942,4.984332420681
533332.910010914,4.98444243949125
533392.915963885,4.98455244218402
533452.921916857,4.98466243802982
533512.927869828,4.98477241765003
533572.9338228,4.98488237943833
533632.939775771,4.98499232732806
533692.945728743,4.98510227402781
533752.951681714,4.9852122028848
533812.957634686,4.9853221295886
533872.963587658,4.98543204035653
533932.969540629,4.9855419339698
533992.975493601,4.98565181277065
534052.981446572,4.9857616793892
534112.987399544,4.98587152815831
534172.993352515,4.98598136406474
534232.999305487,4.98609120270196
534293.005258458,4.98620101348217
534353.01121143,4.98631082313759
534413.017164401,4.98642061187333
534473.023117373,4.98653038754352
534533.029070344,4.9866401563382
534593.035023316,4.98674990793431
534653.040976287,4.98685964672046
534713.046929259,4.9869693735156
534773.05288223,4.98707908918024
534833.058835202,4.98718879703724
534893.064788173,4.98729849866046
534953.070741145,4.98740818232373
535013.076694116,4.98751784394904
535073.082647088,4.98762750375711
535133.08860006,4.98773714630624
535193.094553031,4.98784677305673
535253.100506003,4.98795638882308
535313.106458974,4.98806599138322
535373.112411946,4.98817557719675
535433.118364917,4.98828516178441
535493.124317889,4.98839472252529
535553.13027086,4.98850428019093
535613.136223832,4.98861382587092
535673.142176803,4.98872335046155
535733.148129775,4.98883287124748
535793.154082746,4.98894237693596
535853.160035718,4.98905186653275
535913.165988689,4.98916134929512
535973.171941661,4.98927081788591
536033.177894632,4.98938027765479
536093.183847604,4.98948972619004
536153.189800575,4.98959915677028
536213.195753547,4.98970856334104
536273.201706518,4.98981796912071
536333.20765949,4.98992735885512
536393.213612462,4.99003674142403
536453.219565433,4.99014610814639
536513.225518405,4.99025546670344
536573.231471376,4.9903648093578
536633.237424348,4.99047413690491
536693.243377319,4.99058345465812
536753.249330291,4.990692763206
536813.255283262,4.99080205686855
536873.261236234,4.99091133655344
536933.267189205,4.99102060402059
536993.273142177,4.99112985172382
537053.279095148,4.99123909530193
537113.28504812,4.99134832394726
537173.291001091,4.99145753858708
537233.296954063,4.99156675429167
537293.302907034,4.99167594780144
537353.308860006,4.99178513643058
537413.314812978,4.99189430108126
537473.320765949,4.99200346163442
537533.32671892,4.99211260626473
537593.332671892,4.99222173774109
537653.338624864,4.9923308544448
537713.344577835,4.99243996494021
537773.350530807,4.99254905657218
537833.356483778,4.99265813908589
537893.36243675,4.99276720771916
537953.368389721,4.99287626338664
538013.374342693,4.99298530891562
538073.380295664,4.99309434351478
538133.386248636,4.99320336005826
538193.392201607,4.99331237467577
538253.398154579,4.99342136509278
538313.40410755,4.99353034779493
538373.410060522,4.99363932032129
538433.416013493,4.99374828290694
538493.421966465,4.99385722647365
538553.427919436,4.99396615797312
538613.433872408,4.99407507958045
538673.43982538,4.99418398503368
538733.445778351,4.99429288076766
538793.451731323,4.99440177228321
538853.457684294,4.99451064881998
538913.463637266,4.99461950826638
538973.469590237,4.99472835891734
539033.475543209,4.99483719742755
539093.48149618,4.99494601491784
539153.487449152,4.99505483152705
539213.493402123,4.99516362585274
539273.499355095,4.99527240645757
539333.505308066,4.99538117701684
539393.511261038,4.99548994364111
539453.517214009,4.99559869309136
539513.523166981,4.99570743559979
539573.529119952,4.9958161541483
539633.535072924,4.99592486757203
539693.541025895,4.99603356218114
539753.546978867,4.99614225263579
539813.552931838,4.9962509261893
539873.55888481,4.99635958963458
539933.564837782,4.99646824125016
539993.570790753,4.99657688364176
540053.576743725,4.99668550918722
540113.582696696,4.99679412477782
540173.588649668,4.99690272821565
540233.594602639,4.99701132178178
540293.600555611,4.99711990105479
540353.606508582,4.99722845960325
540413.612461554,4.99733701307098
540473.618414525,4.99744555364189
540533.624367497,4.99755408403916
540593.630320468,4.99766260049377
540653.63627344,4.99777109901285
540713.642226411,4.99787958835892
540773.648179383,4.99798805993492
540833.654132354,4.99809652750481
540893.660085326,4.9982049900224
540953.666038297,4.99831343228575
541013.671991269,4.99842186081054
541073.677944241,4.99853027818479
541133.683897212,4.99863868274598
541193.689850184,4.99874707823929
541253.695803155,4.99885545661632
541313.701756127,4.99896382819889
541373.707709098,4.99907218752378
541433.71366207,4.99918053200481
541493.719615041,4.99928886441938
541553.725568013,4.99939718895283
541613.731520984,4.99950549931211
541673.737473956,4.99961379982032
541733.743426927,4.99972208627352
541793.749379899,4.99983035856796
541853.75533287,4.99993861713039
541913.761285842,5.00004686942046
541973.767238813,5.00015510089
542033.773191785,5.00026332628886
542093.779144756,5.00037153875494
542153.785097728,5.00047973803332
542213.791050699,5.00058792251368
542273.797003671,5.00069609699165
542333.802956642,5.0008042573223
542393.808909614,5.0009124078022
542453.814862586,5.00102054392023
542513.820815557,5.00112865647684
542573.826768529,5.0012367728323
542633.8327215,5.00134486638184
542693.838674472,5.00145296279732
542753.844627443,5.00156104124831
542813.850580415,5.00166911168666
542873.856533386,5.00177716494063
542933.862486358,5.0018852074749
542993.868439329,5.00199324166187
543053.874392301,5.00210125304631
543113.880345272,5.0022092573762
543173.886298244,5.00231724784685
543233.892251215,5.00242522902311
543293.898204187,5.00253318844219
543353.904157158,5.00264114297214
543413.91011013,5.00274908531976
543473.916063101,5.00285701969981
543533.922016073,5.00296493496413
543593.927969045,5.00307284336608
543653.933922016,5.00318073369847
543713.939874988,5.00328862126353
543773.945827959,5.00339649751729
543833.951780931,5.00350435985121
543893.957733902,5.00361220622976
543953.963686874,5.00372004149123
544013.969639845,5.00382786384119
544073.975592817,5.00393567117381
544133.981545788,5.00404347348249
544193.98749876,5.00415125179468
544253.993451731,5.00425903233055
544313.999404703,5.00436679652069
544374.005357674,5.00447454900743
544434.011310646,5.00458229437686
544494.017263617,5.00469002150184
544554.023216589,5.00479773481654
544614.029169561,5.00490543302715
544674.035122532,5.0050131203947
544734.041075503,5.00512079364422
544794.047028475,5.00522845817207
544854.052981447,5.00533611642072
544914.058934418,5.00544375865903
544974.06488739,5.00555138401155
545034.070840361,5.00565900024067
545094.076793333,5.00576660258296
545154.082746304,5.00587419277573
545214.088699276,5.00598177029833
545274.094652247,5.00608934563953
545334.100605219,5.00619690795258
545394.10655819,5.00630445612956
545454.112511162,5.00641199245105
545514.118464133,5.00651951491647
545574.124417105,5.00662703309872
545634.130370076,5.00673453120564
545694.136323048,5.00684201032726
545754.142276019,5.00694947975913
545814.148228991,5.00705693983047
545874.154181962,5.00716437915563
545934.160134934,5.00727181351388
545994.166087906,5.00737924000836
546054.172040877,5.00748665920044
546114.177993849,5.00759405420716
546174.18394682,5.00770143869374
546234.189899792,5.00780881901088
546294.195852763,5.00791618822048
546354.201805735,5.00802353837357
546414.207758706,5.00813088165338
546474.213711678,5.00823820696466
546534.219664649,5.00834553334072
546594.225617621,5.00845283943211
546654.231570592,5.00856012852304
546714.237523564,5.00866740700007
546774.243476535,5.00877468105193
546834.249429507,5.00888193124095
546894.255382478,5.00898917334864
546954.26133545,5.00909639883354
547014.267288422,5.0092036260288
547074.273241393,5.00931083217616
547134.279194365,5.00941802659544
547194.285147336,5.00952521585632
547254.291100307,5.00963239433614
547314.297053279,5.00973956940466
547374.303006251,5.0098467214083
547434.308959222,5.00995385655275
547494.314912194,5.01006098474649
547554.320865165,5.01016809303565
547614.326818137,5.01027520424549
547674.332771108,5.01038228722341
547734.33872408,5.01048935749463
547794.344677051,5.01059642492457
547854.350630023,5.0107034811123
547914.356582994,5.0108105283005
547974.362535966,5.01091755738532
548034.368488937,5.01102457864803
548094.374441909,5.01113158465744
548154.38039488,5.011238576857
548214.386347852,5.01134555606042
548274.392300823,5.01145252225741
548334.398253795,5.01155948253858
548394.404206767,5.01166642763472
548454.410159738,5.01177336394343
548514.41611271,5.01188028904166
548574.422065681,5.01198720231534
548634.428018653,5.01209410543133
548694.433971624,5.01220099654251
548754.439924596,5.01230786957652
548814.445877567,5.01241472667277
548874.451830539,5.01252157723073
548934.45778351,5.01262842742477
548994.463736482,5.01273526148809
549054.469689453,5.01284207950349
549114.475642425,5.01294888664801
549174.481595396,5.01305567765189
549234.487548368,5.01316245799224
549294.493501339,5.01326923105087
549354.499454311,5.0133759808546
549414.505407283,5.0134827172968
549474.511360254,5.01358945448499
549534.517313226,5.01369617564861
549594.523266197,5.01380288681706
549654.529219169,5.01390958986238
549714.53517214,5.01401627075593
549774.541125112,5.01412294215729
549834.547078083,5.01422960934973
549894.553031055,5.01433625831488
549954.558984026,5.0144428974817
550014.564936998,5.01454952257816
550074.570889969,5.01465614084668
550134.576842941,5.01476274672869
550194.582795912,5.01486933494803
550254.588748884,5.01497591791014
550314.594701855,5.01508248101958
550374.600654827,5.01518903625131
550434.606607798,5.01529557925901
550494.61256077,5.01540211039166
550554.618513741,5.01550862842244
550614.624466713,5.01561513653841
550674.630419684,5.01572162963622
550734.636372656,5.01582811795797
550794.642325628,5.01593459601426
550854.648278599,5.01604106309431
550914.654231571,5.01614751399195
550974.660184542,5.01625394600199
551034.666137514,5.01636037338642
551094.672090485,5.01646679336882
551154.678043457,5.01657319747258
551214.683996428,5.01667959141717
551274.6899494,5.01678597051423
551334.695902371,5.01689233835924
551394.701855343,5.01699868855472
551454.707808314,5.01710503485318
551514.713761286,5.01721136964116
551574.719714257,5.01731768486603
551634.725667229,5.01742399884381
551694.7316202,5.01753029295887
551754.737573172,5.01763658220065
551814.743526143,5.01774286516142
551874.749479115,5.01784912490075
551934.755432087,5.01795537294975
551994.761385058,5.01806160720109
552054.76733803,5.01816783714955
552114.773291001,5.01827404934869
552174.779243973,5.01838025824344
552234.785196944,5.01848644628322
552294.791149916,5.01859262708503
552354.797102887,5.01869878736022
552414.803055859,5.01880495041171
552474.80900883,5.01891109448395
552534.814961802,5.01901723148821
552594.820914773,5.01912334919275
552654.826867745,5.01922945235665
552714.832820716,5.01933554924372
552774.838773688,5.01944162825753
552834.844726659,5.01954769841192
552894.850679631,5.0196537633802
552954.856632602,5.01975980741204
553014.862585574,5.01986585153262
553074.868538545,5.01997187666971
553134.874491517,5.02007789870852
553194.880444488,5.02018390659015
553254.88639746,5.02028989746574
553314.892350432,5.02039587943947
553374.898303403,5.02050184441228
553434.904256375,5.02060780443829
553494.910209346,5.02071374636577
553554.916162318,5.02081968223524
553614.922115289,5.02092559540039
553674.928068261,5.02103151046623
553734.934021232,5.02113740943537
553794.939974204,5.02124329741714
553854.945927175,5.02134917628848
553914.951880147,5.02145503522998
553974.957833118,5.02156089133526
554034.96378609,5.02166673106031
554094.969739062,5.02177255719058
554154.975692033,5.02187837740996
554214.981645004,5.02198418817181
554274.987597976,5.0220899811594
554334.993550947,5.02219576607037
554394.999503919,5.02230153810615
554455.005456891,5.02240729997353
554515.011409862,5.02251304892326
554575.017362834,5.02261878477719
554635.023315805,5.02272450972078
554695.029268777,5.02283021953371
554755.035221748,5.02293591339013
554815.04117472,5.02304159954744
554875.047127691,5.02314727630267
554935.053080663,5.02325293639098
554995.059033634,5.02335859242357
555055.064986606,5.02346423730553
555115.070939577,5.02356986627235
555175.076892549,5.02367549111268
555235.08284552,5.02378109312077
555295.088798492,5.02388669294695
555355.094751464,5.02399227421199
555415.100704435,5.02409785901113
555475.106657407,5.0242034188586
555535.112610378,5.02430897265726
555595.118563349,5.02441450959202
555655.124516321,5.02452003731849
555715.130469293,5.02462554827835
555775.136422264,5.02473105122383
555835.142375236,5.02483653906207
555895.148328207,5.02494201917604
555955.154281179,5.02504749009411
556015.16023415,5.02515295099632
556075.166187122,5.02525839665046
556135.172140093,5.0253638288
556195.178093065,5.02546925764483
556255.184046036,5.02557466941014
556315.189999008,5.02568006731674
556375.195951979,5.0257854541503
556435.201904951,5.02589082990573
556495.207857922,5.02599618801145
556555.213810894,5.02610154997249
556615.219763866,5.02620688857413
556675.225716837,5.02631221861427
556735.231669809,5.02641753838529
556795.23762278,5.02652284546409
556855.243575752,5.02662814615051
556915.249528723,5.02673342277288
556975.255481695,5.02683869286603
557035.261434666,5.02694395393026
557095.267387638,5.02704921070683
557155.273340609,5.02715444553412
557215.279293581,5.02725967821057
557275.285246552,5.02736488374736
557335.291199524,5.02747008286144
557395.297152495,5.02757527411024
557455.303105467,5.02768046185223
557515.309058438,5.02778563040604
557575.31501141,5.02789078241032
557635.320964381,5.027995935474
557695.326917353,5.02810107202261
557755.332870324,5.02820619366404
557815.338823296,5.02831129850632
557875.344776268,5.0284163995692
557935.350729239,5.02852148833193
557995.356682211,5.02862656215275
558055.362635182,5.02873163021562
558115.368588154,5.02883668794657
558175.374541125,5.02894173265407
558235.380494097,5.02904676131608
558295.386447068,5.02915178039802
558355.39240004,5.0292567932173
558415.398353011,5.02936179284739
558475.404305983,5.02946677486159
558535.410258954,5.02957175453609
558595.416211926,5.02967671443809
558655.422164897,5.02978167014043
558715.428117869,5.02988660762705
558775.43407084,5.02999152757396
558835.440023812,5.03009644858914
558895.445976783,5.0302013532333
558955.451929755,5.03030624811277
559015.457882726,5.03041113090292
559075.463835698,5.03051600047771
559135.46978867,5.03062085648583
559195.475741641,5.03072570685851
559255.481694613,5.03083053188
559315.487647584,5.03093536163511
559375.493600556,5.03104016931703
559435.499553527,5.03114496925948
559495.505506499,5.03124976327332
559555.51145947,5.0313545472592
559615.517412442,5.03145932275345
559675.523365413,5.0315640783561
559735.529318385,5.03166882193215
559795.535271356,5.03177355179556
559855.541224328,5.03187827370255
559915.547177299,5.03198298847322
559975.553130271,5.03208768727502
560035.559083242,5.03219238213264
560095.565036214,5.03229706080692
560155.570989185,5.03240172751828
560215.576942157,5.03250638396929
560275.582895128,5.03261101768548
560335.5888481,5.03271565056074
560395.594801072,5.03282026621962
560455.600754043,5.03292487510537
560515.606707015,5.0330294718649
560575.612659986,5.03313406044943
560635.618612958,5.03323862944274
560695.624565929,5.03334319915526
560755.630518901,5.0334477495924
560815.636471872,5.03355228426127
560875.642424844,5.03365681213331
560935.648377815,5.03376132783628
560995.654330787,5.03386583458953
561055.660283758,5.03397032715764
561115.66623673,5.03407480913674
561175.672189701,5.03417928487943
561235.678142673,5.03428374460279
561295.684095644,5.03438819949372
561355.690048616,5.03449264079962
561415.696001587,5.03459706369662
561475.701954559,5.0347014843286
561535.70790753,5.03480588693206
561595.713860502,5.03491027851935
561655.719813474,5.03501465853219
561715.725766445,5.03511903413902
561775.731719417,5.03522338862293
561835.737672388,5.03532773514515
561895.74362536,5.0354320619138
561955.749578331,5.03553638891014
562015.755531303,5.03564070222215
562075.761484274,5.03574499804499
562135.767437246,5.03584928979995
562195.773390217,5.03595356967651
562255.779343189,5.03605784254882
562315.78529616,5.03616210383521
562375.791249132,5.03626634548398
562435.797202103,5.03637058030509
562495.803155075,5.03647480695788
562555.809108046,5.03657901738477
562615.815061018,5.03668321616593
562675.82101399,5.03678740593328
562735.826966961,5.03689158743565
562795.832919932,5.03699574900183
562855.838872904,5.03709990156207
562915.844825876,5.03720404141565
562975.850778847,5.03730817518459
563035.856731819,5.03741229856607
563095.86268479,5.03751640120407
563155.868637762,5.03762050202668
563215.874590733,5.03772458745822
563275.880543705,5.03782866111202
563335.886496676,5.03793272294583
563395.892449648,5.03803677750024
563455.898402619,5.03814081839932
563515.904355591,5.03824485481884
563575.910308562,5.03834887142848
563635.916261534,5.03845288105361
563695.922214505,5.03855687884715
563755.928167477,5.03866086829667
563815.934120448,5.03876484193746
563875.94007342,5.03886880667842
563935.946026392,5.03897276034672
563995.951979363,5.0390767058983
564055.957932335,5.03918063431712
564115.963885306,5.03928455295039
564175.969838278,5.03938845858337
564235.975791249,5.0394923573539
564295.981744221,5.0395962435544
564355.987697192,5.03970011120489
564415.993650164,5.03980397298487
564475.999603135,5.03990782231861
564536.005556107,5.04001165722607
564596.011509078,5.04011548975405
564656.01746205,5.04021930568725
564716.023415021,5.04032312107898
564776.029367993,5.04042691487538
564836.035320964,5.04053070815244
564896.041273936,5.04063447678809
564956.047226907,5.04073824322852
565016.053179879,5.0408419866083
565076.05913285,5.04094572399134
565136.065085822,5.04104944079291
565196.071038794,5.04115316166192
565256.076991765,5.04125686622063
565316.082944736,5.04136056481736
565376.088897708,5.04146424709006
565436.09485068,5.04156791675844
565496.100803651,5.041671577364
565556.106756623,5.04177522492059
565616.112709594,5.0418788644307
565676.118662566,5.04198248803453
565736.124615537,5.04208610802987
565796.130568509,5.04218972036651
565856.13652148,5.04229331450376
565916.142474452,5.04239689106632
565976.148427423,5.04250046356946
566036.154380395,5.04260401713662
566096.160333366,5.04270756494181
566156.166286338,5.04281110674466
566216.17223931,5.04291463808708
566276.178192281,5.04301815446335
566336.184145252,5.04312165679703
566396.190098224,5.0432251473748
566456.196051196,5.04332862674026
566516.202004167,5.04343209348476
566576.207957139,5.04353555421532
566636.21391011,5.04363900378959
566696.219863082,5.04374244535574
566756.225816053,5.04384587258303
566816.231769025,5.04394928628036
566876.237721996,5.04405269390444
566936.243674968,5.0441560915718
566996.249627939,5.04425947875817
567056.255580911,5.04436284809175
567116.261533882,5.04446620575708
567176.267486854,5.04456955523616
567236.273439825,5.04467289272972
567296.279392797,5.04477621828906
567356.285345768,5.04487953694916
567416.29129874,5.04498284304747
567476.297251711,5.04508613156828
567536.303204683,5.04518941307019
567596.309157655,5.04529268242518
567656.315110626,5.04539593718303
567716.321063598,5.04549918888869
567776.327016569,5.04560243013389
567836.332969541,5.0457056524673
567896.338922512,5.0458088680841
567956.344875484,5.04591207163321
568016.350828455,5.04601526805062
568076.356781427,5.04611844722138
568136.362734398,5.04622161479732
568196.36868737,5.0463247738333
568256.374640341,5.04642793097475
568316.380593313,5.0465310642871
568376.386546284,5.04663419070282
568436.392499256,5.04673730429777
568496.398452227,5.04684040971867
568556.404405199,5.04694350339543
568616.41035817,5.04704658959257
568676.416311142,5.04714965803484
568736.422264114,5.04725271860048
568796.428217085,5.0473557668446
568856.434170056,5.04745880250958
568916.440123028,5.04756183198093
568976.446076,5.04766484956424
569036.452028971,5.04776785758645
569096.457981943,5.04787084615982
569156.463934914,5.0479738316786
569216.469887886,5.04807680409037
569276.475840857,5.04817976438117
569336.481793829,5.04828270958778
569396.4877468,5.04838564446351
569456.493699772,5.04848857713236
569516.499652743,5.04859149959701
569576.505605715,5.04869441013141
569636.511558686,5.04879731467903
569696.517511658,5.04890020421849
569756.523464629,5.04900306746217
569816.529417601,5.04910592626227
569876.535370572,5.04920877645245
569936.541323544,5.04931161108144
569996.547276516,5.04941444149283
570056.553229487,5.04951725791393
570116.559182459,5.04962006421909
570176.56513543,5.04972285873452
570236.571088402,5.04982564420999
570296.577041373,5.04992842060292
570356.582994345,5.05003118304989
570416.588947316,5.05013393643187
570476.594900288,5.05023667875517
570536.600853259,5.05033940691176
570596.606806231,5.05044212355513
570656.612759202,5.05054483393706
570716.618712174,5.05064753112329
570776.624665145,5.05075021360918
570836.630618117,5.05085289222559
570896.636571088,5.05095555877879
570956.64252406,5.05105821686629
571016.648477032,5.0511608568388
571076.654430003,5.05126348123661
571136.660382974,5.05136610086101
571196.666335946,5.05146870903423
571256.672288918,5.05157130475524
571316.678241889,5.05167389730998
571376.684194861,5.05177647835864
571436.690147832,5.05187904084597
571496.696100804,5.05198159911883
571556.702053775,5.05208414131665
571616.708006747,5.0521866717166
571676.713959718,5.05228919560684
571736.71991269,5.05239171449062
571796.725865661,5.052494209711
571856.731818633,5.05259669904513
571916.737771604,5.05269917529434
571976.743724576,5.05280163866367
572036.749677547,5.0529040920304
572096.755630519,5.05300653666767
572156.761583491,5.05310897415455
572216.767536462,5.05321140232702
572276.773489433,5.05331381347769
572336.779442405,5.05341621578089
572396.785395377,5.05351860407046
572456.791348348,5.05362098439566
572516.79730132,5.0537233510734
572576.803254291,5.05382571404528
572636.809207263,5.05392805526574
572696.815160234,5.05403038926611
572756.821113206,5.05413270596786
572816.827066177,5.05423502358902
572876.833019149,5.0543373299024
572936.83897212,5.05443962416796
572996.844925092,5.05454190989365
573056.850878063,5.05464419032655
573116.856831035,5.05474645608729
573176.862784006,5.05484870278316
573236.868736978,5.0549509310045
573296.874689949,5.05505315470587
573356.880642921,5.05515536979846
573416.886595892,5.05525757039212
573476.892548864,5.05535976785293
573536.898501836,5.0554619543261
573596.904454807,5.05556413121553
573656.910407778,5.05566628768055
573716.91636075,5.05576844491315
573776.922313722,5.05587058115475
573836.928266693,5.05597271476373
573896.934219665,5.05607483674947
573956.940172636,5.0561769440953
574016.946125608,5.0562790432385
574076.952078579,5.05638112836824
574136.958031551,5.05648320064973
574196.963984522,5.05658526309848
574256.969937494,5.05668731965077
574316.975890465,5.05678936550984
574376.981843437,5.05689139367077
574436.987796408,5.05699341310612
574496.99374938,5.0570954254442
574556.999702351,5.05719742464287
574617.005655323,5.05729941492583
574677.011608295,5.0574013920924
574737.017561266,5.05750335740255
574797.023514237,5.05760531600239
574857.029467209,5.05770726589983
574917.035420181,5.05780919814482
574977.041373152,5.05791112354252
575037.047326124,5.05801303964141
575097.053279095,5.05811493976577
575157.059232067,5.05821683210631
575217.065185038,5.05831871241239
575277.07113801,5.05842058232567
575337.077090981,5.05852243657089
575397.083043953,5.05862428294995
575457.088996924,5.05872612143678
575517.094949896,5.05882795044597
575577.100902867,5.05892976435091
575637.106855839,5.05903156375371
575697.11280881,5.05913336002756
575757.118761782,5.05923514046965
575817.124714753,5.05933691674358
575877.130667725,5.05943867966018
575937.136620697,5.05954042692264
575997.142573668,5.05964216905995
576057.14852664,5.05974389426233
576117.154479611,5.05984561477523
576177.160432582,5.05994732480346
576237.166385554,5.06004902213252
576297.172338526,5.06015071159727
576357.178291497,5.06025239141123
576417.184244469,5.06035405333422
576477.19019744,5.06045570371003
576537.196150412,5.06055734899191
576597.202103383,5.06065898007332
576657.208056355,5.06076060248401
576717.214009326,5.06086221550067
576777.219962298,5.06096381432847
576837.225915269,5.06106539805051
576897.231868241,5.06116698342161
576957.237821212,5.0612685547216
577017.243774184,5.06137011737075
577077.249727156,5.06147165944262
577137.255680127,5.06157319457612
577197.261633099,5.06167471819871
577257.26758607,5.06177623799966
577317.273539042,5.06187773729981
577377.279492013,5.06197923340405
577437.285444985,5.06208071135334
577497.291397956,5.0621821819755
577557.297350928,5.06228364720163
577617.303303899,5.06238510021538
577677.309256871,5.06248653893286
577737.315209842,5.06258796323991
577797.321162814,5.06268938152727
577857.327115785,5.06279078958128
577917.333068757,5.06289218392982
577977.339021728,5.06299357190692
578037.3449747,5.06309494542701
578097.350927671,5.06319631670973
578157.356880643,5.06329767430636
578217.362833614,5.0633990124422
578277.368786586,5.06350034790594
578337.374739558,5.06360167182654
578397.380692529,5.06370298291876
578457.386645501,5.06380428322407
578517.392598472,5.06390557562986
578577.398551444,5.06400685991768
578637.404504415,5.06410811604862
578697.410457387,5.06420937552649
578757.416410358,5.06431062075132
578817.42236333,5.06441186119375
578877.428316301,5.06451309093432
578937.434269273,5.06461430350826
578997.440222244,5.06471550002555
579057.446175216,5.06481669643775
579117.452128187,5.06491788139325
579177.458081159,5.06501905261948
579237.46403413,5.06512021880974
579297.469987102,5.06522137069772
579357.475940073,5.06532251176336
579417.481893045,5.06542364087658
579477.487846016,5.06552476219091
579537.493798988,5.0656258731517
579597.49975196,5.06572696856399
579657.505704931,5.06582804704339
579717.511657903,5.06592912523169
579777.517610874,5.06603018970047
579837.523563846,5.06613125060535
579897.529516817,5.06623229503399
579957.535469789,5.06633333672197
580017.54142276,5.06643435646666
580077.547375732,5.06653536695811
580137.553328703,5.06663637176979
580197.559281675,5.06673736030523
580257.565234646,5.06683834798399
580317.571187618,5.06693931291532
580377.577140589,5.06704027202298
580437.583093561,5.06714122063394
580497.589046532,5.06724216670192
580557.594999504,5.06734309753453
580617.600952475,5.06744401559665
580677.606905447,5.06754492357498
580737.612858418,5.06764582072375
580797.61881139,5.067746707521
580857.624764362,5.06784758065553
580917.630717333,5.06794844569634
580977.636670305,5.06804929987495
581037.642623276,5.06815014501353
581097.648576248,5.06825098087451
581157.654529219,5.06835180087653
581217.660482191,5.06845261164893
581277.666435162,5.06855340756014
581337.672388134,5.06865419242445
581397.678341105,5.06875496735505
581457.684294077,5.06885574561947
581517.690247048,5.0689565083503
581577.69620002,5.06905725713818
581637.702152991,5.06915799537679
581697.708105963,5.06925872544689
581757.714058934,5.06935944181246
581817.720011906,5.06946013957486
581877.725964877,5.0695608280577
581937.731917849,5.06966151407411
581997.737870821,5.06976218294515
582057.743823792,5.06986284558738
582117.749776764,5.06996350491285
582177.755729735,5.07006415483859
582237.761682707,5.07016479099923
582297.767635678,5.07026541976339
582357.77358865,5.07036603237795
582417.779541621,5.07046662986245
582477.785494593,5.07056721288008
582537.791447564,5.07066778820546
582597.797400536,5.07076835875497
582657.803353507,5.07086892265241
582717.809306479,5.07096947243189
582777.81525945,5.07107000950719
582837.821212422,5.07117053695231
582897.827165393,5.07127104607371
582957.833118365,5.07137155100532
583017.839071336,5.0714720422564
583077.845024308,5.07157252814137
583137.850977279,5.07167300044452
583197.856930251,5.07177346849102
583257.862883223,5.07187392272263
583317.868836194,5.07197435778983
583377.874789166,5.07207480497954
583437.880742137,5.07217523046593
583497.886695109,5.07227564310982
583557.89264808,5.07237604307632
583617.898601052,5.07247643288766
583677.904554023,5.0725768109365
583737.910506995,5.0726771799663
583797.916459966,5.07277754007767
583857.922412938,5.07287789021752
583917.928365909,5.0729782308597
583977.934318881,5.07307855703968
584037.940271852,5.07317887796667
584097.946224824,5.07327918607266
584157.952177795,5.07337948540513
584217.958130767,5.07347976394914
584277.964083739,5.07358003207776
584337.97003671,5.07368029407218
584397.975989681,5.07378054355585
584457.981942653,5.07388079164606
584517.987895625,5.07398102636609
584577.993848596,5.07408124846573
584637.999801568,5.07418146559088
584698.005754539,5.07428167022753
584758.011707511,5.07438186213902
584818.017660482,5.07448204410786
584878.023613454,5.07458221699421
584938.029566425,5.07468237701682
584998.035519397,5.07478252908098
585058.041472368,5.07488267162445
585118.04742534,5.07498279656803
585178.053378311,5.07508291778504
585238.059331283,5.07518302731643
585298.065284254,5.07528312209458
585358.071237226,5.07538320754343
585418.077190197,5.07548329177987
585478.083143169,5.07558336201954
585538.089096141,5.07568341279971
585598.095049112,5.07578345908847
585658.101002084,5.07588349567831
585718.106955055,5.07598351755977
585778.112908027,5.07608353021166
585838.118860998,5.07618352901784
585898.12481397,5.07628351833337
585958.130766941,5.07638350435234
586018.136719913,5.07648347636635
586078.142672884,5.07658344135746
586138.148625856,5.07668339607875
586198.154578827,5.07678333698326
586258.160531799,5.07688327070699
586318.16648477,5.07698318829254
586378.172437742,5.07708309653395
586438.178390713,5.07718299843514
586498.184343685,5.0772828879668
586558.190296656,5.07738276151895
586618.196249628,5.07748262393715
586678.202202599,5.07758248590462
586738.208155571,5.07768233181683
586798.214108543,5.07778217293808
586858.220061514,5.07788200245927
586918.226014486,5.07798181838586
586978.231967457,5.0780816262848
587038.237920429,5.07818142433441
587098.2438734,5.07828121307082
587158.249826372,5.07838098766957
587218.255779343,5.07848075141802
587278.261732315,5.07858050365639
587338.267685286,5.07868025206146
587398.273638258,5.07877997913407
587458.279591229,5.07887970691892
587518.285544201,5.0789794156797
587578.291497172,5.0790791198422
587638.297450144,5.07917881361924
587698.303403115,5.079278495699
587758.309356087,5.07937817228655
587818.315309058,5.07947783115428
587878.32126203,5.0795774861887
587938.327215001,5.07967712906582
587998.333167973,5.07977676351985
588058.339120945,5.07987638041721
588118.345073916,5.07997599293796
588178.351026888,5.08007558539032
588238.356979859,5.08017516881493
588298.362932831,5.0802747523913
588358.368885802,5.08037432754281
588418.374838774,5.08047388234239
588478.380791745,5.0805734321283
588538.386744717,5.08067296884347
588598.392697688,5.08077249459381
588658.39865066,5.08087201014075
588718.404603631,5.08097151128699
588778.410556603,5.08107100943567
588838.416509574,5.08117049793958
588898.422462546,5.08126997093008
588958.428415517,5.08136944088865
589018.434368489,5.08146889787233
589078.44032146,5.08156834973467
589138.446274432,5.08166778684438
589198.452227404,5.08176720750377
589258.458180375,5.08186661957436
589318.464133347,5.08196602312884
589378.470086318,5.08206541288146
589438.47603929,5.08216479403017
589498.481992261,5.08226416969339
589558.487945233,5.08236352936164
589618.493898204,5.08246288263205
589678.499851176,5.0825622294795
589738.505804147,5.08266156512056
589798.511757119,5.08276088772086
589858.51771009,5.08286019830549
589918.523663062,5.08295949799613
589978.529616033,5.08305878547842
590038.535569005,5.08315806153626
590098.541521976,5.08325733121898
590158.547474948,5.08335658795793
590218.55342792,5.08345583440162
590278.559380891,5.08355506904773
590338.565333862,5.08365430606916
590398.571286834,5.08375352792503
590458.577239805,5.08385274479232
590518.583192777,5.08395194812058
590578.589145749,5.08405113743332
590638.59509872,5.08415031206976
590698.601051692,5.08424947884923
590758.607004663,5.08434863348554
590818.612957635,5.08444777792338
590878.618910606,5.08454690831783
590938.624863578,5.08464603911566
590998.630816549,5.08474515492823
591058.636769521,5.08484426385899
591118.642722492,5.08494336304816
591178.648675464,5.08504244398345
591238.654628435,5.08514152404359
591298.660581407,5.08524059165717
591358.666534378,5.08533964917909
591418.67248735,5.08543869307435
591478.678440321,5.08553773117593
591538.684393293,5.08563676146805
591598.690346265,5.08573577291698
591658.696299236,5.08583477642573
591718.702252208,5.08593376523243
591778.708205179,5.08603274919952
591838.714158151,5.08613172140656
591898.720111122,5.08623067980254
591958.726064094,5.08632963862678
592018.732017065,5.08642858119621
592078.737970037,5.08652751561758
592138.743923008,5.08662643437964
592198.74987598,5.08672534814924
592258.755828951,5.08682424890095
592318.761781923,5.08692314248737
592378.767734894,5.08702202244966
592438.773687866,5.08712089963731
592498.779640837,5.08721976707963
592558.785593809,5.08731861965901
592618.79154678,5.08741746433716
592678.797499752,5.08751629532807
592738.803452724,5.08761510991977
592798.809405695,5.08771391679545
592858.815358666,5.08781271537292
592918.821311638,5.08791150162886
592978.82726461,5.08801028725174
593038.833217581,5.08810905472231
593098.839170553,5.08820781336899
593158.845123524,5.0883065623954
593218.851076496,5.0884053032649
593278.857029467,5.08850402464751
593338.862982439,5.08860275047603
593398.86893541,5.08870146006053
593458.874888382,5.08880016025346
593518.880841353,5.08889884501952
593578.886794325,5.08899752405937
593638.892747296,5.08909619487824
593698.898700268,5.08919485794491
593758.904653239,5.08929351331553
593818.910606211,5.08939215376147
593878.916559182,5.08949078313155
593938.922512154,5.08958940124572
593998.928465126,5.08968801458633
594058.934418097,5.08978661104252
594118.940371069,5.08988519729049
594178.94632404,5.08998376793074
594238.952277012,5.09008233239113
594298.958229983,5.090180882577
594358.964182955,5.09027943351337
594418.970135926,5.09037797151874
594478.976088898,5.09047650595495
594538.982041869,5.09057502198903
594598.987994841,5.09067352705875
594658.993947812,5.09077202804178
594718.999900784,5.09087051832222
594779.005853755,5.09096899470825
594839.011806727,5.09106745894624
594899.017759698,5.09116591061868
594959.02371267,5.09126435473051
595019.029665641,5.09136279448489
595079.035618613,5.09146122058225
595139.041571585,5.09155963342733
595199.047524556,5.09165803983196
595259.053477528,5.0917564322063
595319.059430499,5.09185482647281
595379.065383471,5.09195319763701
595439.071336442,5.09205156276914
595499.077289414,5.09214992115867
595559.083242385,5.09224826605489
595619.089195357,5.0923466054319
595679.095148328,5.09244492993746
595739.1011013,5.09254324598316
595799.107054271,5.09264155512859
595859.113007243,5.09273984796879
595919.118960214,5.09283813621686
595979.124913186,5.09293640779634
596039.130866157,5.0930346723137
596099.136819129,5.09313292466947
596159.1427721,5.09323116580605
596219.148725072,5.09332940561523
596279.154678043,5.09342763042702
596339.160631015,5.09352583802398
596399.166583986,5.09362404210196
596459.172536958,5.09372223755402
596519.17848993,5.09382042100027
596579.184442901,5.09391859377255
596639.190395873,5.09401676052289
596699.196348844,5.09411491582364
596759.202301816,5.09421305933281
596819.208254787,5.09431119352959
596879.214207759,5.09440932389244
596939.22016073,5.09450743809434
596999.226113702,5.09460554039251
597059.232066673,5.09470363226983
597119.238019645,5.09480171801083
597179.243972616,5.0948997947498
597239.249925588,5.0949978622962
597299.255878559,5.09509591971182
597359.261831531,5.0951939638116
597419.267784502,5.09529199484316
597479.273737474,5.09539002436271
597539.279690446,5.0954880379881
597599.285643417,5.0955860463503
597659.291596389,5.0956840385074
597719.29754936,5.09578202161152
597779.303502332,5.09587999985693
597839.309455303,5.09597796252599
597899.315408275,5.09607591896858
597959.321361246,5.09617386137016
598019.327314218,5.09627179646814
598079.333267189,5.09636972585169
598139.339220161,5.09646764109946
598199.345173132,5.09656554439844
598259.351126104,5.09666343666959
598319.357079075,5.09676131632507
598379.363032047,5.09685918962718
598439.368985018,5.09695704898276
598499.37493799,5.09705490904444
598559.380890961,5.09715274891138
598619.386843933,5.09725058867896
598679.392796904,5.09734841579589
598739.398749876,5.0974462295223
598799.404702847,5.09754403943233
598859.410655819,5.09764183797085
598919.416608791,5.09773961613902
598979.422561762,5.0978373874588
599039.428514734,5.09793515578111
599099.434467705,5.09803290793486
599159.440420677,5.09813064982152
599219.446373648,5.09822838719614
599279.45232662,5.0983261099967
599339.458279591,5.09842383130018
599399.464232563,5.09852154508055
599459.470185534,5.0986192393276
599519.476138506,5.09871692597159
599579.482091477,5.09881460216144
599639.488044449,5.09891226519218
599699.49399742,5.09900991487329
599759.499950392,5.0991075609726
599819.505903363,5.09920519891156
599879.511856335,5.09930282052771
599939.517809306,5.09940043696097
599999.523762278,5.09949804178931
600059.52971525,5.09959564184089
600119.535668221,5.09969323364384
600179.541621193,5.09979080665439
600239.547574164,5.09988836891964
600299.553527136,5.09998592236364
600359.559480107,5.10008347589367
600419.565433079,5.1001810136412
600479.57138605,5.10027853614406
600539.577339022,5.10037605391718
600599.583291993,5.10047356113933
600659.589244965,5.10057105569098
600719.595197936,5.10066854447376
600779.601150908,5.10076602367707
600839.607103879,5.10086349172062
600899.613056851,5.10096095556334
600959.619009822,5.10105839989646
601019.624962794,5.10115583859687
601079.630915765,5.10125326941749
601139.636868737,5.10135069121682
601199.642821708,5.10144809450137
601259.64877468,5.10154549181204
601319.654727652,5.10164287532394
601379.660680623,5.10174025269311
601439.666633595,5.10183761749257
601499.672586566,5.10193497913148
601559.678539538,5.10203232833639
601619.684492509,5.1021296683197
601679.690445481,5.10222700408645
601739.696398452,5.10232432919895
601799.702351424,5.10242164115536
601859.708304395,5.10251893967961
601919.714257367,5.10261623175493
601979.720210338,5.10271350649042
602039.72616331,5.10281077101784
602099.732116281,5.10290803699654
602159.738069253,5.10300528238369
602219.744022224,5.10310252485044
602279.749975196,5.10319976382069
602339.755928167,5.10329698348058
602399.761881139,5.10339418975791
602459.76783411,5.10349138844971
602519.773787082,5.10358857905382
602579.779740054,5.10368576119122
602639.785693025,5.10378293001178
602699.791645997,5.10388009648965
602759.797598968,5.10397724891176
602819.80355194,5.10407439301857
602879.809504911,5.10417152478275
602939.815457883,5.10426865061015
602999.821410854,5.10436575897358
603059.827363826,5.10446286163107
603119.833316797,5.10455995616052
603179.839269769,5.10465704026317
603239.84522274,5.10475411274518
603299.851175712,5.10485117751978
603359.857128683,5.10494823479811
603419.863081655,5.10504527985161
603479.869034626,5.10514231199942
603539.874987598,5.10523933418868
603599.88094057,5.10533634489873
603659.886893541,5.10543335140414
603719.892846512,5.10553034582182
603779.898799484,5.10562733142142
603839.904752456,5.10572429773399
603899.910705427,5.10582126170747
603959.916658399,5.10591822841271
604019.92261137,5.10601516922704
604079.928564342,5.10611210497571
604139.934517313,5.10620903245455
604199.940470285,5.10630595042177
604259.946423256,5.10640285375007
604319.952376228,5.1064997517533
604379.958329199,5.10659664240228
604439.964282171,5.10669351587118
604499.970235142,5.10679039603996
604559.976188114,5.10688725417822
604619.982141085,5.10698410720815
604679.988094057,5.10708094488584
604739.994047028,5.10717778035859
604800,5.10727460067102
